<<<<<<< HEAD
ERROR 2026-02-04 12:33:30,957 basehttp You're accessing the development server over HTTPS, but it only supports HTTP.
ERROR 2026-02-04 14:38:46,863 basehttp You're accessing the development server over HTTPS, but it only supports HTTP.
=======
ERROR 2026-02-04 15:21:43,760 log Internal Server Error: /api/inventory-counts/
Traceback (most recent call last):
  File "C:\Users\donan\Desktop\ProjetBoutique\env_boutique\Lib\site-packages\django\db\backends\utils.py", line 105, in _execute
    return self.cursor.execute(sql, params)
           ~~~~~~~~~~~~~~~~~~~^^^^^^^^^^^^^
psycopg2.errors.NotNullViolation: null value in column "notes" of relation "api_boutique_core_inventorycount" violates not-null constraint
DETAIL:  Failing row contains (12, 2026-02-04 15:21:42.513063+00, 2026-02-04 15:21:42.514088+00, t, {}, INV-2025-001, 2026-02-04 15:21:00+00, planned, 0, 0, 0.00, 4, 4, 5, null, null, null, null).


The above exception was the direct cause of the following exception:

Traceback (most recent call last):
  File "C:\Users\donan\Desktop\ProjetBoutique\env_boutique\Lib\site-packages\django\core\handlers\exception.py", line 55, in inner
    response = get_response(request)
  File "C:\Users\donan\Desktop\ProjetBoutique\env_boutique\Lib\site-packages\django\core\handlers\base.py", line 197, in _get_response
    response = wrapped_callback(request, *callback_args, **callback_kwargs)
  File "C:\Users\donan\Desktop\ProjetBoutique\env_boutique\Lib\site-packages\django\views\decorators\csrf.py", line 65, in _view_wrapper
    return view_func(request, *args, **kwargs)
  File "C:\Users\donan\Desktop\ProjetBoutique\env_boutique\Lib\site-packages\rest_framework\viewsets.py", line 125, in view
    return self.dispatch(request, *args, **kwargs)
           ~~~~~~~~~~~~~^^^^^^^^^^^^^^^^^^^^^^^^^^
  File "C:\Users\donan\Desktop\ProjetBoutique\env_boutique\Lib\site-packages\rest_framework\views.py", line 515, in dispatch
    response = self.handle_exception(exc)
  File "C:\Users\donan\Desktop\ProjetBoutique\env_boutique\Lib\site-packages\rest_framework\views.py", line 475, in handle_exception
    self.raise_uncaught_exception(exc)
    ~~~~~~~~~~~~~~~~~~~~~~~~~~~~~^^^^^
  File "C:\Users\donan\Desktop\ProjetBoutique\env_boutique\Lib\site-packages\rest_framework\views.py", line 486, in raise_uncaught_exception
    raise exc
  File "C:\Users\donan\Desktop\ProjetBoutique\env_boutique\Lib\site-packages\rest_framework\views.py", line 512, in dispatch
    response = handler(request, *args, **kwargs)
  File "C:\Users\donan\Desktop\ProjetBoutique\env_boutique\Lib\site-packages\rest_framework\mixins.py", line 19, in create
    self.perform_create(serializer)
    ~~~~~~~~~~~~~~~~~~~^^^^^^^^^^^^
  File "C:\Users\donan\Desktop\POS-PROJECT\ADMIN WEB\api_boutique_core\views.py", line 349, in perform_create
    serializer.save(
    ~~~~~~~~~~~~~~~^
        created_by=self.request.user if self.request.user.is_authenticated else None,
        ^^^^^^^^^^^^^^^^^^^^^^^^^^^^^^^^^^^^^^^^^^^^^^^^^^^^^^^^^^^^^^^^^^^^^^^^^^^^^
        updated_by=self.request.user if self.request.user.is_authenticated else None
        ^^^^^^^^^^^^^^^^^^^^^^^^^^^^^^^^^^^^^^^^^^^^^^^^^^^^^^^^^^^^^^^^^^^^^^^^^^^^
    )
    ^
  File "C:\Users\donan\Desktop\ProjetBoutique\env_boutique\Lib\site-packages\rest_framework\serializers.py", line 210, in save
    self.instance = self.create(validated_data)
                    ~~~~~~~~~~~^^^^^^^^^^^^^^^^
  File "C:\Users\donan\Desktop\ProjetBoutique\env_boutique\Lib\site-packages\rest_framework\serializers.py", line 991, in create
    instance = ModelClass._default_manager.create(**validated_data)
  File "C:\Users\donan\Desktop\ProjetBoutique\env_boutique\Lib\site-packages\django\db\models\manager.py", line 87, in manager_method
    return getattr(self.get_queryset(), name)(*args, **kwargs)
           ~~~~~~~~~~~~~~~~~~~~~~~~~~~~~~~~~~^^^^^^^^^^^^^^^^^
  File "C:\Users\donan\Desktop\ProjetBoutique\env_boutique\Lib\site-packages\django\db\models\query.py", line 663, in create
    obj.save(force_insert=True, using=self.db)
    ~~~~~~~~^^^^^^^^^^^^^^^^^^^^^^^^^^^^^^^^^^
  File "C:\Users\donan\Desktop\ProjetBoutique\env_boutique\Lib\site-packages\django\db\models\base.py", line 902, in save
    self.save_base(
    ~~~~~~~~~~~~~~^
        using=using,
        ^^^^^^^^^^^^
    ...<2 lines>...
        update_fields=update_fields,
        ^^^^^^^^^^^^^^^^^^^^^^^^^^^^
    )
    ^
  File "C:\Users\donan\Desktop\ProjetBoutique\env_boutique\Lib\site-packages\django\db\models\base.py", line 1008, in save_base
    updated = self._save_table(
        raw,
    ...<4 lines>...
        update_fields,
    )
  File "C:\Users\donan\Desktop\ProjetBoutique\env_boutique\Lib\site-packages\django\db\models\base.py", line 1169, in _save_table
    results = self._do_insert(
        cls._base_manager, using, fields, returning_fields, raw
    )
  File "C:\Users\donan\Desktop\ProjetBoutique\env_boutique\Lib\site-packages\django\db\models\base.py", line 1210, in _do_insert
    return manager._insert(
           ~~~~~~~~~~~~~~~^
        [self],
        ^^^^^^^
    ...<3 lines>...
        raw=raw,
        ^^^^^^^^
    )
    ^
  File "C:\Users\donan\Desktop\ProjetBoutique\env_boutique\Lib\site-packages\django\db\models\manager.py", line 87, in manager_method
    return getattr(self.get_queryset(), name)(*args, **kwargs)
           ~~~~~~~~~~~~~~~~~~~~~~~~~~~~~~~~~~^^^^^^^^^^^^^^^^^
  File "C:\Users\donan\Desktop\ProjetBoutique\env_boutique\Lib\site-packages\django\db\models\query.py", line 1868, in _insert
    return query.get_compiler(using=using).execute_sql(returning_fields)
           ~~~~~~~~~~~~~~~~~~~~~~~~~~~~~~~~~~~~~~~~~~~^^^^^^^^^^^^^^^^^^
  File "C:\Users\donan\Desktop\ProjetBoutique\env_boutique\Lib\site-packages\django\db\models\sql\compiler.py", line 1882, in execute_sql
    cursor.execute(sql, params)
    ~~~~~~~~~~~~~~^^^^^^^^^^^^^
  File "C:\Users\donan\Desktop\ProjetBoutique\env_boutique\Lib\site-packages\django\db\backends\utils.py", line 122, in execute
    return super().execute(sql, params)
           ~~~~~~~~~~~~~~~^^^^^^^^^^^^^
  File "C:\Users\donan\Desktop\ProjetBoutique\env_boutique\Lib\site-packages\django\db\backends\utils.py", line 79, in execute
    return self._execute_with_wrappers(
           ~~~~~~~~~~~~~~~~~~~~~~~~~~~^
        sql, params, many=False, executor=self._execute
        ^^^^^^^^^^^^^^^^^^^^^^^^^^^^^^^^^^^^^^^^^^^^^^^
    )
    ^
  File "C:\Users\donan\Desktop\ProjetBoutique\env_boutique\Lib\site-packages\django\db\backends\utils.py", line 92, in _execute_with_wrappers
    return executor(sql, params, many, context)
  File "C:\Users\donan\Desktop\ProjetBoutique\env_boutique\Lib\site-packages\django\db\backends\utils.py", line 100, in _execute
    with self.db.wrap_database_errors:
         ^^^^^^^^^^^^^^^^^^^^^^^^^^^^
  File "C:\Users\donan\Desktop\ProjetBoutique\env_boutique\Lib\site-packages\django\db\utils.py", line 91, in __exit__
    raise dj_exc_value.with_traceback(traceback) from exc_value
  File "C:\Users\donan\Desktop\ProjetBoutique\env_boutique\Lib\site-packages\django\db\backends\utils.py", line 105, in _execute
    return self.cursor.execute(sql, params)
           ~~~~~~~~~~~~~~~~~~~^^^^^^^^^^^^^
django.db.utils.IntegrityError: null value in column "notes" of relation "api_boutique_core_inventorycount" violates not-null constraint
DETAIL:  Failing row contains (12, 2026-02-04 15:21:42.513063+00, 2026-02-04 15:21:42.514088+00, t, {}, INV-2025-001, 2026-02-04 15:21:00+00, planned, 0, 0, 0.00, 4, 4, 5, null, null, null, null).

ERROR 2026-02-04 15:21:43,800 basehttp "POST /api/inventory-counts/ HTTP/1.1" 500 233241
ERROR 2026-02-05 10:55:20,498 log Internal Server Error: /api/stocks/
Traceback (most recent call last):
  File "C:\Users\donan\Desktop\ProjetBoutique\env_boutique\Lib\site-packages\django\db\backends\base\base.py", line 279, in ensure_connection
    self.connect()
    ~~~~~~~~~~~~^^
  File "C:\Users\donan\Desktop\ProjetBoutique\env_boutique\Lib\site-packages\django\utils\asyncio.py", line 26, in inner
    return func(*args, **kwargs)
  File "C:\Users\donan\Desktop\ProjetBoutique\env_boutique\Lib\site-packages\django\db\backends\base\base.py", line 256, in connect
    self.connection = self.get_new_connection(conn_params)
                      ~~~~~~~~~~~~~~~~~~~~~~~^^^^^^^^^^^^^
  File "C:\Users\donan\Desktop\ProjetBoutique\env_boutique\Lib\site-packages\django\utils\asyncio.py", line 26, in inner
    return func(*args, **kwargs)
  File "C:\Users\donan\Desktop\ProjetBoutique\env_boutique\Lib\site-packages\django\db\backends\postgresql\base.py", line 332, in get_new_connection
    connection = self.Database.connect(**conn_params)
  File "C:\Users\donan\Desktop\ProjetBoutique\env_boutique\Lib\site-packages\psycopg2\__init__.py", line 135, in connect
    conn = _connect(dsn, connection_factory=connection_factory, **kwasync)
psycopg2.OperationalError: connection to server at "aws-1-eu-west-1.pooler.supabase.com" (18.202.64.2), port 5432 failed: FATAL:  MaxClientsInSessionMode: max clients reached - in Session mode max clients are limited to pool_size
connection to server at "aws-1-eu-west-1.pooler.supabase.com" (18.202.64.2), port 5432 failed: FATAL:  MaxClientsInSessionMode: max clients reached - in Session mode max clients are limited to pool_size


The above exception was the direct cause of the following exception:

Traceback (most recent call last):
  File "C:\Users\donan\Desktop\ProjetBoutique\env_boutique\Lib\site-packages\django\core\handlers\exception.py", line 55, in inner
    response = get_response(request)
  File "C:\Users\donan\Desktop\ProjetBoutique\env_boutique\Lib\site-packages\django\core\handlers\base.py", line 197, in _get_response
    response = wrapped_callback(request, *callback_args, **callback_kwargs)
  File "C:\Users\donan\Desktop\ProjetBoutique\env_boutique\Lib\site-packages\django\views\decorators\csrf.py", line 65, in _view_wrapper
    return view_func(request, *args, **kwargs)
  File "C:\Users\donan\Desktop\ProjetBoutique\env_boutique\Lib\site-packages\rest_framework\viewsets.py", line 125, in view
    return self.dispatch(request, *args, **kwargs)
           ~~~~~~~~~~~~~^^^^^^^^^^^^^^^^^^^^^^^^^^
  File "C:\Users\donan\Desktop\ProjetBoutique\env_boutique\Lib\site-packages\rest_framework\views.py", line 515, in dispatch
    response = self.handle_exception(exc)
  File "C:\Users\donan\Desktop\ProjetBoutique\env_boutique\Lib\site-packages\rest_framework\views.py", line 475, in handle_exception
    self.raise_uncaught_exception(exc)
    ~~~~~~~~~~~~~~~~~~~~~~~~~~~~~^^^^^
  File "C:\Users\donan\Desktop\ProjetBoutique\env_boutique\Lib\site-packages\rest_framework\views.py", line 486, in raise_uncaught_exception
    raise exc
  File "C:\Users\donan\Desktop\ProjetBoutique\env_boutique\Lib\site-packages\rest_framework\views.py", line 512, in dispatch
    response = handler(request, *args, **kwargs)
  File "C:\Users\donan\Desktop\ProjetBoutique\env_boutique\Lib\site-packages\rest_framework\mixins.py", line 40, in list
    page = self.paginate_queryset(queryset)
  File "C:\Users\donan\Desktop\ProjetBoutique\env_boutique\Lib\site-packages\rest_framework\generics.py", line 175, in paginate_queryset
    return self.paginator.paginate_queryset(queryset, self.request, view=self)
           ~~~~~~~~~~~~~~~~~~~~~~~~~~~~~~~~^^^^^^^^^^^^^^^^^^^^^^^^^^^^^^^^^^^
  File "C:\Users\donan\Desktop\ProjetBoutique\env_boutique\Lib\site-packages\rest_framework\pagination.py", line 394, in paginate_queryset
    self.count = self.get_count(queryset)
                 ~~~~~~~~~~~~~~^^^^^^^^^^
  File "C:\Users\donan\Desktop\ProjetBoutique\env_boutique\Lib\site-packages\rest_framework\pagination.py", line 529, in get_count
    return queryset.count()
           ~~~~~~~~~~~~~~^^
  File "C:\Users\donan\Desktop\ProjetBoutique\env_boutique\Lib\site-packages\django\db\models\query.py", line 604, in count
    return self.query.get_count(using=self.db)
           ~~~~~~~~~~~~~~~~~~~~^^^^^^^^^^^^^^^
  File "C:\Users\donan\Desktop\ProjetBoutique\env_boutique\Lib\site-packages\django\db\models\sql\query.py", line 644, in get_count
    return obj.get_aggregation(using, {"__count": Count("*")})["__count"]
           ~~~~~~~~~~~~~~~~~~~^^^^^^^^^^^^^^^^^^^^^^^^^^^^^^^^
  File "C:\Users\donan\Desktop\ProjetBoutique\env_boutique\Lib\site-packages\django\db\models\sql\query.py", line 626, in get_aggregation
    result = compiler.execute_sql(SINGLE)
  File "C:\Users\donan\Desktop\ProjetBoutique\env_boutique\Lib\site-packages\django\db\models\sql\compiler.py", line 1621, in execute_sql
    cursor = self.connection.cursor()
  File "C:\Users\donan\Desktop\ProjetBoutique\env_boutique\Lib\site-packages\django\utils\asyncio.py", line 26, in inner
    return func(*args, **kwargs)
  File "C:\Users\donan\Desktop\ProjetBoutique\env_boutique\Lib\site-packages\django\db\backends\base\base.py", line 320, in cursor
    return self._cursor()
           ~~~~~~~~~~~~^^
  File "C:\Users\donan\Desktop\ProjetBoutique\env_boutique\Lib\site-packages\django\db\backends\base\base.py", line 296, in _cursor
    self.ensure_connection()
    ~~~~~~~~~~~~~~~~~~~~~~^^
  File "C:\Users\donan\Desktop\ProjetBoutique\env_boutique\Lib\site-packages\django\utils\asyncio.py", line 26, in inner
    return func(*args, **kwargs)
  File "C:\Users\donan\Desktop\ProjetBoutique\env_boutique\Lib\site-packages\django\db\backends\base\base.py", line 278, in ensure_connection
    with self.wrap_database_errors:
         ^^^^^^^^^^^^^^^^^^^^^^^^^
  File "C:\Users\donan\Desktop\ProjetBoutique\env_boutique\Lib\site-packages\django\db\utils.py", line 91, in __exit__
    raise dj_exc_value.with_traceback(traceback) from exc_value
  File "C:\Users\donan\Desktop\ProjetBoutique\env_boutique\Lib\site-packages\django\db\backends\base\base.py", line 279, in ensure_connection
    self.connect()
    ~~~~~~~~~~~~^^
  File "C:\Users\donan\Desktop\ProjetBoutique\env_boutique\Lib\site-packages\django\utils\asyncio.py", line 26, in inner
    return func(*args, **kwargs)
  File "C:\Users\donan\Desktop\ProjetBoutique\env_boutique\Lib\site-packages\django\db\backends\base\base.py", line 256, in connect
    self.connection = self.get_new_connection(conn_params)
                      ~~~~~~~~~~~~~~~~~~~~~~~^^^^^^^^^^^^^
  File "C:\Users\donan\Desktop\ProjetBoutique\env_boutique\Lib\site-packages\django\utils\asyncio.py", line 26, in inner
    return func(*args, **kwargs)
  File "C:\Users\donan\Desktop\ProjetBoutique\env_boutique\Lib\site-packages\django\db\backends\postgresql\base.py", line 332, in get_new_connection
    connection = self.Database.connect(**conn_params)
  File "C:\Users\donan\Desktop\ProjetBoutique\env_boutique\Lib\site-packages\psycopg2\__init__.py", line 135, in connect
    conn = _connect(dsn, connection_factory=connection_factory, **kwasync)
django.db.utils.OperationalError: connection to server at "aws-1-eu-west-1.pooler.supabase.com" (18.202.64.2), port 5432 failed: FATAL:  MaxClientsInSessionMode: max clients reached - in Session mode max clients are limited to pool_size
connection to server at "aws-1-eu-west-1.pooler.supabase.com" (18.202.64.2), port 5432 failed: FATAL:  MaxClientsInSessionMode: max clients reached - in Session mode max clients are limited to pool_size

ERROR 2026-02-05 10:55:20,518 basehttp "GET /api/stocks/ HTTP/1.1" 500 33228
ERROR 2026-02-05 11:10:10,890 log Internal Server Error: /api/categories/
Traceback (most recent call last):
  File "C:\Users\donan\Desktop\ProjetBoutique\env_boutique\Lib\site-packages\django\db\backends\base\base.py", line 279, in ensure_connection
    self.connect()
    ~~~~~~~~~~~~^^
  File "C:\Users\donan\Desktop\ProjetBoutique\env_boutique\Lib\site-packages\django\utils\asyncio.py", line 26, in inner
    return func(*args, **kwargs)
  File "C:\Users\donan\Desktop\ProjetBoutique\env_boutique\Lib\site-packages\django\db\backends\base\base.py", line 256, in connect
    self.connection = self.get_new_connection(conn_params)
                      ~~~~~~~~~~~~~~~~~~~~~~~^^^^^^^^^^^^^
  File "C:\Users\donan\Desktop\ProjetBoutique\env_boutique\Lib\site-packages\django\utils\asyncio.py", line 26, in inner
    return func(*args, **kwargs)
  File "C:\Users\donan\Desktop\ProjetBoutique\env_boutique\Lib\site-packages\django\db\backends\postgresql\base.py", line 332, in get_new_connection
    connection = self.Database.connect(**conn_params)
  File "C:\Users\donan\Desktop\ProjetBoutique\env_boutique\Lib\site-packages\psycopg2\__init__.py", line 135, in connect
    conn = _connect(dsn, connection_factory=connection_factory, **kwasync)
psycopg2.OperationalError: connection to server at "aws-1-eu-west-1.pooler.supabase.com" (18.202.64.2), port 5432 failed: FATAL:  MaxClientsInSessionMode: max clients reached - in Session mode max clients are limited to pool_size
connection to server at "aws-1-eu-west-1.pooler.supabase.com" (18.202.64.2), port 5432 failed: FATAL:  MaxClientsInSessionMode: max clients reached - in Session mode max clients are limited to pool_size


The above exception was the direct cause of the following exception:

Traceback (most recent call last):
  File "C:\Users\donan\Desktop\ProjetBoutique\env_boutique\Lib\site-packages\django\core\handlers\exception.py", line 55, in inner
    response = get_response(request)
  File "C:\Users\donan\Desktop\ProjetBoutique\env_boutique\Lib\site-packages\django\core\handlers\base.py", line 197, in _get_response
    response = wrapped_callback(request, *callback_args, **callback_kwargs)
  File "C:\Users\donan\Desktop\ProjetBoutique\env_boutique\Lib\site-packages\django\views\decorators\csrf.py", line 65, in _view_wrapper
    return view_func(request, *args, **kwargs)
  File "C:\Users\donan\Desktop\ProjetBoutique\env_boutique\Lib\site-packages\rest_framework\viewsets.py", line 125, in view
    return self.dispatch(request, *args, **kwargs)
           ~~~~~~~~~~~~~^^^^^^^^^^^^^^^^^^^^^^^^^^
  File "C:\Users\donan\Desktop\ProjetBoutique\env_boutique\Lib\site-packages\rest_framework\views.py", line 515, in dispatch
    response = self.handle_exception(exc)
  File "C:\Users\donan\Desktop\ProjetBoutique\env_boutique\Lib\site-packages\rest_framework\views.py", line 475, in handle_exception
    self.raise_uncaught_exception(exc)
    ~~~~~~~~~~~~~~~~~~~~~~~~~~~~~^^^^^
  File "C:\Users\donan\Desktop\ProjetBoutique\env_boutique\Lib\site-packages\rest_framework\views.py", line 486, in raise_uncaught_exception
    raise exc
  File "C:\Users\donan\Desktop\ProjetBoutique\env_boutique\Lib\site-packages\rest_framework\views.py", line 503, in dispatch
    self.initial(request, *args, **kwargs)
    ~~~~~~~~~~~~^^^^^^^^^^^^^^^^^^^^^^^^^^
  File "C:\Users\donan\Desktop\ProjetBoutique\env_boutique\Lib\site-packages\rest_framework\views.py", line 420, in initial
    self.perform_authentication(request)
    ~~~~~~~~~~~~~~~~~~~~~~~~~~~^^^^^^^^^
  File "C:\Users\donan\Desktop\ProjetBoutique\env_boutique\Lib\site-packages\rest_framework\views.py", line 330, in perform_authentication
    request.user
  File "C:\Users\donan\Desktop\ProjetBoutique\env_boutique\Lib\site-packages\rest_framework\request.py", line 232, in user
    self._authenticate()
    ~~~~~~~~~~~~~~~~~~^^
  File "C:\Users\donan\Desktop\ProjetBoutique\env_boutique\Lib\site-packages\rest_framework\request.py", line 385, in _authenticate
    user_auth_tuple = authenticator.authenticate(self)
  File "C:\Users\donan\Desktop\ProjetBoutique\env_boutique\Lib\site-packages\rest_framework_simplejwt\authentication.py", line 51, in authenticate
    return self.get_user(validated_token), validated_token
           ~~~~~~~~~~~~~^^^^^^^^^^^^^^^^^
  File "C:\Users\donan\Desktop\ProjetBoutique\env_boutique\Lib\site-packages\rest_framework_simplejwt\authentication.py", line 132, in get_user
    user = self.user_model.objects.get(**{api_settings.USER_ID_FIELD: user_id})
  File "C:\Users\donan\Desktop\ProjetBoutique\env_boutique\Lib\site-packages\django\db\models\manager.py", line 87, in manager_method
    return getattr(self.get_queryset(), name)(*args, **kwargs)
           ~~~~~~~~~~~~~~~~~~~~~~~~~~~~~~~~~~^^^^^^^^^^^^^^^^^
  File "C:\Users\donan\Desktop\ProjetBoutique\env_boutique\Lib\site-packages\django\db\models\query.py", line 629, in get
    num = len(clone)
  File "C:\Users\donan\Desktop\ProjetBoutique\env_boutique\Lib\site-packages\django\db\models\query.py", line 366, in __len__
    self._fetch_all()
    ~~~~~~~~~~~~~~~^^
  File "C:\Users\donan\Desktop\ProjetBoutique\env_boutique\Lib\site-packages\django\db\models\query.py", line 1949, in _fetch_all
    self._result_cache = list(self._iterable_class(self))
                         ~~~~^^^^^^^^^^^^^^^^^^^^^^^^^^^^
  File "C:\Users\donan\Desktop\ProjetBoutique\env_boutique\Lib\site-packages\django\db\models\query.py", line 91, in __iter__
    results = compiler.execute_sql(
        chunked_fetch=self.chunked_fetch, chunk_size=self.chunk_size
    )
  File "C:\Users\donan\Desktop\ProjetBoutique\env_boutique\Lib\site-packages\django\db\models\sql\compiler.py", line 1621, in execute_sql
    cursor = self.connection.cursor()
  File "C:\Users\donan\Desktop\ProjetBoutique\env_boutique\Lib\site-packages\django\utils\asyncio.py", line 26, in inner
    return func(*args, **kwargs)
  File "C:\Users\donan\Desktop\ProjetBoutique\env_boutique\Lib\site-packages\django\db\backends\base\base.py", line 320, in cursor
    return self._cursor()
           ~~~~~~~~~~~~^^
  File "C:\Users\donan\Desktop\ProjetBoutique\env_boutique\Lib\site-packages\django\db\backends\base\base.py", line 296, in _cursor
    self.ensure_connection()
    ~~~~~~~~~~~~~~~~~~~~~~^^
  File "C:\Users\donan\Desktop\ProjetBoutique\env_boutique\Lib\site-packages\django\utils\asyncio.py", line 26, in inner
    return func(*args, **kwargs)
  File "C:\Users\donan\Desktop\ProjetBoutique\env_boutique\Lib\site-packages\django\db\backends\base\base.py", line 278, in ensure_connection
    with self.wrap_database_errors:
         ^^^^^^^^^^^^^^^^^^^^^^^^^
  File "C:\Users\donan\Desktop\ProjetBoutique\env_boutique\Lib\site-packages\django\db\utils.py", line 91, in __exit__
    raise dj_exc_value.with_traceback(traceback) from exc_value
  File "C:\Users\donan\Desktop\ProjetBoutique\env_boutique\Lib\site-packages\django\db\backends\base\base.py", line 279, in ensure_connection
    self.connect()
    ~~~~~~~~~~~~^^
  File "C:\Users\donan\Desktop\ProjetBoutique\env_boutique\Lib\site-packages\django\utils\asyncio.py", line 26, in inner
    return func(*args, **kwargs)
  File "C:\Users\donan\Desktop\ProjetBoutique\env_boutique\Lib\site-packages\django\db\backends\base\base.py", line 256, in connect
    self.connection = self.get_new_connection(conn_params)
                      ~~~~~~~~~~~~~~~~~~~~~~~^^^^^^^^^^^^^
  File "C:\Users\donan\Desktop\ProjetBoutique\env_boutique\Lib\site-packages\django\utils\asyncio.py", line 26, in inner
    return func(*args, **kwargs)
  File "C:\Users\donan\Desktop\ProjetBoutique\env_boutique\Lib\site-packages\django\db\backends\postgresql\base.py", line 332, in get_new_connection
    connection = self.Database.connect(**conn_params)
  File "C:\Users\donan\Desktop\ProjetBoutique\env_boutique\Lib\site-packages\psycopg2\__init__.py", line 135, in connect
    conn = _connect(dsn, connection_factory=connection_factory, **kwasync)
django.db.utils.OperationalError: connection to server at "aws-1-eu-west-1.pooler.supabase.com" (18.202.64.2), port 5432 failed: FATAL:  MaxClientsInSessionMode: max clients reached - in Session mode max clients are limited to pool_size
connection to server at "aws-1-eu-west-1.pooler.supabase.com" (18.202.64.2), port 5432 failed: FATAL:  MaxClientsInSessionMode: max clients reached - in Session mode max clients are limited to pool_size

ERROR 2026-02-05 11:10:10,952 log Internal Server Error: /api/stores/
Traceback (most recent call last):
  File "C:\Users\donan\Desktop\ProjetBoutique\env_boutique\Lib\site-packages\django\db\backends\base\base.py", line 279, in ensure_connection
    self.connect()
    ~~~~~~~~~~~~^^
  File "C:\Users\donan\Desktop\ProjetBoutique\env_boutique\Lib\site-packages\django\utils\asyncio.py", line 26, in inner
    return func(*args, **kwargs)
  File "C:\Users\donan\Desktop\ProjetBoutique\env_boutique\Lib\site-packages\django\db\backends\base\base.py", line 256, in connect
    self.connection = self.get_new_connection(conn_params)
                      ~~~~~~~~~~~~~~~~~~~~~~~^^^^^^^^^^^^^
  File "C:\Users\donan\Desktop\ProjetBoutique\env_boutique\Lib\site-packages\django\utils\asyncio.py", line 26, in inner
    return func(*args, **kwargs)
  File "C:\Users\donan\Desktop\ProjetBoutique\env_boutique\Lib\site-packages\django\db\backends\postgresql\base.py", line 332, in get_new_connection
    connection = self.Database.connect(**conn_params)
  File "C:\Users\donan\Desktop\ProjetBoutique\env_boutique\Lib\site-packages\psycopg2\__init__.py", line 135, in connect
    conn = _connect(dsn, connection_factory=connection_factory, **kwasync)
psycopg2.OperationalError: connection to server at "aws-1-eu-west-1.pooler.supabase.com" (18.202.64.2), port 5432 failed: FATAL:  MaxClientsInSessionMode: max clients reached - in Session mode max clients are limited to pool_size
connection to server at "aws-1-eu-west-1.pooler.supabase.com" (18.202.64.2), port 5432 failed: FATAL:  MaxClientsInSessionMode: max clients reached - in Session mode max clients are limited to pool_size


The above exception was the direct cause of the following exception:

Traceback (most recent call last):
  File "C:\Users\donan\Desktop\ProjetBoutique\env_boutique\Lib\site-packages\django\core\handlers\exception.py", line 55, in inner
    response = get_response(request)
  File "C:\Users\donan\Desktop\ProjetBoutique\env_boutique\Lib\site-packages\django\core\handlers\base.py", line 197, in _get_response
    response = wrapped_callback(request, *callback_args, **callback_kwargs)
  File "C:\Users\donan\Desktop\ProjetBoutique\env_boutique\Lib\site-packages\django\views\decorators\csrf.py", line 65, in _view_wrapper
    return view_func(request, *args, **kwargs)
  File "C:\Users\donan\Desktop\ProjetBoutique\env_boutique\Lib\site-packages\rest_framework\viewsets.py", line 125, in view
    return self.dispatch(request, *args, **kwargs)
           ~~~~~~~~~~~~~^^^^^^^^^^^^^^^^^^^^^^^^^^
  File "C:\Users\donan\Desktop\ProjetBoutique\env_boutique\Lib\site-packages\rest_framework\views.py", line 515, in dispatch
    response = self.handle_exception(exc)
  File "C:\Users\donan\Desktop\ProjetBoutique\env_boutique\Lib\site-packages\rest_framework\views.py", line 475, in handle_exception
    self.raise_uncaught_exception(exc)
    ~~~~~~~~~~~~~~~~~~~~~~~~~~~~~^^^^^
  File "C:\Users\donan\Desktop\ProjetBoutique\env_boutique\Lib\site-packages\rest_framework\views.py", line 486, in raise_uncaught_exception
    raise exc
  File "C:\Users\donan\Desktop\ProjetBoutique\env_boutique\Lib\site-packages\rest_framework\views.py", line 503, in dispatch
    self.initial(request, *args, **kwargs)
    ~~~~~~~~~~~~^^^^^^^^^^^^^^^^^^^^^^^^^^
  File "C:\Users\donan\Desktop\ProjetBoutique\env_boutique\Lib\site-packages\rest_framework\views.py", line 420, in initial
    self.perform_authentication(request)
    ~~~~~~~~~~~~~~~~~~~~~~~~~~~^^^^^^^^^
  File "C:\Users\donan\Desktop\ProjetBoutique\env_boutique\Lib\site-packages\rest_framework\views.py", line 330, in perform_authentication
    request.user
  File "C:\Users\donan\Desktop\ProjetBoutique\env_boutique\Lib\site-packages\rest_framework\request.py", line 232, in user
    self._authenticate()
    ~~~~~~~~~~~~~~~~~~^^
  File "C:\Users\donan\Desktop\ProjetBoutique\env_boutique\Lib\site-packages\rest_framework\request.py", line 385, in _authenticate
    user_auth_tuple = authenticator.authenticate(self)
  File "C:\Users\donan\Desktop\ProjetBoutique\env_boutique\Lib\site-packages\rest_framework_simplejwt\authentication.py", line 51, in authenticate
    return self.get_user(validated_token), validated_token
           ~~~~~~~~~~~~~^^^^^^^^^^^^^^^^^
  File "C:\Users\donan\Desktop\ProjetBoutique\env_boutique\Lib\site-packages\rest_framework_simplejwt\authentication.py", line 132, in get_user
    user = self.user_model.objects.get(**{api_settings.USER_ID_FIELD: user_id})
  File "C:\Users\donan\Desktop\ProjetBoutique\env_boutique\Lib\site-packages\django\db\models\manager.py", line 87, in manager_method
    return getattr(self.get_queryset(), name)(*args, **kwargs)
           ~~~~~~~~~~~~~~~~~~~~~~~~~~~~~~~~~~^^^^^^^^^^^^^^^^^
  File "C:\Users\donan\Desktop\ProjetBoutique\env_boutique\Lib\site-packages\django\db\models\query.py", line 629, in get
    num = len(clone)
  File "C:\Users\donan\Desktop\ProjetBoutique\env_boutique\Lib\site-packages\django\db\models\query.py", line 366, in __len__
    self._fetch_all()
    ~~~~~~~~~~~~~~~^^
  File "C:\Users\donan\Desktop\ProjetBoutique\env_boutique\Lib\site-packages\django\db\models\query.py", line 1949, in _fetch_all
    self._result_cache = list(self._iterable_class(self))
                         ~~~~^^^^^^^^^^^^^^^^^^^^^^^^^^^^
  File "C:\Users\donan\Desktop\ProjetBoutique\env_boutique\Lib\site-packages\django\db\models\query.py", line 91, in __iter__
    results = compiler.execute_sql(
        chunked_fetch=self.chunked_fetch, chunk_size=self.chunk_size
    )
  File "C:\Users\donan\Desktop\ProjetBoutique\env_boutique\Lib\site-packages\django\db\models\sql\compiler.py", line 1621, in execute_sql
    cursor = self.connection.cursor()
  File "C:\Users\donan\Desktop\ProjetBoutique\env_boutique\Lib\site-packages\django\utils\asyncio.py", line 26, in inner
    return func(*args, **kwargs)
  File "C:\Users\donan\Desktop\ProjetBoutique\env_boutique\Lib\site-packages\django\db\backends\base\base.py", line 320, in cursor
    return self._cursor()
           ~~~~~~~~~~~~^^
  File "C:\Users\donan\Desktop\ProjetBoutique\env_boutique\Lib\site-packages\django\db\backends\base\base.py", line 296, in _cursor
    self.ensure_connection()
    ~~~~~~~~~~~~~~~~~~~~~~^^
  File "C:\Users\donan\Desktop\ProjetBoutique\env_boutique\Lib\site-packages\django\utils\asyncio.py", line 26, in inner
    return func(*args, **kwargs)
  File "C:\Users\donan\Desktop\ProjetBoutique\env_boutique\Lib\site-packages\django\db\backends\base\base.py", line 278, in ensure_connection
    with self.wrap_database_errors:
         ^^^^^^^^^^^^^^^^^^^^^^^^^
  File "C:\Users\donan\Desktop\ProjetBoutique\env_boutique\Lib\site-packages\django\db\utils.py", line 91, in __exit__
    raise dj_exc_value.with_traceback(traceback) from exc_value
  File "C:\Users\donan\Desktop\ProjetBoutique\env_boutique\Lib\site-packages\django\db\backends\base\base.py", line 279, in ensure_connection
    self.connect()
    ~~~~~~~~~~~~^^
  File "C:\Users\donan\Desktop\ProjetBoutique\env_boutique\Lib\site-packages\django\utils\asyncio.py", line 26, in inner
    return func(*args, **kwargs)
  File "C:\Users\donan\Desktop\ProjetBoutique\env_boutique\Lib\site-packages\django\db\backends\base\base.py", line 256, in connect
    self.connection = self.get_new_connection(conn_params)
                      ~~~~~~~~~~~~~~~~~~~~~~~^^^^^^^^^^^^^
  File "C:\Users\donan\Desktop\ProjetBoutique\env_boutique\Lib\site-packages\django\utils\asyncio.py", line 26, in inner
    return func(*args, **kwargs)
  File "C:\Users\donan\Desktop\ProjetBoutique\env_boutique\Lib\site-packages\django\db\backends\postgresql\base.py", line 332, in get_new_connection
    connection = self.Database.connect(**conn_params)
  File "C:\Users\donan\Desktop\ProjetBoutique\env_boutique\Lib\site-packages\psycopg2\__init__.py", line 135, in connect
    conn = _connect(dsn, connection_factory=connection_factory, **kwasync)
django.db.utils.OperationalError: connection to server at "aws-1-eu-west-1.pooler.supabase.com" (18.202.64.2), port 5432 failed: FATAL:  MaxClientsInSessionMode: max clients reached - in Session mode max clients are limited to pool_size
connection to server at "aws-1-eu-west-1.pooler.supabase.com" (18.202.64.2), port 5432 failed: FATAL:  MaxClientsInSessionMode: max clients reached - in Session mode max clients are limited to pool_size

ERROR 2026-02-05 11:10:10,970 log Internal Server Error: /api/suppliers/
Traceback (most recent call last):
  File "C:\Users\donan\Desktop\ProjetBoutique\env_boutique\Lib\site-packages\django\db\backends\base\base.py", line 279, in ensure_connection
    self.connect()
    ~~~~~~~~~~~~^^
  File "C:\Users\donan\Desktop\ProjetBoutique\env_boutique\Lib\site-packages\django\utils\asyncio.py", line 26, in inner
    return func(*args, **kwargs)
  File "C:\Users\donan\Desktop\ProjetBoutique\env_boutique\Lib\site-packages\django\db\backends\base\base.py", line 256, in connect
    self.connection = self.get_new_connection(conn_params)
                      ~~~~~~~~~~~~~~~~~~~~~~~^^^^^^^^^^^^^
  File "C:\Users\donan\Desktop\ProjetBoutique\env_boutique\Lib\site-packages\django\utils\asyncio.py", line 26, in inner
    return func(*args, **kwargs)
  File "C:\Users\donan\Desktop\ProjetBoutique\env_boutique\Lib\site-packages\django\db\backends\postgresql\base.py", line 332, in get_new_connection
    connection = self.Database.connect(**conn_params)
  File "C:\Users\donan\Desktop\ProjetBoutique\env_boutique\Lib\site-packages\psycopg2\__init__.py", line 135, in connect
    conn = _connect(dsn, connection_factory=connection_factory, **kwasync)
psycopg2.OperationalError: connection to server at "aws-1-eu-west-1.pooler.supabase.com" (18.202.64.2), port 5432 failed: FATAL:  MaxClientsInSessionMode: max clients reached - in Session mode max clients are limited to pool_size
connection to server at "aws-1-eu-west-1.pooler.supabase.com" (18.202.64.2), port 5432 failed: FATAL:  MaxClientsInSessionMode: max clients reached - in Session mode max clients are limited to pool_size


The above exception was the direct cause of the following exception:

Traceback (most recent call last):
  File "C:\Users\donan\Desktop\ProjetBoutique\env_boutique\Lib\site-packages\django\core\handlers\exception.py", line 55, in inner
    response = get_response(request)
  File "C:\Users\donan\Desktop\ProjetBoutique\env_boutique\Lib\site-packages\django\core\handlers\base.py", line 197, in _get_response
    response = wrapped_callback(request, *callback_args, **callback_kwargs)
  File "C:\Users\donan\Desktop\ProjetBoutique\env_boutique\Lib\site-packages\django\views\decorators\csrf.py", line 65, in _view_wrapper
    return view_func(request, *args, **kwargs)
  File "C:\Users\donan\Desktop\ProjetBoutique\env_boutique\Lib\site-packages\rest_framework\viewsets.py", line 125, in view
    return self.dispatch(request, *args, **kwargs)
           ~~~~~~~~~~~~~^^^^^^^^^^^^^^^^^^^^^^^^^^
  File "C:\Users\donan\Desktop\ProjetBoutique\env_boutique\Lib\site-packages\rest_framework\views.py", line 515, in dispatch
    response = self.handle_exception(exc)
  File "C:\Users\donan\Desktop\ProjetBoutique\env_boutique\Lib\site-packages\rest_framework\views.py", line 475, in handle_exception
    self.raise_uncaught_exception(exc)
    ~~~~~~~~~~~~~~~~~~~~~~~~~~~~~^^^^^
  File "C:\Users\donan\Desktop\ProjetBoutique\env_boutique\Lib\site-packages\rest_framework\views.py", line 486, in raise_uncaught_exception
    raise exc
  File "C:\Users\donan\Desktop\ProjetBoutique\env_boutique\Lib\site-packages\rest_framework\views.py", line 503, in dispatch
    self.initial(request, *args, **kwargs)
    ~~~~~~~~~~~~^^^^^^^^^^^^^^^^^^^^^^^^^^
  File "C:\Users\donan\Desktop\ProjetBoutique\env_boutique\Lib\site-packages\rest_framework\views.py", line 420, in initial
    self.perform_authentication(request)
    ~~~~~~~~~~~~~~~~~~~~~~~~~~~^^^^^^^^^
  File "C:\Users\donan\Desktop\ProjetBoutique\env_boutique\Lib\site-packages\rest_framework\views.py", line 330, in perform_authentication
    request.user
  File "C:\Users\donan\Desktop\ProjetBoutique\env_boutique\Lib\site-packages\rest_framework\request.py", line 232, in user
    self._authenticate()
    ~~~~~~~~~~~~~~~~~~^^
  File "C:\Users\donan\Desktop\ProjetBoutique\env_boutique\Lib\site-packages\rest_framework\request.py", line 385, in _authenticate
    user_auth_tuple = authenticator.authenticate(self)
  File "C:\Users\donan\Desktop\ProjetBoutique\env_boutique\Lib\site-packages\rest_framework_simplejwt\authentication.py", line 51, in authenticate
    return self.get_user(validated_token), validated_token
           ~~~~~~~~~~~~~^^^^^^^^^^^^^^^^^
  File "C:\Users\donan\Desktop\ProjetBoutique\env_boutique\Lib\site-packages\rest_framework_simplejwt\authentication.py", line 132, in get_user
    user = self.user_model.objects.get(**{api_settings.USER_ID_FIELD: user_id})
  File "C:\Users\donan\Desktop\ProjetBoutique\env_boutique\Lib\site-packages\django\db\models\manager.py", line 87, in manager_method
    return getattr(self.get_queryset(), name)(*args, **kwargs)
           ~~~~~~~~~~~~~~~~~~~~~~~~~~~~~~~~~~^^^^^^^^^^^^^^^^^
  File "C:\Users\donan\Desktop\ProjetBoutique\env_boutique\Lib\site-packages\django\db\models\query.py", line 629, in get
    num = len(clone)
  File "C:\Users\donan\Desktop\ProjetBoutique\env_boutique\Lib\site-packages\django\db\models\query.py", line 366, in __len__
    self._fetch_all()
    ~~~~~~~~~~~~~~~^^
  File "C:\Users\donan\Desktop\ProjetBoutique\env_boutique\Lib\site-packages\django\db\models\query.py", line 1949, in _fetch_all
    self._result_cache = list(self._iterable_class(self))
                         ~~~~^^^^^^^^^^^^^^^^^^^^^^^^^^^^
  File "C:\Users\donan\Desktop\ProjetBoutique\env_boutique\Lib\site-packages\django\db\models\query.py", line 91, in __iter__
    results = compiler.execute_sql(
        chunked_fetch=self.chunked_fetch, chunk_size=self.chunk_size
    )
  File "C:\Users\donan\Desktop\ProjetBoutique\env_boutique\Lib\site-packages\django\db\models\sql\compiler.py", line 1621, in execute_sql
    cursor = self.connection.cursor()
  File "C:\Users\donan\Desktop\ProjetBoutique\env_boutique\Lib\site-packages\django\utils\asyncio.py", line 26, in inner
    return func(*args, **kwargs)
  File "C:\Users\donan\Desktop\ProjetBoutique\env_boutique\Lib\site-packages\django\db\backends\base\base.py", line 320, in cursor
    return self._cursor()
           ~~~~~~~~~~~~^^
  File "C:\Users\donan\Desktop\ProjetBoutique\env_boutique\Lib\site-packages\django\db\backends\base\base.py", line 296, in _cursor
    self.ensure_connection()
    ~~~~~~~~~~~~~~~~~~~~~~^^
  File "C:\Users\donan\Desktop\ProjetBoutique\env_boutique\Lib\site-packages\django\utils\asyncio.py", line 26, in inner
    return func(*args, **kwargs)
  File "C:\Users\donan\Desktop\ProjetBoutique\env_boutique\Lib\site-packages\django\db\backends\base\base.py", line 278, in ensure_connection
    with self.wrap_database_errors:
         ^^^^^^^^^^^^^^^^^^^^^^^^^
  File "C:\Users\donan\Desktop\ProjetBoutique\env_boutique\Lib\site-packages\django\db\utils.py", line 91, in __exit__
    raise dj_exc_value.with_traceback(traceback) from exc_value
  File "C:\Users\donan\Desktop\ProjetBoutique\env_boutique\Lib\site-packages\django\db\backends\base\base.py", line 279, in ensure_connection
    self.connect()
    ~~~~~~~~~~~~^^
  File "C:\Users\donan\Desktop\ProjetBoutique\env_boutique\Lib\site-packages\django\utils\asyncio.py", line 26, in inner
    return func(*args, **kwargs)
  File "C:\Users\donan\Desktop\ProjetBoutique\env_boutique\Lib\site-packages\django\db\backends\base\base.py", line 256, in connect
    self.connection = self.get_new_connection(conn_params)
                      ~~~~~~~~~~~~~~~~~~~~~~~^^^^^^^^^^^^^
  File "C:\Users\donan\Desktop\ProjetBoutique\env_boutique\Lib\site-packages\django\utils\asyncio.py", line 26, in inner
    return func(*args, **kwargs)
  File "C:\Users\donan\Desktop\ProjetBoutique\env_boutique\Lib\site-packages\django\db\backends\postgresql\base.py", line 332, in get_new_connection
    connection = self.Database.connect(**conn_params)
  File "C:\Users\donan\Desktop\ProjetBoutique\env_boutique\Lib\site-packages\psycopg2\__init__.py", line 135, in connect
    conn = _connect(dsn, connection_factory=connection_factory, **kwasync)
django.db.utils.OperationalError: connection to server at "aws-1-eu-west-1.pooler.supabase.com" (18.202.64.2), port 5432 failed: FATAL:  MaxClientsInSessionMode: max clients reached - in Session mode max clients are limited to pool_size
connection to server at "aws-1-eu-west-1.pooler.supabase.com" (18.202.64.2), port 5432 failed: FATAL:  MaxClientsInSessionMode: max clients reached - in Session mode max clients are limited to pool_size

ERROR 2026-02-05 11:10:10,998 log Internal Server Error: /api/product-brands/
Traceback (most recent call last):
  File "C:\Users\donan\Desktop\ProjetBoutique\env_boutique\Lib\site-packages\django\db\backends\base\base.py", line 279, in ensure_connection
    self.connect()
    ~~~~~~~~~~~~^^
  File "C:\Users\donan\Desktop\ProjetBoutique\env_boutique\Lib\site-packages\django\utils\asyncio.py", line 26, in inner
    return func(*args, **kwargs)
  File "C:\Users\donan\Desktop\ProjetBoutique\env_boutique\Lib\site-packages\django\db\backends\base\base.py", line 256, in connect
    self.connection = self.get_new_connection(conn_params)
                      ~~~~~~~~~~~~~~~~~~~~~~~^^^^^^^^^^^^^
  File "C:\Users\donan\Desktop\ProjetBoutique\env_boutique\Lib\site-packages\django\utils\asyncio.py", line 26, in inner
    return func(*args, **kwargs)
  File "C:\Users\donan\Desktop\ProjetBoutique\env_boutique\Lib\site-packages\django\db\backends\postgresql\base.py", line 332, in get_new_connection
    connection = self.Database.connect(**conn_params)
  File "C:\Users\donan\Desktop\ProjetBoutique\env_boutique\Lib\site-packages\psycopg2\__init__.py", line 135, in connect
    conn = _connect(dsn, connection_factory=connection_factory, **kwasync)
psycopg2.OperationalError: connection to server at "aws-1-eu-west-1.pooler.supabase.com" (18.202.64.2), port 5432 failed: FATAL:  MaxClientsInSessionMode: max clients reached - in Session mode max clients are limited to pool_size
connection to server at "aws-1-eu-west-1.pooler.supabase.com" (18.202.64.2), port 5432 failed: FATAL:  MaxClientsInSessionMode: max clients reached - in Session mode max clients are limited to pool_size


The above exception was the direct cause of the following exception:

Traceback (most recent call last):
  File "C:\Users\donan\Desktop\ProjetBoutique\env_boutique\Lib\site-packages\django\core\handlers\exception.py", line 55, in inner
    response = get_response(request)
  File "C:\Users\donan\Desktop\ProjetBoutique\env_boutique\Lib\site-packages\django\core\handlers\base.py", line 197, in _get_response
    response = wrapped_callback(request, *callback_args, **callback_kwargs)
  File "C:\Users\donan\Desktop\ProjetBoutique\env_boutique\Lib\site-packages\django\views\decorators\csrf.py", line 65, in _view_wrapper
    return view_func(request, *args, **kwargs)
  File "C:\Users\donan\Desktop\ProjetBoutique\env_boutique\Lib\site-packages\rest_framework\viewsets.py", line 125, in view
    return self.dispatch(request, *args, **kwargs)
           ~~~~~~~~~~~~~^^^^^^^^^^^^^^^^^^^^^^^^^^
  File "C:\Users\donan\Desktop\ProjetBoutique\env_boutique\Lib\site-packages\rest_framework\views.py", line 515, in dispatch
    response = self.handle_exception(exc)
  File "C:\Users\donan\Desktop\ProjetBoutique\env_boutique\Lib\site-packages\rest_framework\views.py", line 475, in handle_exception
    self.raise_uncaught_exception(exc)
    ~~~~~~~~~~~~~~~~~~~~~~~~~~~~~^^^^^
  File "C:\Users\donan\Desktop\ProjetBoutique\env_boutique\Lib\site-packages\rest_framework\views.py", line 486, in raise_uncaught_exception
    raise exc
  File "C:\Users\donan\Desktop\ProjetBoutique\env_boutique\Lib\site-packages\rest_framework\views.py", line 503, in dispatch
    self.initial(request, *args, **kwargs)
    ~~~~~~~~~~~~^^^^^^^^^^^^^^^^^^^^^^^^^^
  File "C:\Users\donan\Desktop\ProjetBoutique\env_boutique\Lib\site-packages\rest_framework\views.py", line 420, in initial
    self.perform_authentication(request)
    ~~~~~~~~~~~~~~~~~~~~~~~~~~~^^^^^^^^^
  File "C:\Users\donan\Desktop\ProjetBoutique\env_boutique\Lib\site-packages\rest_framework\views.py", line 330, in perform_authentication
    request.user
  File "C:\Users\donan\Desktop\ProjetBoutique\env_boutique\Lib\site-packages\rest_framework\request.py", line 232, in user
    self._authenticate()
    ~~~~~~~~~~~~~~~~~~^^
  File "C:\Users\donan\Desktop\ProjetBoutique\env_boutique\Lib\site-packages\rest_framework\request.py", line 385, in _authenticate
    user_auth_tuple = authenticator.authenticate(self)
  File "C:\Users\donan\Desktop\ProjetBoutique\env_boutique\Lib\site-packages\rest_framework_simplejwt\authentication.py", line 51, in authenticate
    return self.get_user(validated_token), validated_token
           ~~~~~~~~~~~~~^^^^^^^^^^^^^^^^^
  File "C:\Users\donan\Desktop\ProjetBoutique\env_boutique\Lib\site-packages\rest_framework_simplejwt\authentication.py", line 132, in get_user
    user = self.user_model.objects.get(**{api_settings.USER_ID_FIELD: user_id})
  File "C:\Users\donan\Desktop\ProjetBoutique\env_boutique\Lib\site-packages\django\db\models\manager.py", line 87, in manager_method
    return getattr(self.get_queryset(), name)(*args, **kwargs)
           ~~~~~~~~~~~~~~~~~~~~~~~~~~~~~~~~~~^^^^^^^^^^^^^^^^^
  File "C:\Users\donan\Desktop\ProjetBoutique\env_boutique\Lib\site-packages\django\db\models\query.py", line 629, in get
    num = len(clone)
  File "C:\Users\donan\Desktop\ProjetBoutique\env_boutique\Lib\site-packages\django\db\models\query.py", line 366, in __len__
    self._fetch_all()
    ~~~~~~~~~~~~~~~^^
  File "C:\Users\donan\Desktop\ProjetBoutique\env_boutique\Lib\site-packages\django\db\models\query.py", line 1949, in _fetch_all
    self._result_cache = list(self._iterable_class(self))
                         ~~~~^^^^^^^^^^^^^^^^^^^^^^^^^^^^
  File "C:\Users\donan\Desktop\ProjetBoutique\env_boutique\Lib\site-packages\django\db\models\query.py", line 91, in __iter__
    results = compiler.execute_sql(
        chunked_fetch=self.chunked_fetch, chunk_size=self.chunk_size
    )
  File "C:\Users\donan\Desktop\ProjetBoutique\env_boutique\Lib\site-packages\django\db\models\sql\compiler.py", line 1621, in execute_sql
    cursor = self.connection.cursor()
  File "C:\Users\donan\Desktop\ProjetBoutique\env_boutique\Lib\site-packages\django\utils\asyncio.py", line 26, in inner
    return func(*args, **kwargs)
  File "C:\Users\donan\Desktop\ProjetBoutique\env_boutique\Lib\site-packages\django\db\backends\base\base.py", line 320, in cursor
    return self._cursor()
           ~~~~~~~~~~~~^^
  File "C:\Users\donan\Desktop\ProjetBoutique\env_boutique\Lib\site-packages\django\db\backends\base\base.py", line 296, in _cursor
    self.ensure_connection()
    ~~~~~~~~~~~~~~~~~~~~~~^^
  File "C:\Users\donan\Desktop\ProjetBoutique\env_boutique\Lib\site-packages\django\utils\asyncio.py", line 26, in inner
    return func(*args, **kwargs)
  File "C:\Users\donan\Desktop\ProjetBoutique\env_boutique\Lib\site-packages\django\db\backends\base\base.py", line 278, in ensure_connection
    with self.wrap_database_errors:
         ^^^^^^^^^^^^^^^^^^^^^^^^^
  File "C:\Users\donan\Desktop\ProjetBoutique\env_boutique\Lib\site-packages\django\db\utils.py", line 91, in __exit__
    raise dj_exc_value.with_traceback(traceback) from exc_value
  File "C:\Users\donan\Desktop\ProjetBoutique\env_boutique\Lib\site-packages\django\db\backends\base\base.py", line 279, in ensure_connection
    self.connect()
    ~~~~~~~~~~~~^^
  File "C:\Users\donan\Desktop\ProjetBoutique\env_boutique\Lib\site-packages\django\utils\asyncio.py", line 26, in inner
    return func(*args, **kwargs)
  File "C:\Users\donan\Desktop\ProjetBoutique\env_boutique\Lib\site-packages\django\db\backends\base\base.py", line 256, in connect
    self.connection = self.get_new_connection(conn_params)
                      ~~~~~~~~~~~~~~~~~~~~~~~^^^^^^^^^^^^^
  File "C:\Users\donan\Desktop\ProjetBoutique\env_boutique\Lib\site-packages\django\utils\asyncio.py", line 26, in inner
    return func(*args, **kwargs)
  File "C:\Users\donan\Desktop\ProjetBoutique\env_boutique\Lib\site-packages\django\db\backends\postgresql\base.py", line 332, in get_new_connection
    connection = self.Database.connect(**conn_params)
  File "C:\Users\donan\Desktop\ProjetBoutique\env_boutique\Lib\site-packages\psycopg2\__init__.py", line 135, in connect
    conn = _connect(dsn, connection_factory=connection_factory, **kwasync)
django.db.utils.OperationalError: connection to server at "aws-1-eu-west-1.pooler.supabase.com" (18.202.64.2), port 5432 failed: FATAL:  MaxClientsInSessionMode: max clients reached - in Session mode max clients are limited to pool_size
connection to server at "aws-1-eu-west-1.pooler.supabase.com" (18.202.64.2), port 5432 failed: FATAL:  MaxClientsInSessionMode: max clients reached - in Session mode max clients are limited to pool_size

ERROR 2026-02-05 11:10:11,014 basehttp "GET /api/categories/ HTTP/1.1" 500 239766
ERROR 2026-02-05 11:10:11,022 basehttp "GET /api/stores/ HTTP/1.1" 500 239542
ERROR 2026-02-05 11:10:11,030 basehttp "GET /api/suppliers/ HTTP/1.1" 500 239647
ERROR 2026-02-05 11:10:11,035 basehttp "GET /api/product-brands/ HTTP/1.1" 500 239808
ERROR 2026-02-05 11:10:13,616 log Internal Server Error: /api/products/
Traceback (most recent call last):
  File "C:\Users\donan\Desktop\ProjetBoutique\env_boutique\Lib\site-packages\django\db\backends\base\base.py", line 279, in ensure_connection
    self.connect()
    ~~~~~~~~~~~~^^
  File "C:\Users\donan\Desktop\ProjetBoutique\env_boutique\Lib\site-packages\django\utils\asyncio.py", line 26, in inner
    return func(*args, **kwargs)
  File "C:\Users\donan\Desktop\ProjetBoutique\env_boutique\Lib\site-packages\django\db\backends\base\base.py", line 256, in connect
    self.connection = self.get_new_connection(conn_params)
                      ~~~~~~~~~~~~~~~~~~~~~~~^^^^^^^^^^^^^
  File "C:\Users\donan\Desktop\ProjetBoutique\env_boutique\Lib\site-packages\django\utils\asyncio.py", line 26, in inner
    return func(*args, **kwargs)
  File "C:\Users\donan\Desktop\ProjetBoutique\env_boutique\Lib\site-packages\django\db\backends\postgresql\base.py", line 332, in get_new_connection
    connection = self.Database.connect(**conn_params)
  File "C:\Users\donan\Desktop\ProjetBoutique\env_boutique\Lib\site-packages\psycopg2\__init__.py", line 135, in connect
    conn = _connect(dsn, connection_factory=connection_factory, **kwasync)
psycopg2.OperationalError: connection to server at "aws-1-eu-west-1.pooler.supabase.com" (18.202.64.2), port 5432 failed: FATAL:  MaxClientsInSessionMode: max clients reached - in Session mode max clients are limited to pool_size
connection to server at "aws-1-eu-west-1.pooler.supabase.com" (18.202.64.2), port 5432 failed: FATAL:  MaxClientsInSessionMode: max clients reached - in Session mode max clients are limited to pool_size


The above exception was the direct cause of the following exception:

Traceback (most recent call last):
  File "C:\Users\donan\Desktop\ProjetBoutique\env_boutique\Lib\site-packages\django\core\handlers\exception.py", line 55, in inner
    response = get_response(request)
  File "C:\Users\donan\Desktop\ProjetBoutique\env_boutique\Lib\site-packages\django\core\handlers\base.py", line 197, in _get_response
    response = wrapped_callback(request, *callback_args, **callback_kwargs)
  File "C:\Users\donan\Desktop\ProjetBoutique\env_boutique\Lib\site-packages\django\views\decorators\csrf.py", line 65, in _view_wrapper
    return view_func(request, *args, **kwargs)
  File "C:\Users\donan\Desktop\ProjetBoutique\env_boutique\Lib\site-packages\rest_framework\viewsets.py", line 125, in view
    return self.dispatch(request, *args, **kwargs)
           ~~~~~~~~~~~~~^^^^^^^^^^^^^^^^^^^^^^^^^^
  File "C:\Users\donan\Desktop\ProjetBoutique\env_boutique\Lib\site-packages\rest_framework\views.py", line 515, in dispatch
    response = self.handle_exception(exc)
  File "C:\Users\donan\Desktop\ProjetBoutique\env_boutique\Lib\site-packages\rest_framework\views.py", line 475, in handle_exception
    self.raise_uncaught_exception(exc)
    ~~~~~~~~~~~~~~~~~~~~~~~~~~~~~^^^^^
  File "C:\Users\donan\Desktop\ProjetBoutique\env_boutique\Lib\site-packages\rest_framework\views.py", line 486, in raise_uncaught_exception
    raise exc
  File "C:\Users\donan\Desktop\ProjetBoutique\env_boutique\Lib\site-packages\rest_framework\views.py", line 503, in dispatch
    self.initial(request, *args, **kwargs)
    ~~~~~~~~~~~~^^^^^^^^^^^^^^^^^^^^^^^^^^
  File "C:\Users\donan\Desktop\ProjetBoutique\env_boutique\Lib\site-packages\rest_framework\views.py", line 420, in initial
    self.perform_authentication(request)
    ~~~~~~~~~~~~~~~~~~~~~~~~~~~^^^^^^^^^
  File "C:\Users\donan\Desktop\ProjetBoutique\env_boutique\Lib\site-packages\rest_framework\views.py", line 330, in perform_authentication
    request.user
  File "C:\Users\donan\Desktop\ProjetBoutique\env_boutique\Lib\site-packages\rest_framework\request.py", line 232, in user
    self._authenticate()
    ~~~~~~~~~~~~~~~~~~^^
  File "C:\Users\donan\Desktop\ProjetBoutique\env_boutique\Lib\site-packages\rest_framework\request.py", line 385, in _authenticate
    user_auth_tuple = authenticator.authenticate(self)
  File "C:\Users\donan\Desktop\ProjetBoutique\env_boutique\Lib\site-packages\rest_framework_simplejwt\authentication.py", line 51, in authenticate
    return self.get_user(validated_token), validated_token
           ~~~~~~~~~~~~~^^^^^^^^^^^^^^^^^
  File "C:\Users\donan\Desktop\ProjetBoutique\env_boutique\Lib\site-packages\rest_framework_simplejwt\authentication.py", line 132, in get_user
    user = self.user_model.objects.get(**{api_settings.USER_ID_FIELD: user_id})
  File "C:\Users\donan\Desktop\ProjetBoutique\env_boutique\Lib\site-packages\django\db\models\manager.py", line 87, in manager_method
    return getattr(self.get_queryset(), name)(*args, **kwargs)
           ~~~~~~~~~~~~~~~~~~~~~~~~~~~~~~~~~~^^^^^^^^^^^^^^^^^
  File "C:\Users\donan\Desktop\ProjetBoutique\env_boutique\Lib\site-packages\django\db\models\query.py", line 629, in get
    num = len(clone)
  File "C:\Users\donan\Desktop\ProjetBoutique\env_boutique\Lib\site-packages\django\db\models\query.py", line 366, in __len__
    self._fetch_all()
    ~~~~~~~~~~~~~~~^^
  File "C:\Users\donan\Desktop\ProjetBoutique\env_boutique\Lib\site-packages\django\db\models\query.py", line 1949, in _fetch_all
    self._result_cache = list(self._iterable_class(self))
                         ~~~~^^^^^^^^^^^^^^^^^^^^^^^^^^^^
  File "C:\Users\donan\Desktop\ProjetBoutique\env_boutique\Lib\site-packages\django\db\models\query.py", line 91, in __iter__
    results = compiler.execute_sql(
        chunked_fetch=self.chunked_fetch, chunk_size=self.chunk_size
    )
  File "C:\Users\donan\Desktop\ProjetBoutique\env_boutique\Lib\site-packages\django\db\models\sql\compiler.py", line 1621, in execute_sql
    cursor = self.connection.cursor()
  File "C:\Users\donan\Desktop\ProjetBoutique\env_boutique\Lib\site-packages\django\utils\asyncio.py", line 26, in inner
    return func(*args, **kwargs)
  File "C:\Users\donan\Desktop\ProjetBoutique\env_boutique\Lib\site-packages\django\db\backends\base\base.py", line 320, in cursor
    return self._cursor()
           ~~~~~~~~~~~~^^
  File "C:\Users\donan\Desktop\ProjetBoutique\env_boutique\Lib\site-packages\django\db\backends\base\base.py", line 296, in _cursor
    self.ensure_connection()
    ~~~~~~~~~~~~~~~~~~~~~~^^
  File "C:\Users\donan\Desktop\ProjetBoutique\env_boutique\Lib\site-packages\django\utils\asyncio.py", line 26, in inner
    return func(*args, **kwargs)
  File "C:\Users\donan\Desktop\ProjetBoutique\env_boutique\Lib\site-packages\django\db\backends\base\base.py", line 278, in ensure_connection
    with self.wrap_database_errors:
         ^^^^^^^^^^^^^^^^^^^^^^^^^
  File "C:\Users\donan\Desktop\ProjetBoutique\env_boutique\Lib\site-packages\django\db\utils.py", line 91, in __exit__
    raise dj_exc_value.with_traceback(traceback) from exc_value
  File "C:\Users\donan\Desktop\ProjetBoutique\env_boutique\Lib\site-packages\django\db\backends\base\base.py", line 279, in ensure_connection
    self.connect()
    ~~~~~~~~~~~~^^
  File "C:\Users\donan\Desktop\ProjetBoutique\env_boutique\Lib\site-packages\django\utils\asyncio.py", line 26, in inner
    return func(*args, **kwargs)
  File "C:\Users\donan\Desktop\ProjetBoutique\env_boutique\Lib\site-packages\django\db\backends\base\base.py", line 256, in connect
    self.connection = self.get_new_connection(conn_params)
                      ~~~~~~~~~~~~~~~~~~~~~~~^^^^^^^^^^^^^
  File "C:\Users\donan\Desktop\ProjetBoutique\env_boutique\Lib\site-packages\django\utils\asyncio.py", line 26, in inner
    return func(*args, **kwargs)
  File "C:\Users\donan\Desktop\ProjetBoutique\env_boutique\Lib\site-packages\django\db\backends\postgresql\base.py", line 332, in get_new_connection
    connection = self.Database.connect(**conn_params)
  File "C:\Users\donan\Desktop\ProjetBoutique\env_boutique\Lib\site-packages\psycopg2\__init__.py", line 135, in connect
    conn = _connect(dsn, connection_factory=connection_factory, **kwasync)
django.db.utils.OperationalError: connection to server at "aws-1-eu-west-1.pooler.supabase.com" (18.202.64.2), port 5432 failed: FATAL:  MaxClientsInSessionMode: max clients reached - in Session mode max clients are limited to pool_size
connection to server at "aws-1-eu-west-1.pooler.supabase.com" (18.202.64.2), port 5432 failed: FATAL:  MaxClientsInSessionMode: max clients reached - in Session mode max clients are limited to pool_size

ERROR 2026-02-05 11:10:13,623 basehttp "GET /api/products/ HTTP/1.1" 500 241229
ERROR 2026-02-05 11:11:36,462 log Internal Server Error: /api/stores/
Traceback (most recent call last):
  File "C:\Users\donan\Desktop\ProjetBoutique\env_boutique\Lib\site-packages\django\db\backends\base\base.py", line 279, in ensure_connection
    self.connect()
    ~~~~~~~~~~~~^^
  File "C:\Users\donan\Desktop\ProjetBoutique\env_boutique\Lib\site-packages\django\utils\asyncio.py", line 26, in inner
    return func(*args, **kwargs)
  File "C:\Users\donan\Desktop\ProjetBoutique\env_boutique\Lib\site-packages\django\db\backends\base\base.py", line 256, in connect
    self.connection = self.get_new_connection(conn_params)
                      ~~~~~~~~~~~~~~~~~~~~~~~^^^^^^^^^^^^^
  File "C:\Users\donan\Desktop\ProjetBoutique\env_boutique\Lib\site-packages\django\utils\asyncio.py", line 26, in inner
    return func(*args, **kwargs)
  File "C:\Users\donan\Desktop\ProjetBoutique\env_boutique\Lib\site-packages\django\db\backends\postgresql\base.py", line 332, in get_new_connection
    connection = self.Database.connect(**conn_params)
  File "C:\Users\donan\Desktop\ProjetBoutique\env_boutique\Lib\site-packages\psycopg2\__init__.py", line 135, in connect
    conn = _connect(dsn, connection_factory=connection_factory, **kwasync)
psycopg2.OperationalError: connection to server at "aws-1-eu-west-1.pooler.supabase.com" (54.247.26.119), port 5432 failed: FATAL:  MaxClientsInSessionMode: max clients reached - in Session mode max clients are limited to pool_size


The above exception was the direct cause of the following exception:

Traceback (most recent call last):
  File "C:\Users\donan\Desktop\ProjetBoutique\env_boutique\Lib\site-packages\django\core\handlers\exception.py", line 55, in inner
    response = get_response(request)
  File "C:\Users\donan\Desktop\ProjetBoutique\env_boutique\Lib\site-packages\django\core\handlers\base.py", line 197, in _get_response
    response = wrapped_callback(request, *callback_args, **callback_kwargs)
  File "C:\Users\donan\Desktop\ProjetBoutique\env_boutique\Lib\site-packages\django\views\decorators\csrf.py", line 65, in _view_wrapper
    return view_func(request, *args, **kwargs)
  File "C:\Users\donan\Desktop\ProjetBoutique\env_boutique\Lib\site-packages\rest_framework\viewsets.py", line 125, in view
    return self.dispatch(request, *args, **kwargs)
           ~~~~~~~~~~~~~^^^^^^^^^^^^^^^^^^^^^^^^^^
  File "C:\Users\donan\Desktop\ProjetBoutique\env_boutique\Lib\site-packages\rest_framework\views.py", line 515, in dispatch
    response = self.handle_exception(exc)
  File "C:\Users\donan\Desktop\ProjetBoutique\env_boutique\Lib\site-packages\rest_framework\views.py", line 475, in handle_exception
    self.raise_uncaught_exception(exc)
    ~~~~~~~~~~~~~~~~~~~~~~~~~~~~~^^^^^
  File "C:\Users\donan\Desktop\ProjetBoutique\env_boutique\Lib\site-packages\rest_framework\views.py", line 486, in raise_uncaught_exception
    raise exc
  File "C:\Users\donan\Desktop\ProjetBoutique\env_boutique\Lib\site-packages\rest_framework\views.py", line 503, in dispatch
    self.initial(request, *args, **kwargs)
    ~~~~~~~~~~~~^^^^^^^^^^^^^^^^^^^^^^^^^^
  File "C:\Users\donan\Desktop\ProjetBoutique\env_boutique\Lib\site-packages\rest_framework\views.py", line 420, in initial
    self.perform_authentication(request)
    ~~~~~~~~~~~~~~~~~~~~~~~~~~~^^^^^^^^^
  File "C:\Users\donan\Desktop\ProjetBoutique\env_boutique\Lib\site-packages\rest_framework\views.py", line 330, in perform_authentication
    request.user
  File "C:\Users\donan\Desktop\ProjetBoutique\env_boutique\Lib\site-packages\rest_framework\request.py", line 232, in user
    self._authenticate()
    ~~~~~~~~~~~~~~~~~~^^
  File "C:\Users\donan\Desktop\ProjetBoutique\env_boutique\Lib\site-packages\rest_framework\request.py", line 385, in _authenticate
    user_auth_tuple = authenticator.authenticate(self)
  File "C:\Users\donan\Desktop\ProjetBoutique\env_boutique\Lib\site-packages\rest_framework_simplejwt\authentication.py", line 51, in authenticate
    return self.get_user(validated_token), validated_token
           ~~~~~~~~~~~~~^^^^^^^^^^^^^^^^^
  File "C:\Users\donan\Desktop\ProjetBoutique\env_boutique\Lib\site-packages\rest_framework_simplejwt\authentication.py", line 132, in get_user
    user = self.user_model.objects.get(**{api_settings.USER_ID_FIELD: user_id})
  File "C:\Users\donan\Desktop\ProjetBoutique\env_boutique\Lib\site-packages\django\db\models\manager.py", line 87, in manager_method
    return getattr(self.get_queryset(), name)(*args, **kwargs)
           ~~~~~~~~~~~~~~~~~~~~~~~~~~~~~~~~~~^^^^^^^^^^^^^^^^^
  File "C:\Users\donan\Desktop\ProjetBoutique\env_boutique\Lib\site-packages\django\db\models\query.py", line 629, in get
    num = len(clone)
  File "C:\Users\donan\Desktop\ProjetBoutique\env_boutique\Lib\site-packages\django\db\models\query.py", line 366, in __len__
    self._fetch_all()
    ~~~~~~~~~~~~~~~^^
  File "C:\Users\donan\Desktop\ProjetBoutique\env_boutique\Lib\site-packages\django\db\models\query.py", line 1949, in _fetch_all
    self._result_cache = list(self._iterable_class(self))
                         ~~~~^^^^^^^^^^^^^^^^^^^^^^^^^^^^
  File "C:\Users\donan\Desktop\ProjetBoutique\env_boutique\Lib\site-packages\django\db\models\query.py", line 91, in __iter__
    results = compiler.execute_sql(
        chunked_fetch=self.chunked_fetch, chunk_size=self.chunk_size
    )
  File "C:\Users\donan\Desktop\ProjetBoutique\env_boutique\Lib\site-packages\django\db\models\sql\compiler.py", line 1621, in execute_sql
    cursor = self.connection.cursor()
  File "C:\Users\donan\Desktop\ProjetBoutique\env_boutique\Lib\site-packages\django\utils\asyncio.py", line 26, in inner
    return func(*args, **kwargs)
  File "C:\Users\donan\Desktop\ProjetBoutique\env_boutique\Lib\site-packages\django\db\backends\base\base.py", line 320, in cursor
    return self._cursor()
           ~~~~~~~~~~~~^^
  File "C:\Users\donan\Desktop\ProjetBoutique\env_boutique\Lib\site-packages\django\db\backends\base\base.py", line 296, in _cursor
    self.ensure_connection()
    ~~~~~~~~~~~~~~~~~~~~~~^^
  File "C:\Users\donan\Desktop\ProjetBoutique\env_boutique\Lib\site-packages\django\utils\asyncio.py", line 26, in inner
    return func(*args, **kwargs)
  File "C:\Users\donan\Desktop\ProjetBoutique\env_boutique\Lib\site-packages\django\db\backends\base\base.py", line 278, in ensure_connection
    with self.wrap_database_errors:
         ^^^^^^^^^^^^^^^^^^^^^^^^^
  File "C:\Users\donan\Desktop\ProjetBoutique\env_boutique\Lib\site-packages\django\db\utils.py", line 91, in __exit__
    raise dj_exc_value.with_traceback(traceback) from exc_value
  File "C:\Users\donan\Desktop\ProjetBoutique\env_boutique\Lib\site-packages\django\db\backends\base\base.py", line 279, in ensure_connection
    self.connect()
    ~~~~~~~~~~~~^^
  File "C:\Users\donan\Desktop\ProjetBoutique\env_boutique\Lib\site-packages\django\utils\asyncio.py", line 26, in inner
    return func(*args, **kwargs)
  File "C:\Users\donan\Desktop\ProjetBoutique\env_boutique\Lib\site-packages\django\db\backends\base\base.py", line 256, in connect
    self.connection = self.get_new_connection(conn_params)
                      ~~~~~~~~~~~~~~~~~~~~~~~^^^^^^^^^^^^^
  File "C:\Users\donan\Desktop\ProjetBoutique\env_boutique\Lib\site-packages\django\utils\asyncio.py", line 26, in inner
    return func(*args, **kwargs)
  File "C:\Users\donan\Desktop\ProjetBoutique\env_boutique\Lib\site-packages\django\db\backends\postgresql\base.py", line 332, in get_new_connection
    connection = self.Database.connect(**conn_params)
  File "C:\Users\donan\Desktop\ProjetBoutique\env_boutique\Lib\site-packages\psycopg2\__init__.py", line 135, in connect
    conn = _connect(dsn, connection_factory=connection_factory, **kwasync)
django.db.utils.OperationalError: connection to server at "aws-1-eu-west-1.pooler.supabase.com" (54.247.26.119), port 5432 failed: FATAL:  MaxClientsInSessionMode: max clients reached - in Session mode max clients are limited to pool_size

ERROR 2026-02-05 11:11:36,470 basehttp "GET /api/stores/ HTTP/1.1" 500 238271
ERROR 2026-02-05 11:12:07,240 log Internal Server Error: /api/stocks/
Traceback (most recent call last):
  File "C:\Users\donan\Desktop\ProjetBoutique\env_boutique\Lib\site-packages\django\db\backends\base\base.py", line 279, in ensure_connection
    self.connect()
    ~~~~~~~~~~~~^^
  File "C:\Users\donan\Desktop\ProjetBoutique\env_boutique\Lib\site-packages\django\utils\asyncio.py", line 26, in inner
    return func(*args, **kwargs)
  File "C:\Users\donan\Desktop\ProjetBoutique\env_boutique\Lib\site-packages\django\db\backends\base\base.py", line 256, in connect
    self.connection = self.get_new_connection(conn_params)
                      ~~~~~~~~~~~~~~~~~~~~~~~^^^^^^^^^^^^^
  File "C:\Users\donan\Desktop\ProjetBoutique\env_boutique\Lib\site-packages\django\utils\asyncio.py", line 26, in inner
    return func(*args, **kwargs)
  File "C:\Users\donan\Desktop\ProjetBoutique\env_boutique\Lib\site-packages\django\db\backends\postgresql\base.py", line 332, in get_new_connection
    connection = self.Database.connect(**conn_params)
  File "C:\Users\donan\Desktop\ProjetBoutique\env_boutique\Lib\site-packages\psycopg2\__init__.py", line 135, in connect
    conn = _connect(dsn, connection_factory=connection_factory, **kwasync)
psycopg2.OperationalError: connection to server at "aws-1-eu-west-1.pooler.supabase.com" (54.247.26.119), port 5432 failed: FATAL:  MaxClientsInSessionMode: max clients reached - in Session mode max clients are limited to pool_size


The above exception was the direct cause of the following exception:

Traceback (most recent call last):
  File "C:\Users\donan\Desktop\ProjetBoutique\env_boutique\Lib\site-packages\django\core\handlers\exception.py", line 55, in inner
    response = get_response(request)
  File "C:\Users\donan\Desktop\ProjetBoutique\env_boutique\Lib\site-packages\django\core\handlers\base.py", line 197, in _get_response
    response = wrapped_callback(request, *callback_args, **callback_kwargs)
  File "C:\Users\donan\Desktop\ProjetBoutique\env_boutique\Lib\site-packages\django\views\decorators\csrf.py", line 65, in _view_wrapper
    return view_func(request, *args, **kwargs)
  File "C:\Users\donan\Desktop\ProjetBoutique\env_boutique\Lib\site-packages\rest_framework\viewsets.py", line 125, in view
    return self.dispatch(request, *args, **kwargs)
           ~~~~~~~~~~~~~^^^^^^^^^^^^^^^^^^^^^^^^^^
  File "C:\Users\donan\Desktop\ProjetBoutique\env_boutique\Lib\site-packages\rest_framework\views.py", line 515, in dispatch
    response = self.handle_exception(exc)
  File "C:\Users\donan\Desktop\ProjetBoutique\env_boutique\Lib\site-packages\rest_framework\views.py", line 475, in handle_exception
    self.raise_uncaught_exception(exc)
    ~~~~~~~~~~~~~~~~~~~~~~~~~~~~~^^^^^
  File "C:\Users\donan\Desktop\ProjetBoutique\env_boutique\Lib\site-packages\rest_framework\views.py", line 486, in raise_uncaught_exception
    raise exc
  File "C:\Users\donan\Desktop\ProjetBoutique\env_boutique\Lib\site-packages\rest_framework\views.py", line 503, in dispatch
    self.initial(request, *args, **kwargs)
    ~~~~~~~~~~~~^^^^^^^^^^^^^^^^^^^^^^^^^^
  File "C:\Users\donan\Desktop\ProjetBoutique\env_boutique\Lib\site-packages\rest_framework\views.py", line 420, in initial
    self.perform_authentication(request)
    ~~~~~~~~~~~~~~~~~~~~~~~~~~~^^^^^^^^^
  File "C:\Users\donan\Desktop\ProjetBoutique\env_boutique\Lib\site-packages\rest_framework\views.py", line 330, in perform_authentication
    request.user
  File "C:\Users\donan\Desktop\ProjetBoutique\env_boutique\Lib\site-packages\rest_framework\request.py", line 232, in user
    self._authenticate()
    ~~~~~~~~~~~~~~~~~~^^
  File "C:\Users\donan\Desktop\ProjetBoutique\env_boutique\Lib\site-packages\rest_framework\request.py", line 385, in _authenticate
    user_auth_tuple = authenticator.authenticate(self)
  File "C:\Users\donan\Desktop\ProjetBoutique\env_boutique\Lib\site-packages\rest_framework_simplejwt\authentication.py", line 51, in authenticate
    return self.get_user(validated_token), validated_token
           ~~~~~~~~~~~~~^^^^^^^^^^^^^^^^^
  File "C:\Users\donan\Desktop\ProjetBoutique\env_boutique\Lib\site-packages\rest_framework_simplejwt\authentication.py", line 132, in get_user
    user = self.user_model.objects.get(**{api_settings.USER_ID_FIELD: user_id})
  File "C:\Users\donan\Desktop\ProjetBoutique\env_boutique\Lib\site-packages\django\db\models\manager.py", line 87, in manager_method
    return getattr(self.get_queryset(), name)(*args, **kwargs)
           ~~~~~~~~~~~~~~~~~~~~~~~~~~~~~~~~~~^^^^^^^^^^^^^^^^^
  File "C:\Users\donan\Desktop\ProjetBoutique\env_boutique\Lib\site-packages\django\db\models\query.py", line 629, in get
    num = len(clone)
  File "C:\Users\donan\Desktop\ProjetBoutique\env_boutique\Lib\site-packages\django\db\models\query.py", line 366, in __len__
    self._fetch_all()
    ~~~~~~~~~~~~~~~^^
  File "C:\Users\donan\Desktop\ProjetBoutique\env_boutique\Lib\site-packages\django\db\models\query.py", line 1949, in _fetch_all
    self._result_cache = list(self._iterable_class(self))
                         ~~~~^^^^^^^^^^^^^^^^^^^^^^^^^^^^
  File "C:\Users\donan\Desktop\ProjetBoutique\env_boutique\Lib\site-packages\django\db\models\query.py", line 91, in __iter__
    results = compiler.execute_sql(
        chunked_fetch=self.chunked_fetch, chunk_size=self.chunk_size
    )
  File "C:\Users\donan\Desktop\ProjetBoutique\env_boutique\Lib\site-packages\django\db\models\sql\compiler.py", line 1621, in execute_sql
    cursor = self.connection.cursor()
  File "C:\Users\donan\Desktop\ProjetBoutique\env_boutique\Lib\site-packages\django\utils\asyncio.py", line 26, in inner
    return func(*args, **kwargs)
  File "C:\Users\donan\Desktop\ProjetBoutique\env_boutique\Lib\site-packages\django\db\backends\base\base.py", line 320, in cursor
    return self._cursor()
           ~~~~~~~~~~~~^^
  File "C:\Users\donan\Desktop\ProjetBoutique\env_boutique\Lib\site-packages\django\db\backends\base\base.py", line 296, in _cursor
    self.ensure_connection()
    ~~~~~~~~~~~~~~~~~~~~~~^^
  File "C:\Users\donan\Desktop\ProjetBoutique\env_boutique\Lib\site-packages\django\utils\asyncio.py", line 26, in inner
    return func(*args, **kwargs)
  File "C:\Users\donan\Desktop\ProjetBoutique\env_boutique\Lib\site-packages\django\db\backends\base\base.py", line 278, in ensure_connection
    with self.wrap_database_errors:
         ^^^^^^^^^^^^^^^^^^^^^^^^^
  File "C:\Users\donan\Desktop\ProjetBoutique\env_boutique\Lib\site-packages\django\db\utils.py", line 91, in __exit__
    raise dj_exc_value.with_traceback(traceback) from exc_value
  File "C:\Users\donan\Desktop\ProjetBoutique\env_boutique\Lib\site-packages\django\db\backends\base\base.py", line 279, in ensure_connection
    self.connect()
    ~~~~~~~~~~~~^^
  File "C:\Users\donan\Desktop\ProjetBoutique\env_boutique\Lib\site-packages\django\utils\asyncio.py", line 26, in inner
    return func(*args, **kwargs)
  File "C:\Users\donan\Desktop\ProjetBoutique\env_boutique\Lib\site-packages\django\db\backends\base\base.py", line 256, in connect
    self.connection = self.get_new_connection(conn_params)
                      ~~~~~~~~~~~~~~~~~~~~~~~^^^^^^^^^^^^^
  File "C:\Users\donan\Desktop\ProjetBoutique\env_boutique\Lib\site-packages\django\utils\asyncio.py", line 26, in inner
    return func(*args, **kwargs)
  File "C:\Users\donan\Desktop\ProjetBoutique\env_boutique\Lib\site-packages\django\db\backends\postgresql\base.py", line 332, in get_new_connection
    connection = self.Database.connect(**conn_params)
  File "C:\Users\donan\Desktop\ProjetBoutique\env_boutique\Lib\site-packages\psycopg2\__init__.py", line 135, in connect
    conn = _connect(dsn, connection_factory=connection_factory, **kwasync)
django.db.utils.OperationalError: connection to server at "aws-1-eu-west-1.pooler.supabase.com" (54.247.26.119), port 5432 failed: FATAL:  MaxClientsInSessionMode: max clients reached - in Session mode max clients are limited to pool_size

ERROR 2026-02-05 11:12:07,249 basehttp "GET /api/stocks/?page_size=1 HTTP/1.1" 500 238777
ERROR 2026-02-05 11:12:12,226 log Internal Server Error: /api/products/
Traceback (most recent call last):
  File "C:\Users\donan\Desktop\ProjetBoutique\env_boutique\Lib\site-packages\django\db\backends\base\base.py", line 279, in ensure_connection
    self.connect()
    ~~~~~~~~~~~~^^
  File "C:\Users\donan\Desktop\ProjetBoutique\env_boutique\Lib\site-packages\django\utils\asyncio.py", line 26, in inner
    return func(*args, **kwargs)
  File "C:\Users\donan\Desktop\ProjetBoutique\env_boutique\Lib\site-packages\django\db\backends\base\base.py", line 256, in connect
    self.connection = self.get_new_connection(conn_params)
                      ~~~~~~~~~~~~~~~~~~~~~~~^^^^^^^^^^^^^
  File "C:\Users\donan\Desktop\ProjetBoutique\env_boutique\Lib\site-packages\django\utils\asyncio.py", line 26, in inner
    return func(*args, **kwargs)
  File "C:\Users\donan\Desktop\ProjetBoutique\env_boutique\Lib\site-packages\django\db\backends\postgresql\base.py", line 332, in get_new_connection
    connection = self.Database.connect(**conn_params)
  File "C:\Users\donan\Desktop\ProjetBoutique\env_boutique\Lib\site-packages\psycopg2\__init__.py", line 135, in connect
    conn = _connect(dsn, connection_factory=connection_factory, **kwasync)
psycopg2.OperationalError: connection to server at "aws-1-eu-west-1.pooler.supabase.com" (54.247.26.119), port 5432 failed: FATAL:  MaxClientsInSessionMode: max clients reached - in Session mode max clients are limited to pool_size


The above exception was the direct cause of the following exception:

Traceback (most recent call last):
  File "C:\Users\donan\Desktop\ProjetBoutique\env_boutique\Lib\site-packages\django\core\handlers\exception.py", line 55, in inner
    response = get_response(request)
  File "C:\Users\donan\Desktop\ProjetBoutique\env_boutique\Lib\site-packages\django\core\handlers\base.py", line 197, in _get_response
    response = wrapped_callback(request, *callback_args, **callback_kwargs)
  File "C:\Users\donan\Desktop\ProjetBoutique\env_boutique\Lib\site-packages\django\views\decorators\csrf.py", line 65, in _view_wrapper
    return view_func(request, *args, **kwargs)
  File "C:\Users\donan\Desktop\ProjetBoutique\env_boutique\Lib\site-packages\rest_framework\viewsets.py", line 125, in view
    return self.dispatch(request, *args, **kwargs)
           ~~~~~~~~~~~~~^^^^^^^^^^^^^^^^^^^^^^^^^^
  File "C:\Users\donan\Desktop\ProjetBoutique\env_boutique\Lib\site-packages\rest_framework\views.py", line 515, in dispatch
    response = self.handle_exception(exc)
  File "C:\Users\donan\Desktop\ProjetBoutique\env_boutique\Lib\site-packages\rest_framework\views.py", line 475, in handle_exception
    self.raise_uncaught_exception(exc)
    ~~~~~~~~~~~~~~~~~~~~~~~~~~~~~^^^^^
  File "C:\Users\donan\Desktop\ProjetBoutique\env_boutique\Lib\site-packages\rest_framework\views.py", line 486, in raise_uncaught_exception
    raise exc
  File "C:\Users\donan\Desktop\ProjetBoutique\env_boutique\Lib\site-packages\rest_framework\views.py", line 503, in dispatch
    self.initial(request, *args, **kwargs)
    ~~~~~~~~~~~~^^^^^^^^^^^^^^^^^^^^^^^^^^
  File "C:\Users\donan\Desktop\ProjetBoutique\env_boutique\Lib\site-packages\rest_framework\views.py", line 420, in initial
    self.perform_authentication(request)
    ~~~~~~~~~~~~~~~~~~~~~~~~~~~^^^^^^^^^
  File "C:\Users\donan\Desktop\ProjetBoutique\env_boutique\Lib\site-packages\rest_framework\views.py", line 330, in perform_authentication
    request.user
  File "C:\Users\donan\Desktop\ProjetBoutique\env_boutique\Lib\site-packages\rest_framework\request.py", line 232, in user
    self._authenticate()
    ~~~~~~~~~~~~~~~~~~^^
  File "C:\Users\donan\Desktop\ProjetBoutique\env_boutique\Lib\site-packages\rest_framework\request.py", line 385, in _authenticate
    user_auth_tuple = authenticator.authenticate(self)
  File "C:\Users\donan\Desktop\ProjetBoutique\env_boutique\Lib\site-packages\rest_framework_simplejwt\authentication.py", line 51, in authenticate
    return self.get_user(validated_token), validated_token
           ~~~~~~~~~~~~~^^^^^^^^^^^^^^^^^
  File "C:\Users\donan\Desktop\ProjetBoutique\env_boutique\Lib\site-packages\rest_framework_simplejwt\authentication.py", line 132, in get_user
    user = self.user_model.objects.get(**{api_settings.USER_ID_FIELD: user_id})
  File "C:\Users\donan\Desktop\ProjetBoutique\env_boutique\Lib\site-packages\django\db\models\manager.py", line 87, in manager_method
    return getattr(self.get_queryset(), name)(*args, **kwargs)
           ~~~~~~~~~~~~~~~~~~~~~~~~~~~~~~~~~~^^^^^^^^^^^^^^^^^
  File "C:\Users\donan\Desktop\ProjetBoutique\env_boutique\Lib\site-packages\django\db\models\query.py", line 629, in get
    num = len(clone)
  File "C:\Users\donan\Desktop\ProjetBoutique\env_boutique\Lib\site-packages\django\db\models\query.py", line 366, in __len__
    self._fetch_all()
    ~~~~~~~~~~~~~~~^^
  File "C:\Users\donan\Desktop\ProjetBoutique\env_boutique\Lib\site-packages\django\db\models\query.py", line 1949, in _fetch_all
    self._result_cache = list(self._iterable_class(self))
                         ~~~~^^^^^^^^^^^^^^^^^^^^^^^^^^^^
  File "C:\Users\donan\Desktop\ProjetBoutique\env_boutique\Lib\site-packages\django\db\models\query.py", line 91, in __iter__
    results = compiler.execute_sql(
        chunked_fetch=self.chunked_fetch, chunk_size=self.chunk_size
    )
  File "C:\Users\donan\Desktop\ProjetBoutique\env_boutique\Lib\site-packages\django\db\models\sql\compiler.py", line 1621, in execute_sql
    cursor = self.connection.cursor()
  File "C:\Users\donan\Desktop\ProjetBoutique\env_boutique\Lib\site-packages\django\utils\asyncio.py", line 26, in inner
    return func(*args, **kwargs)
  File "C:\Users\donan\Desktop\ProjetBoutique\env_boutique\Lib\site-packages\django\db\backends\base\base.py", line 320, in cursor
    return self._cursor()
           ~~~~~~~~~~~~^^
  File "C:\Users\donan\Desktop\ProjetBoutique\env_boutique\Lib\site-packages\django\db\backends\base\base.py", line 296, in _cursor
    self.ensure_connection()
    ~~~~~~~~~~~~~~~~~~~~~~^^
  File "C:\Users\donan\Desktop\ProjetBoutique\env_boutique\Lib\site-packages\django\utils\asyncio.py", line 26, in inner
    return func(*args, **kwargs)
  File "C:\Users\donan\Desktop\ProjetBoutique\env_boutique\Lib\site-packages\django\db\backends\base\base.py", line 278, in ensure_connection
    with self.wrap_database_errors:
         ^^^^^^^^^^^^^^^^^^^^^^^^^
  File "C:\Users\donan\Desktop\ProjetBoutique\env_boutique\Lib\site-packages\django\db\utils.py", line 91, in __exit__
    raise dj_exc_value.with_traceback(traceback) from exc_value
  File "C:\Users\donan\Desktop\ProjetBoutique\env_boutique\Lib\site-packages\django\db\backends\base\base.py", line 279, in ensure_connection
    self.connect()
    ~~~~~~~~~~~~^^
  File "C:\Users\donan\Desktop\ProjetBoutique\env_boutique\Lib\site-packages\django\utils\asyncio.py", line 26, in inner
    return func(*args, **kwargs)
  File "C:\Users\donan\Desktop\ProjetBoutique\env_boutique\Lib\site-packages\django\db\backends\base\base.py", line 256, in connect
    self.connection = self.get_new_connection(conn_params)
                      ~~~~~~~~~~~~~~~~~~~~~~~^^^^^^^^^^^^^
  File "C:\Users\donan\Desktop\ProjetBoutique\env_boutique\Lib\site-packages\django\utils\asyncio.py", line 26, in inner
    return func(*args, **kwargs)
  File "C:\Users\donan\Desktop\ProjetBoutique\env_boutique\Lib\site-packages\django\db\backends\postgresql\base.py", line 332, in get_new_connection
    connection = self.Database.connect(**conn_params)
  File "C:\Users\donan\Desktop\ProjetBoutique\env_boutique\Lib\site-packages\psycopg2\__init__.py", line 135, in connect
    conn = _connect(dsn, connection_factory=connection_factory, **kwasync)
django.db.utils.OperationalError: connection to server at "aws-1-eu-west-1.pooler.supabase.com" (54.247.26.119), port 5432 failed: FATAL:  MaxClientsInSessionMode: max clients reached - in Session mode max clients are limited to pool_size

ERROR 2026-02-05 11:12:12,233 basehttp "GET /api/products/?page_size=1 HTTP/1.1" 500 238847
ERROR 2026-02-05 11:12:17,227 log Internal Server Error: /api/stores/
Traceback (most recent call last):
  File "C:\Users\donan\Desktop\ProjetBoutique\env_boutique\Lib\site-packages\django\db\backends\base\base.py", line 279, in ensure_connection
    self.connect()
    ~~~~~~~~~~~~^^
  File "C:\Users\donan\Desktop\ProjetBoutique\env_boutique\Lib\site-packages\django\utils\asyncio.py", line 26, in inner
    return func(*args, **kwargs)
  File "C:\Users\donan\Desktop\ProjetBoutique\env_boutique\Lib\site-packages\django\db\backends\base\base.py", line 256, in connect
    self.connection = self.get_new_connection(conn_params)
                      ~~~~~~~~~~~~~~~~~~~~~~~^^^^^^^^^^^^^
  File "C:\Users\donan\Desktop\ProjetBoutique\env_boutique\Lib\site-packages\django\utils\asyncio.py", line 26, in inner
    return func(*args, **kwargs)
  File "C:\Users\donan\Desktop\ProjetBoutique\env_boutique\Lib\site-packages\django\db\backends\postgresql\base.py", line 332, in get_new_connection
    connection = self.Database.connect(**conn_params)
  File "C:\Users\donan\Desktop\ProjetBoutique\env_boutique\Lib\site-packages\psycopg2\__init__.py", line 135, in connect
    conn = _connect(dsn, connection_factory=connection_factory, **kwasync)
psycopg2.OperationalError: connection to server at "aws-1-eu-west-1.pooler.supabase.com" (54.247.26.119), port 5432 failed: FATAL:  MaxClientsInSessionMode: max clients reached - in Session mode max clients are limited to pool_size


The above exception was the direct cause of the following exception:

Traceback (most recent call last):
  File "C:\Users\donan\Desktop\ProjetBoutique\env_boutique\Lib\site-packages\django\core\handlers\exception.py", line 55, in inner
    response = get_response(request)
  File "C:\Users\donan\Desktop\ProjetBoutique\env_boutique\Lib\site-packages\django\core\handlers\base.py", line 197, in _get_response
    response = wrapped_callback(request, *callback_args, **callback_kwargs)
  File "C:\Users\donan\Desktop\ProjetBoutique\env_boutique\Lib\site-packages\django\views\decorators\csrf.py", line 65, in _view_wrapper
    return view_func(request, *args, **kwargs)
  File "C:\Users\donan\Desktop\ProjetBoutique\env_boutique\Lib\site-packages\rest_framework\viewsets.py", line 125, in view
    return self.dispatch(request, *args, **kwargs)
           ~~~~~~~~~~~~~^^^^^^^^^^^^^^^^^^^^^^^^^^
  File "C:\Users\donan\Desktop\ProjetBoutique\env_boutique\Lib\site-packages\rest_framework\views.py", line 515, in dispatch
    response = self.handle_exception(exc)
  File "C:\Users\donan\Desktop\ProjetBoutique\env_boutique\Lib\site-packages\rest_framework\views.py", line 475, in handle_exception
    self.raise_uncaught_exception(exc)
    ~~~~~~~~~~~~~~~~~~~~~~~~~~~~~^^^^^
  File "C:\Users\donan\Desktop\ProjetBoutique\env_boutique\Lib\site-packages\rest_framework\views.py", line 486, in raise_uncaught_exception
    raise exc
  File "C:\Users\donan\Desktop\ProjetBoutique\env_boutique\Lib\site-packages\rest_framework\views.py", line 503, in dispatch
    self.initial(request, *args, **kwargs)
    ~~~~~~~~~~~~^^^^^^^^^^^^^^^^^^^^^^^^^^
  File "C:\Users\donan\Desktop\ProjetBoutique\env_boutique\Lib\site-packages\rest_framework\views.py", line 420, in initial
    self.perform_authentication(request)
    ~~~~~~~~~~~~~~~~~~~~~~~~~~~^^^^^^^^^
  File "C:\Users\donan\Desktop\ProjetBoutique\env_boutique\Lib\site-packages\rest_framework\views.py", line 330, in perform_authentication
    request.user
  File "C:\Users\donan\Desktop\ProjetBoutique\env_boutique\Lib\site-packages\rest_framework\request.py", line 232, in user
    self._authenticate()
    ~~~~~~~~~~~~~~~~~~^^
  File "C:\Users\donan\Desktop\ProjetBoutique\env_boutique\Lib\site-packages\rest_framework\request.py", line 385, in _authenticate
    user_auth_tuple = authenticator.authenticate(self)
  File "C:\Users\donan\Desktop\ProjetBoutique\env_boutique\Lib\site-packages\rest_framework_simplejwt\authentication.py", line 51, in authenticate
    return self.get_user(validated_token), validated_token
           ~~~~~~~~~~~~~^^^^^^^^^^^^^^^^^
  File "C:\Users\donan\Desktop\ProjetBoutique\env_boutique\Lib\site-packages\rest_framework_simplejwt\authentication.py", line 132, in get_user
    user = self.user_model.objects.get(**{api_settings.USER_ID_FIELD: user_id})
  File "C:\Users\donan\Desktop\ProjetBoutique\env_boutique\Lib\site-packages\django\db\models\manager.py", line 87, in manager_method
    return getattr(self.get_queryset(), name)(*args, **kwargs)
           ~~~~~~~~~~~~~~~~~~~~~~~~~~~~~~~~~~^^^^^^^^^^^^^^^^^
  File "C:\Users\donan\Desktop\ProjetBoutique\env_boutique\Lib\site-packages\django\db\models\query.py", line 629, in get
    num = len(clone)
  File "C:\Users\donan\Desktop\ProjetBoutique\env_boutique\Lib\site-packages\django\db\models\query.py", line 366, in __len__
    self._fetch_all()
    ~~~~~~~~~~~~~~~^^
  File "C:\Users\donan\Desktop\ProjetBoutique\env_boutique\Lib\site-packages\django\db\models\query.py", line 1949, in _fetch_all
    self._result_cache = list(self._iterable_class(self))
                         ~~~~^^^^^^^^^^^^^^^^^^^^^^^^^^^^
  File "C:\Users\donan\Desktop\ProjetBoutique\env_boutique\Lib\site-packages\django\db\models\query.py", line 91, in __iter__
    results = compiler.execute_sql(
        chunked_fetch=self.chunked_fetch, chunk_size=self.chunk_size
    )
  File "C:\Users\donan\Desktop\ProjetBoutique\env_boutique\Lib\site-packages\django\db\models\sql\compiler.py", line 1621, in execute_sql
    cursor = self.connection.cursor()
  File "C:\Users\donan\Desktop\ProjetBoutique\env_boutique\Lib\site-packages\django\utils\asyncio.py", line 26, in inner
    return func(*args, **kwargs)
  File "C:\Users\donan\Desktop\ProjetBoutique\env_boutique\Lib\site-packages\django\db\backends\base\base.py", line 320, in cursor
    return self._cursor()
           ~~~~~~~~~~~~^^
  File "C:\Users\donan\Desktop\ProjetBoutique\env_boutique\Lib\site-packages\django\db\backends\base\base.py", line 296, in _cursor
    self.ensure_connection()
    ~~~~~~~~~~~~~~~~~~~~~~^^
  File "C:\Users\donan\Desktop\ProjetBoutique\env_boutique\Lib\site-packages\django\utils\asyncio.py", line 26, in inner
    return func(*args, **kwargs)
  File "C:\Users\donan\Desktop\ProjetBoutique\env_boutique\Lib\site-packages\django\db\backends\base\base.py", line 278, in ensure_connection
    with self.wrap_database_errors:
         ^^^^^^^^^^^^^^^^^^^^^^^^^
  File "C:\Users\donan\Desktop\ProjetBoutique\env_boutique\Lib\site-packages\django\db\utils.py", line 91, in __exit__
    raise dj_exc_value.with_traceback(traceback) from exc_value
  File "C:\Users\donan\Desktop\ProjetBoutique\env_boutique\Lib\site-packages\django\db\backends\base\base.py", line 279, in ensure_connection
    self.connect()
    ~~~~~~~~~~~~^^
  File "C:\Users\donan\Desktop\ProjetBoutique\env_boutique\Lib\site-packages\django\utils\asyncio.py", line 26, in inner
    return func(*args, **kwargs)
  File "C:\Users\donan\Desktop\ProjetBoutique\env_boutique\Lib\site-packages\django\db\backends\base\base.py", line 256, in connect
    self.connection = self.get_new_connection(conn_params)
                      ~~~~~~~~~~~~~~~~~~~~~~~^^^^^^^^^^^^^
  File "C:\Users\donan\Desktop\ProjetBoutique\env_boutique\Lib\site-packages\django\utils\asyncio.py", line 26, in inner
    return func(*args, **kwargs)
  File "C:\Users\donan\Desktop\ProjetBoutique\env_boutique\Lib\site-packages\django\db\backends\postgresql\base.py", line 332, in get_new_connection
    connection = self.Database.connect(**conn_params)
  File "C:\Users\donan\Desktop\ProjetBoutique\env_boutique\Lib\site-packages\psycopg2\__init__.py", line 135, in connect
    conn = _connect(dsn, connection_factory=connection_factory, **kwasync)
django.db.utils.OperationalError: connection to server at "aws-1-eu-west-1.pooler.supabase.com" (54.247.26.119), port 5432 failed: FATAL:  MaxClientsInSessionMode: max clients reached - in Session mode max clients are limited to pool_size

ERROR 2026-02-05 11:12:17,232 basehttp "GET /api/stores/?page_size=1 HTTP/1.1" 500 238777
ERROR 2026-02-05 11:12:40,092 log Internal Server Error: /api/stocks/stats/
Traceback (most recent call last):
  File "C:\Users\donan\Desktop\ProjetBoutique\env_boutique\Lib\site-packages\django\db\backends\base\base.py", line 279, in ensure_connection
    self.connect()
    ~~~~~~~~~~~~^^
  File "C:\Users\donan\Desktop\ProjetBoutique\env_boutique\Lib\site-packages\django\utils\asyncio.py", line 26, in inner
    return func(*args, **kwargs)
  File "C:\Users\donan\Desktop\ProjetBoutique\env_boutique\Lib\site-packages\django\db\backends\base\base.py", line 256, in connect
    self.connection = self.get_new_connection(conn_params)
                      ~~~~~~~~~~~~~~~~~~~~~~~^^^^^^^^^^^^^
  File "C:\Users\donan\Desktop\ProjetBoutique\env_boutique\Lib\site-packages\django\utils\asyncio.py", line 26, in inner
    return func(*args, **kwargs)
  File "C:\Users\donan\Desktop\ProjetBoutique\env_boutique\Lib\site-packages\django\db\backends\postgresql\base.py", line 332, in get_new_connection
    connection = self.Database.connect(**conn_params)
  File "C:\Users\donan\Desktop\ProjetBoutique\env_boutique\Lib\site-packages\psycopg2\__init__.py", line 135, in connect
    conn = _connect(dsn, connection_factory=connection_factory, **kwasync)
psycopg2.OperationalError: connection to server at "aws-1-eu-west-1.pooler.supabase.com" (18.202.64.2), port 5432 failed: FATAL:  MaxClientsInSessionMode: max clients reached - in Session mode max clients are limited to pool_size
connection to server at "aws-1-eu-west-1.pooler.supabase.com" (18.202.64.2), port 5432 failed: FATAL:  MaxClientsInSessionMode: max clients reached - in Session mode max clients are limited to pool_size


The above exception was the direct cause of the following exception:

Traceback (most recent call last):
  File "C:\Users\donan\Desktop\ProjetBoutique\env_boutique\Lib\site-packages\django\core\handlers\exception.py", line 55, in inner
    response = get_response(request)
  File "C:\Users\donan\Desktop\ProjetBoutique\env_boutique\Lib\site-packages\django\core\handlers\base.py", line 197, in _get_response
    response = wrapped_callback(request, *callback_args, **callback_kwargs)
  File "C:\Users\donan\Desktop\ProjetBoutique\env_boutique\Lib\site-packages\django\views\decorators\csrf.py", line 65, in _view_wrapper
    return view_func(request, *args, **kwargs)
  File "C:\Users\donan\Desktop\ProjetBoutique\env_boutique\Lib\site-packages\rest_framework\viewsets.py", line 125, in view
    return self.dispatch(request, *args, **kwargs)
           ~~~~~~~~~~~~~^^^^^^^^^^^^^^^^^^^^^^^^^^
  File "C:\Users\donan\Desktop\ProjetBoutique\env_boutique\Lib\site-packages\rest_framework\views.py", line 515, in dispatch
    response = self.handle_exception(exc)
  File "C:\Users\donan\Desktop\ProjetBoutique\env_boutique\Lib\site-packages\rest_framework\views.py", line 475, in handle_exception
    self.raise_uncaught_exception(exc)
    ~~~~~~~~~~~~~~~~~~~~~~~~~~~~~^^^^^
  File "C:\Users\donan\Desktop\ProjetBoutique\env_boutique\Lib\site-packages\rest_framework\views.py", line 486, in raise_uncaught_exception
    raise exc
  File "C:\Users\donan\Desktop\ProjetBoutique\env_boutique\Lib\site-packages\rest_framework\views.py", line 503, in dispatch
    self.initial(request, *args, **kwargs)
    ~~~~~~~~~~~~^^^^^^^^^^^^^^^^^^^^^^^^^^
  File "C:\Users\donan\Desktop\ProjetBoutique\env_boutique\Lib\site-packages\rest_framework\views.py", line 420, in initial
    self.perform_authentication(request)
    ~~~~~~~~~~~~~~~~~~~~~~~~~~~^^^^^^^^^
  File "C:\Users\donan\Desktop\ProjetBoutique\env_boutique\Lib\site-packages\rest_framework\views.py", line 330, in perform_authentication
    request.user
  File "C:\Users\donan\Desktop\ProjetBoutique\env_boutique\Lib\site-packages\rest_framework\request.py", line 232, in user
    self._authenticate()
    ~~~~~~~~~~~~~~~~~~^^
  File "C:\Users\donan\Desktop\ProjetBoutique\env_boutique\Lib\site-packages\rest_framework\request.py", line 385, in _authenticate
    user_auth_tuple = authenticator.authenticate(self)
  File "C:\Users\donan\Desktop\ProjetBoutique\env_boutique\Lib\site-packages\rest_framework_simplejwt\authentication.py", line 51, in authenticate
    return self.get_user(validated_token), validated_token
           ~~~~~~~~~~~~~^^^^^^^^^^^^^^^^^
  File "C:\Users\donan\Desktop\ProjetBoutique\env_boutique\Lib\site-packages\rest_framework_simplejwt\authentication.py", line 132, in get_user
    user = self.user_model.objects.get(**{api_settings.USER_ID_FIELD: user_id})
  File "C:\Users\donan\Desktop\ProjetBoutique\env_boutique\Lib\site-packages\django\db\models\manager.py", line 87, in manager_method
    return getattr(self.get_queryset(), name)(*args, **kwargs)
           ~~~~~~~~~~~~~~~~~~~~~~~~~~~~~~~~~~^^^^^^^^^^^^^^^^^
  File "C:\Users\donan\Desktop\ProjetBoutique\env_boutique\Lib\site-packages\django\db\models\query.py", line 629, in get
    num = len(clone)
  File "C:\Users\donan\Desktop\ProjetBoutique\env_boutique\Lib\site-packages\django\db\models\query.py", line 366, in __len__
    self._fetch_all()
    ~~~~~~~~~~~~~~~^^
  File "C:\Users\donan\Desktop\ProjetBoutique\env_boutique\Lib\site-packages\django\db\models\query.py", line 1949, in _fetch_all
    self._result_cache = list(self._iterable_class(self))
                         ~~~~^^^^^^^^^^^^^^^^^^^^^^^^^^^^
  File "C:\Users\donan\Desktop\ProjetBoutique\env_boutique\Lib\site-packages\django\db\models\query.py", line 91, in __iter__
    results = compiler.execute_sql(
        chunked_fetch=self.chunked_fetch, chunk_size=self.chunk_size
    )
  File "C:\Users\donan\Desktop\ProjetBoutique\env_boutique\Lib\site-packages\django\db\models\sql\compiler.py", line 1621, in execute_sql
    cursor = self.connection.cursor()
  File "C:\Users\donan\Desktop\ProjetBoutique\env_boutique\Lib\site-packages\django\utils\asyncio.py", line 26, in inner
    return func(*args, **kwargs)
  File "C:\Users\donan\Desktop\ProjetBoutique\env_boutique\Lib\site-packages\django\db\backends\base\base.py", line 320, in cursor
    return self._cursor()
           ~~~~~~~~~~~~^^
  File "C:\Users\donan\Desktop\ProjetBoutique\env_boutique\Lib\site-packages\django\db\backends\base\base.py", line 296, in _cursor
    self.ensure_connection()
    ~~~~~~~~~~~~~~~~~~~~~~^^
  File "C:\Users\donan\Desktop\ProjetBoutique\env_boutique\Lib\site-packages\django\utils\asyncio.py", line 26, in inner
    return func(*args, **kwargs)
  File "C:\Users\donan\Desktop\ProjetBoutique\env_boutique\Lib\site-packages\django\db\backends\base\base.py", line 278, in ensure_connection
    with self.wrap_database_errors:
         ^^^^^^^^^^^^^^^^^^^^^^^^^
  File "C:\Users\donan\Desktop\ProjetBoutique\env_boutique\Lib\site-packages\django\db\utils.py", line 91, in __exit__
    raise dj_exc_value.with_traceback(traceback) from exc_value
  File "C:\Users\donan\Desktop\ProjetBoutique\env_boutique\Lib\site-packages\django\db\backends\base\base.py", line 279, in ensure_connection
    self.connect()
    ~~~~~~~~~~~~^^
  File "C:\Users\donan\Desktop\ProjetBoutique\env_boutique\Lib\site-packages\django\utils\asyncio.py", line 26, in inner
    return func(*args, **kwargs)
  File "C:\Users\donan\Desktop\ProjetBoutique\env_boutique\Lib\site-packages\django\db\backends\base\base.py", line 256, in connect
    self.connection = self.get_new_connection(conn_params)
                      ~~~~~~~~~~~~~~~~~~~~~~~^^^^^^^^^^^^^
  File "C:\Users\donan\Desktop\ProjetBoutique\env_boutique\Lib\site-packages\django\utils\asyncio.py", line 26, in inner
    return func(*args, **kwargs)
  File "C:\Users\donan\Desktop\ProjetBoutique\env_boutique\Lib\site-packages\django\db\backends\postgresql\base.py", line 332, in get_new_connection
    connection = self.Database.connect(**conn_params)
  File "C:\Users\donan\Desktop\ProjetBoutique\env_boutique\Lib\site-packages\psycopg2\__init__.py", line 135, in connect
    conn = _connect(dsn, connection_factory=connection_factory, **kwasync)
django.db.utils.OperationalError: connection to server at "aws-1-eu-west-1.pooler.supabase.com" (18.202.64.2), port 5432 failed: FATAL:  MaxClientsInSessionMode: max clients reached - in Session mode max clients are limited to pool_size
connection to server at "aws-1-eu-west-1.pooler.supabase.com" (18.202.64.2), port 5432 failed: FATAL:  MaxClientsInSessionMode: max clients reached - in Session mode max clients are limited to pool_size

ERROR 2026-02-05 11:12:40,097 basehttp "GET /api/stocks/stats/ HTTP/1.1" 500 241619
ERROR 2026-02-05 11:12:45,319 log Internal Server Error: /api/stocks/
Traceback (most recent call last):
  File "C:\Users\donan\Desktop\ProjetBoutique\env_boutique\Lib\site-packages\django\db\backends\base\base.py", line 279, in ensure_connection
    self.connect()
    ~~~~~~~~~~~~^^
  File "C:\Users\donan\Desktop\ProjetBoutique\env_boutique\Lib\site-packages\django\utils\asyncio.py", line 26, in inner
    return func(*args, **kwargs)
  File "C:\Users\donan\Desktop\ProjetBoutique\env_boutique\Lib\site-packages\django\db\backends\base\base.py", line 256, in connect
    self.connection = self.get_new_connection(conn_params)
                      ~~~~~~~~~~~~~~~~~~~~~~~^^^^^^^^^^^^^
  File "C:\Users\donan\Desktop\ProjetBoutique\env_boutique\Lib\site-packages\django\utils\asyncio.py", line 26, in inner
    return func(*args, **kwargs)
  File "C:\Users\donan\Desktop\ProjetBoutique\env_boutique\Lib\site-packages\django\db\backends\postgresql\base.py", line 332, in get_new_connection
    connection = self.Database.connect(**conn_params)
  File "C:\Users\donan\Desktop\ProjetBoutique\env_boutique\Lib\site-packages\psycopg2\__init__.py", line 135, in connect
    conn = _connect(dsn, connection_factory=connection_factory, **kwasync)
psycopg2.OperationalError: connection to server at "aws-1-eu-west-1.pooler.supabase.com" (18.202.64.2), port 5432 failed: FATAL:  MaxClientsInSessionMode: max clients reached - in Session mode max clients are limited to pool_size
connection to server at "aws-1-eu-west-1.pooler.supabase.com" (18.202.64.2), port 5432 failed: FATAL:  MaxClientsInSessionMode: max clients reached - in Session mode max clients are limited to pool_size


The above exception was the direct cause of the following exception:

Traceback (most recent call last):
  File "C:\Users\donan\Desktop\ProjetBoutique\env_boutique\Lib\site-packages\django\core\handlers\exception.py", line 55, in inner
    response = get_response(request)
  File "C:\Users\donan\Desktop\ProjetBoutique\env_boutique\Lib\site-packages\django\core\handlers\base.py", line 197, in _get_response
    response = wrapped_callback(request, *callback_args, **callback_kwargs)
  File "C:\Users\donan\Desktop\ProjetBoutique\env_boutique\Lib\site-packages\django\views\decorators\csrf.py", line 65, in _view_wrapper
    return view_func(request, *args, **kwargs)
  File "C:\Users\donan\Desktop\ProjetBoutique\env_boutique\Lib\site-packages\rest_framework\viewsets.py", line 125, in view
    return self.dispatch(request, *args, **kwargs)
           ~~~~~~~~~~~~~^^^^^^^^^^^^^^^^^^^^^^^^^^
  File "C:\Users\donan\Desktop\ProjetBoutique\env_boutique\Lib\site-packages\rest_framework\views.py", line 515, in dispatch
    response = self.handle_exception(exc)
  File "C:\Users\donan\Desktop\ProjetBoutique\env_boutique\Lib\site-packages\rest_framework\views.py", line 475, in handle_exception
    self.raise_uncaught_exception(exc)
    ~~~~~~~~~~~~~~~~~~~~~~~~~~~~~^^^^^
  File "C:\Users\donan\Desktop\ProjetBoutique\env_boutique\Lib\site-packages\rest_framework\views.py", line 486, in raise_uncaught_exception
    raise exc
  File "C:\Users\donan\Desktop\ProjetBoutique\env_boutique\Lib\site-packages\rest_framework\views.py", line 503, in dispatch
    self.initial(request, *args, **kwargs)
    ~~~~~~~~~~~~^^^^^^^^^^^^^^^^^^^^^^^^^^
  File "C:\Users\donan\Desktop\ProjetBoutique\env_boutique\Lib\site-packages\rest_framework\views.py", line 420, in initial
    self.perform_authentication(request)
    ~~~~~~~~~~~~~~~~~~~~~~~~~~~^^^^^^^^^
  File "C:\Users\donan\Desktop\ProjetBoutique\env_boutique\Lib\site-packages\rest_framework\views.py", line 330, in perform_authentication
    request.user
  File "C:\Users\donan\Desktop\ProjetBoutique\env_boutique\Lib\site-packages\rest_framework\request.py", line 232, in user
    self._authenticate()
    ~~~~~~~~~~~~~~~~~~^^
  File "C:\Users\donan\Desktop\ProjetBoutique\env_boutique\Lib\site-packages\rest_framework\request.py", line 385, in _authenticate
    user_auth_tuple = authenticator.authenticate(self)
  File "C:\Users\donan\Desktop\ProjetBoutique\env_boutique\Lib\site-packages\rest_framework_simplejwt\authentication.py", line 51, in authenticate
    return self.get_user(validated_token), validated_token
           ~~~~~~~~~~~~~^^^^^^^^^^^^^^^^^
  File "C:\Users\donan\Desktop\ProjetBoutique\env_boutique\Lib\site-packages\rest_framework_simplejwt\authentication.py", line 132, in get_user
    user = self.user_model.objects.get(**{api_settings.USER_ID_FIELD: user_id})
  File "C:\Users\donan\Desktop\ProjetBoutique\env_boutique\Lib\site-packages\django\db\models\manager.py", line 87, in manager_method
    return getattr(self.get_queryset(), name)(*args, **kwargs)
           ~~~~~~~~~~~~~~~~~~~~~~~~~~~~~~~~~~^^^^^^^^^^^^^^^^^
  File "C:\Users\donan\Desktop\ProjetBoutique\env_boutique\Lib\site-packages\django\db\models\query.py", line 629, in get
    num = len(clone)
  File "C:\Users\donan\Desktop\ProjetBoutique\env_boutique\Lib\site-packages\django\db\models\query.py", line 366, in __len__
    self._fetch_all()
    ~~~~~~~~~~~~~~~^^
  File "C:\Users\donan\Desktop\ProjetBoutique\env_boutique\Lib\site-packages\django\db\models\query.py", line 1949, in _fetch_all
    self._result_cache = list(self._iterable_class(self))
                         ~~~~^^^^^^^^^^^^^^^^^^^^^^^^^^^^
  File "C:\Users\donan\Desktop\ProjetBoutique\env_boutique\Lib\site-packages\django\db\models\query.py", line 91, in __iter__
    results = compiler.execute_sql(
        chunked_fetch=self.chunked_fetch, chunk_size=self.chunk_size
    )
  File "C:\Users\donan\Desktop\ProjetBoutique\env_boutique\Lib\site-packages\django\db\models\sql\compiler.py", line 1621, in execute_sql
    cursor = self.connection.cursor()
  File "C:\Users\donan\Desktop\ProjetBoutique\env_boutique\Lib\site-packages\django\utils\asyncio.py", line 26, in inner
    return func(*args, **kwargs)
  File "C:\Users\donan\Desktop\ProjetBoutique\env_boutique\Lib\site-packages\django\db\backends\base\base.py", line 320, in cursor
    return self._cursor()
           ~~~~~~~~~~~~^^
  File "C:\Users\donan\Desktop\ProjetBoutique\env_boutique\Lib\site-packages\django\db\backends\base\base.py", line 296, in _cursor
    self.ensure_connection()
    ~~~~~~~~~~~~~~~~~~~~~~^^
  File "C:\Users\donan\Desktop\ProjetBoutique\env_boutique\Lib\site-packages\django\utils\asyncio.py", line 26, in inner
    return func(*args, **kwargs)
  File "C:\Users\donan\Desktop\ProjetBoutique\env_boutique\Lib\site-packages\django\db\backends\base\base.py", line 278, in ensure_connection
    with self.wrap_database_errors:
         ^^^^^^^^^^^^^^^^^^^^^^^^^
  File "C:\Users\donan\Desktop\ProjetBoutique\env_boutique\Lib\site-packages\django\db\utils.py", line 91, in __exit__
    raise dj_exc_value.with_traceback(traceback) from exc_value
  File "C:\Users\donan\Desktop\ProjetBoutique\env_boutique\Lib\site-packages\django\db\backends\base\base.py", line 279, in ensure_connection
    self.connect()
    ~~~~~~~~~~~~^^
  File "C:\Users\donan\Desktop\ProjetBoutique\env_boutique\Lib\site-packages\django\utils\asyncio.py", line 26, in inner
    return func(*args, **kwargs)
  File "C:\Users\donan\Desktop\ProjetBoutique\env_boutique\Lib\site-packages\django\db\backends\base\base.py", line 256, in connect
    self.connection = self.get_new_connection(conn_params)
                      ~~~~~~~~~~~~~~~~~~~~~~~^^^^^^^^^^^^^
  File "C:\Users\donan\Desktop\ProjetBoutique\env_boutique\Lib\site-packages\django\utils\asyncio.py", line 26, in inner
    return func(*args, **kwargs)
  File "C:\Users\donan\Desktop\ProjetBoutique\env_boutique\Lib\site-packages\django\db\backends\postgresql\base.py", line 332, in get_new_connection
    connection = self.Database.connect(**conn_params)
  File "C:\Users\donan\Desktop\ProjetBoutique\env_boutique\Lib\site-packages\psycopg2\__init__.py", line 135, in connect
    conn = _connect(dsn, connection_factory=connection_factory, **kwasync)
django.db.utils.OperationalError: connection to server at "aws-1-eu-west-1.pooler.supabase.com" (18.202.64.2), port 5432 failed: FATAL:  MaxClientsInSessionMode: max clients reached - in Session mode max clients are limited to pool_size
connection to server at "aws-1-eu-west-1.pooler.supabase.com" (18.202.64.2), port 5432 failed: FATAL:  MaxClientsInSessionMode: max clients reached - in Session mode max clients are limited to pool_size

ERROR 2026-02-05 11:12:45,327 basehttp "GET /api/stocks/?params%5Bpage_size%5D=1000 HTTP/1.1" 500 242198
ERROR 2026-02-05 11:13:16,625 log Internal Server Error: /api/auth/login/
Traceback (most recent call last):
  File "C:\Users\donan\Desktop\ProjetBoutique\env_boutique\Lib\site-packages\django\db\backends\base\base.py", line 279, in ensure_connection
    self.connect()
    ~~~~~~~~~~~~^^
  File "C:\Users\donan\Desktop\ProjetBoutique\env_boutique\Lib\site-packages\django\utils\asyncio.py", line 26, in inner
    return func(*args, **kwargs)
  File "C:\Users\donan\Desktop\ProjetBoutique\env_boutique\Lib\site-packages\django\db\backends\base\base.py", line 256, in connect
    self.connection = self.get_new_connection(conn_params)
                      ~~~~~~~~~~~~~~~~~~~~~~~^^^^^^^^^^^^^
  File "C:\Users\donan\Desktop\ProjetBoutique\env_boutique\Lib\site-packages\django\utils\asyncio.py", line 26, in inner
    return func(*args, **kwargs)
  File "C:\Users\donan\Desktop\ProjetBoutique\env_boutique\Lib\site-packages\django\db\backends\postgresql\base.py", line 332, in get_new_connection
    connection = self.Database.connect(**conn_params)
  File "C:\Users\donan\Desktop\ProjetBoutique\env_boutique\Lib\site-packages\psycopg2\__init__.py", line 135, in connect
    conn = _connect(dsn, connection_factory=connection_factory, **kwasync)
psycopg2.OperationalError: connection to server at "aws-1-eu-west-1.pooler.supabase.com" (18.202.64.2), port 5432 failed: FATAL:  MaxClientsInSessionMode: max clients reached - in Session mode max clients are limited to pool_size
connection to server at "aws-1-eu-west-1.pooler.supabase.com" (18.202.64.2), port 5432 failed: FATAL:  MaxClientsInSessionMode: max clients reached - in Session mode max clients are limited to pool_size


The above exception was the direct cause of the following exception:

Traceback (most recent call last):
  File "C:\Users\donan\Desktop\ProjetBoutique\env_boutique\Lib\site-packages\django\core\handlers\exception.py", line 55, in inner
    response = get_response(request)
  File "C:\Users\donan\Desktop\ProjetBoutique\env_boutique\Lib\site-packages\django\core\handlers\base.py", line 197, in _get_response
    response = wrapped_callback(request, *callback_args, **callback_kwargs)
  File "C:\Users\donan\Desktop\ProjetBoutique\env_boutique\Lib\site-packages\django\views\decorators\csrf.py", line 65, in _view_wrapper
    return view_func(request, *args, **kwargs)
  File "C:\Users\donan\Desktop\ProjetBoutique\env_boutique\Lib\site-packages\django\views\generic\base.py", line 105, in view
    return self.dispatch(request, *args, **kwargs)
           ~~~~~~~~~~~~~^^^^^^^^^^^^^^^^^^^^^^^^^^
  File "C:\Users\donan\Desktop\ProjetBoutique\env_boutique\Lib\site-packages\rest_framework\views.py", line 515, in dispatch
    response = self.handle_exception(exc)
  File "C:\Users\donan\Desktop\ProjetBoutique\env_boutique\Lib\site-packages\rest_framework\views.py", line 475, in handle_exception
    self.raise_uncaught_exception(exc)
    ~~~~~~~~~~~~~~~~~~~~~~~~~~~~~^^^^^
  File "C:\Users\donan\Desktop\ProjetBoutique\env_boutique\Lib\site-packages\rest_framework\views.py", line 486, in raise_uncaught_exception
    raise exc
  File "C:\Users\donan\Desktop\ProjetBoutique\env_boutique\Lib\site-packages\rest_framework\views.py", line 503, in dispatch
    self.initial(request, *args, **kwargs)
    ~~~~~~~~~~~~^^^^^^^^^^^^^^^^^^^^^^^^^^
  File "C:\Users\donan\Desktop\ProjetBoutique\env_boutique\Lib\site-packages\rest_framework\views.py", line 420, in initial
    self.perform_authentication(request)
    ~~~~~~~~~~~~~~~~~~~~~~~~~~~^^^^^^^^^
  File "C:\Users\donan\Desktop\ProjetBoutique\env_boutique\Lib\site-packages\rest_framework\views.py", line 330, in perform_authentication
    request.user
  File "C:\Users\donan\Desktop\ProjetBoutique\env_boutique\Lib\site-packages\rest_framework\request.py", line 232, in user
    self._authenticate()
    ~~~~~~~~~~~~~~~~~~^^
  File "C:\Users\donan\Desktop\ProjetBoutique\env_boutique\Lib\site-packages\rest_framework\request.py", line 385, in _authenticate
    user_auth_tuple = authenticator.authenticate(self)
  File "C:\Users\donan\Desktop\ProjetBoutique\env_boutique\Lib\site-packages\rest_framework_simplejwt\authentication.py", line 51, in authenticate
    return self.get_user(validated_token), validated_token
           ~~~~~~~~~~~~~^^^^^^^^^^^^^^^^^
  File "C:\Users\donan\Desktop\ProjetBoutique\env_boutique\Lib\site-packages\rest_framework_simplejwt\authentication.py", line 132, in get_user
    user = self.user_model.objects.get(**{api_settings.USER_ID_FIELD: user_id})
  File "C:\Users\donan\Desktop\ProjetBoutique\env_boutique\Lib\site-packages\django\db\models\manager.py", line 87, in manager_method
    return getattr(self.get_queryset(), name)(*args, **kwargs)
           ~~~~~~~~~~~~~~~~~~~~~~~~~~~~~~~~~~^^^^^^^^^^^^^^^^^
  File "C:\Users\donan\Desktop\ProjetBoutique\env_boutique\Lib\site-packages\django\db\models\query.py", line 629, in get
    num = len(clone)
  File "C:\Users\donan\Desktop\ProjetBoutique\env_boutique\Lib\site-packages\django\db\models\query.py", line 366, in __len__
    self._fetch_all()
    ~~~~~~~~~~~~~~~^^
  File "C:\Users\donan\Desktop\ProjetBoutique\env_boutique\Lib\site-packages\django\db\models\query.py", line 1949, in _fetch_all
    self._result_cache = list(self._iterable_class(self))
                         ~~~~^^^^^^^^^^^^^^^^^^^^^^^^^^^^
  File "C:\Users\donan\Desktop\ProjetBoutique\env_boutique\Lib\site-packages\django\db\models\query.py", line 91, in __iter__
    results = compiler.execute_sql(
        chunked_fetch=self.chunked_fetch, chunk_size=self.chunk_size
    )
  File "C:\Users\donan\Desktop\ProjetBoutique\env_boutique\Lib\site-packages\django\db\models\sql\compiler.py", line 1621, in execute_sql
    cursor = self.connection.cursor()
  File "C:\Users\donan\Desktop\ProjetBoutique\env_boutique\Lib\site-packages\django\utils\asyncio.py", line 26, in inner
    return func(*args, **kwargs)
  File "C:\Users\donan\Desktop\ProjetBoutique\env_boutique\Lib\site-packages\django\db\backends\base\base.py", line 320, in cursor
    return self._cursor()
           ~~~~~~~~~~~~^^
  File "C:\Users\donan\Desktop\ProjetBoutique\env_boutique\Lib\site-packages\django\db\backends\base\base.py", line 296, in _cursor
    self.ensure_connection()
    ~~~~~~~~~~~~~~~~~~~~~~^^
  File "C:\Users\donan\Desktop\ProjetBoutique\env_boutique\Lib\site-packages\django\utils\asyncio.py", line 26, in inner
    return func(*args, **kwargs)
  File "C:\Users\donan\Desktop\ProjetBoutique\env_boutique\Lib\site-packages\django\db\backends\base\base.py", line 278, in ensure_connection
    with self.wrap_database_errors:
         ^^^^^^^^^^^^^^^^^^^^^^^^^
  File "C:\Users\donan\Desktop\ProjetBoutique\env_boutique\Lib\site-packages\django\db\utils.py", line 91, in __exit__
    raise dj_exc_value.with_traceback(traceback) from exc_value
  File "C:\Users\donan\Desktop\ProjetBoutique\env_boutique\Lib\site-packages\django\db\backends\base\base.py", line 279, in ensure_connection
    self.connect()
    ~~~~~~~~~~~~^^
  File "C:\Users\donan\Desktop\ProjetBoutique\env_boutique\Lib\site-packages\django\utils\asyncio.py", line 26, in inner
    return func(*args, **kwargs)
  File "C:\Users\donan\Desktop\ProjetBoutique\env_boutique\Lib\site-packages\django\db\backends\base\base.py", line 256, in connect
    self.connection = self.get_new_connection(conn_params)
                      ~~~~~~~~~~~~~~~~~~~~~~~^^^^^^^^^^^^^
  File "C:\Users\donan\Desktop\ProjetBoutique\env_boutique\Lib\site-packages\django\utils\asyncio.py", line 26, in inner
    return func(*args, **kwargs)
  File "C:\Users\donan\Desktop\ProjetBoutique\env_boutique\Lib\site-packages\django\db\backends\postgresql\base.py", line 332, in get_new_connection
    connection = self.Database.connect(**conn_params)
  File "C:\Users\donan\Desktop\ProjetBoutique\env_boutique\Lib\site-packages\psycopg2\__init__.py", line 135, in connect
    conn = _connect(dsn, connection_factory=connection_factory, **kwasync)
django.db.utils.OperationalError: connection to server at "aws-1-eu-west-1.pooler.supabase.com" (18.202.64.2), port 5432 failed: FATAL:  MaxClientsInSessionMode: max clients reached - in Session mode max clients are limited to pool_size
connection to server at "aws-1-eu-west-1.pooler.supabase.com" (18.202.64.2), port 5432 failed: FATAL:  MaxClientsInSessionMode: max clients reached - in Session mode max clients are limited to pool_size

ERROR 2026-02-05 11:13:16,631 basehttp "POST /api/auth/login/ HTTP/1.1" 500 240836
ERROR 2026-02-05 11:13:55,584 log Internal Server Error: /api/auth/login/
Traceback (most recent call last):
  File "C:\Users\donan\Desktop\ProjetBoutique\env_boutique\Lib\site-packages\django\db\backends\base\base.py", line 279, in ensure_connection
    self.connect()
    ~~~~~~~~~~~~^^
  File "C:\Users\donan\Desktop\ProjetBoutique\env_boutique\Lib\site-packages\django\utils\asyncio.py", line 26, in inner
    return func(*args, **kwargs)
  File "C:\Users\donan\Desktop\ProjetBoutique\env_boutique\Lib\site-packages\django\db\backends\base\base.py", line 256, in connect
    self.connection = self.get_new_connection(conn_params)
                      ~~~~~~~~~~~~~~~~~~~~~~~^^^^^^^^^^^^^
  File "C:\Users\donan\Desktop\ProjetBoutique\env_boutique\Lib\site-packages\django\utils\asyncio.py", line 26, in inner
    return func(*args, **kwargs)
  File "C:\Users\donan\Desktop\ProjetBoutique\env_boutique\Lib\site-packages\django\db\backends\postgresql\base.py", line 332, in get_new_connection
    connection = self.Database.connect(**conn_params)
  File "C:\Users\donan\Desktop\ProjetBoutique\env_boutique\Lib\site-packages\psycopg2\__init__.py", line 135, in connect
    conn = _connect(dsn, connection_factory=connection_factory, **kwasync)
psycopg2.OperationalError: connection to server at "aws-1-eu-west-1.pooler.supabase.com" (54.247.26.119), port 5432 failed: FATAL:  MaxClientsInSessionMode: max clients reached - in Session mode max clients are limited to pool_size


The above exception was the direct cause of the following exception:

Traceback (most recent call last):
  File "C:\Users\donan\Desktop\ProjetBoutique\env_boutique\Lib\site-packages\django\core\handlers\exception.py", line 55, in inner
    response = get_response(request)
  File "C:\Users\donan\Desktop\ProjetBoutique\env_boutique\Lib\site-packages\django\core\handlers\base.py", line 197, in _get_response
    response = wrapped_callback(request, *callback_args, **callback_kwargs)
  File "C:\Users\donan\Desktop\ProjetBoutique\env_boutique\Lib\site-packages\django\views\decorators\csrf.py", line 65, in _view_wrapper
    return view_func(request, *args, **kwargs)
  File "C:\Users\donan\Desktop\ProjetBoutique\env_boutique\Lib\site-packages\django\views\generic\base.py", line 105, in view
    return self.dispatch(request, *args, **kwargs)
           ~~~~~~~~~~~~~^^^^^^^^^^^^^^^^^^^^^^^^^^
  File "C:\Users\donan\Desktop\ProjetBoutique\env_boutique\Lib\site-packages\rest_framework\views.py", line 515, in dispatch
    response = self.handle_exception(exc)
  File "C:\Users\donan\Desktop\ProjetBoutique\env_boutique\Lib\site-packages\rest_framework\views.py", line 475, in handle_exception
    self.raise_uncaught_exception(exc)
    ~~~~~~~~~~~~~~~~~~~~~~~~~~~~~^^^^^
  File "C:\Users\donan\Desktop\ProjetBoutique\env_boutique\Lib\site-packages\rest_framework\views.py", line 486, in raise_uncaught_exception
    raise exc
  File "C:\Users\donan\Desktop\ProjetBoutique\env_boutique\Lib\site-packages\rest_framework\views.py", line 512, in dispatch
    response = handler(request, *args, **kwargs)
  File "C:\Users\donan\Desktop\POS-PROJECT\ADMIN WEB\api_boutique_core\views.py", line 55, in post
    if not serializer.is_valid():
           ~~~~~~~~~~~~~~~~~~~^^
  File "C:\Users\donan\Desktop\ProjetBoutique\env_boutique\Lib\site-packages\rest_framework\serializers.py", line 225, in is_valid
    self._validated_data = self.run_validation(self.initial_data)
                           ~~~~~~~~~~~~~~~~~~~^^^^^^^^^^^^^^^^^^^
  File "C:\Users\donan\Desktop\ProjetBoutique\env_boutique\Lib\site-packages\rest_framework\serializers.py", line 447, in run_validation
    value = self.validate(value)
  File "C:\Users\donan\Desktop\POS-PROJECT\ADMIN WEB\api_boutique_core\serializers.py", line 282, in validate
    user = authenticate(username=username_or_email, password=password)
  File "C:\Users\donan\Desktop\ProjetBoutique\env_boutique\Lib\site-packages\django\views\decorators\debug.py", line 75, in sensitive_variables_wrapper
    return func(*func_args, **func_kwargs)
  File "C:\Users\donan\Desktop\ProjetBoutique\env_boutique\Lib\site-packages\django\contrib\auth\__init__.py", line 114, in authenticate
    user = backend.authenticate(request, **credentials)
  File "C:\Users\donan\Desktop\ProjetBoutique\env_boutique\Lib\site-packages\django\contrib\auth\backends.py", line 65, in authenticate
    user = UserModel._default_manager.get_by_natural_key(username)
  File "C:\Users\donan\Desktop\ProjetBoutique\env_boutique\Lib\site-packages\django\contrib\auth\base_user.py", line 37, in get_by_natural_key
    return self.get(**{self.model.USERNAME_FIELD: username})
           ~~~~~~~~^^^^^^^^^^^^^^^^^^^^^^^^^^^^^^^^^^^^^^^^^
  File "C:\Users\donan\Desktop\ProjetBoutique\env_boutique\Lib\site-packages\django\db\models\manager.py", line 87, in manager_method
    return getattr(self.get_queryset(), name)(*args, **kwargs)
           ~~~~~~~~~~~~~~~~~~~~~~~~~~~~~~~~~~^^^^^^^^^^^^^^^^^
  File "C:\Users\donan\Desktop\ProjetBoutique\env_boutique\Lib\site-packages\django\db\models\query.py", line 629, in get
    num = len(clone)
  File "C:\Users\donan\Desktop\ProjetBoutique\env_boutique\Lib\site-packages\django\db\models\query.py", line 366, in __len__
    self._fetch_all()
    ~~~~~~~~~~~~~~~^^
  File "C:\Users\donan\Desktop\ProjetBoutique\env_boutique\Lib\site-packages\django\db\models\query.py", line 1949, in _fetch_all
    self._result_cache = list(self._iterable_class(self))
                         ~~~~^^^^^^^^^^^^^^^^^^^^^^^^^^^^
  File "C:\Users\donan\Desktop\ProjetBoutique\env_boutique\Lib\site-packages\django\db\models\query.py", line 91, in __iter__
    results = compiler.execute_sql(
        chunked_fetch=self.chunked_fetch, chunk_size=self.chunk_size
    )
  File "C:\Users\donan\Desktop\ProjetBoutique\env_boutique\Lib\site-packages\django\db\models\sql\compiler.py", line 1621, in execute_sql
    cursor = self.connection.cursor()
  File "C:\Users\donan\Desktop\ProjetBoutique\env_boutique\Lib\site-packages\django\utils\asyncio.py", line 26, in inner
    return func(*args, **kwargs)
  File "C:\Users\donan\Desktop\ProjetBoutique\env_boutique\Lib\site-packages\django\db\backends\base\base.py", line 320, in cursor
    return self._cursor()
           ~~~~~~~~~~~~^^
  File "C:\Users\donan\Desktop\ProjetBoutique\env_boutique\Lib\site-packages\django\db\backends\base\base.py", line 296, in _cursor
    self.ensure_connection()
    ~~~~~~~~~~~~~~~~~~~~~~^^
  File "C:\Users\donan\Desktop\ProjetBoutique\env_boutique\Lib\site-packages\django\utils\asyncio.py", line 26, in inner
    return func(*args, **kwargs)
  File "C:\Users\donan\Desktop\ProjetBoutique\env_boutique\Lib\site-packages\django\db\backends\base\base.py", line 278, in ensure_connection
    with self.wrap_database_errors:
         ^^^^^^^^^^^^^^^^^^^^^^^^^
  File "C:\Users\donan\Desktop\ProjetBoutique\env_boutique\Lib\site-packages\django\db\utils.py", line 91, in __exit__
    raise dj_exc_value.with_traceback(traceback) from exc_value
  File "C:\Users\donan\Desktop\ProjetBoutique\env_boutique\Lib\site-packages\django\db\backends\base\base.py", line 279, in ensure_connection
    self.connect()
    ~~~~~~~~~~~~^^
  File "C:\Users\donan\Desktop\ProjetBoutique\env_boutique\Lib\site-packages\django\utils\asyncio.py", line 26, in inner
    return func(*args, **kwargs)
  File "C:\Users\donan\Desktop\ProjetBoutique\env_boutique\Lib\site-packages\django\db\backends\base\base.py", line 256, in connect
    self.connection = self.get_new_connection(conn_params)
                      ~~~~~~~~~~~~~~~~~~~~~~~^^^^^^^^^^^^^
  File "C:\Users\donan\Desktop\ProjetBoutique\env_boutique\Lib\site-packages\django\utils\asyncio.py", line 26, in inner
    return func(*args, **kwargs)
  File "C:\Users\donan\Desktop\ProjetBoutique\env_boutique\Lib\site-packages\django\db\backends\postgresql\base.py", line 332, in get_new_connection
    connection = self.Database.connect(**conn_params)
  File "C:\Users\donan\Desktop\ProjetBoutique\env_boutique\Lib\site-packages\psycopg2\__init__.py", line 135, in connect
    conn = _connect(dsn, connection_factory=connection_factory, **kwasync)
django.db.utils.OperationalError: connection to server at "aws-1-eu-west-1.pooler.supabase.com" (54.247.26.119), port 5432 failed: FATAL:  MaxClientsInSessionMode: max clients reached - in Session mode max clients are limited to pool_size

ERROR 2026-02-05 11:13:55,593 basehttp "POST /api/auth/login/ HTTP/1.1" 500 247112
>>>>>>> ef83f47918598aa4a434844f36e6dbf67e38b753
