ERROR 2026-02-11 15:10:48,231 log Internal Server Error: /api/stocks/
Traceback (most recent call last):
  File "C:\Users\donan\Desktop\POS-PROJECT\ADMIN WEB\env_boutique\Lib\site-packages\django\db\backends\base\base.py", line 279, in ensure_connection
    self.connect()
    ~~~~~~~~~~~~^^
  File "C:\Users\donan\Desktop\POS-PROJECT\ADMIN WEB\env_boutique\Lib\site-packages\django\utils\asyncio.py", line 26, in inner
    return func(*args, **kwargs)
  File "C:\Users\donan\Desktop\POS-PROJECT\ADMIN WEB\env_boutique\Lib\site-packages\django\db\backends\base\base.py", line 256, in connect
    self.connection = self.get_new_connection(conn_params)
                      ~~~~~~~~~~~~~~~~~~~~~~~^^^^^^^^^^^^^
  File "C:\Users\donan\Desktop\POS-PROJECT\ADMIN WEB\env_boutique\Lib\site-packages\django\utils\asyncio.py", line 26, in inner
    return func(*args, **kwargs)
  File "C:\Users\donan\Desktop\POS-PROJECT\ADMIN WEB\env_boutique\Lib\site-packages\django\db\backends\postgresql\base.py", line 332, in get_new_connection
    connection = self.Database.connect(**conn_params)
  File "C:\Users\donan\Desktop\POS-PROJECT\ADMIN WEB\env_boutique\Lib\site-packages\psycopg2\__init__.py", line 135, in connect
    conn = _connect(dsn, connection_factory=connection_factory, **kwasync)
psycopg2.OperationalError: connection to server at "aws-1-eu-west-1.pooler.supabase.com" (54.247.26.119), port 5432 failed: FATAL:  MaxClientsInSessionMode: max clients reached - in Session mode max clients are limited to pool_size


The above exception was the direct cause of the following exception:

Traceback (most recent call last):
  File "C:\Users\donan\Desktop\POS-PROJECT\ADMIN WEB\env_boutique\Lib\site-packages\django\core\handlers\exception.py", line 55, in inner
    response = get_response(request)
  File "C:\Users\donan\Desktop\POS-PROJECT\ADMIN WEB\env_boutique\Lib\site-packages\django\core\handlers\base.py", line 197, in _get_response
    response = wrapped_callback(request, *callback_args, **callback_kwargs)
  File "C:\Users\donan\Desktop\POS-PROJECT\ADMIN WEB\env_boutique\Lib\site-packages\django\views\decorators\csrf.py", line 65, in _view_wrapper
    return view_func(request, *args, **kwargs)
  File "C:\Users\donan\Desktop\POS-PROJECT\ADMIN WEB\env_boutique\Lib\site-packages\rest_framework\viewsets.py", line 125, in view
    return self.dispatch(request, *args, **kwargs)
           ~~~~~~~~~~~~~^^^^^^^^^^^^^^^^^^^^^^^^^^
  File "C:\Users\donan\Desktop\POS-PROJECT\ADMIN WEB\env_boutique\Lib\site-packages\rest_framework\views.py", line 515, in dispatch
    response = self.handle_exception(exc)
  File "C:\Users\donan\Desktop\POS-PROJECT\ADMIN WEB\env_boutique\Lib\site-packages\rest_framework\views.py", line 475, in handle_exception
    self.raise_uncaught_exception(exc)
    ~~~~~~~~~~~~~~~~~~~~~~~~~~~~~^^^^^
  File "C:\Users\donan\Desktop\POS-PROJECT\ADMIN WEB\env_boutique\Lib\site-packages\rest_framework\views.py", line 486, in raise_uncaught_exception
    raise exc
  File "C:\Users\donan\Desktop\POS-PROJECT\ADMIN WEB\env_boutique\Lib\site-packages\rest_framework\views.py", line 503, in dispatch
    self.initial(request, *args, **kwargs)
    ~~~~~~~~~~~~^^^^^^^^^^^^^^^^^^^^^^^^^^
  File "C:\Users\donan\Desktop\POS-PROJECT\ADMIN WEB\env_boutique\Lib\site-packages\rest_framework\views.py", line 420, in initial
    self.perform_authentication(request)
    ~~~~~~~~~~~~~~~~~~~~~~~~~~~^^^^^^^^^
  File "C:\Users\donan\Desktop\POS-PROJECT\ADMIN WEB\env_boutique\Lib\site-packages\rest_framework\views.py", line 330, in perform_authentication
    request.user
  File "C:\Users\donan\Desktop\POS-PROJECT\ADMIN WEB\env_boutique\Lib\site-packages\rest_framework\request.py", line 232, in user
    self._authenticate()
    ~~~~~~~~~~~~~~~~~~^^
  File "C:\Users\donan\Desktop\POS-PROJECT\ADMIN WEB\env_boutique\Lib\site-packages\rest_framework\request.py", line 385, in _authenticate
    user_auth_tuple = authenticator.authenticate(self)
  File "C:\Users\donan\Desktop\POS-PROJECT\ADMIN WEB\env_boutique\Lib\site-packages\rest_framework_simplejwt\authentication.py", line 51, in authenticate
    return self.get_user(validated_token), validated_token
           ~~~~~~~~~~~~~^^^^^^^^^^^^^^^^^
  File "C:\Users\donan\Desktop\POS-PROJECT\ADMIN WEB\env_boutique\Lib\site-packages\rest_framework_simplejwt\authentication.py", line 132, in get_user
    user = self.user_model.objects.get(**{api_settings.USER_ID_FIELD: user_id})
  File "C:\Users\donan\Desktop\POS-PROJECT\ADMIN WEB\env_boutique\Lib\site-packages\django\db\models\manager.py", line 87, in manager_method
    return getattr(self.get_queryset(), name)(*args, **kwargs)
           ~~~~~~~~~~~~~~~~~~~~~~~~~~~~~~~~~~^^^^^^^^^^^^^^^^^
  File "C:\Users\donan\Desktop\POS-PROJECT\ADMIN WEB\env_boutique\Lib\site-packages\django\db\models\query.py", line 629, in get
    num = len(clone)
  File "C:\Users\donan\Desktop\POS-PROJECT\ADMIN WEB\env_boutique\Lib\site-packages\django\db\models\query.py", line 366, in __len__
    self._fetch_all()
    ~~~~~~~~~~~~~~~^^
  File "C:\Users\donan\Desktop\POS-PROJECT\ADMIN WEB\env_boutique\Lib\site-packages\django\db\models\query.py", line 1949, in _fetch_all
    self._result_cache = list(self._iterable_class(self))
                         ~~~~^^^^^^^^^^^^^^^^^^^^^^^^^^^^
  File "C:\Users\donan\Desktop\POS-PROJECT\ADMIN WEB\env_boutique\Lib\site-packages\django\db\models\query.py", line 91, in __iter__
    results = compiler.execute_sql(
        chunked_fetch=self.chunked_fetch, chunk_size=self.chunk_size
    )
  File "C:\Users\donan\Desktop\POS-PROJECT\ADMIN WEB\env_boutique\Lib\site-packages\django\db\models\sql\compiler.py", line 1621, in execute_sql
    cursor = self.connection.cursor()
  File "C:\Users\donan\Desktop\POS-PROJECT\ADMIN WEB\env_boutique\Lib\site-packages\django\utils\asyncio.py", line 26, in inner
    return func(*args, **kwargs)
  File "C:\Users\donan\Desktop\POS-PROJECT\ADMIN WEB\env_boutique\Lib\site-packages\django\db\backends\base\base.py", line 320, in cursor
    return self._cursor()
           ~~~~~~~~~~~~^^
  File "C:\Users\donan\Desktop\POS-PROJECT\ADMIN WEB\env_boutique\Lib\site-packages\django\db\backends\base\base.py", line 296, in _cursor
    self.ensure_connection()
    ~~~~~~~~~~~~~~~~~~~~~~^^
  File "C:\Users\donan\Desktop\POS-PROJECT\ADMIN WEB\env_boutique\Lib\site-packages\django\utils\asyncio.py", line 26, in inner
    return func(*args, **kwargs)
  File "C:\Users\donan\Desktop\POS-PROJECT\ADMIN WEB\env_boutique\Lib\site-packages\django\db\backends\base\base.py", line 278, in ensure_connection
    with self.wrap_database_errors:
         ^^^^^^^^^^^^^^^^^^^^^^^^^
  File "C:\Users\donan\Desktop\POS-PROJECT\ADMIN WEB\env_boutique\Lib\site-packages\django\db\utils.py", line 91, in __exit__
    raise dj_exc_value.with_traceback(traceback) from exc_value
  File "C:\Users\donan\Desktop\POS-PROJECT\ADMIN WEB\env_boutique\Lib\site-packages\django\db\backends\base\base.py", line 279, in ensure_connection
    self.connect()
    ~~~~~~~~~~~~^^
  File "C:\Users\donan\Desktop\POS-PROJECT\ADMIN WEB\env_boutique\Lib\site-packages\django\utils\asyncio.py", line 26, in inner
    return func(*args, **kwargs)
  File "C:\Users\donan\Desktop\POS-PROJECT\ADMIN WEB\env_boutique\Lib\site-packages\django\db\backends\base\base.py", line 256, in connect
    self.connection = self.get_new_connection(conn_params)
                      ~~~~~~~~~~~~~~~~~~~~~~~^^^^^^^^^^^^^
  File "C:\Users\donan\Desktop\POS-PROJECT\ADMIN WEB\env_boutique\Lib\site-packages\django\utils\asyncio.py", line 26, in inner
    return func(*args, **kwargs)
  File "C:\Users\donan\Desktop\POS-PROJECT\ADMIN WEB\env_boutique\Lib\site-packages\django\db\backends\postgresql\base.py", line 332, in get_new_connection
    connection = self.Database.connect(**conn_params)
  File "C:\Users\donan\Desktop\POS-PROJECT\ADMIN WEB\env_boutique\Lib\site-packages\psycopg2\__init__.py", line 135, in connect
    conn = _connect(dsn, connection_factory=connection_factory, **kwasync)
django.db.utils.OperationalError: connection to server at "aws-1-eu-west-1.pooler.supabase.com" (54.247.26.119), port 5432 failed: FATAL:  MaxClientsInSessionMode: max clients reached - in Session mode max clients are limited to pool_size

ERROR 2026-02-11 15:10:48,232 log Internal Server Error: /api/stores/
Traceback (most recent call last):
  File "C:\Users\donan\Desktop\POS-PROJECT\ADMIN WEB\env_boutique\Lib\site-packages\django\db\backends\base\base.py", line 279, in ensure_connection
    self.connect()
    ~~~~~~~~~~~~^^
  File "C:\Users\donan\Desktop\POS-PROJECT\ADMIN WEB\env_boutique\Lib\site-packages\django\utils\asyncio.py", line 26, in inner
    return func(*args, **kwargs)
  File "C:\Users\donan\Desktop\POS-PROJECT\ADMIN WEB\env_boutique\Lib\site-packages\django\db\backends\base\base.py", line 256, in connect
    self.connection = self.get_new_connection(conn_params)
                      ~~~~~~~~~~~~~~~~~~~~~~~^^^^^^^^^^^^^
  File "C:\Users\donan\Desktop\POS-PROJECT\ADMIN WEB\env_boutique\Lib\site-packages\django\utils\asyncio.py", line 26, in inner
    return func(*args, **kwargs)
  File "C:\Users\donan\Desktop\POS-PROJECT\ADMIN WEB\env_boutique\Lib\site-packages\django\db\backends\postgresql\base.py", line 332, in get_new_connection
    connection = self.Database.connect(**conn_params)
  File "C:\Users\donan\Desktop\POS-PROJECT\ADMIN WEB\env_boutique\Lib\site-packages\psycopg2\__init__.py", line 135, in connect
    conn = _connect(dsn, connection_factory=connection_factory, **kwasync)
psycopg2.OperationalError: connection to server at "aws-1-eu-west-1.pooler.supabase.com" (54.247.26.119), port 5432 failed: FATAL:  MaxClientsInSessionMode: max clients reached - in Session mode max clients are limited to pool_size


The above exception was the direct cause of the following exception:

Traceback (most recent call last):
  File "C:\Users\donan\Desktop\POS-PROJECT\ADMIN WEB\env_boutique\Lib\site-packages\django\core\handlers\exception.py", line 55, in inner
    response = get_response(request)
  File "C:\Users\donan\Desktop\POS-PROJECT\ADMIN WEB\env_boutique\Lib\site-packages\django\core\handlers\base.py", line 197, in _get_response
    response = wrapped_callback(request, *callback_args, **callback_kwargs)
  File "C:\Users\donan\Desktop\POS-PROJECT\ADMIN WEB\env_boutique\Lib\site-packages\django\views\decorators\csrf.py", line 65, in _view_wrapper
    return view_func(request, *args, **kwargs)
  File "C:\Users\donan\Desktop\POS-PROJECT\ADMIN WEB\env_boutique\Lib\site-packages\rest_framework\viewsets.py", line 125, in view
    return self.dispatch(request, *args, **kwargs)
           ~~~~~~~~~~~~~^^^^^^^^^^^^^^^^^^^^^^^^^^
  File "C:\Users\donan\Desktop\POS-PROJECT\ADMIN WEB\env_boutique\Lib\site-packages\rest_framework\views.py", line 515, in dispatch
    response = self.handle_exception(exc)
  File "C:\Users\donan\Desktop\POS-PROJECT\ADMIN WEB\env_boutique\Lib\site-packages\rest_framework\views.py", line 475, in handle_exception
    self.raise_uncaught_exception(exc)
    ~~~~~~~~~~~~~~~~~~~~~~~~~~~~~^^^^^
  File "C:\Users\donan\Desktop\POS-PROJECT\ADMIN WEB\env_boutique\Lib\site-packages\rest_framework\views.py", line 486, in raise_uncaught_exception
    raise exc
  File "C:\Users\donan\Desktop\POS-PROJECT\ADMIN WEB\env_boutique\Lib\site-packages\rest_framework\views.py", line 503, in dispatch
    self.initial(request, *args, **kwargs)
    ~~~~~~~~~~~~^^^^^^^^^^^^^^^^^^^^^^^^^^
  File "C:\Users\donan\Desktop\POS-PROJECT\ADMIN WEB\env_boutique\Lib\site-packages\rest_framework\views.py", line 420, in initial
    self.perform_authentication(request)
    ~~~~~~~~~~~~~~~~~~~~~~~~~~~^^^^^^^^^
  File "C:\Users\donan\Desktop\POS-PROJECT\ADMIN WEB\env_boutique\Lib\site-packages\rest_framework\views.py", line 330, in perform_authentication
    request.user
  File "C:\Users\donan\Desktop\POS-PROJECT\ADMIN WEB\env_boutique\Lib\site-packages\rest_framework\request.py", line 232, in user
    self._authenticate()
    ~~~~~~~~~~~~~~~~~~^^
  File "C:\Users\donan\Desktop\POS-PROJECT\ADMIN WEB\env_boutique\Lib\site-packages\rest_framework\request.py", line 385, in _authenticate
    user_auth_tuple = authenticator.authenticate(self)
  File "C:\Users\donan\Desktop\POS-PROJECT\ADMIN WEB\env_boutique\Lib\site-packages\rest_framework_simplejwt\authentication.py", line 51, in authenticate
    return self.get_user(validated_token), validated_token
           ~~~~~~~~~~~~~^^^^^^^^^^^^^^^^^
  File "C:\Users\donan\Desktop\POS-PROJECT\ADMIN WEB\env_boutique\Lib\site-packages\rest_framework_simplejwt\authentication.py", line 132, in get_user
    user = self.user_model.objects.get(**{api_settings.USER_ID_FIELD: user_id})
  File "C:\Users\donan\Desktop\POS-PROJECT\ADMIN WEB\env_boutique\Lib\site-packages\django\db\models\manager.py", line 87, in manager_method
    return getattr(self.get_queryset(), name)(*args, **kwargs)
           ~~~~~~~~~~~~~~~~~~~~~~~~~~~~~~~~~~^^^^^^^^^^^^^^^^^
  File "C:\Users\donan\Desktop\POS-PROJECT\ADMIN WEB\env_boutique\Lib\site-packages\django\db\models\query.py", line 629, in get
    num = len(clone)
  File "C:\Users\donan\Desktop\POS-PROJECT\ADMIN WEB\env_boutique\Lib\site-packages\django\db\models\query.py", line 366, in __len__
    self._fetch_all()
    ~~~~~~~~~~~~~~~^^
  File "C:\Users\donan\Desktop\POS-PROJECT\ADMIN WEB\env_boutique\Lib\site-packages\django\db\models\query.py", line 1949, in _fetch_all
    self._result_cache = list(self._iterable_class(self))
                         ~~~~^^^^^^^^^^^^^^^^^^^^^^^^^^^^
  File "C:\Users\donan\Desktop\POS-PROJECT\ADMIN WEB\env_boutique\Lib\site-packages\django\db\models\query.py", line 91, in __iter__
    results = compiler.execute_sql(
        chunked_fetch=self.chunked_fetch, chunk_size=self.chunk_size
    )
  File "C:\Users\donan\Desktop\POS-PROJECT\ADMIN WEB\env_boutique\Lib\site-packages\django\db\models\sql\compiler.py", line 1621, in execute_sql
    cursor = self.connection.cursor()
  File "C:\Users\donan\Desktop\POS-PROJECT\ADMIN WEB\env_boutique\Lib\site-packages\django\utils\asyncio.py", line 26, in inner
    return func(*args, **kwargs)
  File "C:\Users\donan\Desktop\POS-PROJECT\ADMIN WEB\env_boutique\Lib\site-packages\django\db\backends\base\base.py", line 320, in cursor
    return self._cursor()
           ~~~~~~~~~~~~^^
  File "C:\Users\donan\Desktop\POS-PROJECT\ADMIN WEB\env_boutique\Lib\site-packages\django\db\backends\base\base.py", line 296, in _cursor
    self.ensure_connection()
    ~~~~~~~~~~~~~~~~~~~~~~^^
  File "C:\Users\donan\Desktop\POS-PROJECT\ADMIN WEB\env_boutique\Lib\site-packages\django\utils\asyncio.py", line 26, in inner
    return func(*args, **kwargs)
  File "C:\Users\donan\Desktop\POS-PROJECT\ADMIN WEB\env_boutique\Lib\site-packages\django\db\backends\base\base.py", line 278, in ensure_connection
    with self.wrap_database_errors:
         ^^^^^^^^^^^^^^^^^^^^^^^^^
  File "C:\Users\donan\Desktop\POS-PROJECT\ADMIN WEB\env_boutique\Lib\site-packages\django\db\utils.py", line 91, in __exit__
    raise dj_exc_value.with_traceback(traceback) from exc_value
  File "C:\Users\donan\Desktop\POS-PROJECT\ADMIN WEB\env_boutique\Lib\site-packages\django\db\backends\base\base.py", line 279, in ensure_connection
    self.connect()
    ~~~~~~~~~~~~^^
  File "C:\Users\donan\Desktop\POS-PROJECT\ADMIN WEB\env_boutique\Lib\site-packages\django\utils\asyncio.py", line 26, in inner
    return func(*args, **kwargs)
  File "C:\Users\donan\Desktop\POS-PROJECT\ADMIN WEB\env_boutique\Lib\site-packages\django\db\backends\base\base.py", line 256, in connect
    self.connection = self.get_new_connection(conn_params)
                      ~~~~~~~~~~~~~~~~~~~~~~~^^^^^^^^^^^^^
  File "C:\Users\donan\Desktop\POS-PROJECT\ADMIN WEB\env_boutique\Lib\site-packages\django\utils\asyncio.py", line 26, in inner
    return func(*args, **kwargs)
  File "C:\Users\donan\Desktop\POS-PROJECT\ADMIN WEB\env_boutique\Lib\site-packages\django\db\backends\postgresql\base.py", line 332, in get_new_connection
    connection = self.Database.connect(**conn_params)
  File "C:\Users\donan\Desktop\POS-PROJECT\ADMIN WEB\env_boutique\Lib\site-packages\psycopg2\__init__.py", line 135, in connect
    conn = _connect(dsn, connection_factory=connection_factory, **kwasync)
django.db.utils.OperationalError: connection to server at "aws-1-eu-west-1.pooler.supabase.com" (54.247.26.119), port 5432 failed: FATAL:  MaxClientsInSessionMode: max clients reached - in Session mode max clients are limited to pool_size

ERROR 2026-02-11 15:10:48,232 log Internal Server Error: /api/stocks/
Traceback (most recent call last):
  File "C:\Users\donan\Desktop\POS-PROJECT\ADMIN WEB\env_boutique\Lib\site-packages\django\db\backends\base\base.py", line 279, in ensure_connection
    self.connect()
    ~~~~~~~~~~~~^^
  File "C:\Users\donan\Desktop\POS-PROJECT\ADMIN WEB\env_boutique\Lib\site-packages\django\utils\asyncio.py", line 26, in inner
    return func(*args, **kwargs)
  File "C:\Users\donan\Desktop\POS-PROJECT\ADMIN WEB\env_boutique\Lib\site-packages\django\db\backends\base\base.py", line 256, in connect
    self.connection = self.get_new_connection(conn_params)
                      ~~~~~~~~~~~~~~~~~~~~~~~^^^^^^^^^^^^^
  File "C:\Users\donan\Desktop\POS-PROJECT\ADMIN WEB\env_boutique\Lib\site-packages\django\utils\asyncio.py", line 26, in inner
    return func(*args, **kwargs)
  File "C:\Users\donan\Desktop\POS-PROJECT\ADMIN WEB\env_boutique\Lib\site-packages\django\db\backends\postgresql\base.py", line 332, in get_new_connection
    connection = self.Database.connect(**conn_params)
  File "C:\Users\donan\Desktop\POS-PROJECT\ADMIN WEB\env_boutique\Lib\site-packages\psycopg2\__init__.py", line 135, in connect
    conn = _connect(dsn, connection_factory=connection_factory, **kwasync)
psycopg2.OperationalError: connection to server at "aws-1-eu-west-1.pooler.supabase.com" (54.247.26.119), port 5432 failed: FATAL:  MaxClientsInSessionMode: max clients reached - in Session mode max clients are limited to pool_size


The above exception was the direct cause of the following exception:

Traceback (most recent call last):
  File "C:\Users\donan\Desktop\POS-PROJECT\ADMIN WEB\env_boutique\Lib\site-packages\django\core\handlers\exception.py", line 55, in inner
    response = get_response(request)
  File "C:\Users\donan\Desktop\POS-PROJECT\ADMIN WEB\env_boutique\Lib\site-packages\django\core\handlers\base.py", line 197, in _get_response
    response = wrapped_callback(request, *callback_args, **callback_kwargs)
  File "C:\Users\donan\Desktop\POS-PROJECT\ADMIN WEB\env_boutique\Lib\site-packages\django\views\decorators\csrf.py", line 65, in _view_wrapper
    return view_func(request, *args, **kwargs)
  File "C:\Users\donan\Desktop\POS-PROJECT\ADMIN WEB\env_boutique\Lib\site-packages\rest_framework\viewsets.py", line 125, in view
    return self.dispatch(request, *args, **kwargs)
           ~~~~~~~~~~~~~^^^^^^^^^^^^^^^^^^^^^^^^^^
  File "C:\Users\donan\Desktop\POS-PROJECT\ADMIN WEB\env_boutique\Lib\site-packages\rest_framework\views.py", line 515, in dispatch
    response = self.handle_exception(exc)
  File "C:\Users\donan\Desktop\POS-PROJECT\ADMIN WEB\env_boutique\Lib\site-packages\rest_framework\views.py", line 475, in handle_exception
    self.raise_uncaught_exception(exc)
    ~~~~~~~~~~~~~~~~~~~~~~~~~~~~~^^^^^
  File "C:\Users\donan\Desktop\POS-PROJECT\ADMIN WEB\env_boutique\Lib\site-packages\rest_framework\views.py", line 486, in raise_uncaught_exception
    raise exc
  File "C:\Users\donan\Desktop\POS-PROJECT\ADMIN WEB\env_boutique\Lib\site-packages\rest_framework\views.py", line 503, in dispatch
    self.initial(request, *args, **kwargs)
    ~~~~~~~~~~~~^^^^^^^^^^^^^^^^^^^^^^^^^^
  File "C:\Users\donan\Desktop\POS-PROJECT\ADMIN WEB\env_boutique\Lib\site-packages\rest_framework\views.py", line 420, in initial
    self.perform_authentication(request)
    ~~~~~~~~~~~~~~~~~~~~~~~~~~~^^^^^^^^^
  File "C:\Users\donan\Desktop\POS-PROJECT\ADMIN WEB\env_boutique\Lib\site-packages\rest_framework\views.py", line 330, in perform_authentication
    request.user
  File "C:\Users\donan\Desktop\POS-PROJECT\ADMIN WEB\env_boutique\Lib\site-packages\rest_framework\request.py", line 232, in user
    self._authenticate()
    ~~~~~~~~~~~~~~~~~~^^
  File "C:\Users\donan\Desktop\POS-PROJECT\ADMIN WEB\env_boutique\Lib\site-packages\rest_framework\request.py", line 385, in _authenticate
    user_auth_tuple = authenticator.authenticate(self)
  File "C:\Users\donan\Desktop\POS-PROJECT\ADMIN WEB\env_boutique\Lib\site-packages\rest_framework_simplejwt\authentication.py", line 51, in authenticate
    return self.get_user(validated_token), validated_token
           ~~~~~~~~~~~~~^^^^^^^^^^^^^^^^^
  File "C:\Users\donan\Desktop\POS-PROJECT\ADMIN WEB\env_boutique\Lib\site-packages\rest_framework_simplejwt\authentication.py", line 132, in get_user
    user = self.user_model.objects.get(**{api_settings.USER_ID_FIELD: user_id})
  File "C:\Users\donan\Desktop\POS-PROJECT\ADMIN WEB\env_boutique\Lib\site-packages\django\db\models\manager.py", line 87, in manager_method
    return getattr(self.get_queryset(), name)(*args, **kwargs)
           ~~~~~~~~~~~~~~~~~~~~~~~~~~~~~~~~~~^^^^^^^^^^^^^^^^^
  File "C:\Users\donan\Desktop\POS-PROJECT\ADMIN WEB\env_boutique\Lib\site-packages\django\db\models\query.py", line 629, in get
    num = len(clone)
  File "C:\Users\donan\Desktop\POS-PROJECT\ADMIN WEB\env_boutique\Lib\site-packages\django\db\models\query.py", line 366, in __len__
    self._fetch_all()
    ~~~~~~~~~~~~~~~^^
  File "C:\Users\donan\Desktop\POS-PROJECT\ADMIN WEB\env_boutique\Lib\site-packages\django\db\models\query.py", line 1949, in _fetch_all
    self._result_cache = list(self._iterable_class(self))
                         ~~~~^^^^^^^^^^^^^^^^^^^^^^^^^^^^
  File "C:\Users\donan\Desktop\POS-PROJECT\ADMIN WEB\env_boutique\Lib\site-packages\django\db\models\query.py", line 91, in __iter__
    results = compiler.execute_sql(
        chunked_fetch=self.chunked_fetch, chunk_size=self.chunk_size
    )
  File "C:\Users\donan\Desktop\POS-PROJECT\ADMIN WEB\env_boutique\Lib\site-packages\django\db\models\sql\compiler.py", line 1621, in execute_sql
    cursor = self.connection.cursor()
  File "C:\Users\donan\Desktop\POS-PROJECT\ADMIN WEB\env_boutique\Lib\site-packages\django\utils\asyncio.py", line 26, in inner
    return func(*args, **kwargs)
  File "C:\Users\donan\Desktop\POS-PROJECT\ADMIN WEB\env_boutique\Lib\site-packages\django\db\backends\base\base.py", line 320, in cursor
    return self._cursor()
           ~~~~~~~~~~~~^^
  File "C:\Users\donan\Desktop\POS-PROJECT\ADMIN WEB\env_boutique\Lib\site-packages\django\db\backends\base\base.py", line 296, in _cursor
    self.ensure_connection()
    ~~~~~~~~~~~~~~~~~~~~~~^^
  File "C:\Users\donan\Desktop\POS-PROJECT\ADMIN WEB\env_boutique\Lib\site-packages\django\utils\asyncio.py", line 26, in inner
    return func(*args, **kwargs)
  File "C:\Users\donan\Desktop\POS-PROJECT\ADMIN WEB\env_boutique\Lib\site-packages\django\db\backends\base\base.py", line 278, in ensure_connection
    with self.wrap_database_errors:
         ^^^^^^^^^^^^^^^^^^^^^^^^^
  File "C:\Users\donan\Desktop\POS-PROJECT\ADMIN WEB\env_boutique\Lib\site-packages\django\db\utils.py", line 91, in __exit__
    raise dj_exc_value.with_traceback(traceback) from exc_value
  File "C:\Users\donan\Desktop\POS-PROJECT\ADMIN WEB\env_boutique\Lib\site-packages\django\db\backends\base\base.py", line 279, in ensure_connection
    self.connect()
    ~~~~~~~~~~~~^^
  File "C:\Users\donan\Desktop\POS-PROJECT\ADMIN WEB\env_boutique\Lib\site-packages\django\utils\asyncio.py", line 26, in inner
    return func(*args, **kwargs)
  File "C:\Users\donan\Desktop\POS-PROJECT\ADMIN WEB\env_boutique\Lib\site-packages\django\db\backends\base\base.py", line 256, in connect
    self.connection = self.get_new_connection(conn_params)
                      ~~~~~~~~~~~~~~~~~~~~~~~^^^^^^^^^^^^^
  File "C:\Users\donan\Desktop\POS-PROJECT\ADMIN WEB\env_boutique\Lib\site-packages\django\utils\asyncio.py", line 26, in inner
    return func(*args, **kwargs)
  File "C:\Users\donan\Desktop\POS-PROJECT\ADMIN WEB\env_boutique\Lib\site-packages\django\db\backends\postgresql\base.py", line 332, in get_new_connection
    connection = self.Database.connect(**conn_params)
  File "C:\Users\donan\Desktop\POS-PROJECT\ADMIN WEB\env_boutique\Lib\site-packages\psycopg2\__init__.py", line 135, in connect
    conn = _connect(dsn, connection_factory=connection_factory, **kwasync)
django.db.utils.OperationalError: connection to server at "aws-1-eu-west-1.pooler.supabase.com" (54.247.26.119), port 5432 failed: FATAL:  MaxClientsInSessionMode: max clients reached - in Session mode max clients are limited to pool_size

ERROR 2026-02-11 15:10:48,261 basehttp "GET /api/stocks/?params%5Bpage_size%5D=1000&params%5Bexpand%5D=product,store,warehouse HTTP/1.1" 500 244146
ERROR 2026-02-11 15:10:48,271 basehttp "GET /api/stores/?page_size=1000 HTTP/1.1" 500 243037
ERROR 2026-02-11 15:10:48,278 basehttp "GET /api/stocks/?params%5Bexpand%5D=product,store,warehouse&params%5Bpage_size%5D=20 HTTP/1.1" 500 244112
ERROR 2026-02-11 15:37:58,674 log Internal Server Error: /api/auth/login/
Traceback (most recent call last):
  File "C:\Users\donan\Desktop\POS-PROJECT\ADMIN WEB\env_boutique\Lib\site-packages\django\db\backends\base\base.py", line 279, in ensure_connection
    self.connect()
    ~~~~~~~~~~~~^^
  File "C:\Users\donan\Desktop\POS-PROJECT\ADMIN WEB\env_boutique\Lib\site-packages\django\utils\asyncio.py", line 26, in inner
    return func(*args, **kwargs)
  File "C:\Users\donan\Desktop\POS-PROJECT\ADMIN WEB\env_boutique\Lib\site-packages\django\db\backends\base\base.py", line 256, in connect
    self.connection = self.get_new_connection(conn_params)
                      ~~~~~~~~~~~~~~~~~~~~~~~^^^^^^^^^^^^^
  File "C:\Users\donan\Desktop\POS-PROJECT\ADMIN WEB\env_boutique\Lib\site-packages\django\utils\asyncio.py", line 26, in inner
    return func(*args, **kwargs)
  File "C:\Users\donan\Desktop\POS-PROJECT\ADMIN WEB\env_boutique\Lib\site-packages\django\db\backends\postgresql\base.py", line 332, in get_new_connection
    connection = self.Database.connect(**conn_params)
  File "C:\Users\donan\Desktop\POS-PROJECT\ADMIN WEB\env_boutique\Lib\site-packages\psycopg2\__init__.py", line 135, in connect
    conn = _connect(dsn, connection_factory=connection_factory, **kwasync)
psycopg2.OperationalError: could not translate host name "aws-1-eu-west-1.pooler.supabase.com" to address: Name or service not known


The above exception was the direct cause of the following exception:

Traceback (most recent call last):
  File "C:\Users\donan\Desktop\POS-PROJECT\ADMIN WEB\env_boutique\Lib\site-packages\django\core\handlers\exception.py", line 55, in inner
    response = get_response(request)
  File "C:\Users\donan\Desktop\POS-PROJECT\ADMIN WEB\env_boutique\Lib\site-packages\django\core\handlers\base.py", line 197, in _get_response
    response = wrapped_callback(request, *callback_args, **callback_kwargs)
  File "C:\Users\donan\Desktop\POS-PROJECT\ADMIN WEB\env_boutique\Lib\site-packages\django\views\decorators\csrf.py", line 65, in _view_wrapper
    return view_func(request, *args, **kwargs)
  File "C:\Users\donan\Desktop\POS-PROJECT\ADMIN WEB\env_boutique\Lib\site-packages\django\views\generic\base.py", line 105, in view
    return self.dispatch(request, *args, **kwargs)
           ~~~~~~~~~~~~~^^^^^^^^^^^^^^^^^^^^^^^^^^
  File "C:\Users\donan\Desktop\POS-PROJECT\ADMIN WEB\env_boutique\Lib\site-packages\rest_framework\views.py", line 515, in dispatch
    response = self.handle_exception(exc)
  File "C:\Users\donan\Desktop\POS-PROJECT\ADMIN WEB\env_boutique\Lib\site-packages\rest_framework\views.py", line 475, in handle_exception
    self.raise_uncaught_exception(exc)
    ~~~~~~~~~~~~~~~~~~~~~~~~~~~~~^^^^^
  File "C:\Users\donan\Desktop\POS-PROJECT\ADMIN WEB\env_boutique\Lib\site-packages\rest_framework\views.py", line 486, in raise_uncaught_exception
    raise exc
  File "C:\Users\donan\Desktop\POS-PROJECT\ADMIN WEB\env_boutique\Lib\site-packages\rest_framework\views.py", line 503, in dispatch
    self.initial(request, *args, **kwargs)
    ~~~~~~~~~~~~^^^^^^^^^^^^^^^^^^^^^^^^^^
  File "C:\Users\donan\Desktop\POS-PROJECT\ADMIN WEB\env_boutique\Lib\site-packages\rest_framework\views.py", line 420, in initial
    self.perform_authentication(request)
    ~~~~~~~~~~~~~~~~~~~~~~~~~~~^^^^^^^^^
  File "C:\Users\donan\Desktop\POS-PROJECT\ADMIN WEB\env_boutique\Lib\site-packages\rest_framework\views.py", line 330, in perform_authentication
    request.user
  File "C:\Users\donan\Desktop\POS-PROJECT\ADMIN WEB\env_boutique\Lib\site-packages\rest_framework\request.py", line 232, in user
    self._authenticate()
    ~~~~~~~~~~~~~~~~~~^^
  File "C:\Users\donan\Desktop\POS-PROJECT\ADMIN WEB\env_boutique\Lib\site-packages\rest_framework\request.py", line 385, in _authenticate
    user_auth_tuple = authenticator.authenticate(self)
  File "C:\Users\donan\Desktop\POS-PROJECT\ADMIN WEB\env_boutique\Lib\site-packages\rest_framework_simplejwt\authentication.py", line 51, in authenticate
    return self.get_user(validated_token), validated_token
           ~~~~~~~~~~~~~^^^^^^^^^^^^^^^^^
  File "C:\Users\donan\Desktop\POS-PROJECT\ADMIN WEB\env_boutique\Lib\site-packages\rest_framework_simplejwt\authentication.py", line 132, in get_user
    user = self.user_model.objects.get(**{api_settings.USER_ID_FIELD: user_id})
  File "C:\Users\donan\Desktop\POS-PROJECT\ADMIN WEB\env_boutique\Lib\site-packages\django\db\models\manager.py", line 87, in manager_method
    return getattr(self.get_queryset(), name)(*args, **kwargs)
           ~~~~~~~~~~~~~~~~~~~~~~~~~~~~~~~~~~^^^^^^^^^^^^^^^^^
  File "C:\Users\donan\Desktop\POS-PROJECT\ADMIN WEB\env_boutique\Lib\site-packages\django\db\models\query.py", line 629, in get
    num = len(clone)
  File "C:\Users\donan\Desktop\POS-PROJECT\ADMIN WEB\env_boutique\Lib\site-packages\django\db\models\query.py", line 366, in __len__
    self._fetch_all()
    ~~~~~~~~~~~~~~~^^
  File "C:\Users\donan\Desktop\POS-PROJECT\ADMIN WEB\env_boutique\Lib\site-packages\django\db\models\query.py", line 1949, in _fetch_all
    self._result_cache = list(self._iterable_class(self))
                         ~~~~^^^^^^^^^^^^^^^^^^^^^^^^^^^^
  File "C:\Users\donan\Desktop\POS-PROJECT\ADMIN WEB\env_boutique\Lib\site-packages\django\db\models\query.py", line 91, in __iter__
    results = compiler.execute_sql(
        chunked_fetch=self.chunked_fetch, chunk_size=self.chunk_size
    )
  File "C:\Users\donan\Desktop\POS-PROJECT\ADMIN WEB\env_boutique\Lib\site-packages\django\db\models\sql\compiler.py", line 1621, in execute_sql
    cursor = self.connection.cursor()
  File "C:\Users\donan\Desktop\POS-PROJECT\ADMIN WEB\env_boutique\Lib\site-packages\django\utils\asyncio.py", line 26, in inner
    return func(*args, **kwargs)
  File "C:\Users\donan\Desktop\POS-PROJECT\ADMIN WEB\env_boutique\Lib\site-packages\django\db\backends\base\base.py", line 320, in cursor
    return self._cursor()
           ~~~~~~~~~~~~^^
  File "C:\Users\donan\Desktop\POS-PROJECT\ADMIN WEB\env_boutique\Lib\site-packages\django\db\backends\base\base.py", line 296, in _cursor
    self.ensure_connection()
    ~~~~~~~~~~~~~~~~~~~~~~^^
  File "C:\Users\donan\Desktop\POS-PROJECT\ADMIN WEB\env_boutique\Lib\site-packages\django\utils\asyncio.py", line 26, in inner
    return func(*args, **kwargs)
  File "C:\Users\donan\Desktop\POS-PROJECT\ADMIN WEB\env_boutique\Lib\site-packages\django\db\backends\base\base.py", line 278, in ensure_connection
    with self.wrap_database_errors:
         ^^^^^^^^^^^^^^^^^^^^^^^^^
  File "C:\Users\donan\Desktop\POS-PROJECT\ADMIN WEB\env_boutique\Lib\site-packages\django\db\utils.py", line 91, in __exit__
    raise dj_exc_value.with_traceback(traceback) from exc_value
  File "C:\Users\donan\Desktop\POS-PROJECT\ADMIN WEB\env_boutique\Lib\site-packages\django\db\backends\base\base.py", line 279, in ensure_connection
    self.connect()
    ~~~~~~~~~~~~^^
  File "C:\Users\donan\Desktop\POS-PROJECT\ADMIN WEB\env_boutique\Lib\site-packages\django\utils\asyncio.py", line 26, in inner
    return func(*args, **kwargs)
  File "C:\Users\donan\Desktop\POS-PROJECT\ADMIN WEB\env_boutique\Lib\site-packages\django\db\backends\base\base.py", line 256, in connect
    self.connection = self.get_new_connection(conn_params)
                      ~~~~~~~~~~~~~~~~~~~~~~~^^^^^^^^^^^^^
  File "C:\Users\donan\Desktop\POS-PROJECT\ADMIN WEB\env_boutique\Lib\site-packages\django\utils\asyncio.py", line 26, in inner
    return func(*args, **kwargs)
  File "C:\Users\donan\Desktop\POS-PROJECT\ADMIN WEB\env_boutique\Lib\site-packages\django\db\backends\postgresql\base.py", line 332, in get_new_connection
    connection = self.Database.connect(**conn_params)
  File "C:\Users\donan\Desktop\POS-PROJECT\ADMIN WEB\env_boutique\Lib\site-packages\psycopg2\__init__.py", line 135, in connect
    conn = _connect(dsn, connection_factory=connection_factory, **kwasync)
django.db.utils.OperationalError: could not translate host name "aws-1-eu-west-1.pooler.supabase.com" to address: Name or service not known

ERROR 2026-02-11 15:38:16,477 log Internal Server Error: /api/auth/login/
Traceback (most recent call last):
  File "C:\Users\donan\Desktop\POS-PROJECT\ADMIN WEB\env_boutique\Lib\site-packages\django\db\backends\base\base.py", line 279, in ensure_connection
    self.connect()
    ~~~~~~~~~~~~^^
  File "C:\Users\donan\Desktop\POS-PROJECT\ADMIN WEB\env_boutique\Lib\site-packages\django\utils\asyncio.py", line 26, in inner
    return func(*args, **kwargs)
  File "C:\Users\donan\Desktop\POS-PROJECT\ADMIN WEB\env_boutique\Lib\site-packages\django\db\backends\base\base.py", line 256, in connect
    self.connection = self.get_new_connection(conn_params)
                      ~~~~~~~~~~~~~~~~~~~~~~~^^^^^^^^^^^^^
  File "C:\Users\donan\Desktop\POS-PROJECT\ADMIN WEB\env_boutique\Lib\site-packages\django\utils\asyncio.py", line 26, in inner
    return func(*args, **kwargs)
  File "C:\Users\donan\Desktop\POS-PROJECT\ADMIN WEB\env_boutique\Lib\site-packages\django\db\backends\postgresql\base.py", line 332, in get_new_connection
    connection = self.Database.connect(**conn_params)
  File "C:\Users\donan\Desktop\POS-PROJECT\ADMIN WEB\env_boutique\Lib\site-packages\psycopg2\__init__.py", line 135, in connect
    conn = _connect(dsn, connection_factory=connection_factory, **kwasync)
psycopg2.OperationalError: could not translate host name "aws-1-eu-west-1.pooler.supabase.com" to address: Name or service not known


The above exception was the direct cause of the following exception:

Traceback (most recent call last):
  File "C:\Users\donan\Desktop\POS-PROJECT\ADMIN WEB\env_boutique\Lib\site-packages\django\core\handlers\exception.py", line 55, in inner
    response = get_response(request)
  File "C:\Users\donan\Desktop\POS-PROJECT\ADMIN WEB\env_boutique\Lib\site-packages\django\core\handlers\base.py", line 197, in _get_response
    response = wrapped_callback(request, *callback_args, **callback_kwargs)
  File "C:\Users\donan\Desktop\POS-PROJECT\ADMIN WEB\env_boutique\Lib\site-packages\django\views\decorators\csrf.py", line 65, in _view_wrapper
    return view_func(request, *args, **kwargs)
  File "C:\Users\donan\Desktop\POS-PROJECT\ADMIN WEB\env_boutique\Lib\site-packages\django\views\generic\base.py", line 105, in view
    return self.dispatch(request, *args, **kwargs)
           ~~~~~~~~~~~~~^^^^^^^^^^^^^^^^^^^^^^^^^^
  File "C:\Users\donan\Desktop\POS-PROJECT\ADMIN WEB\env_boutique\Lib\site-packages\rest_framework\views.py", line 515, in dispatch
    response = self.handle_exception(exc)
  File "C:\Users\donan\Desktop\POS-PROJECT\ADMIN WEB\env_boutique\Lib\site-packages\rest_framework\views.py", line 475, in handle_exception
    self.raise_uncaught_exception(exc)
    ~~~~~~~~~~~~~~~~~~~~~~~~~~~~~^^^^^
  File "C:\Users\donan\Desktop\POS-PROJECT\ADMIN WEB\env_boutique\Lib\site-packages\rest_framework\views.py", line 486, in raise_uncaught_exception
    raise exc
  File "C:\Users\donan\Desktop\POS-PROJECT\ADMIN WEB\env_boutique\Lib\site-packages\rest_framework\views.py", line 512, in dispatch
    response = handler(request, *args, **kwargs)
  File "C:\Users\donan\Desktop\POS-PROJECT\ADMIN WEB\api_boutique_core\views.py", line 55, in post
    if not serializer.is_valid():
           ~~~~~~~~~~~~~~~~~~~^^
  File "C:\Users\donan\Desktop\POS-PROJECT\ADMIN WEB\env_boutique\Lib\site-packages\rest_framework\serializers.py", line 225, in is_valid
    self._validated_data = self.run_validation(self.initial_data)
                           ~~~~~~~~~~~~~~~~~~~^^^^^^^^^^^^^^^^^^^
  File "C:\Users\donan\Desktop\POS-PROJECT\ADMIN WEB\env_boutique\Lib\site-packages\rest_framework\serializers.py", line 447, in run_validation
    value = self.validate(value)
  File "C:\Users\donan\Desktop\POS-PROJECT\ADMIN WEB\api_boutique_core\serializers.py", line 276, in validate
    user = User.objects.get(email=username_or_email)
  File "C:\Users\donan\Desktop\POS-PROJECT\ADMIN WEB\env_boutique\Lib\site-packages\django\db\models\manager.py", line 87, in manager_method
    return getattr(self.get_queryset(), name)(*args, **kwargs)
           ~~~~~~~~~~~~~~~~~~~~~~~~~~~~~~~~~~^^^^^^^^^^^^^^^^^
  File "C:\Users\donan\Desktop\POS-PROJECT\ADMIN WEB\env_boutique\Lib\site-packages\django\db\models\query.py", line 629, in get
    num = len(clone)
  File "C:\Users\donan\Desktop\POS-PROJECT\ADMIN WEB\env_boutique\Lib\site-packages\django\db\models\query.py", line 366, in __len__
    self._fetch_all()
    ~~~~~~~~~~~~~~~^^
  File "C:\Users\donan\Desktop\POS-PROJECT\ADMIN WEB\env_boutique\Lib\site-packages\django\db\models\query.py", line 1949, in _fetch_all
    self._result_cache = list(self._iterable_class(self))
                         ~~~~^^^^^^^^^^^^^^^^^^^^^^^^^^^^
  File "C:\Users\donan\Desktop\POS-PROJECT\ADMIN WEB\env_boutique\Lib\site-packages\django\db\models\query.py", line 91, in __iter__
    results = compiler.execute_sql(
        chunked_fetch=self.chunked_fetch, chunk_size=self.chunk_size
    )
  File "C:\Users\donan\Desktop\POS-PROJECT\ADMIN WEB\env_boutique\Lib\site-packages\django\db\models\sql\compiler.py", line 1621, in execute_sql
    cursor = self.connection.cursor()
  File "C:\Users\donan\Desktop\POS-PROJECT\ADMIN WEB\env_boutique\Lib\site-packages\django\utils\asyncio.py", line 26, in inner
    return func(*args, **kwargs)
  File "C:\Users\donan\Desktop\POS-PROJECT\ADMIN WEB\env_boutique\Lib\site-packages\django\db\backends\base\base.py", line 320, in cursor
    return self._cursor()
           ~~~~~~~~~~~~^^
  File "C:\Users\donan\Desktop\POS-PROJECT\ADMIN WEB\env_boutique\Lib\site-packages\django\db\backends\base\base.py", line 296, in _cursor
    self.ensure_connection()
    ~~~~~~~~~~~~~~~~~~~~~~^^
  File "C:\Users\donan\Desktop\POS-PROJECT\ADMIN WEB\env_boutique\Lib\site-packages\django\utils\asyncio.py", line 26, in inner
    return func(*args, **kwargs)
  File "C:\Users\donan\Desktop\POS-PROJECT\ADMIN WEB\env_boutique\Lib\site-packages\django\db\backends\base\base.py", line 278, in ensure_connection
    with self.wrap_database_errors:
         ^^^^^^^^^^^^^^^^^^^^^^^^^
  File "C:\Users\donan\Desktop\POS-PROJECT\ADMIN WEB\env_boutique\Lib\site-packages\django\db\utils.py", line 91, in __exit__
    raise dj_exc_value.with_traceback(traceback) from exc_value
  File "C:\Users\donan\Desktop\POS-PROJECT\ADMIN WEB\env_boutique\Lib\site-packages\django\db\backends\base\base.py", line 279, in ensure_connection
    self.connect()
    ~~~~~~~~~~~~^^
  File "C:\Users\donan\Desktop\POS-PROJECT\ADMIN WEB\env_boutique\Lib\site-packages\django\utils\asyncio.py", line 26, in inner
    return func(*args, **kwargs)
  File "C:\Users\donan\Desktop\POS-PROJECT\ADMIN WEB\env_boutique\Lib\site-packages\django\db\backends\base\base.py", line 256, in connect
    self.connection = self.get_new_connection(conn_params)
                      ~~~~~~~~~~~~~~~~~~~~~~~^^^^^^^^^^^^^
  File "C:\Users\donan\Desktop\POS-PROJECT\ADMIN WEB\env_boutique\Lib\site-packages\django\utils\asyncio.py", line 26, in inner
    return func(*args, **kwargs)
  File "C:\Users\donan\Desktop\POS-PROJECT\ADMIN WEB\env_boutique\Lib\site-packages\django\db\backends\postgresql\base.py", line 332, in get_new_connection
    connection = self.Database.connect(**conn_params)
  File "C:\Users\donan\Desktop\POS-PROJECT\ADMIN WEB\env_boutique\Lib\site-packages\psycopg2\__init__.py", line 135, in connect
    conn = _connect(dsn, connection_factory=connection_factory, **kwasync)
django.db.utils.OperationalError: could not translate host name "aws-1-eu-west-1.pooler.supabase.com" to address: Name or service not known

ERROR 2026-02-11 15:38:16,490 basehttp "POST /api/auth/login/ HTTP/1.1" 500 232942
ERROR 2026-02-11 15:48:56,437 log Internal Server Error: /api/sales/
Traceback (most recent call last):
  File "C:\Users\donan\Desktop\POS-PROJECT\ADMIN WEB\env_boutique\Lib\site-packages\django\db\backends\base\base.py", line 279, in ensure_connection
    self.connect()
    ~~~~~~~~~~~~^^
  File "C:\Users\donan\Desktop\POS-PROJECT\ADMIN WEB\env_boutique\Lib\site-packages\django\utils\asyncio.py", line 26, in inner
    return func(*args, **kwargs)
  File "C:\Users\donan\Desktop\POS-PROJECT\ADMIN WEB\env_boutique\Lib\site-packages\django\db\backends\base\base.py", line 256, in connect
    self.connection = self.get_new_connection(conn_params)
                      ~~~~~~~~~~~~~~~~~~~~~~~^^^^^^^^^^^^^
  File "C:\Users\donan\Desktop\POS-PROJECT\ADMIN WEB\env_boutique\Lib\site-packages\django\utils\asyncio.py", line 26, in inner
    return func(*args, **kwargs)
  File "C:\Users\donan\Desktop\POS-PROJECT\ADMIN WEB\env_boutique\Lib\site-packages\django\db\backends\postgresql\base.py", line 332, in get_new_connection
    connection = self.Database.connect(**conn_params)
  File "C:\Users\donan\Desktop\POS-PROJECT\ADMIN WEB\env_boutique\Lib\site-packages\psycopg2\__init__.py", line 135, in connect
    conn = _connect(dsn, connection_factory=connection_factory, **kwasync)
psycopg2.OperationalError: connection to server at "aws-1-eu-west-1.pooler.supabase.com" (54.247.26.119), port 5432 failed: FATAL:  MaxClientsInSessionMode: max clients reached - in Session mode max clients are limited to pool_size


The above exception was the direct cause of the following exception:

Traceback (most recent call last):
  File "C:\Users\donan\Desktop\POS-PROJECT\ADMIN WEB\env_boutique\Lib\site-packages\django\core\handlers\exception.py", line 55, in inner
    response = get_response(request)
  File "C:\Users\donan\Desktop\POS-PROJECT\ADMIN WEB\env_boutique\Lib\site-packages\django\core\handlers\base.py", line 197, in _get_response
    response = wrapped_callback(request, *callback_args, **callback_kwargs)
  File "C:\Users\donan\Desktop\POS-PROJECT\ADMIN WEB\env_boutique\Lib\site-packages\django\views\decorators\csrf.py", line 65, in _view_wrapper
    return view_func(request, *args, **kwargs)
  File "C:\Users\donan\Desktop\POS-PROJECT\ADMIN WEB\env_boutique\Lib\site-packages\rest_framework\viewsets.py", line 125, in view
    return self.dispatch(request, *args, **kwargs)
           ~~~~~~~~~~~~~^^^^^^^^^^^^^^^^^^^^^^^^^^
  File "C:\Users\donan\Desktop\POS-PROJECT\ADMIN WEB\env_boutique\Lib\site-packages\rest_framework\views.py", line 515, in dispatch
    response = self.handle_exception(exc)
  File "C:\Users\donan\Desktop\POS-PROJECT\ADMIN WEB\env_boutique\Lib\site-packages\rest_framework\views.py", line 475, in handle_exception
    self.raise_uncaught_exception(exc)
    ~~~~~~~~~~~~~~~~~~~~~~~~~~~~~^^^^^
  File "C:\Users\donan\Desktop\POS-PROJECT\ADMIN WEB\env_boutique\Lib\site-packages\rest_framework\views.py", line 486, in raise_uncaught_exception
    raise exc
  File "C:\Users\donan\Desktop\POS-PROJECT\ADMIN WEB\env_boutique\Lib\site-packages\rest_framework\views.py", line 503, in dispatch
    self.initial(request, *args, **kwargs)
    ~~~~~~~~~~~~^^^^^^^^^^^^^^^^^^^^^^^^^^
  File "C:\Users\donan\Desktop\POS-PROJECT\ADMIN WEB\env_boutique\Lib\site-packages\rest_framework\views.py", line 420, in initial
    self.perform_authentication(request)
    ~~~~~~~~~~~~~~~~~~~~~~~~~~~^^^^^^^^^
  File "C:\Users\donan\Desktop\POS-PROJECT\ADMIN WEB\env_boutique\Lib\site-packages\rest_framework\views.py", line 330, in perform_authentication
    request.user
  File "C:\Users\donan\Desktop\POS-PROJECT\ADMIN WEB\env_boutique\Lib\site-packages\rest_framework\request.py", line 232, in user
    self._authenticate()
    ~~~~~~~~~~~~~~~~~~^^
  File "C:\Users\donan\Desktop\POS-PROJECT\ADMIN WEB\env_boutique\Lib\site-packages\rest_framework\request.py", line 385, in _authenticate
    user_auth_tuple = authenticator.authenticate(self)
  File "C:\Users\donan\Desktop\POS-PROJECT\ADMIN WEB\env_boutique\Lib\site-packages\rest_framework_simplejwt\authentication.py", line 51, in authenticate
    return self.get_user(validated_token), validated_token
           ~~~~~~~~~~~~~^^^^^^^^^^^^^^^^^
  File "C:\Users\donan\Desktop\POS-PROJECT\ADMIN WEB\env_boutique\Lib\site-packages\rest_framework_simplejwt\authentication.py", line 132, in get_user
    user = self.user_model.objects.get(**{api_settings.USER_ID_FIELD: user_id})
  File "C:\Users\donan\Desktop\POS-PROJECT\ADMIN WEB\env_boutique\Lib\site-packages\django\db\models\manager.py", line 87, in manager_method
    return getattr(self.get_queryset(), name)(*args, **kwargs)
           ~~~~~~~~~~~~~~~~~~~~~~~~~~~~~~~~~~^^^^^^^^^^^^^^^^^
  File "C:\Users\donan\Desktop\POS-PROJECT\ADMIN WEB\env_boutique\Lib\site-packages\django\db\models\query.py", line 629, in get
    num = len(clone)
  File "C:\Users\donan\Desktop\POS-PROJECT\ADMIN WEB\env_boutique\Lib\site-packages\django\db\models\query.py", line 366, in __len__
    self._fetch_all()
    ~~~~~~~~~~~~~~~^^
  File "C:\Users\donan\Desktop\POS-PROJECT\ADMIN WEB\env_boutique\Lib\site-packages\django\db\models\query.py", line 1949, in _fetch_all
    self._result_cache = list(self._iterable_class(self))
                         ~~~~^^^^^^^^^^^^^^^^^^^^^^^^^^^^
  File "C:\Users\donan\Desktop\POS-PROJECT\ADMIN WEB\env_boutique\Lib\site-packages\django\db\models\query.py", line 91, in __iter__
    results = compiler.execute_sql(
        chunked_fetch=self.chunked_fetch, chunk_size=self.chunk_size
    )
  File "C:\Users\donan\Desktop\POS-PROJECT\ADMIN WEB\env_boutique\Lib\site-packages\django\db\models\sql\compiler.py", line 1621, in execute_sql
    cursor = self.connection.cursor()
  File "C:\Users\donan\Desktop\POS-PROJECT\ADMIN WEB\env_boutique\Lib\site-packages\django\utils\asyncio.py", line 26, in inner
    return func(*args, **kwargs)
  File "C:\Users\donan\Desktop\POS-PROJECT\ADMIN WEB\env_boutique\Lib\site-packages\django\db\backends\base\base.py", line 320, in cursor
    return self._cursor()
           ~~~~~~~~~~~~^^
  File "C:\Users\donan\Desktop\POS-PROJECT\ADMIN WEB\env_boutique\Lib\site-packages\django\db\backends\base\base.py", line 296, in _cursor
    self.ensure_connection()
    ~~~~~~~~~~~~~~~~~~~~~~^^
  File "C:\Users\donan\Desktop\POS-PROJECT\ADMIN WEB\env_boutique\Lib\site-packages\django\utils\asyncio.py", line 26, in inner
    return func(*args, **kwargs)
  File "C:\Users\donan\Desktop\POS-PROJECT\ADMIN WEB\env_boutique\Lib\site-packages\django\db\backends\base\base.py", line 278, in ensure_connection
    with self.wrap_database_errors:
         ^^^^^^^^^^^^^^^^^^^^^^^^^
  File "C:\Users\donan\Desktop\POS-PROJECT\ADMIN WEB\env_boutique\Lib\site-packages\django\db\utils.py", line 91, in __exit__
    raise dj_exc_value.with_traceback(traceback) from exc_value
  File "C:\Users\donan\Desktop\POS-PROJECT\ADMIN WEB\env_boutique\Lib\site-packages\django\db\backends\base\base.py", line 279, in ensure_connection
    self.connect()
    ~~~~~~~~~~~~^^
  File "C:\Users\donan\Desktop\POS-PROJECT\ADMIN WEB\env_boutique\Lib\site-packages\django\utils\asyncio.py", line 26, in inner
    return func(*args, **kwargs)
  File "C:\Users\donan\Desktop\POS-PROJECT\ADMIN WEB\env_boutique\Lib\site-packages\django\db\backends\base\base.py", line 256, in connect
    self.connection = self.get_new_connection(conn_params)
                      ~~~~~~~~~~~~~~~~~~~~~~~^^^^^^^^^^^^^
  File "C:\Users\donan\Desktop\POS-PROJECT\ADMIN WEB\env_boutique\Lib\site-packages\django\utils\asyncio.py", line 26, in inner
    return func(*args, **kwargs)
  File "C:\Users\donan\Desktop\POS-PROJECT\ADMIN WEB\env_boutique\Lib\site-packages\django\db\backends\postgresql\base.py", line 332, in get_new_connection
    connection = self.Database.connect(**conn_params)
  File "C:\Users\donan\Desktop\POS-PROJECT\ADMIN WEB\env_boutique\Lib\site-packages\psycopg2\__init__.py", line 135, in connect
    conn = _connect(dsn, connection_factory=connection_factory, **kwasync)
django.db.utils.OperationalError: connection to server at "aws-1-eu-west-1.pooler.supabase.com" (54.247.26.119), port 5432 failed: FATAL:  MaxClientsInSessionMode: max clients reached - in Session mode max clients are limited to pool_size

ERROR 2026-02-11 15:48:56,447 basehttp "GET /api/sales/ HTTP/1.1" 500 243289
ERROR 2026-02-11 15:48:56,622 log Internal Server Error: /api/orders/
Traceback (most recent call last):
  File "C:\Users\donan\Desktop\POS-PROJECT\ADMIN WEB\env_boutique\Lib\site-packages\django\db\backends\base\base.py", line 279, in ensure_connection
    self.connect()
    ~~~~~~~~~~~~^^
  File "C:\Users\donan\Desktop\POS-PROJECT\ADMIN WEB\env_boutique\Lib\site-packages\django\utils\asyncio.py", line 26, in inner
    return func(*args, **kwargs)
  File "C:\Users\donan\Desktop\POS-PROJECT\ADMIN WEB\env_boutique\Lib\site-packages\django\db\backends\base\base.py", line 256, in connect
    self.connection = self.get_new_connection(conn_params)
                      ~~~~~~~~~~~~~~~~~~~~~~~^^^^^^^^^^^^^
  File "C:\Users\donan\Desktop\POS-PROJECT\ADMIN WEB\env_boutique\Lib\site-packages\django\utils\asyncio.py", line 26, in inner
    return func(*args, **kwargs)
  File "C:\Users\donan\Desktop\POS-PROJECT\ADMIN WEB\env_boutique\Lib\site-packages\django\db\backends\postgresql\base.py", line 332, in get_new_connection
    connection = self.Database.connect(**conn_params)
  File "C:\Users\donan\Desktop\POS-PROJECT\ADMIN WEB\env_boutique\Lib\site-packages\psycopg2\__init__.py", line 135, in connect
    conn = _connect(dsn, connection_factory=connection_factory, **kwasync)
psycopg2.OperationalError: connection to server at "aws-1-eu-west-1.pooler.supabase.com" (54.247.26.119), port 5432 failed: FATAL:  MaxClientsInSessionMode: max clients reached - in Session mode max clients are limited to pool_size


The above exception was the direct cause of the following exception:

Traceback (most recent call last):
  File "C:\Users\donan\Desktop\POS-PROJECT\ADMIN WEB\env_boutique\Lib\site-packages\django\core\handlers\exception.py", line 55, in inner
    response = get_response(request)
  File "C:\Users\donan\Desktop\POS-PROJECT\ADMIN WEB\env_boutique\Lib\site-packages\django\core\handlers\base.py", line 197, in _get_response
    response = wrapped_callback(request, *callback_args, **callback_kwargs)
  File "C:\Users\donan\Desktop\POS-PROJECT\ADMIN WEB\env_boutique\Lib\site-packages\django\views\decorators\csrf.py", line 65, in _view_wrapper
    return view_func(request, *args, **kwargs)
  File "C:\Users\donan\Desktop\POS-PROJECT\ADMIN WEB\env_boutique\Lib\site-packages\rest_framework\viewsets.py", line 125, in view
    return self.dispatch(request, *args, **kwargs)
           ~~~~~~~~~~~~~^^^^^^^^^^^^^^^^^^^^^^^^^^
  File "C:\Users\donan\Desktop\POS-PROJECT\ADMIN WEB\env_boutique\Lib\site-packages\rest_framework\views.py", line 515, in dispatch
    response = self.handle_exception(exc)
  File "C:\Users\donan\Desktop\POS-PROJECT\ADMIN WEB\env_boutique\Lib\site-packages\rest_framework\views.py", line 475, in handle_exception
    self.raise_uncaught_exception(exc)
    ~~~~~~~~~~~~~~~~~~~~~~~~~~~~~^^^^^
  File "C:\Users\donan\Desktop\POS-PROJECT\ADMIN WEB\env_boutique\Lib\site-packages\rest_framework\views.py", line 486, in raise_uncaught_exception
    raise exc
  File "C:\Users\donan\Desktop\POS-PROJECT\ADMIN WEB\env_boutique\Lib\site-packages\rest_framework\views.py", line 503, in dispatch
    self.initial(request, *args, **kwargs)
    ~~~~~~~~~~~~^^^^^^^^^^^^^^^^^^^^^^^^^^
  File "C:\Users\donan\Desktop\POS-PROJECT\ADMIN WEB\env_boutique\Lib\site-packages\rest_framework\views.py", line 420, in initial
    self.perform_authentication(request)
    ~~~~~~~~~~~~~~~~~~~~~~~~~~~^^^^^^^^^
  File "C:\Users\donan\Desktop\POS-PROJECT\ADMIN WEB\env_boutique\Lib\site-packages\rest_framework\views.py", line 330, in perform_authentication
    request.user
  File "C:\Users\donan\Desktop\POS-PROJECT\ADMIN WEB\env_boutique\Lib\site-packages\rest_framework\request.py", line 232, in user
    self._authenticate()
    ~~~~~~~~~~~~~~~~~~^^
  File "C:\Users\donan\Desktop\POS-PROJECT\ADMIN WEB\env_boutique\Lib\site-packages\rest_framework\request.py", line 385, in _authenticate
    user_auth_tuple = authenticator.authenticate(self)
  File "C:\Users\donan\Desktop\POS-PROJECT\ADMIN WEB\env_boutique\Lib\site-packages\rest_framework_simplejwt\authentication.py", line 51, in authenticate
    return self.get_user(validated_token), validated_token
           ~~~~~~~~~~~~~^^^^^^^^^^^^^^^^^
  File "C:\Users\donan\Desktop\POS-PROJECT\ADMIN WEB\env_boutique\Lib\site-packages\rest_framework_simplejwt\authentication.py", line 132, in get_user
    user = self.user_model.objects.get(**{api_settings.USER_ID_FIELD: user_id})
  File "C:\Users\donan\Desktop\POS-PROJECT\ADMIN WEB\env_boutique\Lib\site-packages\django\db\models\manager.py", line 87, in manager_method
    return getattr(self.get_queryset(), name)(*args, **kwargs)
           ~~~~~~~~~~~~~~~~~~~~~~~~~~~~~~~~~~^^^^^^^^^^^^^^^^^
  File "C:\Users\donan\Desktop\POS-PROJECT\ADMIN WEB\env_boutique\Lib\site-packages\django\db\models\query.py", line 629, in get
    num = len(clone)
  File "C:\Users\donan\Desktop\POS-PROJECT\ADMIN WEB\env_boutique\Lib\site-packages\django\db\models\query.py", line 366, in __len__
    self._fetch_all()
    ~~~~~~~~~~~~~~~^^
  File "C:\Users\donan\Desktop\POS-PROJECT\ADMIN WEB\env_boutique\Lib\site-packages\django\db\models\query.py", line 1949, in _fetch_all
    self._result_cache = list(self._iterable_class(self))
                         ~~~~^^^^^^^^^^^^^^^^^^^^^^^^^^^^
  File "C:\Users\donan\Desktop\POS-PROJECT\ADMIN WEB\env_boutique\Lib\site-packages\django\db\models\query.py", line 91, in __iter__
    results = compiler.execute_sql(
        chunked_fetch=self.chunked_fetch, chunk_size=self.chunk_size
    )
  File "C:\Users\donan\Desktop\POS-PROJECT\ADMIN WEB\env_boutique\Lib\site-packages\django\db\models\sql\compiler.py", line 1621, in execute_sql
    cursor = self.connection.cursor()
  File "C:\Users\donan\Desktop\POS-PROJECT\ADMIN WEB\env_boutique\Lib\site-packages\django\utils\asyncio.py", line 26, in inner
    return func(*args, **kwargs)
  File "C:\Users\donan\Desktop\POS-PROJECT\ADMIN WEB\env_boutique\Lib\site-packages\django\db\backends\base\base.py", line 320, in cursor
    return self._cursor()
           ~~~~~~~~~~~~^^
  File "C:\Users\donan\Desktop\POS-PROJECT\ADMIN WEB\env_boutique\Lib\site-packages\django\db\backends\base\base.py", line 296, in _cursor
    self.ensure_connection()
    ~~~~~~~~~~~~~~~~~~~~~~^^
  File "C:\Users\donan\Desktop\POS-PROJECT\ADMIN WEB\env_boutique\Lib\site-packages\django\utils\asyncio.py", line 26, in inner
    return func(*args, **kwargs)
  File "C:\Users\donan\Desktop\POS-PROJECT\ADMIN WEB\env_boutique\Lib\site-packages\django\db\backends\base\base.py", line 278, in ensure_connection
    with self.wrap_database_errors:
         ^^^^^^^^^^^^^^^^^^^^^^^^^
  File "C:\Users\donan\Desktop\POS-PROJECT\ADMIN WEB\env_boutique\Lib\site-packages\django\db\utils.py", line 91, in __exit__
    raise dj_exc_value.with_traceback(traceback) from exc_value
  File "C:\Users\donan\Desktop\POS-PROJECT\ADMIN WEB\env_boutique\Lib\site-packages\django\db\backends\base\base.py", line 279, in ensure_connection
    self.connect()
    ~~~~~~~~~~~~^^
  File "C:\Users\donan\Desktop\POS-PROJECT\ADMIN WEB\env_boutique\Lib\site-packages\django\utils\asyncio.py", line 26, in inner
    return func(*args, **kwargs)
  File "C:\Users\donan\Desktop\POS-PROJECT\ADMIN WEB\env_boutique\Lib\site-packages\django\db\backends\base\base.py", line 256, in connect
    self.connection = self.get_new_connection(conn_params)
                      ~~~~~~~~~~~~~~~~~~~~~~~^^^^^^^^^^^^^
  File "C:\Users\donan\Desktop\POS-PROJECT\ADMIN WEB\env_boutique\Lib\site-packages\django\utils\asyncio.py", line 26, in inner
    return func(*args, **kwargs)
  File "C:\Users\donan\Desktop\POS-PROJECT\ADMIN WEB\env_boutique\Lib\site-packages\django\db\backends\postgresql\base.py", line 332, in get_new_connection
    connection = self.Database.connect(**conn_params)
  File "C:\Users\donan\Desktop\POS-PROJECT\ADMIN WEB\env_boutique\Lib\site-packages\psycopg2\__init__.py", line 135, in connect
    conn = _connect(dsn, connection_factory=connection_factory, **kwasync)
django.db.utils.OperationalError: connection to server at "aws-1-eu-west-1.pooler.supabase.com" (54.247.26.119), port 5432 failed: FATAL:  MaxClientsInSessionMode: max clients reached - in Session mode max clients are limited to pool_size

ERROR 2026-02-11 15:48:56,646 log Internal Server Error: /api/products/
Traceback (most recent call last):
  File "C:\Users\donan\Desktop\POS-PROJECT\ADMIN WEB\env_boutique\Lib\site-packages\django\db\backends\base\base.py", line 279, in ensure_connection
    self.connect()
    ~~~~~~~~~~~~^^
  File "C:\Users\donan\Desktop\POS-PROJECT\ADMIN WEB\env_boutique\Lib\site-packages\django\utils\asyncio.py", line 26, in inner
    return func(*args, **kwargs)
  File "C:\Users\donan\Desktop\POS-PROJECT\ADMIN WEB\env_boutique\Lib\site-packages\django\db\backends\base\base.py", line 256, in connect
    self.connection = self.get_new_connection(conn_params)
                      ~~~~~~~~~~~~~~~~~~~~~~~^^^^^^^^^^^^^
  File "C:\Users\donan\Desktop\POS-PROJECT\ADMIN WEB\env_boutique\Lib\site-packages\django\utils\asyncio.py", line 26, in inner
    return func(*args, **kwargs)
  File "C:\Users\donan\Desktop\POS-PROJECT\ADMIN WEB\env_boutique\Lib\site-packages\django\db\backends\postgresql\base.py", line 332, in get_new_connection
    connection = self.Database.connect(**conn_params)
  File "C:\Users\donan\Desktop\POS-PROJECT\ADMIN WEB\env_boutique\Lib\site-packages\psycopg2\__init__.py", line 135, in connect
    conn = _connect(dsn, connection_factory=connection_factory, **kwasync)
psycopg2.OperationalError: connection to server at "aws-1-eu-west-1.pooler.supabase.com" (54.247.26.119), port 5432 failed: FATAL:  MaxClientsInSessionMode: max clients reached - in Session mode max clients are limited to pool_size


The above exception was the direct cause of the following exception:

Traceback (most recent call last):
  File "C:\Users\donan\Desktop\POS-PROJECT\ADMIN WEB\env_boutique\Lib\site-packages\django\core\handlers\exception.py", line 55, in inner
    response = get_response(request)
  File "C:\Users\donan\Desktop\POS-PROJECT\ADMIN WEB\env_boutique\Lib\site-packages\django\core\handlers\base.py", line 197, in _get_response
    response = wrapped_callback(request, *callback_args, **callback_kwargs)
  File "C:\Users\donan\Desktop\POS-PROJECT\ADMIN WEB\env_boutique\Lib\site-packages\django\views\decorators\csrf.py", line 65, in _view_wrapper
    return view_func(request, *args, **kwargs)
  File "C:\Users\donan\Desktop\POS-PROJECT\ADMIN WEB\env_boutique\Lib\site-packages\rest_framework\viewsets.py", line 125, in view
    return self.dispatch(request, *args, **kwargs)
           ~~~~~~~~~~~~~^^^^^^^^^^^^^^^^^^^^^^^^^^
  File "C:\Users\donan\Desktop\POS-PROJECT\ADMIN WEB\env_boutique\Lib\site-packages\rest_framework\views.py", line 515, in dispatch
    response = self.handle_exception(exc)
  File "C:\Users\donan\Desktop\POS-PROJECT\ADMIN WEB\env_boutique\Lib\site-packages\rest_framework\views.py", line 475, in handle_exception
    self.raise_uncaught_exception(exc)
    ~~~~~~~~~~~~~~~~~~~~~~~~~~~~~^^^^^
  File "C:\Users\donan\Desktop\POS-PROJECT\ADMIN WEB\env_boutique\Lib\site-packages\rest_framework\views.py", line 486, in raise_uncaught_exception
    raise exc
  File "C:\Users\donan\Desktop\POS-PROJECT\ADMIN WEB\env_boutique\Lib\site-packages\rest_framework\views.py", line 503, in dispatch
    self.initial(request, *args, **kwargs)
    ~~~~~~~~~~~~^^^^^^^^^^^^^^^^^^^^^^^^^^
  File "C:\Users\donan\Desktop\POS-PROJECT\ADMIN WEB\env_boutique\Lib\site-packages\rest_framework\views.py", line 420, in initial
    self.perform_authentication(request)
    ~~~~~~~~~~~~~~~~~~~~~~~~~~~^^^^^^^^^
  File "C:\Users\donan\Desktop\POS-PROJECT\ADMIN WEB\env_boutique\Lib\site-packages\rest_framework\views.py", line 330, in perform_authentication
    request.user
  File "C:\Users\donan\Desktop\POS-PROJECT\ADMIN WEB\env_boutique\Lib\site-packages\rest_framework\request.py", line 232, in user
    self._authenticate()
    ~~~~~~~~~~~~~~~~~~^^
  File "C:\Users\donan\Desktop\POS-PROJECT\ADMIN WEB\env_boutique\Lib\site-packages\rest_framework\request.py", line 385, in _authenticate
    user_auth_tuple = authenticator.authenticate(self)
  File "C:\Users\donan\Desktop\POS-PROJECT\ADMIN WEB\env_boutique\Lib\site-packages\rest_framework_simplejwt\authentication.py", line 51, in authenticate
    return self.get_user(validated_token), validated_token
           ~~~~~~~~~~~~~^^^^^^^^^^^^^^^^^
  File "C:\Users\donan\Desktop\POS-PROJECT\ADMIN WEB\env_boutique\Lib\site-packages\rest_framework_simplejwt\authentication.py", line 132, in get_user
    user = self.user_model.objects.get(**{api_settings.USER_ID_FIELD: user_id})
  File "C:\Users\donan\Desktop\POS-PROJECT\ADMIN WEB\env_boutique\Lib\site-packages\django\db\models\manager.py", line 87, in manager_method
    return getattr(self.get_queryset(), name)(*args, **kwargs)
           ~~~~~~~~~~~~~~~~~~~~~~~~~~~~~~~~~~^^^^^^^^^^^^^^^^^
  File "C:\Users\donan\Desktop\POS-PROJECT\ADMIN WEB\env_boutique\Lib\site-packages\django\db\models\query.py", line 629, in get
    num = len(clone)
  File "C:\Users\donan\Desktop\POS-PROJECT\ADMIN WEB\env_boutique\Lib\site-packages\django\db\models\query.py", line 366, in __len__
    self._fetch_all()
    ~~~~~~~~~~~~~~~^^
  File "C:\Users\donan\Desktop\POS-PROJECT\ADMIN WEB\env_boutique\Lib\site-packages\django\db\models\query.py", line 1949, in _fetch_all
    self._result_cache = list(self._iterable_class(self))
                         ~~~~^^^^^^^^^^^^^^^^^^^^^^^^^^^^
  File "C:\Users\donan\Desktop\POS-PROJECT\ADMIN WEB\env_boutique\Lib\site-packages\django\db\models\query.py", line 91, in __iter__
    results = compiler.execute_sql(
        chunked_fetch=self.chunked_fetch, chunk_size=self.chunk_size
    )
  File "C:\Users\donan\Desktop\POS-PROJECT\ADMIN WEB\env_boutique\Lib\site-packages\django\db\models\sql\compiler.py", line 1621, in execute_sql
    cursor = self.connection.cursor()
  File "C:\Users\donan\Desktop\POS-PROJECT\ADMIN WEB\env_boutique\Lib\site-packages\django\utils\asyncio.py", line 26, in inner
    return func(*args, **kwargs)
  File "C:\Users\donan\Desktop\POS-PROJECT\ADMIN WEB\env_boutique\Lib\site-packages\django\db\backends\base\base.py", line 320, in cursor
    return self._cursor()
           ~~~~~~~~~~~~^^
  File "C:\Users\donan\Desktop\POS-PROJECT\ADMIN WEB\env_boutique\Lib\site-packages\django\db\backends\base\base.py", line 296, in _cursor
    self.ensure_connection()
    ~~~~~~~~~~~~~~~~~~~~~~^^
  File "C:\Users\donan\Desktop\POS-PROJECT\ADMIN WEB\env_boutique\Lib\site-packages\django\utils\asyncio.py", line 26, in inner
    return func(*args, **kwargs)
  File "C:\Users\donan\Desktop\POS-PROJECT\ADMIN WEB\env_boutique\Lib\site-packages\django\db\backends\base\base.py", line 278, in ensure_connection
    with self.wrap_database_errors:
         ^^^^^^^^^^^^^^^^^^^^^^^^^
  File "C:\Users\donan\Desktop\POS-PROJECT\ADMIN WEB\env_boutique\Lib\site-packages\django\db\utils.py", line 91, in __exit__
    raise dj_exc_value.with_traceback(traceback) from exc_value
  File "C:\Users\donan\Desktop\POS-PROJECT\ADMIN WEB\env_boutique\Lib\site-packages\django\db\backends\base\base.py", line 279, in ensure_connection
    self.connect()
    ~~~~~~~~~~~~^^
  File "C:\Users\donan\Desktop\POS-PROJECT\ADMIN WEB\env_boutique\Lib\site-packages\django\utils\asyncio.py", line 26, in inner
    return func(*args, **kwargs)
  File "C:\Users\donan\Desktop\POS-PROJECT\ADMIN WEB\env_boutique\Lib\site-packages\django\db\backends\base\base.py", line 256, in connect
    self.connection = self.get_new_connection(conn_params)
                      ~~~~~~~~~~~~~~~~~~~~~~~^^^^^^^^^^^^^
  File "C:\Users\donan\Desktop\POS-PROJECT\ADMIN WEB\env_boutique\Lib\site-packages\django\utils\asyncio.py", line 26, in inner
    return func(*args, **kwargs)
  File "C:\Users\donan\Desktop\POS-PROJECT\ADMIN WEB\env_boutique\Lib\site-packages\django\db\backends\postgresql\base.py", line 332, in get_new_connection
    connection = self.Database.connect(**conn_params)
  File "C:\Users\donan\Desktop\POS-PROJECT\ADMIN WEB\env_boutique\Lib\site-packages\psycopg2\__init__.py", line 135, in connect
    conn = _connect(dsn, connection_factory=connection_factory, **kwasync)
django.db.utils.OperationalError: connection to server at "aws-1-eu-west-1.pooler.supabase.com" (54.247.26.119), port 5432 failed: FATAL:  MaxClientsInSessionMode: max clients reached - in Session mode max clients are limited to pool_size

ERROR 2026-02-11 15:48:56,653 basehttp "GET /api/orders/ HTTP/1.1" 500 243324
ERROR 2026-02-11 15:48:56,655 basehttp "GET /api/products/ HTTP/1.1" 500 243394
ERROR 2026-02-11 15:49:00,871 log Internal Server Error: /api/sales/
Traceback (most recent call last):
  File "C:\Users\donan\Desktop\POS-PROJECT\ADMIN WEB\env_boutique\Lib\site-packages\django\db\backends\base\base.py", line 279, in ensure_connection
    self.connect()
    ~~~~~~~~~~~~^^
  File "C:\Users\donan\Desktop\POS-PROJECT\ADMIN WEB\env_boutique\Lib\site-packages\django\utils\asyncio.py", line 26, in inner
    return func(*args, **kwargs)
  File "C:\Users\donan\Desktop\POS-PROJECT\ADMIN WEB\env_boutique\Lib\site-packages\django\db\backends\base\base.py", line 256, in connect
    self.connection = self.get_new_connection(conn_params)
                      ~~~~~~~~~~~~~~~~~~~~~~~^^^^^^^^^^^^^
  File "C:\Users\donan\Desktop\POS-PROJECT\ADMIN WEB\env_boutique\Lib\site-packages\django\utils\asyncio.py", line 26, in inner
    return func(*args, **kwargs)
  File "C:\Users\donan\Desktop\POS-PROJECT\ADMIN WEB\env_boutique\Lib\site-packages\django\db\backends\postgresql\base.py", line 332, in get_new_connection
    connection = self.Database.connect(**conn_params)
  File "C:\Users\donan\Desktop\POS-PROJECT\ADMIN WEB\env_boutique\Lib\site-packages\psycopg2\__init__.py", line 135, in connect
    conn = _connect(dsn, connection_factory=connection_factory, **kwasync)
psycopg2.OperationalError: connection to server at "aws-1-eu-west-1.pooler.supabase.com" (54.247.26.119), port 5432 failed: FATAL:  MaxClientsInSessionMode: max clients reached - in Session mode max clients are limited to pool_size


The above exception was the direct cause of the following exception:

Traceback (most recent call last):
  File "C:\Users\donan\Desktop\POS-PROJECT\ADMIN WEB\env_boutique\Lib\site-packages\django\core\handlers\exception.py", line 55, in inner
    response = get_response(request)
  File "C:\Users\donan\Desktop\POS-PROJECT\ADMIN WEB\env_boutique\Lib\site-packages\django\core\handlers\base.py", line 197, in _get_response
    response = wrapped_callback(request, *callback_args, **callback_kwargs)
  File "C:\Users\donan\Desktop\POS-PROJECT\ADMIN WEB\env_boutique\Lib\site-packages\django\views\decorators\csrf.py", line 65, in _view_wrapper
    return view_func(request, *args, **kwargs)
  File "C:\Users\donan\Desktop\POS-PROJECT\ADMIN WEB\env_boutique\Lib\site-packages\rest_framework\viewsets.py", line 125, in view
    return self.dispatch(request, *args, **kwargs)
           ~~~~~~~~~~~~~^^^^^^^^^^^^^^^^^^^^^^^^^^
  File "C:\Users\donan\Desktop\POS-PROJECT\ADMIN WEB\env_boutique\Lib\site-packages\rest_framework\views.py", line 515, in dispatch
    response = self.handle_exception(exc)
  File "C:\Users\donan\Desktop\POS-PROJECT\ADMIN WEB\env_boutique\Lib\site-packages\rest_framework\views.py", line 475, in handle_exception
    self.raise_uncaught_exception(exc)
    ~~~~~~~~~~~~~~~~~~~~~~~~~~~~~^^^^^
  File "C:\Users\donan\Desktop\POS-PROJECT\ADMIN WEB\env_boutique\Lib\site-packages\rest_framework\views.py", line 486, in raise_uncaught_exception
    raise exc
  File "C:\Users\donan\Desktop\POS-PROJECT\ADMIN WEB\env_boutique\Lib\site-packages\rest_framework\views.py", line 503, in dispatch
    self.initial(request, *args, **kwargs)
    ~~~~~~~~~~~~^^^^^^^^^^^^^^^^^^^^^^^^^^
  File "C:\Users\donan\Desktop\POS-PROJECT\ADMIN WEB\env_boutique\Lib\site-packages\rest_framework\views.py", line 420, in initial
    self.perform_authentication(request)
    ~~~~~~~~~~~~~~~~~~~~~~~~~~~^^^^^^^^^
  File "C:\Users\donan\Desktop\POS-PROJECT\ADMIN WEB\env_boutique\Lib\site-packages\rest_framework\views.py", line 330, in perform_authentication
    request.user
  File "C:\Users\donan\Desktop\POS-PROJECT\ADMIN WEB\env_boutique\Lib\site-packages\rest_framework\request.py", line 232, in user
    self._authenticate()
    ~~~~~~~~~~~~~~~~~~^^
  File "C:\Users\donan\Desktop\POS-PROJECT\ADMIN WEB\env_boutique\Lib\site-packages\rest_framework\request.py", line 385, in _authenticate
    user_auth_tuple = authenticator.authenticate(self)
  File "C:\Users\donan\Desktop\POS-PROJECT\ADMIN WEB\env_boutique\Lib\site-packages\rest_framework_simplejwt\authentication.py", line 51, in authenticate
    return self.get_user(validated_token), validated_token
           ~~~~~~~~~~~~~^^^^^^^^^^^^^^^^^
  File "C:\Users\donan\Desktop\POS-PROJECT\ADMIN WEB\env_boutique\Lib\site-packages\rest_framework_simplejwt\authentication.py", line 132, in get_user
    user = self.user_model.objects.get(**{api_settings.USER_ID_FIELD: user_id})
  File "C:\Users\donan\Desktop\POS-PROJECT\ADMIN WEB\env_boutique\Lib\site-packages\django\db\models\manager.py", line 87, in manager_method
    return getattr(self.get_queryset(), name)(*args, **kwargs)
           ~~~~~~~~~~~~~~~~~~~~~~~~~~~~~~~~~~^^^^^^^^^^^^^^^^^
  File "C:\Users\donan\Desktop\POS-PROJECT\ADMIN WEB\env_boutique\Lib\site-packages\django\db\models\query.py", line 629, in get
    num = len(clone)
  File "C:\Users\donan\Desktop\POS-PROJECT\ADMIN WEB\env_boutique\Lib\site-packages\django\db\models\query.py", line 366, in __len__
    self._fetch_all()
    ~~~~~~~~~~~~~~~^^
  File "C:\Users\donan\Desktop\POS-PROJECT\ADMIN WEB\env_boutique\Lib\site-packages\django\db\models\query.py", line 1949, in _fetch_all
    self._result_cache = list(self._iterable_class(self))
                         ~~~~^^^^^^^^^^^^^^^^^^^^^^^^^^^^
  File "C:\Users\donan\Desktop\POS-PROJECT\ADMIN WEB\env_boutique\Lib\site-packages\django\db\models\query.py", line 91, in __iter__
    results = compiler.execute_sql(
        chunked_fetch=self.chunked_fetch, chunk_size=self.chunk_size
    )
  File "C:\Users\donan\Desktop\POS-PROJECT\ADMIN WEB\env_boutique\Lib\site-packages\django\db\models\sql\compiler.py", line 1621, in execute_sql
    cursor = self.connection.cursor()
  File "C:\Users\donan\Desktop\POS-PROJECT\ADMIN WEB\env_boutique\Lib\site-packages\django\utils\asyncio.py", line 26, in inner
    return func(*args, **kwargs)
  File "C:\Users\donan\Desktop\POS-PROJECT\ADMIN WEB\env_boutique\Lib\site-packages\django\db\backends\base\base.py", line 320, in cursor
    return self._cursor()
           ~~~~~~~~~~~~^^
  File "C:\Users\donan\Desktop\POS-PROJECT\ADMIN WEB\env_boutique\Lib\site-packages\django\db\backends\base\base.py", line 296, in _cursor
    self.ensure_connection()
    ~~~~~~~~~~~~~~~~~~~~~~^^
  File "C:\Users\donan\Desktop\POS-PROJECT\ADMIN WEB\env_boutique\Lib\site-packages\django\utils\asyncio.py", line 26, in inner
    return func(*args, **kwargs)
  File "C:\Users\donan\Desktop\POS-PROJECT\ADMIN WEB\env_boutique\Lib\site-packages\django\db\backends\base\base.py", line 278, in ensure_connection
    with self.wrap_database_errors:
         ^^^^^^^^^^^^^^^^^^^^^^^^^
  File "C:\Users\donan\Desktop\POS-PROJECT\ADMIN WEB\env_boutique\Lib\site-packages\django\db\utils.py", line 91, in __exit__
    raise dj_exc_value.with_traceback(traceback) from exc_value
  File "C:\Users\donan\Desktop\POS-PROJECT\ADMIN WEB\env_boutique\Lib\site-packages\django\db\backends\base\base.py", line 279, in ensure_connection
    self.connect()
    ~~~~~~~~~~~~^^
  File "C:\Users\donan\Desktop\POS-PROJECT\ADMIN WEB\env_boutique\Lib\site-packages\django\utils\asyncio.py", line 26, in inner
    return func(*args, **kwargs)
  File "C:\Users\donan\Desktop\POS-PROJECT\ADMIN WEB\env_boutique\Lib\site-packages\django\db\backends\base\base.py", line 256, in connect
    self.connection = self.get_new_connection(conn_params)
                      ~~~~~~~~~~~~~~~~~~~~~~~^^^^^^^^^^^^^
  File "C:\Users\donan\Desktop\POS-PROJECT\ADMIN WEB\env_boutique\Lib\site-packages\django\utils\asyncio.py", line 26, in inner
    return func(*args, **kwargs)
  File "C:\Users\donan\Desktop\POS-PROJECT\ADMIN WEB\env_boutique\Lib\site-packages\django\db\backends\postgresql\base.py", line 332, in get_new_connection
    connection = self.Database.connect(**conn_params)
  File "C:\Users\donan\Desktop\POS-PROJECT\ADMIN WEB\env_boutique\Lib\site-packages\psycopg2\__init__.py", line 135, in connect
    conn = _connect(dsn, connection_factory=connection_factory, **kwasync)
django.db.utils.OperationalError: connection to server at "aws-1-eu-west-1.pooler.supabase.com" (54.247.26.119), port 5432 failed: FATAL:  MaxClientsInSessionMode: max clients reached - in Session mode max clients are limited to pool_size

ERROR 2026-02-11 15:49:00,878 basehttp "GET /api/sales/ HTTP/1.1" 500 243289
ERROR 2026-02-11 15:49:01,070 log Internal Server Error: /api/products/
Traceback (most recent call last):
  File "C:\Users\donan\Desktop\POS-PROJECT\ADMIN WEB\env_boutique\Lib\site-packages\django\db\backends\base\base.py", line 279, in ensure_connection
    self.connect()
    ~~~~~~~~~~~~^^
  File "C:\Users\donan\Desktop\POS-PROJECT\ADMIN WEB\env_boutique\Lib\site-packages\django\utils\asyncio.py", line 26, in inner
    return func(*args, **kwargs)
  File "C:\Users\donan\Desktop\POS-PROJECT\ADMIN WEB\env_boutique\Lib\site-packages\django\db\backends\base\base.py", line 256, in connect
    self.connection = self.get_new_connection(conn_params)
                      ~~~~~~~~~~~~~~~~~~~~~~~^^^^^^^^^^^^^
  File "C:\Users\donan\Desktop\POS-PROJECT\ADMIN WEB\env_boutique\Lib\site-packages\django\utils\asyncio.py", line 26, in inner
    return func(*args, **kwargs)
  File "C:\Users\donan\Desktop\POS-PROJECT\ADMIN WEB\env_boutique\Lib\site-packages\django\db\backends\postgresql\base.py", line 332, in get_new_connection
    connection = self.Database.connect(**conn_params)
  File "C:\Users\donan\Desktop\POS-PROJECT\ADMIN WEB\env_boutique\Lib\site-packages\psycopg2\__init__.py", line 135, in connect
    conn = _connect(dsn, connection_factory=connection_factory, **kwasync)
psycopg2.OperationalError: connection to server at "aws-1-eu-west-1.pooler.supabase.com" (54.247.26.119), port 5432 failed: FATAL:  MaxClientsInSessionMode: max clients reached - in Session mode max clients are limited to pool_size


The above exception was the direct cause of the following exception:

Traceback (most recent call last):
  File "C:\Users\donan\Desktop\POS-PROJECT\ADMIN WEB\env_boutique\Lib\site-packages\django\core\handlers\exception.py", line 55, in inner
    response = get_response(request)
  File "C:\Users\donan\Desktop\POS-PROJECT\ADMIN WEB\env_boutique\Lib\site-packages\django\core\handlers\base.py", line 197, in _get_response
    response = wrapped_callback(request, *callback_args, **callback_kwargs)
  File "C:\Users\donan\Desktop\POS-PROJECT\ADMIN WEB\env_boutique\Lib\site-packages\django\views\decorators\csrf.py", line 65, in _view_wrapper
    return view_func(request, *args, **kwargs)
  File "C:\Users\donan\Desktop\POS-PROJECT\ADMIN WEB\env_boutique\Lib\site-packages\rest_framework\viewsets.py", line 125, in view
    return self.dispatch(request, *args, **kwargs)
           ~~~~~~~~~~~~~^^^^^^^^^^^^^^^^^^^^^^^^^^
  File "C:\Users\donan\Desktop\POS-PROJECT\ADMIN WEB\env_boutique\Lib\site-packages\rest_framework\views.py", line 515, in dispatch
    response = self.handle_exception(exc)
  File "C:\Users\donan\Desktop\POS-PROJECT\ADMIN WEB\env_boutique\Lib\site-packages\rest_framework\views.py", line 475, in handle_exception
    self.raise_uncaught_exception(exc)
    ~~~~~~~~~~~~~~~~~~~~~~~~~~~~~^^^^^
  File "C:\Users\donan\Desktop\POS-PROJECT\ADMIN WEB\env_boutique\Lib\site-packages\rest_framework\views.py", line 486, in raise_uncaught_exception
    raise exc
  File "C:\Users\donan\Desktop\POS-PROJECT\ADMIN WEB\env_boutique\Lib\site-packages\rest_framework\views.py", line 503, in dispatch
    self.initial(request, *args, **kwargs)
    ~~~~~~~~~~~~^^^^^^^^^^^^^^^^^^^^^^^^^^
  File "C:\Users\donan\Desktop\POS-PROJECT\ADMIN WEB\env_boutique\Lib\site-packages\rest_framework\views.py", line 420, in initial
    self.perform_authentication(request)
    ~~~~~~~~~~~~~~~~~~~~~~~~~~~^^^^^^^^^
  File "C:\Users\donan\Desktop\POS-PROJECT\ADMIN WEB\env_boutique\Lib\site-packages\rest_framework\views.py", line 330, in perform_authentication
    request.user
  File "C:\Users\donan\Desktop\POS-PROJECT\ADMIN WEB\env_boutique\Lib\site-packages\rest_framework\request.py", line 232, in user
    self._authenticate()
    ~~~~~~~~~~~~~~~~~~^^
  File "C:\Users\donan\Desktop\POS-PROJECT\ADMIN WEB\env_boutique\Lib\site-packages\rest_framework\request.py", line 385, in _authenticate
    user_auth_tuple = authenticator.authenticate(self)
  File "C:\Users\donan\Desktop\POS-PROJECT\ADMIN WEB\env_boutique\Lib\site-packages\rest_framework_simplejwt\authentication.py", line 51, in authenticate
    return self.get_user(validated_token), validated_token
           ~~~~~~~~~~~~~^^^^^^^^^^^^^^^^^
  File "C:\Users\donan\Desktop\POS-PROJECT\ADMIN WEB\env_boutique\Lib\site-packages\rest_framework_simplejwt\authentication.py", line 132, in get_user
    user = self.user_model.objects.get(**{api_settings.USER_ID_FIELD: user_id})
  File "C:\Users\donan\Desktop\POS-PROJECT\ADMIN WEB\env_boutique\Lib\site-packages\django\db\models\manager.py", line 87, in manager_method
    return getattr(self.get_queryset(), name)(*args, **kwargs)
           ~~~~~~~~~~~~~~~~~~~~~~~~~~~~~~~~~~^^^^^^^^^^^^^^^^^
  File "C:\Users\donan\Desktop\POS-PROJECT\ADMIN WEB\env_boutique\Lib\site-packages\django\db\models\query.py", line 629, in get
    num = len(clone)
  File "C:\Users\donan\Desktop\POS-PROJECT\ADMIN WEB\env_boutique\Lib\site-packages\django\db\models\query.py", line 366, in __len__
    self._fetch_all()
    ~~~~~~~~~~~~~~~^^
  File "C:\Users\donan\Desktop\POS-PROJECT\ADMIN WEB\env_boutique\Lib\site-packages\django\db\models\query.py", line 1949, in _fetch_all
    self._result_cache = list(self._iterable_class(self))
                         ~~~~^^^^^^^^^^^^^^^^^^^^^^^^^^^^
  File "C:\Users\donan\Desktop\POS-PROJECT\ADMIN WEB\env_boutique\Lib\site-packages\django\db\models\query.py", line 91, in __iter__
    results = compiler.execute_sql(
        chunked_fetch=self.chunked_fetch, chunk_size=self.chunk_size
    )
  File "C:\Users\donan\Desktop\POS-PROJECT\ADMIN WEB\env_boutique\Lib\site-packages\django\db\models\sql\compiler.py", line 1621, in execute_sql
    cursor = self.connection.cursor()
  File "C:\Users\donan\Desktop\POS-PROJECT\ADMIN WEB\env_boutique\Lib\site-packages\django\utils\asyncio.py", line 26, in inner
    return func(*args, **kwargs)
  File "C:\Users\donan\Desktop\POS-PROJECT\ADMIN WEB\env_boutique\Lib\site-packages\django\db\backends\base\base.py", line 320, in cursor
    return self._cursor()
           ~~~~~~~~~~~~^^
  File "C:\Users\donan\Desktop\POS-PROJECT\ADMIN WEB\env_boutique\Lib\site-packages\django\db\backends\base\base.py", line 296, in _cursor
    self.ensure_connection()
    ~~~~~~~~~~~~~~~~~~~~~~^^
  File "C:\Users\donan\Desktop\POS-PROJECT\ADMIN WEB\env_boutique\Lib\site-packages\django\utils\asyncio.py", line 26, in inner
    return func(*args, **kwargs)
  File "C:\Users\donan\Desktop\POS-PROJECT\ADMIN WEB\env_boutique\Lib\site-packages\django\db\backends\base\base.py", line 278, in ensure_connection
    with self.wrap_database_errors:
         ^^^^^^^^^^^^^^^^^^^^^^^^^
  File "C:\Users\donan\Desktop\POS-PROJECT\ADMIN WEB\env_boutique\Lib\site-packages\django\db\utils.py", line 91, in __exit__
    raise dj_exc_value.with_traceback(traceback) from exc_value
  File "C:\Users\donan\Desktop\POS-PROJECT\ADMIN WEB\env_boutique\Lib\site-packages\django\db\backends\base\base.py", line 279, in ensure_connection
    self.connect()
    ~~~~~~~~~~~~^^
  File "C:\Users\donan\Desktop\POS-PROJECT\ADMIN WEB\env_boutique\Lib\site-packages\django\utils\asyncio.py", line 26, in inner
    return func(*args, **kwargs)
  File "C:\Users\donan\Desktop\POS-PROJECT\ADMIN WEB\env_boutique\Lib\site-packages\django\db\backends\base\base.py", line 256, in connect
    self.connection = self.get_new_connection(conn_params)
                      ~~~~~~~~~~~~~~~~~~~~~~~^^^^^^^^^^^^^
  File "C:\Users\donan\Desktop\POS-PROJECT\ADMIN WEB\env_boutique\Lib\site-packages\django\utils\asyncio.py", line 26, in inner
    return func(*args, **kwargs)
  File "C:\Users\donan\Desktop\POS-PROJECT\ADMIN WEB\env_boutique\Lib\site-packages\django\db\backends\postgresql\base.py", line 332, in get_new_connection
    connection = self.Database.connect(**conn_params)
  File "C:\Users\donan\Desktop\POS-PROJECT\ADMIN WEB\env_boutique\Lib\site-packages\psycopg2\__init__.py", line 135, in connect
    conn = _connect(dsn, connection_factory=connection_factory, **kwasync)
django.db.utils.OperationalError: connection to server at "aws-1-eu-west-1.pooler.supabase.com" (54.247.26.119), port 5432 failed: FATAL:  MaxClientsInSessionMode: max clients reached - in Session mode max clients are limited to pool_size

ERROR 2026-02-11 15:49:01,077 basehttp "GET /api/products/ HTTP/1.1" 500 243394
ERROR 2026-02-11 15:49:05,421 log Internal Server Error: /api/products/
Traceback (most recent call last):
  File "C:\Users\donan\Desktop\POS-PROJECT\ADMIN WEB\env_boutique\Lib\site-packages\django\db\backends\base\base.py", line 279, in ensure_connection
    self.connect()
    ~~~~~~~~~~~~^^
  File "C:\Users\donan\Desktop\POS-PROJECT\ADMIN WEB\env_boutique\Lib\site-packages\django\utils\asyncio.py", line 26, in inner
    return func(*args, **kwargs)
  File "C:\Users\donan\Desktop\POS-PROJECT\ADMIN WEB\env_boutique\Lib\site-packages\django\db\backends\base\base.py", line 256, in connect
    self.connection = self.get_new_connection(conn_params)
                      ~~~~~~~~~~~~~~~~~~~~~~~^^^^^^^^^^^^^
  File "C:\Users\donan\Desktop\POS-PROJECT\ADMIN WEB\env_boutique\Lib\site-packages\django\utils\asyncio.py", line 26, in inner
    return func(*args, **kwargs)
  File "C:\Users\donan\Desktop\POS-PROJECT\ADMIN WEB\env_boutique\Lib\site-packages\django\db\backends\postgresql\base.py", line 332, in get_new_connection
    connection = self.Database.connect(**conn_params)
  File "C:\Users\donan\Desktop\POS-PROJECT\ADMIN WEB\env_boutique\Lib\site-packages\psycopg2\__init__.py", line 135, in connect
    conn = _connect(dsn, connection_factory=connection_factory, **kwasync)
psycopg2.OperationalError: connection to server at "aws-1-eu-west-1.pooler.supabase.com" (54.247.26.119), port 5432 failed: FATAL:  MaxClientsInSessionMode: max clients reached - in Session mode max clients are limited to pool_size


The above exception was the direct cause of the following exception:

Traceback (most recent call last):
  File "C:\Users\donan\Desktop\POS-PROJECT\ADMIN WEB\env_boutique\Lib\site-packages\django\core\handlers\exception.py", line 55, in inner
    response = get_response(request)
  File "C:\Users\donan\Desktop\POS-PROJECT\ADMIN WEB\env_boutique\Lib\site-packages\django\core\handlers\base.py", line 197, in _get_response
    response = wrapped_callback(request, *callback_args, **callback_kwargs)
  File "C:\Users\donan\Desktop\POS-PROJECT\ADMIN WEB\env_boutique\Lib\site-packages\django\views\decorators\csrf.py", line 65, in _view_wrapper
    return view_func(request, *args, **kwargs)
  File "C:\Users\donan\Desktop\POS-PROJECT\ADMIN WEB\env_boutique\Lib\site-packages\rest_framework\viewsets.py", line 125, in view
    return self.dispatch(request, *args, **kwargs)
           ~~~~~~~~~~~~~^^^^^^^^^^^^^^^^^^^^^^^^^^
  File "C:\Users\donan\Desktop\POS-PROJECT\ADMIN WEB\env_boutique\Lib\site-packages\rest_framework\views.py", line 515, in dispatch
    response = self.handle_exception(exc)
  File "C:\Users\donan\Desktop\POS-PROJECT\ADMIN WEB\env_boutique\Lib\site-packages\rest_framework\views.py", line 475, in handle_exception
    self.raise_uncaught_exception(exc)
    ~~~~~~~~~~~~~~~~~~~~~~~~~~~~~^^^^^
  File "C:\Users\donan\Desktop\POS-PROJECT\ADMIN WEB\env_boutique\Lib\site-packages\rest_framework\views.py", line 486, in raise_uncaught_exception
    raise exc
  File "C:\Users\donan\Desktop\POS-PROJECT\ADMIN WEB\env_boutique\Lib\site-packages\rest_framework\views.py", line 503, in dispatch
    self.initial(request, *args, **kwargs)
    ~~~~~~~~~~~~^^^^^^^^^^^^^^^^^^^^^^^^^^
  File "C:\Users\donan\Desktop\POS-PROJECT\ADMIN WEB\env_boutique\Lib\site-packages\rest_framework\views.py", line 420, in initial
    self.perform_authentication(request)
    ~~~~~~~~~~~~~~~~~~~~~~~~~~~^^^^^^^^^
  File "C:\Users\donan\Desktop\POS-PROJECT\ADMIN WEB\env_boutique\Lib\site-packages\rest_framework\views.py", line 330, in perform_authentication
    request.user
  File "C:\Users\donan\Desktop\POS-PROJECT\ADMIN WEB\env_boutique\Lib\site-packages\rest_framework\request.py", line 232, in user
    self._authenticate()
    ~~~~~~~~~~~~~~~~~~^^
  File "C:\Users\donan\Desktop\POS-PROJECT\ADMIN WEB\env_boutique\Lib\site-packages\rest_framework\request.py", line 385, in _authenticate
    user_auth_tuple = authenticator.authenticate(self)
  File "C:\Users\donan\Desktop\POS-PROJECT\ADMIN WEB\env_boutique\Lib\site-packages\rest_framework_simplejwt\authentication.py", line 51, in authenticate
    return self.get_user(validated_token), validated_token
           ~~~~~~~~~~~~~^^^^^^^^^^^^^^^^^
  File "C:\Users\donan\Desktop\POS-PROJECT\ADMIN WEB\env_boutique\Lib\site-packages\rest_framework_simplejwt\authentication.py", line 132, in get_user
    user = self.user_model.objects.get(**{api_settings.USER_ID_FIELD: user_id})
  File "C:\Users\donan\Desktop\POS-PROJECT\ADMIN WEB\env_boutique\Lib\site-packages\django\db\models\manager.py", line 87, in manager_method
    return getattr(self.get_queryset(), name)(*args, **kwargs)
           ~~~~~~~~~~~~~~~~~~~~~~~~~~~~~~~~~~^^^^^^^^^^^^^^^^^
  File "C:\Users\donan\Desktop\POS-PROJECT\ADMIN WEB\env_boutique\Lib\site-packages\django\db\models\query.py", line 629, in get
    num = len(clone)
  File "C:\Users\donan\Desktop\POS-PROJECT\ADMIN WEB\env_boutique\Lib\site-packages\django\db\models\query.py", line 366, in __len__
    self._fetch_all()
    ~~~~~~~~~~~~~~~^^
  File "C:\Users\donan\Desktop\POS-PROJECT\ADMIN WEB\env_boutique\Lib\site-packages\django\db\models\query.py", line 1949, in _fetch_all
    self._result_cache = list(self._iterable_class(self))
                         ~~~~^^^^^^^^^^^^^^^^^^^^^^^^^^^^
  File "C:\Users\donan\Desktop\POS-PROJECT\ADMIN WEB\env_boutique\Lib\site-packages\django\db\models\query.py", line 91, in __iter__
    results = compiler.execute_sql(
        chunked_fetch=self.chunked_fetch, chunk_size=self.chunk_size
    )
  File "C:\Users\donan\Desktop\POS-PROJECT\ADMIN WEB\env_boutique\Lib\site-packages\django\db\models\sql\compiler.py", line 1621, in execute_sql
    cursor = self.connection.cursor()
  File "C:\Users\donan\Desktop\POS-PROJECT\ADMIN WEB\env_boutique\Lib\site-packages\django\utils\asyncio.py", line 26, in inner
    return func(*args, **kwargs)
  File "C:\Users\donan\Desktop\POS-PROJECT\ADMIN WEB\env_boutique\Lib\site-packages\django\db\backends\base\base.py", line 320, in cursor
    return self._cursor()
           ~~~~~~~~~~~~^^
  File "C:\Users\donan\Desktop\POS-PROJECT\ADMIN WEB\env_boutique\Lib\site-packages\django\db\backends\base\base.py", line 296, in _cursor
    self.ensure_connection()
    ~~~~~~~~~~~~~~~~~~~~~~^^
  File "C:\Users\donan\Desktop\POS-PROJECT\ADMIN WEB\env_boutique\Lib\site-packages\django\utils\asyncio.py", line 26, in inner
    return func(*args, **kwargs)
  File "C:\Users\donan\Desktop\POS-PROJECT\ADMIN WEB\env_boutique\Lib\site-packages\django\db\backends\base\base.py", line 278, in ensure_connection
    with self.wrap_database_errors:
         ^^^^^^^^^^^^^^^^^^^^^^^^^
  File "C:\Users\donan\Desktop\POS-PROJECT\ADMIN WEB\env_boutique\Lib\site-packages\django\db\utils.py", line 91, in __exit__
    raise dj_exc_value.with_traceback(traceback) from exc_value
  File "C:\Users\donan\Desktop\POS-PROJECT\ADMIN WEB\env_boutique\Lib\site-packages\django\db\backends\base\base.py", line 279, in ensure_connection
    self.connect()
    ~~~~~~~~~~~~^^
  File "C:\Users\donan\Desktop\POS-PROJECT\ADMIN WEB\env_boutique\Lib\site-packages\django\utils\asyncio.py", line 26, in inner
    return func(*args, **kwargs)
  File "C:\Users\donan\Desktop\POS-PROJECT\ADMIN WEB\env_boutique\Lib\site-packages\django\db\backends\base\base.py", line 256, in connect
    self.connection = self.get_new_connection(conn_params)
                      ~~~~~~~~~~~~~~~~~~~~~~~^^^^^^^^^^^^^
  File "C:\Users\donan\Desktop\POS-PROJECT\ADMIN WEB\env_boutique\Lib\site-packages\django\utils\asyncio.py", line 26, in inner
    return func(*args, **kwargs)
  File "C:\Users\donan\Desktop\POS-PROJECT\ADMIN WEB\env_boutique\Lib\site-packages\django\db\backends\postgresql\base.py", line 332, in get_new_connection
    connection = self.Database.connect(**conn_params)
  File "C:\Users\donan\Desktop\POS-PROJECT\ADMIN WEB\env_boutique\Lib\site-packages\psycopg2\__init__.py", line 135, in connect
    conn = _connect(dsn, connection_factory=connection_factory, **kwasync)
django.db.utils.OperationalError: connection to server at "aws-1-eu-west-1.pooler.supabase.com" (54.247.26.119), port 5432 failed: FATAL:  MaxClientsInSessionMode: max clients reached - in Session mode max clients are limited to pool_size

ERROR 2026-02-11 15:49:05,427 basehttp "GET /api/products/ HTTP/1.1" 500 243394
ERROR 2026-02-11 15:49:09,788 log Internal Server Error: /api/products/
Traceback (most recent call last):
  File "C:\Users\donan\Desktop\POS-PROJECT\ADMIN WEB\env_boutique\Lib\site-packages\django\db\backends\base\base.py", line 279, in ensure_connection
    self.connect()
    ~~~~~~~~~~~~^^
  File "C:\Users\donan\Desktop\POS-PROJECT\ADMIN WEB\env_boutique\Lib\site-packages\django\utils\asyncio.py", line 26, in inner
    return func(*args, **kwargs)
  File "C:\Users\donan\Desktop\POS-PROJECT\ADMIN WEB\env_boutique\Lib\site-packages\django\db\backends\base\base.py", line 256, in connect
    self.connection = self.get_new_connection(conn_params)
                      ~~~~~~~~~~~~~~~~~~~~~~~^^^^^^^^^^^^^
  File "C:\Users\donan\Desktop\POS-PROJECT\ADMIN WEB\env_boutique\Lib\site-packages\django\utils\asyncio.py", line 26, in inner
    return func(*args, **kwargs)
  File "C:\Users\donan\Desktop\POS-PROJECT\ADMIN WEB\env_boutique\Lib\site-packages\django\db\backends\postgresql\base.py", line 332, in get_new_connection
    connection = self.Database.connect(**conn_params)
  File "C:\Users\donan\Desktop\POS-PROJECT\ADMIN WEB\env_boutique\Lib\site-packages\psycopg2\__init__.py", line 135, in connect
    conn = _connect(dsn, connection_factory=connection_factory, **kwasync)
psycopg2.OperationalError: connection to server at "aws-1-eu-west-1.pooler.supabase.com" (54.247.26.119), port 5432 failed: FATAL:  MaxClientsInSessionMode: max clients reached - in Session mode max clients are limited to pool_size


The above exception was the direct cause of the following exception:

Traceback (most recent call last):
  File "C:\Users\donan\Desktop\POS-PROJECT\ADMIN WEB\env_boutique\Lib\site-packages\django\core\handlers\exception.py", line 55, in inner
    response = get_response(request)
  File "C:\Users\donan\Desktop\POS-PROJECT\ADMIN WEB\env_boutique\Lib\site-packages\django\core\handlers\base.py", line 197, in _get_response
    response = wrapped_callback(request, *callback_args, **callback_kwargs)
  File "C:\Users\donan\Desktop\POS-PROJECT\ADMIN WEB\env_boutique\Lib\site-packages\django\views\decorators\csrf.py", line 65, in _view_wrapper
    return view_func(request, *args, **kwargs)
  File "C:\Users\donan\Desktop\POS-PROJECT\ADMIN WEB\env_boutique\Lib\site-packages\rest_framework\viewsets.py", line 125, in view
    return self.dispatch(request, *args, **kwargs)
           ~~~~~~~~~~~~~^^^^^^^^^^^^^^^^^^^^^^^^^^
  File "C:\Users\donan\Desktop\POS-PROJECT\ADMIN WEB\env_boutique\Lib\site-packages\rest_framework\views.py", line 515, in dispatch
    response = self.handle_exception(exc)
  File "C:\Users\donan\Desktop\POS-PROJECT\ADMIN WEB\env_boutique\Lib\site-packages\rest_framework\views.py", line 475, in handle_exception
    self.raise_uncaught_exception(exc)
    ~~~~~~~~~~~~~~~~~~~~~~~~~~~~~^^^^^
  File "C:\Users\donan\Desktop\POS-PROJECT\ADMIN WEB\env_boutique\Lib\site-packages\rest_framework\views.py", line 486, in raise_uncaught_exception
    raise exc
  File "C:\Users\donan\Desktop\POS-PROJECT\ADMIN WEB\env_boutique\Lib\site-packages\rest_framework\views.py", line 503, in dispatch
    self.initial(request, *args, **kwargs)
    ~~~~~~~~~~~~^^^^^^^^^^^^^^^^^^^^^^^^^^
  File "C:\Users\donan\Desktop\POS-PROJECT\ADMIN WEB\env_boutique\Lib\site-packages\rest_framework\views.py", line 420, in initial
    self.perform_authentication(request)
    ~~~~~~~~~~~~~~~~~~~~~~~~~~~^^^^^^^^^
  File "C:\Users\donan\Desktop\POS-PROJECT\ADMIN WEB\env_boutique\Lib\site-packages\rest_framework\views.py", line 330, in perform_authentication
    request.user
  File "C:\Users\donan\Desktop\POS-PROJECT\ADMIN WEB\env_boutique\Lib\site-packages\rest_framework\request.py", line 232, in user
    self._authenticate()
    ~~~~~~~~~~~~~~~~~~^^
  File "C:\Users\donan\Desktop\POS-PROJECT\ADMIN WEB\env_boutique\Lib\site-packages\rest_framework\request.py", line 385, in _authenticate
    user_auth_tuple = authenticator.authenticate(self)
  File "C:\Users\donan\Desktop\POS-PROJECT\ADMIN WEB\env_boutique\Lib\site-packages\rest_framework_simplejwt\authentication.py", line 51, in authenticate
    return self.get_user(validated_token), validated_token
           ~~~~~~~~~~~~~^^^^^^^^^^^^^^^^^
  File "C:\Users\donan\Desktop\POS-PROJECT\ADMIN WEB\env_boutique\Lib\site-packages\rest_framework_simplejwt\authentication.py", line 132, in get_user
    user = self.user_model.objects.get(**{api_settings.USER_ID_FIELD: user_id})
  File "C:\Users\donan\Desktop\POS-PROJECT\ADMIN WEB\env_boutique\Lib\site-packages\django\db\models\manager.py", line 87, in manager_method
    return getattr(self.get_queryset(), name)(*args, **kwargs)
           ~~~~~~~~~~~~~~~~~~~~~~~~~~~~~~~~~~^^^^^^^^^^^^^^^^^
  File "C:\Users\donan\Desktop\POS-PROJECT\ADMIN WEB\env_boutique\Lib\site-packages\django\db\models\query.py", line 629, in get
    num = len(clone)
  File "C:\Users\donan\Desktop\POS-PROJECT\ADMIN WEB\env_boutique\Lib\site-packages\django\db\models\query.py", line 366, in __len__
    self._fetch_all()
    ~~~~~~~~~~~~~~~^^
  File "C:\Users\donan\Desktop\POS-PROJECT\ADMIN WEB\env_boutique\Lib\site-packages\django\db\models\query.py", line 1949, in _fetch_all
    self._result_cache = list(self._iterable_class(self))
                         ~~~~^^^^^^^^^^^^^^^^^^^^^^^^^^^^
  File "C:\Users\donan\Desktop\POS-PROJECT\ADMIN WEB\env_boutique\Lib\site-packages\django\db\models\query.py", line 91, in __iter__
    results = compiler.execute_sql(
        chunked_fetch=self.chunked_fetch, chunk_size=self.chunk_size
    )
  File "C:\Users\donan\Desktop\POS-PROJECT\ADMIN WEB\env_boutique\Lib\site-packages\django\db\models\sql\compiler.py", line 1621, in execute_sql
    cursor = self.connection.cursor()
  File "C:\Users\donan\Desktop\POS-PROJECT\ADMIN WEB\env_boutique\Lib\site-packages\django\utils\asyncio.py", line 26, in inner
    return func(*args, **kwargs)
  File "C:\Users\donan\Desktop\POS-PROJECT\ADMIN WEB\env_boutique\Lib\site-packages\django\db\backends\base\base.py", line 320, in cursor
    return self._cursor()
           ~~~~~~~~~~~~^^
  File "C:\Users\donan\Desktop\POS-PROJECT\ADMIN WEB\env_boutique\Lib\site-packages\django\db\backends\base\base.py", line 296, in _cursor
    self.ensure_connection()
    ~~~~~~~~~~~~~~~~~~~~~~^^
  File "C:\Users\donan\Desktop\POS-PROJECT\ADMIN WEB\env_boutique\Lib\site-packages\django\utils\asyncio.py", line 26, in inner
    return func(*args, **kwargs)
  File "C:\Users\donan\Desktop\POS-PROJECT\ADMIN WEB\env_boutique\Lib\site-packages\django\db\backends\base\base.py", line 278, in ensure_connection
    with self.wrap_database_errors:
         ^^^^^^^^^^^^^^^^^^^^^^^^^
  File "C:\Users\donan\Desktop\POS-PROJECT\ADMIN WEB\env_boutique\Lib\site-packages\django\db\utils.py", line 91, in __exit__
    raise dj_exc_value.with_traceback(traceback) from exc_value
  File "C:\Users\donan\Desktop\POS-PROJECT\ADMIN WEB\env_boutique\Lib\site-packages\django\db\backends\base\base.py", line 279, in ensure_connection
    self.connect()
    ~~~~~~~~~~~~^^
  File "C:\Users\donan\Desktop\POS-PROJECT\ADMIN WEB\env_boutique\Lib\site-packages\django\utils\asyncio.py", line 26, in inner
    return func(*args, **kwargs)
  File "C:\Users\donan\Desktop\POS-PROJECT\ADMIN WEB\env_boutique\Lib\site-packages\django\db\backends\base\base.py", line 256, in connect
    self.connection = self.get_new_connection(conn_params)
                      ~~~~~~~~~~~~~~~~~~~~~~~^^^^^^^^^^^^^
  File "C:\Users\donan\Desktop\POS-PROJECT\ADMIN WEB\env_boutique\Lib\site-packages\django\utils\asyncio.py", line 26, in inner
    return func(*args, **kwargs)
  File "C:\Users\donan\Desktop\POS-PROJECT\ADMIN WEB\env_boutique\Lib\site-packages\django\db\backends\postgresql\base.py", line 332, in get_new_connection
    connection = self.Database.connect(**conn_params)
  File "C:\Users\donan\Desktop\POS-PROJECT\ADMIN WEB\env_boutique\Lib\site-packages\psycopg2\__init__.py", line 135, in connect
    conn = _connect(dsn, connection_factory=connection_factory, **kwasync)
django.db.utils.OperationalError: connection to server at "aws-1-eu-west-1.pooler.supabase.com" (54.247.26.119), port 5432 failed: FATAL:  MaxClientsInSessionMode: max clients reached - in Session mode max clients are limited to pool_size

ERROR 2026-02-11 15:49:09,795 basehttp "GET /api/products/ HTTP/1.1" 500 243394
ERROR 2026-02-11 15:49:10,095 log Internal Server Error: /api/requests/
Traceback (most recent call last):
  File "C:\Users\donan\Desktop\POS-PROJECT\ADMIN WEB\env_boutique\Lib\site-packages\django\db\backends\base\base.py", line 279, in ensure_connection
    self.connect()
    ~~~~~~~~~~~~^^
  File "C:\Users\donan\Desktop\POS-PROJECT\ADMIN WEB\env_boutique\Lib\site-packages\django\utils\asyncio.py", line 26, in inner
    return func(*args, **kwargs)
  File "C:\Users\donan\Desktop\POS-PROJECT\ADMIN WEB\env_boutique\Lib\site-packages\django\db\backends\base\base.py", line 256, in connect
    self.connection = self.get_new_connection(conn_params)
                      ~~~~~~~~~~~~~~~~~~~~~~~^^^^^^^^^^^^^
  File "C:\Users\donan\Desktop\POS-PROJECT\ADMIN WEB\env_boutique\Lib\site-packages\django\utils\asyncio.py", line 26, in inner
    return func(*args, **kwargs)
  File "C:\Users\donan\Desktop\POS-PROJECT\ADMIN WEB\env_boutique\Lib\site-packages\django\db\backends\postgresql\base.py", line 332, in get_new_connection
    connection = self.Database.connect(**conn_params)
  File "C:\Users\donan\Desktop\POS-PROJECT\ADMIN WEB\env_boutique\Lib\site-packages\psycopg2\__init__.py", line 135, in connect
    conn = _connect(dsn, connection_factory=connection_factory, **kwasync)
psycopg2.OperationalError: connection to server at "aws-1-eu-west-1.pooler.supabase.com" (54.247.26.119), port 5432 failed: FATAL:  MaxClientsInSessionMode: max clients reached - in Session mode max clients are limited to pool_size


The above exception was the direct cause of the following exception:

Traceback (most recent call last):
  File "C:\Users\donan\Desktop\POS-PROJECT\ADMIN WEB\env_boutique\Lib\site-packages\django\core\handlers\exception.py", line 55, in inner
    response = get_response(request)
  File "C:\Users\donan\Desktop\POS-PROJECT\ADMIN WEB\env_boutique\Lib\site-packages\django\core\handlers\base.py", line 197, in _get_response
    response = wrapped_callback(request, *callback_args, **callback_kwargs)
  File "C:\Users\donan\Desktop\POS-PROJECT\ADMIN WEB\env_boutique\Lib\site-packages\django\views\decorators\csrf.py", line 65, in _view_wrapper
    return view_func(request, *args, **kwargs)
  File "C:\Users\donan\Desktop\POS-PROJECT\ADMIN WEB\env_boutique\Lib\site-packages\django\views\generic\base.py", line 105, in view
    return self.dispatch(request, *args, **kwargs)
           ~~~~~~~~~~~~~^^^^^^^^^^^^^^^^^^^^^^^^^^
  File "C:\Users\donan\Desktop\POS-PROJECT\ADMIN WEB\env_boutique\Lib\site-packages\rest_framework\views.py", line 515, in dispatch
    response = self.handle_exception(exc)
  File "C:\Users\donan\Desktop\POS-PROJECT\ADMIN WEB\env_boutique\Lib\site-packages\rest_framework\views.py", line 475, in handle_exception
    self.raise_uncaught_exception(exc)
    ~~~~~~~~~~~~~~~~~~~~~~~~~~~~~^^^^^
  File "C:\Users\donan\Desktop\POS-PROJECT\ADMIN WEB\env_boutique\Lib\site-packages\rest_framework\views.py", line 486, in raise_uncaught_exception
    raise exc
  File "C:\Users\donan\Desktop\POS-PROJECT\ADMIN WEB\env_boutique\Lib\site-packages\rest_framework\views.py", line 503, in dispatch
    self.initial(request, *args, **kwargs)
    ~~~~~~~~~~~~^^^^^^^^^^^^^^^^^^^^^^^^^^
  File "C:\Users\donan\Desktop\POS-PROJECT\ADMIN WEB\env_boutique\Lib\site-packages\rest_framework\views.py", line 420, in initial
    self.perform_authentication(request)
    ~~~~~~~~~~~~~~~~~~~~~~~~~~~^^^^^^^^^
  File "C:\Users\donan\Desktop\POS-PROJECT\ADMIN WEB\env_boutique\Lib\site-packages\rest_framework\views.py", line 330, in perform_authentication
    request.user
  File "C:\Users\donan\Desktop\POS-PROJECT\ADMIN WEB\env_boutique\Lib\site-packages\rest_framework\request.py", line 232, in user
    self._authenticate()
    ~~~~~~~~~~~~~~~~~~^^
  File "C:\Users\donan\Desktop\POS-PROJECT\ADMIN WEB\env_boutique\Lib\site-packages\rest_framework\request.py", line 385, in _authenticate
    user_auth_tuple = authenticator.authenticate(self)
  File "C:\Users\donan\Desktop\POS-PROJECT\ADMIN WEB\env_boutique\Lib\site-packages\rest_framework_simplejwt\authentication.py", line 51, in authenticate
    return self.get_user(validated_token), validated_token
           ~~~~~~~~~~~~~^^^^^^^^^^^^^^^^^
  File "C:\Users\donan\Desktop\POS-PROJECT\ADMIN WEB\env_boutique\Lib\site-packages\rest_framework_simplejwt\authentication.py", line 132, in get_user
    user = self.user_model.objects.get(**{api_settings.USER_ID_FIELD: user_id})
  File "C:\Users\donan\Desktop\POS-PROJECT\ADMIN WEB\env_boutique\Lib\site-packages\django\db\models\manager.py", line 87, in manager_method
    return getattr(self.get_queryset(), name)(*args, **kwargs)
           ~~~~~~~~~~~~~~~~~~~~~~~~~~~~~~~~~~^^^^^^^^^^^^^^^^^
  File "C:\Users\donan\Desktop\POS-PROJECT\ADMIN WEB\env_boutique\Lib\site-packages\django\db\models\query.py", line 629, in get
    num = len(clone)
  File "C:\Users\donan\Desktop\POS-PROJECT\ADMIN WEB\env_boutique\Lib\site-packages\django\db\models\query.py", line 366, in __len__
    self._fetch_all()
    ~~~~~~~~~~~~~~~^^
  File "C:\Users\donan\Desktop\POS-PROJECT\ADMIN WEB\env_boutique\Lib\site-packages\django\db\models\query.py", line 1949, in _fetch_all
    self._result_cache = list(self._iterable_class(self))
                         ~~~~^^^^^^^^^^^^^^^^^^^^^^^^^^^^
  File "C:\Users\donan\Desktop\POS-PROJECT\ADMIN WEB\env_boutique\Lib\site-packages\django\db\models\query.py", line 91, in __iter__
    results = compiler.execute_sql(
        chunked_fetch=self.chunked_fetch, chunk_size=self.chunk_size
    )
  File "C:\Users\donan\Desktop\POS-PROJECT\ADMIN WEB\env_boutique\Lib\site-packages\django\db\models\sql\compiler.py", line 1621, in execute_sql
    cursor = self.connection.cursor()
  File "C:\Users\donan\Desktop\POS-PROJECT\ADMIN WEB\env_boutique\Lib\site-packages\django\utils\asyncio.py", line 26, in inner
    return func(*args, **kwargs)
  File "C:\Users\donan\Desktop\POS-PROJECT\ADMIN WEB\env_boutique\Lib\site-packages\django\db\backends\base\base.py", line 320, in cursor
    return self._cursor()
           ~~~~~~~~~~~~^^
  File "C:\Users\donan\Desktop\POS-PROJECT\ADMIN WEB\env_boutique\Lib\site-packages\django\db\backends\base\base.py", line 296, in _cursor
    self.ensure_connection()
    ~~~~~~~~~~~~~~~~~~~~~~^^
  File "C:\Users\donan\Desktop\POS-PROJECT\ADMIN WEB\env_boutique\Lib\site-packages\django\utils\asyncio.py", line 26, in inner
    return func(*args, **kwargs)
  File "C:\Users\donan\Desktop\POS-PROJECT\ADMIN WEB\env_boutique\Lib\site-packages\django\db\backends\base\base.py", line 278, in ensure_connection
    with self.wrap_database_errors:
         ^^^^^^^^^^^^^^^^^^^^^^^^^
  File "C:\Users\donan\Desktop\POS-PROJECT\ADMIN WEB\env_boutique\Lib\site-packages\django\db\utils.py", line 91, in __exit__
    raise dj_exc_value.with_traceback(traceback) from exc_value
  File "C:\Users\donan\Desktop\POS-PROJECT\ADMIN WEB\env_boutique\Lib\site-packages\django\db\backends\base\base.py", line 279, in ensure_connection
    self.connect()
    ~~~~~~~~~~~~^^
  File "C:\Users\donan\Desktop\POS-PROJECT\ADMIN WEB\env_boutique\Lib\site-packages\django\utils\asyncio.py", line 26, in inner
    return func(*args, **kwargs)
  File "C:\Users\donan\Desktop\POS-PROJECT\ADMIN WEB\env_boutique\Lib\site-packages\django\db\backends\base\base.py", line 256, in connect
    self.connection = self.get_new_connection(conn_params)
                      ~~~~~~~~~~~~~~~~~~~~~~~^^^^^^^^^^^^^
  File "C:\Users\donan\Desktop\POS-PROJECT\ADMIN WEB\env_boutique\Lib\site-packages\django\utils\asyncio.py", line 26, in inner
    return func(*args, **kwargs)
  File "C:\Users\donan\Desktop\POS-PROJECT\ADMIN WEB\env_boutique\Lib\site-packages\django\db\backends\postgresql\base.py", line 332, in get_new_connection
    connection = self.Database.connect(**conn_params)
  File "C:\Users\donan\Desktop\POS-PROJECT\ADMIN WEB\env_boutique\Lib\site-packages\psycopg2\__init__.py", line 135, in connect
    conn = _connect(dsn, connection_factory=connection_factory, **kwasync)
django.db.utils.OperationalError: connection to server at "aws-1-eu-west-1.pooler.supabase.com" (54.247.26.119), port 5432 failed: FATAL:  MaxClientsInSessionMode: max clients reached - in Session mode max clients are limited to pool_size

ERROR 2026-02-11 15:49:10,103 basehttp "GET /api/requests/ HTTP/1.1" 500 242715
ERROR 2026-02-11 15:49:12,136 log Internal Server Error: /api/categories/
Traceback (most recent call last):
  File "C:\Users\donan\Desktop\POS-PROJECT\ADMIN WEB\env_boutique\Lib\site-packages\django\db\backends\base\base.py", line 279, in ensure_connection
    self.connect()
    ~~~~~~~~~~~~^^
  File "C:\Users\donan\Desktop\POS-PROJECT\ADMIN WEB\env_boutique\Lib\site-packages\django\utils\asyncio.py", line 26, in inner
    return func(*args, **kwargs)
  File "C:\Users\donan\Desktop\POS-PROJECT\ADMIN WEB\env_boutique\Lib\site-packages\django\db\backends\base\base.py", line 256, in connect
    self.connection = self.get_new_connection(conn_params)
                      ~~~~~~~~~~~~~~~~~~~~~~~^^^^^^^^^^^^^
  File "C:\Users\donan\Desktop\POS-PROJECT\ADMIN WEB\env_boutique\Lib\site-packages\django\utils\asyncio.py", line 26, in inner
    return func(*args, **kwargs)
  File "C:\Users\donan\Desktop\POS-PROJECT\ADMIN WEB\env_boutique\Lib\site-packages\django\db\backends\postgresql\base.py", line 332, in get_new_connection
    connection = self.Database.connect(**conn_params)
  File "C:\Users\donan\Desktop\POS-PROJECT\ADMIN WEB\env_boutique\Lib\site-packages\psycopg2\__init__.py", line 135, in connect
    conn = _connect(dsn, connection_factory=connection_factory, **kwasync)
psycopg2.OperationalError: connection to server at "aws-1-eu-west-1.pooler.supabase.com" (54.247.26.119), port 5432 failed: FATAL:  MaxClientsInSessionMode: max clients reached - in Session mode max clients are limited to pool_size


The above exception was the direct cause of the following exception:

Traceback (most recent call last):
  File "C:\Users\donan\Desktop\POS-PROJECT\ADMIN WEB\env_boutique\Lib\site-packages\django\core\handlers\exception.py", line 55, in inner
    response = get_response(request)
  File "C:\Users\donan\Desktop\POS-PROJECT\ADMIN WEB\env_boutique\Lib\site-packages\django\core\handlers\base.py", line 197, in _get_response
    response = wrapped_callback(request, *callback_args, **callback_kwargs)
  File "C:\Users\donan\Desktop\POS-PROJECT\ADMIN WEB\env_boutique\Lib\site-packages\django\views\decorators\csrf.py", line 65, in _view_wrapper
    return view_func(request, *args, **kwargs)
  File "C:\Users\donan\Desktop\POS-PROJECT\ADMIN WEB\env_boutique\Lib\site-packages\rest_framework\viewsets.py", line 125, in view
    return self.dispatch(request, *args, **kwargs)
           ~~~~~~~~~~~~~^^^^^^^^^^^^^^^^^^^^^^^^^^
  File "C:\Users\donan\Desktop\POS-PROJECT\ADMIN WEB\env_boutique\Lib\site-packages\rest_framework\views.py", line 515, in dispatch
    response = self.handle_exception(exc)
  File "C:\Users\donan\Desktop\POS-PROJECT\ADMIN WEB\env_boutique\Lib\site-packages\rest_framework\views.py", line 475, in handle_exception
    self.raise_uncaught_exception(exc)
    ~~~~~~~~~~~~~~~~~~~~~~~~~~~~~^^^^^
  File "C:\Users\donan\Desktop\POS-PROJECT\ADMIN WEB\env_boutique\Lib\site-packages\rest_framework\views.py", line 486, in raise_uncaught_exception
    raise exc
  File "C:\Users\donan\Desktop\POS-PROJECT\ADMIN WEB\env_boutique\Lib\site-packages\rest_framework\views.py", line 503, in dispatch
    self.initial(request, *args, **kwargs)
    ~~~~~~~~~~~~^^^^^^^^^^^^^^^^^^^^^^^^^^
  File "C:\Users\donan\Desktop\POS-PROJECT\ADMIN WEB\env_boutique\Lib\site-packages\rest_framework\views.py", line 420, in initial
    self.perform_authentication(request)
    ~~~~~~~~~~~~~~~~~~~~~~~~~~~^^^^^^^^^
  File "C:\Users\donan\Desktop\POS-PROJECT\ADMIN WEB\env_boutique\Lib\site-packages\rest_framework\views.py", line 330, in perform_authentication
    request.user
  File "C:\Users\donan\Desktop\POS-PROJECT\ADMIN WEB\env_boutique\Lib\site-packages\rest_framework\request.py", line 232, in user
    self._authenticate()
    ~~~~~~~~~~~~~~~~~~^^
  File "C:\Users\donan\Desktop\POS-PROJECT\ADMIN WEB\env_boutique\Lib\site-packages\rest_framework\request.py", line 385, in _authenticate
    user_auth_tuple = authenticator.authenticate(self)
  File "C:\Users\donan\Desktop\POS-PROJECT\ADMIN WEB\env_boutique\Lib\site-packages\rest_framework_simplejwt\authentication.py", line 51, in authenticate
    return self.get_user(validated_token), validated_token
           ~~~~~~~~~~~~~^^^^^^^^^^^^^^^^^
  File "C:\Users\donan\Desktop\POS-PROJECT\ADMIN WEB\env_boutique\Lib\site-packages\rest_framework_simplejwt\authentication.py", line 132, in get_user
    user = self.user_model.objects.get(**{api_settings.USER_ID_FIELD: user_id})
  File "C:\Users\donan\Desktop\POS-PROJECT\ADMIN WEB\env_boutique\Lib\site-packages\django\db\models\manager.py", line 87, in manager_method
    return getattr(self.get_queryset(), name)(*args, **kwargs)
           ~~~~~~~~~~~~~~~~~~~~~~~~~~~~~~~~~~^^^^^^^^^^^^^^^^^
  File "C:\Users\donan\Desktop\POS-PROJECT\ADMIN WEB\env_boutique\Lib\site-packages\django\db\models\query.py", line 629, in get
    num = len(clone)
  File "C:\Users\donan\Desktop\POS-PROJECT\ADMIN WEB\env_boutique\Lib\site-packages\django\db\models\query.py", line 366, in __len__
    self._fetch_all()
    ~~~~~~~~~~~~~~~^^
  File "C:\Users\donan\Desktop\POS-PROJECT\ADMIN WEB\env_boutique\Lib\site-packages\django\db\models\query.py", line 1949, in _fetch_all
    self._result_cache = list(self._iterable_class(self))
                         ~~~~^^^^^^^^^^^^^^^^^^^^^^^^^^^^
  File "C:\Users\donan\Desktop\POS-PROJECT\ADMIN WEB\env_boutique\Lib\site-packages\django\db\models\query.py", line 91, in __iter__
    results = compiler.execute_sql(
        chunked_fetch=self.chunked_fetch, chunk_size=self.chunk_size
    )
  File "C:\Users\donan\Desktop\POS-PROJECT\ADMIN WEB\env_boutique\Lib\site-packages\django\db\models\sql\compiler.py", line 1621, in execute_sql
    cursor = self.connection.cursor()
  File "C:\Users\donan\Desktop\POS-PROJECT\ADMIN WEB\env_boutique\Lib\site-packages\django\utils\asyncio.py", line 26, in inner
    return func(*args, **kwargs)
  File "C:\Users\donan\Desktop\POS-PROJECT\ADMIN WEB\env_boutique\Lib\site-packages\django\db\backends\base\base.py", line 320, in cursor
    return self._cursor()
           ~~~~~~~~~~~~^^
  File "C:\Users\donan\Desktop\POS-PROJECT\ADMIN WEB\env_boutique\Lib\site-packages\django\db\backends\base\base.py", line 296, in _cursor
    self.ensure_connection()
    ~~~~~~~~~~~~~~~~~~~~~~^^
  File "C:\Users\donan\Desktop\POS-PROJECT\ADMIN WEB\env_boutique\Lib\site-packages\django\utils\asyncio.py", line 26, in inner
    return func(*args, **kwargs)
  File "C:\Users\donan\Desktop\POS-PROJECT\ADMIN WEB\env_boutique\Lib\site-packages\django\db\backends\base\base.py", line 278, in ensure_connection
    with self.wrap_database_errors:
         ^^^^^^^^^^^^^^^^^^^^^^^^^
  File "C:\Users\donan\Desktop\POS-PROJECT\ADMIN WEB\env_boutique\Lib\site-packages\django\db\utils.py", line 91, in __exit__
    raise dj_exc_value.with_traceback(traceback) from exc_value
  File "C:\Users\donan\Desktop\POS-PROJECT\ADMIN WEB\env_boutique\Lib\site-packages\django\db\backends\base\base.py", line 279, in ensure_connection
    self.connect()
    ~~~~~~~~~~~~^^
  File "C:\Users\donan\Desktop\POS-PROJECT\ADMIN WEB\env_boutique\Lib\site-packages\django\utils\asyncio.py", line 26, in inner
    return func(*args, **kwargs)
  File "C:\Users\donan\Desktop\POS-PROJECT\ADMIN WEB\env_boutique\Lib\site-packages\django\db\backends\base\base.py", line 256, in connect
    self.connection = self.get_new_connection(conn_params)
                      ~~~~~~~~~~~~~~~~~~~~~~~^^^^^^^^^^^^^
  File "C:\Users\donan\Desktop\POS-PROJECT\ADMIN WEB\env_boutique\Lib\site-packages\django\utils\asyncio.py", line 26, in inner
    return func(*args, **kwargs)
  File "C:\Users\donan\Desktop\POS-PROJECT\ADMIN WEB\env_boutique\Lib\site-packages\django\db\backends\postgresql\base.py", line 332, in get_new_connection
    connection = self.Database.connect(**conn_params)
  File "C:\Users\donan\Desktop\POS-PROJECT\ADMIN WEB\env_boutique\Lib\site-packages\psycopg2\__init__.py", line 135, in connect
    conn = _connect(dsn, connection_factory=connection_factory, **kwasync)
django.db.utils.OperationalError: connection to server at "aws-1-eu-west-1.pooler.supabase.com" (54.247.26.119), port 5432 failed: FATAL:  MaxClientsInSessionMode: max clients reached - in Session mode max clients are limited to pool_size

ERROR 2026-02-11 15:49:12,144 basehttp "GET /api/categories/ HTTP/1.1" 500 243548
ERROR 2026-02-11 15:49:12,433 log Internal Server Error: /api/product-brands/
Traceback (most recent call last):
  File "C:\Users\donan\Desktop\POS-PROJECT\ADMIN WEB\env_boutique\Lib\site-packages\django\db\backends\base\base.py", line 279, in ensure_connection
    self.connect()
    ~~~~~~~~~~~~^^
  File "C:\Users\donan\Desktop\POS-PROJECT\ADMIN WEB\env_boutique\Lib\site-packages\django\utils\asyncio.py", line 26, in inner
    return func(*args, **kwargs)
  File "C:\Users\donan\Desktop\POS-PROJECT\ADMIN WEB\env_boutique\Lib\site-packages\django\db\backends\base\base.py", line 256, in connect
    self.connection = self.get_new_connection(conn_params)
                      ~~~~~~~~~~~~~~~~~~~~~~~^^^^^^^^^^^^^
  File "C:\Users\donan\Desktop\POS-PROJECT\ADMIN WEB\env_boutique\Lib\site-packages\django\utils\asyncio.py", line 26, in inner
    return func(*args, **kwargs)
  File "C:\Users\donan\Desktop\POS-PROJECT\ADMIN WEB\env_boutique\Lib\site-packages\django\db\backends\postgresql\base.py", line 332, in get_new_connection
    connection = self.Database.connect(**conn_params)
  File "C:\Users\donan\Desktop\POS-PROJECT\ADMIN WEB\env_boutique\Lib\site-packages\psycopg2\__init__.py", line 135, in connect
    conn = _connect(dsn, connection_factory=connection_factory, **kwasync)
psycopg2.OperationalError: connection to server at "aws-1-eu-west-1.pooler.supabase.com" (54.247.26.119), port 5432 failed: FATAL:  MaxClientsInSessionMode: max clients reached - in Session mode max clients are limited to pool_size


The above exception was the direct cause of the following exception:

Traceback (most recent call last):
  File "C:\Users\donan\Desktop\POS-PROJECT\ADMIN WEB\env_boutique\Lib\site-packages\django\core\handlers\exception.py", line 55, in inner
    response = get_response(request)
  File "C:\Users\donan\Desktop\POS-PROJECT\ADMIN WEB\env_boutique\Lib\site-packages\django\core\handlers\base.py", line 197, in _get_response
    response = wrapped_callback(request, *callback_args, **callback_kwargs)
  File "C:\Users\donan\Desktop\POS-PROJECT\ADMIN WEB\env_boutique\Lib\site-packages\django\views\decorators\csrf.py", line 65, in _view_wrapper
    return view_func(request, *args, **kwargs)
  File "C:\Users\donan\Desktop\POS-PROJECT\ADMIN WEB\env_boutique\Lib\site-packages\rest_framework\viewsets.py", line 125, in view
    return self.dispatch(request, *args, **kwargs)
           ~~~~~~~~~~~~~^^^^^^^^^^^^^^^^^^^^^^^^^^
  File "C:\Users\donan\Desktop\POS-PROJECT\ADMIN WEB\env_boutique\Lib\site-packages\rest_framework\views.py", line 515, in dispatch
    response = self.handle_exception(exc)
  File "C:\Users\donan\Desktop\POS-PROJECT\ADMIN WEB\env_boutique\Lib\site-packages\rest_framework\views.py", line 475, in handle_exception
    self.raise_uncaught_exception(exc)
    ~~~~~~~~~~~~~~~~~~~~~~~~~~~~~^^^^^
  File "C:\Users\donan\Desktop\POS-PROJECT\ADMIN WEB\env_boutique\Lib\site-packages\rest_framework\views.py", line 486, in raise_uncaught_exception
    raise exc
  File "C:\Users\donan\Desktop\POS-PROJECT\ADMIN WEB\env_boutique\Lib\site-packages\rest_framework\views.py", line 503, in dispatch
    self.initial(request, *args, **kwargs)
    ~~~~~~~~~~~~^^^^^^^^^^^^^^^^^^^^^^^^^^
  File "C:\Users\donan\Desktop\POS-PROJECT\ADMIN WEB\env_boutique\Lib\site-packages\rest_framework\views.py", line 420, in initial
    self.perform_authentication(request)
    ~~~~~~~~~~~~~~~~~~~~~~~~~~~^^^^^^^^^
  File "C:\Users\donan\Desktop\POS-PROJECT\ADMIN WEB\env_boutique\Lib\site-packages\rest_framework\views.py", line 330, in perform_authentication
    request.user
  File "C:\Users\donan\Desktop\POS-PROJECT\ADMIN WEB\env_boutique\Lib\site-packages\rest_framework\request.py", line 232, in user
    self._authenticate()
    ~~~~~~~~~~~~~~~~~~^^
  File "C:\Users\donan\Desktop\POS-PROJECT\ADMIN WEB\env_boutique\Lib\site-packages\rest_framework\request.py", line 385, in _authenticate
    user_auth_tuple = authenticator.authenticate(self)
  File "C:\Users\donan\Desktop\POS-PROJECT\ADMIN WEB\env_boutique\Lib\site-packages\rest_framework_simplejwt\authentication.py", line 51, in authenticate
    return self.get_user(validated_token), validated_token
           ~~~~~~~~~~~~~^^^^^^^^^^^^^^^^^
  File "C:\Users\donan\Desktop\POS-PROJECT\ADMIN WEB\env_boutique\Lib\site-packages\rest_framework_simplejwt\authentication.py", line 132, in get_user
    user = self.user_model.objects.get(**{api_settings.USER_ID_FIELD: user_id})
  File "C:\Users\donan\Desktop\POS-PROJECT\ADMIN WEB\env_boutique\Lib\site-packages\django\db\models\manager.py", line 87, in manager_method
    return getattr(self.get_queryset(), name)(*args, **kwargs)
           ~~~~~~~~~~~~~~~~~~~~~~~~~~~~~~~~~~^^^^^^^^^^^^^^^^^
  File "C:\Users\donan\Desktop\POS-PROJECT\ADMIN WEB\env_boutique\Lib\site-packages\django\db\models\query.py", line 629, in get
    num = len(clone)
  File "C:\Users\donan\Desktop\POS-PROJECT\ADMIN WEB\env_boutique\Lib\site-packages\django\db\models\query.py", line 366, in __len__
    self._fetch_all()
    ~~~~~~~~~~~~~~~^^
  File "C:\Users\donan\Desktop\POS-PROJECT\ADMIN WEB\env_boutique\Lib\site-packages\django\db\models\query.py", line 1949, in _fetch_all
    self._result_cache = list(self._iterable_class(self))
                         ~~~~^^^^^^^^^^^^^^^^^^^^^^^^^^^^
  File "C:\Users\donan\Desktop\POS-PROJECT\ADMIN WEB\env_boutique\Lib\site-packages\django\db\models\query.py", line 91, in __iter__
    results = compiler.execute_sql(
        chunked_fetch=self.chunked_fetch, chunk_size=self.chunk_size
    )
  File "C:\Users\donan\Desktop\POS-PROJECT\ADMIN WEB\env_boutique\Lib\site-packages\django\db\models\sql\compiler.py", line 1621, in execute_sql
    cursor = self.connection.cursor()
  File "C:\Users\donan\Desktop\POS-PROJECT\ADMIN WEB\env_boutique\Lib\site-packages\django\utils\asyncio.py", line 26, in inner
    return func(*args, **kwargs)
  File "C:\Users\donan\Desktop\POS-PROJECT\ADMIN WEB\env_boutique\Lib\site-packages\django\db\backends\base\base.py", line 320, in cursor
    return self._cursor()
           ~~~~~~~~~~~~^^
  File "C:\Users\donan\Desktop\POS-PROJECT\ADMIN WEB\env_boutique\Lib\site-packages\django\db\backends\base\base.py", line 296, in _cursor
    self.ensure_connection()
    ~~~~~~~~~~~~~~~~~~~~~~^^
  File "C:\Users\donan\Desktop\POS-PROJECT\ADMIN WEB\env_boutique\Lib\site-packages\django\utils\asyncio.py", line 26, in inner
    return func(*args, **kwargs)
  File "C:\Users\donan\Desktop\POS-PROJECT\ADMIN WEB\env_boutique\Lib\site-packages\django\db\backends\base\base.py", line 278, in ensure_connection
    with self.wrap_database_errors:
         ^^^^^^^^^^^^^^^^^^^^^^^^^
  File "C:\Users\donan\Desktop\POS-PROJECT\ADMIN WEB\env_boutique\Lib\site-packages\django\db\utils.py", line 91, in __exit__
    raise dj_exc_value.with_traceback(traceback) from exc_value
  File "C:\Users\donan\Desktop\POS-PROJECT\ADMIN WEB\env_boutique\Lib\site-packages\django\db\backends\base\base.py", line 279, in ensure_connection
    self.connect()
    ~~~~~~~~~~~~^^
  File "C:\Users\donan\Desktop\POS-PROJECT\ADMIN WEB\env_boutique\Lib\site-packages\django\utils\asyncio.py", line 26, in inner
    return func(*args, **kwargs)
  File "C:\Users\donan\Desktop\POS-PROJECT\ADMIN WEB\env_boutique\Lib\site-packages\django\db\backends\base\base.py", line 256, in connect
    self.connection = self.get_new_connection(conn_params)
                      ~~~~~~~~~~~~~~~~~~~~~~~^^^^^^^^^^^^^
  File "C:\Users\donan\Desktop\POS-PROJECT\ADMIN WEB\env_boutique\Lib\site-packages\django\utils\asyncio.py", line 26, in inner
    return func(*args, **kwargs)
  File "C:\Users\donan\Desktop\POS-PROJECT\ADMIN WEB\env_boutique\Lib\site-packages\django\db\backends\postgresql\base.py", line 332, in get_new_connection
    connection = self.Database.connect(**conn_params)
  File "C:\Users\donan\Desktop\POS-PROJECT\ADMIN WEB\env_boutique\Lib\site-packages\psycopg2\__init__.py", line 135, in connect
    conn = _connect(dsn, connection_factory=connection_factory, **kwasync)
django.db.utils.OperationalError: connection to server at "aws-1-eu-west-1.pooler.supabase.com" (54.247.26.119), port 5432 failed: FATAL:  MaxClientsInSessionMode: max clients reached - in Session mode max clients are limited to pool_size

ERROR 2026-02-11 15:49:12,440 basehttp "GET /api/product-brands/ HTTP/1.1" 500 243590
ERROR 2026-02-11 15:49:12,481 log Internal Server Error: /api/suppliers/
Traceback (most recent call last):
  File "C:\Users\donan\Desktop\POS-PROJECT\ADMIN WEB\env_boutique\Lib\site-packages\django\db\backends\base\base.py", line 279, in ensure_connection
    self.connect()
    ~~~~~~~~~~~~^^
  File "C:\Users\donan\Desktop\POS-PROJECT\ADMIN WEB\env_boutique\Lib\site-packages\django\utils\asyncio.py", line 26, in inner
    return func(*args, **kwargs)
  File "C:\Users\donan\Desktop\POS-PROJECT\ADMIN WEB\env_boutique\Lib\site-packages\django\db\backends\base\base.py", line 256, in connect
    self.connection = self.get_new_connection(conn_params)
                      ~~~~~~~~~~~~~~~~~~~~~~~^^^^^^^^^^^^^
  File "C:\Users\donan\Desktop\POS-PROJECT\ADMIN WEB\env_boutique\Lib\site-packages\django\utils\asyncio.py", line 26, in inner
    return func(*args, **kwargs)
  File "C:\Users\donan\Desktop\POS-PROJECT\ADMIN WEB\env_boutique\Lib\site-packages\django\db\backends\postgresql\base.py", line 332, in get_new_connection
    connection = self.Database.connect(**conn_params)
  File "C:\Users\donan\Desktop\POS-PROJECT\ADMIN WEB\env_boutique\Lib\site-packages\psycopg2\__init__.py", line 135, in connect
    conn = _connect(dsn, connection_factory=connection_factory, **kwasync)
psycopg2.OperationalError: connection to server at "aws-1-eu-west-1.pooler.supabase.com" (54.247.26.119), port 5432 failed: FATAL:  MaxClientsInSessionMode: max clients reached - in Session mode max clients are limited to pool_size


The above exception was the direct cause of the following exception:

Traceback (most recent call last):
  File "C:\Users\donan\Desktop\POS-PROJECT\ADMIN WEB\env_boutique\Lib\site-packages\django\core\handlers\exception.py", line 55, in inner
    response = get_response(request)
  File "C:\Users\donan\Desktop\POS-PROJECT\ADMIN WEB\env_boutique\Lib\site-packages\django\core\handlers\base.py", line 197, in _get_response
    response = wrapped_callback(request, *callback_args, **callback_kwargs)
  File "C:\Users\donan\Desktop\POS-PROJECT\ADMIN WEB\env_boutique\Lib\site-packages\django\views\decorators\csrf.py", line 65, in _view_wrapper
    return view_func(request, *args, **kwargs)
  File "C:\Users\donan\Desktop\POS-PROJECT\ADMIN WEB\env_boutique\Lib\site-packages\rest_framework\viewsets.py", line 125, in view
    return self.dispatch(request, *args, **kwargs)
           ~~~~~~~~~~~~~^^^^^^^^^^^^^^^^^^^^^^^^^^
  File "C:\Users\donan\Desktop\POS-PROJECT\ADMIN WEB\env_boutique\Lib\site-packages\rest_framework\views.py", line 515, in dispatch
    response = self.handle_exception(exc)
  File "C:\Users\donan\Desktop\POS-PROJECT\ADMIN WEB\env_boutique\Lib\site-packages\rest_framework\views.py", line 475, in handle_exception
    self.raise_uncaught_exception(exc)
    ~~~~~~~~~~~~~~~~~~~~~~~~~~~~~^^^^^
  File "C:\Users\donan\Desktop\POS-PROJECT\ADMIN WEB\env_boutique\Lib\site-packages\rest_framework\views.py", line 486, in raise_uncaught_exception
    raise exc
  File "C:\Users\donan\Desktop\POS-PROJECT\ADMIN WEB\env_boutique\Lib\site-packages\rest_framework\views.py", line 503, in dispatch
    self.initial(request, *args, **kwargs)
    ~~~~~~~~~~~~^^^^^^^^^^^^^^^^^^^^^^^^^^
  File "C:\Users\donan\Desktop\POS-PROJECT\ADMIN WEB\env_boutique\Lib\site-packages\rest_framework\views.py", line 420, in initial
    self.perform_authentication(request)
    ~~~~~~~~~~~~~~~~~~~~~~~~~~~^^^^^^^^^
  File "C:\Users\donan\Desktop\POS-PROJECT\ADMIN WEB\env_boutique\Lib\site-packages\rest_framework\views.py", line 330, in perform_authentication
    request.user
  File "C:\Users\donan\Desktop\POS-PROJECT\ADMIN WEB\env_boutique\Lib\site-packages\rest_framework\request.py", line 232, in user
    self._authenticate()
    ~~~~~~~~~~~~~~~~~~^^
  File "C:\Users\donan\Desktop\POS-PROJECT\ADMIN WEB\env_boutique\Lib\site-packages\rest_framework\request.py", line 385, in _authenticate
    user_auth_tuple = authenticator.authenticate(self)
  File "C:\Users\donan\Desktop\POS-PROJECT\ADMIN WEB\env_boutique\Lib\site-packages\rest_framework_simplejwt\authentication.py", line 51, in authenticate
    return self.get_user(validated_token), validated_token
           ~~~~~~~~~~~~~^^^^^^^^^^^^^^^^^
  File "C:\Users\donan\Desktop\POS-PROJECT\ADMIN WEB\env_boutique\Lib\site-packages\rest_framework_simplejwt\authentication.py", line 132, in get_user
    user = self.user_model.objects.get(**{api_settings.USER_ID_FIELD: user_id})
  File "C:\Users\donan\Desktop\POS-PROJECT\ADMIN WEB\env_boutique\Lib\site-packages\django\db\models\manager.py", line 87, in manager_method
    return getattr(self.get_queryset(), name)(*args, **kwargs)
           ~~~~~~~~~~~~~~~~~~~~~~~~~~~~~~~~~~^^^^^^^^^^^^^^^^^
  File "C:\Users\donan\Desktop\POS-PROJECT\ADMIN WEB\env_boutique\Lib\site-packages\django\db\models\query.py", line 629, in get
    num = len(clone)
  File "C:\Users\donan\Desktop\POS-PROJECT\ADMIN WEB\env_boutique\Lib\site-packages\django\db\models\query.py", line 366, in __len__
    self._fetch_all()
    ~~~~~~~~~~~~~~~^^
  File "C:\Users\donan\Desktop\POS-PROJECT\ADMIN WEB\env_boutique\Lib\site-packages\django\db\models\query.py", line 1949, in _fetch_all
    self._result_cache = list(self._iterable_class(self))
                         ~~~~^^^^^^^^^^^^^^^^^^^^^^^^^^^^
  File "C:\Users\donan\Desktop\POS-PROJECT\ADMIN WEB\env_boutique\Lib\site-packages\django\db\models\query.py", line 91, in __iter__
    results = compiler.execute_sql(
        chunked_fetch=self.chunked_fetch, chunk_size=self.chunk_size
    )
  File "C:\Users\donan\Desktop\POS-PROJECT\ADMIN WEB\env_boutique\Lib\site-packages\django\db\models\sql\compiler.py", line 1621, in execute_sql
    cursor = self.connection.cursor()
  File "C:\Users\donan\Desktop\POS-PROJECT\ADMIN WEB\env_boutique\Lib\site-packages\django\utils\asyncio.py", line 26, in inner
    return func(*args, **kwargs)
  File "C:\Users\donan\Desktop\POS-PROJECT\ADMIN WEB\env_boutique\Lib\site-packages\django\db\backends\base\base.py", line 320, in cursor
    return self._cursor()
           ~~~~~~~~~~~~^^
  File "C:\Users\donan\Desktop\POS-PROJECT\ADMIN WEB\env_boutique\Lib\site-packages\django\db\backends\base\base.py", line 296, in _cursor
    self.ensure_connection()
    ~~~~~~~~~~~~~~~~~~~~~~^^
  File "C:\Users\donan\Desktop\POS-PROJECT\ADMIN WEB\env_boutique\Lib\site-packages\django\utils\asyncio.py", line 26, in inner
    return func(*args, **kwargs)
  File "C:\Users\donan\Desktop\POS-PROJECT\ADMIN WEB\env_boutique\Lib\site-packages\django\db\backends\base\base.py", line 278, in ensure_connection
    with self.wrap_database_errors:
         ^^^^^^^^^^^^^^^^^^^^^^^^^
  File "C:\Users\donan\Desktop\POS-PROJECT\ADMIN WEB\env_boutique\Lib\site-packages\django\db\utils.py", line 91, in __exit__
    raise dj_exc_value.with_traceback(traceback) from exc_value
  File "C:\Users\donan\Desktop\POS-PROJECT\ADMIN WEB\env_boutique\Lib\site-packages\django\db\backends\base\base.py", line 279, in ensure_connection
    self.connect()
    ~~~~~~~~~~~~^^
  File "C:\Users\donan\Desktop\POS-PROJECT\ADMIN WEB\env_boutique\Lib\site-packages\django\utils\asyncio.py", line 26, in inner
    return func(*args, **kwargs)
  File "C:\Users\donan\Desktop\POS-PROJECT\ADMIN WEB\env_boutique\Lib\site-packages\django\db\backends\base\base.py", line 256, in connect
    self.connection = self.get_new_connection(conn_params)
                      ~~~~~~~~~~~~~~~~~~~~~~~^^^^^^^^^^^^^
  File "C:\Users\donan\Desktop\POS-PROJECT\ADMIN WEB\env_boutique\Lib\site-packages\django\utils\asyncio.py", line 26, in inner
    return func(*args, **kwargs)
  File "C:\Users\donan\Desktop\POS-PROJECT\ADMIN WEB\env_boutique\Lib\site-packages\django\db\backends\postgresql\base.py", line 332, in get_new_connection
    connection = self.Database.connect(**conn_params)
  File "C:\Users\donan\Desktop\POS-PROJECT\ADMIN WEB\env_boutique\Lib\site-packages\psycopg2\__init__.py", line 135, in connect
    conn = _connect(dsn, connection_factory=connection_factory, **kwasync)
django.db.utils.OperationalError: connection to server at "aws-1-eu-west-1.pooler.supabase.com" (54.247.26.119), port 5432 failed: FATAL:  MaxClientsInSessionMode: max clients reached - in Session mode max clients are limited to pool_size

ERROR 2026-02-11 15:49:12,488 basehttp "GET /api/suppliers/ HTTP/1.1" 500 243429
ERROR 2026-02-11 15:49:14,157 log Internal Server Error: /api/products/
Traceback (most recent call last):
  File "C:\Users\donan\Desktop\POS-PROJECT\ADMIN WEB\env_boutique\Lib\site-packages\django\db\backends\base\base.py", line 279, in ensure_connection
    self.connect()
    ~~~~~~~~~~~~^^
  File "C:\Users\donan\Desktop\POS-PROJECT\ADMIN WEB\env_boutique\Lib\site-packages\django\utils\asyncio.py", line 26, in inner
    return func(*args, **kwargs)
  File "C:\Users\donan\Desktop\POS-PROJECT\ADMIN WEB\env_boutique\Lib\site-packages\django\db\backends\base\base.py", line 256, in connect
    self.connection = self.get_new_connection(conn_params)
                      ~~~~~~~~~~~~~~~~~~~~~~~^^^^^^^^^^^^^
  File "C:\Users\donan\Desktop\POS-PROJECT\ADMIN WEB\env_boutique\Lib\site-packages\django\utils\asyncio.py", line 26, in inner
    return func(*args, **kwargs)
  File "C:\Users\donan\Desktop\POS-PROJECT\ADMIN WEB\env_boutique\Lib\site-packages\django\db\backends\postgresql\base.py", line 332, in get_new_connection
    connection = self.Database.connect(**conn_params)
  File "C:\Users\donan\Desktop\POS-PROJECT\ADMIN WEB\env_boutique\Lib\site-packages\psycopg2\__init__.py", line 135, in connect
    conn = _connect(dsn, connection_factory=connection_factory, **kwasync)
psycopg2.OperationalError: connection to server at "aws-1-eu-west-1.pooler.supabase.com" (54.247.26.119), port 5432 failed: FATAL:  MaxClientsInSessionMode: max clients reached - in Session mode max clients are limited to pool_size


The above exception was the direct cause of the following exception:

Traceback (most recent call last):
  File "C:\Users\donan\Desktop\POS-PROJECT\ADMIN WEB\env_boutique\Lib\site-packages\django\core\handlers\exception.py", line 55, in inner
    response = get_response(request)
  File "C:\Users\donan\Desktop\POS-PROJECT\ADMIN WEB\env_boutique\Lib\site-packages\django\core\handlers\base.py", line 197, in _get_response
    response = wrapped_callback(request, *callback_args, **callback_kwargs)
  File "C:\Users\donan\Desktop\POS-PROJECT\ADMIN WEB\env_boutique\Lib\site-packages\django\views\decorators\csrf.py", line 65, in _view_wrapper
    return view_func(request, *args, **kwargs)
  File "C:\Users\donan\Desktop\POS-PROJECT\ADMIN WEB\env_boutique\Lib\site-packages\rest_framework\viewsets.py", line 125, in view
    return self.dispatch(request, *args, **kwargs)
           ~~~~~~~~~~~~~^^^^^^^^^^^^^^^^^^^^^^^^^^
  File "C:\Users\donan\Desktop\POS-PROJECT\ADMIN WEB\env_boutique\Lib\site-packages\rest_framework\views.py", line 515, in dispatch
    response = self.handle_exception(exc)
  File "C:\Users\donan\Desktop\POS-PROJECT\ADMIN WEB\env_boutique\Lib\site-packages\rest_framework\views.py", line 475, in handle_exception
    self.raise_uncaught_exception(exc)
    ~~~~~~~~~~~~~~~~~~~~~~~~~~~~~^^^^^
  File "C:\Users\donan\Desktop\POS-PROJECT\ADMIN WEB\env_boutique\Lib\site-packages\rest_framework\views.py", line 486, in raise_uncaught_exception
    raise exc
  File "C:\Users\donan\Desktop\POS-PROJECT\ADMIN WEB\env_boutique\Lib\site-packages\rest_framework\views.py", line 503, in dispatch
    self.initial(request, *args, **kwargs)
    ~~~~~~~~~~~~^^^^^^^^^^^^^^^^^^^^^^^^^^
  File "C:\Users\donan\Desktop\POS-PROJECT\ADMIN WEB\env_boutique\Lib\site-packages\rest_framework\views.py", line 420, in initial
    self.perform_authentication(request)
    ~~~~~~~~~~~~~~~~~~~~~~~~~~~^^^^^^^^^
  File "C:\Users\donan\Desktop\POS-PROJECT\ADMIN WEB\env_boutique\Lib\site-packages\rest_framework\views.py", line 330, in perform_authentication
    request.user
  File "C:\Users\donan\Desktop\POS-PROJECT\ADMIN WEB\env_boutique\Lib\site-packages\rest_framework\request.py", line 232, in user
    self._authenticate()
    ~~~~~~~~~~~~~~~~~~^^
  File "C:\Users\donan\Desktop\POS-PROJECT\ADMIN WEB\env_boutique\Lib\site-packages\rest_framework\request.py", line 385, in _authenticate
    user_auth_tuple = authenticator.authenticate(self)
  File "C:\Users\donan\Desktop\POS-PROJECT\ADMIN WEB\env_boutique\Lib\site-packages\rest_framework_simplejwt\authentication.py", line 51, in authenticate
    return self.get_user(validated_token), validated_token
           ~~~~~~~~~~~~~^^^^^^^^^^^^^^^^^
  File "C:\Users\donan\Desktop\POS-PROJECT\ADMIN WEB\env_boutique\Lib\site-packages\rest_framework_simplejwt\authentication.py", line 132, in get_user
    user = self.user_model.objects.get(**{api_settings.USER_ID_FIELD: user_id})
  File "C:\Users\donan\Desktop\POS-PROJECT\ADMIN WEB\env_boutique\Lib\site-packages\django\db\models\manager.py", line 87, in manager_method
    return getattr(self.get_queryset(), name)(*args, **kwargs)
           ~~~~~~~~~~~~~~~~~~~~~~~~~~~~~~~~~~^^^^^^^^^^^^^^^^^
  File "C:\Users\donan\Desktop\POS-PROJECT\ADMIN WEB\env_boutique\Lib\site-packages\django\db\models\query.py", line 629, in get
    num = len(clone)
  File "C:\Users\donan\Desktop\POS-PROJECT\ADMIN WEB\env_boutique\Lib\site-packages\django\db\models\query.py", line 366, in __len__
    self._fetch_all()
    ~~~~~~~~~~~~~~~^^
  File "C:\Users\donan\Desktop\POS-PROJECT\ADMIN WEB\env_boutique\Lib\site-packages\django\db\models\query.py", line 1949, in _fetch_all
    self._result_cache = list(self._iterable_class(self))
                         ~~~~^^^^^^^^^^^^^^^^^^^^^^^^^^^^
  File "C:\Users\donan\Desktop\POS-PROJECT\ADMIN WEB\env_boutique\Lib\site-packages\django\db\models\query.py", line 91, in __iter__
    results = compiler.execute_sql(
        chunked_fetch=self.chunked_fetch, chunk_size=self.chunk_size
    )
  File "C:\Users\donan\Desktop\POS-PROJECT\ADMIN WEB\env_boutique\Lib\site-packages\django\db\models\sql\compiler.py", line 1621, in execute_sql
    cursor = self.connection.cursor()
  File "C:\Users\donan\Desktop\POS-PROJECT\ADMIN WEB\env_boutique\Lib\site-packages\django\utils\asyncio.py", line 26, in inner
    return func(*args, **kwargs)
  File "C:\Users\donan\Desktop\POS-PROJECT\ADMIN WEB\env_boutique\Lib\site-packages\django\db\backends\base\base.py", line 320, in cursor
    return self._cursor()
           ~~~~~~~~~~~~^^
  File "C:\Users\donan\Desktop\POS-PROJECT\ADMIN WEB\env_boutique\Lib\site-packages\django\db\backends\base\base.py", line 296, in _cursor
    self.ensure_connection()
    ~~~~~~~~~~~~~~~~~~~~~~^^
  File "C:\Users\donan\Desktop\POS-PROJECT\ADMIN WEB\env_boutique\Lib\site-packages\django\utils\asyncio.py", line 26, in inner
    return func(*args, **kwargs)
  File "C:\Users\donan\Desktop\POS-PROJECT\ADMIN WEB\env_boutique\Lib\site-packages\django\db\backends\base\base.py", line 278, in ensure_connection
    with self.wrap_database_errors:
         ^^^^^^^^^^^^^^^^^^^^^^^^^
  File "C:\Users\donan\Desktop\POS-PROJECT\ADMIN WEB\env_boutique\Lib\site-packages\django\db\utils.py", line 91, in __exit__
    raise dj_exc_value.with_traceback(traceback) from exc_value
  File "C:\Users\donan\Desktop\POS-PROJECT\ADMIN WEB\env_boutique\Lib\site-packages\django\db\backends\base\base.py", line 279, in ensure_connection
    self.connect()
    ~~~~~~~~~~~~^^
  File "C:\Users\donan\Desktop\POS-PROJECT\ADMIN WEB\env_boutique\Lib\site-packages\django\utils\asyncio.py", line 26, in inner
    return func(*args, **kwargs)
  File "C:\Users\donan\Desktop\POS-PROJECT\ADMIN WEB\env_boutique\Lib\site-packages\django\db\backends\base\base.py", line 256, in connect
    self.connection = self.get_new_connection(conn_params)
                      ~~~~~~~~~~~~~~~~~~~~~~~^^^^^^^^^^^^^
  File "C:\Users\donan\Desktop\POS-PROJECT\ADMIN WEB\env_boutique\Lib\site-packages\django\utils\asyncio.py", line 26, in inner
    return func(*args, **kwargs)
  File "C:\Users\donan\Desktop\POS-PROJECT\ADMIN WEB\env_boutique\Lib\site-packages\django\db\backends\postgresql\base.py", line 332, in get_new_connection
    connection = self.Database.connect(**conn_params)
  File "C:\Users\donan\Desktop\POS-PROJECT\ADMIN WEB\env_boutique\Lib\site-packages\psycopg2\__init__.py", line 135, in connect
    conn = _connect(dsn, connection_factory=connection_factory, **kwasync)
django.db.utils.OperationalError: connection to server at "aws-1-eu-west-1.pooler.supabase.com" (54.247.26.119), port 5432 failed: FATAL:  MaxClientsInSessionMode: max clients reached - in Session mode max clients are limited to pool_size

ERROR 2026-02-11 15:49:14,168 basehttp "GET /api/products/ HTTP/1.1" 500 243394
ERROR 2026-02-11 15:49:14,464 log Internal Server Error: /api/requests/
Traceback (most recent call last):
  File "C:\Users\donan\Desktop\POS-PROJECT\ADMIN WEB\env_boutique\Lib\site-packages\django\db\backends\base\base.py", line 279, in ensure_connection
    self.connect()
    ~~~~~~~~~~~~^^
  File "C:\Users\donan\Desktop\POS-PROJECT\ADMIN WEB\env_boutique\Lib\site-packages\django\utils\asyncio.py", line 26, in inner
    return func(*args, **kwargs)
  File "C:\Users\donan\Desktop\POS-PROJECT\ADMIN WEB\env_boutique\Lib\site-packages\django\db\backends\base\base.py", line 256, in connect
    self.connection = self.get_new_connection(conn_params)
                      ~~~~~~~~~~~~~~~~~~~~~~~^^^^^^^^^^^^^
  File "C:\Users\donan\Desktop\POS-PROJECT\ADMIN WEB\env_boutique\Lib\site-packages\django\utils\asyncio.py", line 26, in inner
    return func(*args, **kwargs)
  File "C:\Users\donan\Desktop\POS-PROJECT\ADMIN WEB\env_boutique\Lib\site-packages\django\db\backends\postgresql\base.py", line 332, in get_new_connection
    connection = self.Database.connect(**conn_params)
  File "C:\Users\donan\Desktop\POS-PROJECT\ADMIN WEB\env_boutique\Lib\site-packages\psycopg2\__init__.py", line 135, in connect
    conn = _connect(dsn, connection_factory=connection_factory, **kwasync)
psycopg2.OperationalError: connection to server at "aws-1-eu-west-1.pooler.supabase.com" (54.247.26.119), port 5432 failed: FATAL:  MaxClientsInSessionMode: max clients reached - in Session mode max clients are limited to pool_size


The above exception was the direct cause of the following exception:

Traceback (most recent call last):
  File "C:\Users\donan\Desktop\POS-PROJECT\ADMIN WEB\env_boutique\Lib\site-packages\django\core\handlers\exception.py", line 55, in inner
    response = get_response(request)
  File "C:\Users\donan\Desktop\POS-PROJECT\ADMIN WEB\env_boutique\Lib\site-packages\django\core\handlers\base.py", line 197, in _get_response
    response = wrapped_callback(request, *callback_args, **callback_kwargs)
  File "C:\Users\donan\Desktop\POS-PROJECT\ADMIN WEB\env_boutique\Lib\site-packages\django\views\decorators\csrf.py", line 65, in _view_wrapper
    return view_func(request, *args, **kwargs)
  File "C:\Users\donan\Desktop\POS-PROJECT\ADMIN WEB\env_boutique\Lib\site-packages\django\views\generic\base.py", line 105, in view
    return self.dispatch(request, *args, **kwargs)
           ~~~~~~~~~~~~~^^^^^^^^^^^^^^^^^^^^^^^^^^
  File "C:\Users\donan\Desktop\POS-PROJECT\ADMIN WEB\env_boutique\Lib\site-packages\rest_framework\views.py", line 515, in dispatch
    response = self.handle_exception(exc)
  File "C:\Users\donan\Desktop\POS-PROJECT\ADMIN WEB\env_boutique\Lib\site-packages\rest_framework\views.py", line 475, in handle_exception
    self.raise_uncaught_exception(exc)
    ~~~~~~~~~~~~~~~~~~~~~~~~~~~~~^^^^^
  File "C:\Users\donan\Desktop\POS-PROJECT\ADMIN WEB\env_boutique\Lib\site-packages\rest_framework\views.py", line 486, in raise_uncaught_exception
    raise exc
  File "C:\Users\donan\Desktop\POS-PROJECT\ADMIN WEB\env_boutique\Lib\site-packages\rest_framework\views.py", line 503, in dispatch
    self.initial(request, *args, **kwargs)
    ~~~~~~~~~~~~^^^^^^^^^^^^^^^^^^^^^^^^^^
  File "C:\Users\donan\Desktop\POS-PROJECT\ADMIN WEB\env_boutique\Lib\site-packages\rest_framework\views.py", line 420, in initial
    self.perform_authentication(request)
    ~~~~~~~~~~~~~~~~~~~~~~~~~~~^^^^^^^^^
  File "C:\Users\donan\Desktop\POS-PROJECT\ADMIN WEB\env_boutique\Lib\site-packages\rest_framework\views.py", line 330, in perform_authentication
    request.user
  File "C:\Users\donan\Desktop\POS-PROJECT\ADMIN WEB\env_boutique\Lib\site-packages\rest_framework\request.py", line 232, in user
    self._authenticate()
    ~~~~~~~~~~~~~~~~~~^^
  File "C:\Users\donan\Desktop\POS-PROJECT\ADMIN WEB\env_boutique\Lib\site-packages\rest_framework\request.py", line 385, in _authenticate
    user_auth_tuple = authenticator.authenticate(self)
  File "C:\Users\donan\Desktop\POS-PROJECT\ADMIN WEB\env_boutique\Lib\site-packages\rest_framework_simplejwt\authentication.py", line 51, in authenticate
    return self.get_user(validated_token), validated_token
           ~~~~~~~~~~~~~^^^^^^^^^^^^^^^^^
  File "C:\Users\donan\Desktop\POS-PROJECT\ADMIN WEB\env_boutique\Lib\site-packages\rest_framework_simplejwt\authentication.py", line 132, in get_user
    user = self.user_model.objects.get(**{api_settings.USER_ID_FIELD: user_id})
  File "C:\Users\donan\Desktop\POS-PROJECT\ADMIN WEB\env_boutique\Lib\site-packages\django\db\models\manager.py", line 87, in manager_method
    return getattr(self.get_queryset(), name)(*args, **kwargs)
           ~~~~~~~~~~~~~~~~~~~~~~~~~~~~~~~~~~^^^^^^^^^^^^^^^^^
  File "C:\Users\donan\Desktop\POS-PROJECT\ADMIN WEB\env_boutique\Lib\site-packages\django\db\models\query.py", line 629, in get
    num = len(clone)
  File "C:\Users\donan\Desktop\POS-PROJECT\ADMIN WEB\env_boutique\Lib\site-packages\django\db\models\query.py", line 366, in __len__
    self._fetch_all()
    ~~~~~~~~~~~~~~~^^
  File "C:\Users\donan\Desktop\POS-PROJECT\ADMIN WEB\env_boutique\Lib\site-packages\django\db\models\query.py", line 1949, in _fetch_all
    self._result_cache = list(self._iterable_class(self))
                         ~~~~^^^^^^^^^^^^^^^^^^^^^^^^^^^^
  File "C:\Users\donan\Desktop\POS-PROJECT\ADMIN WEB\env_boutique\Lib\site-packages\django\db\models\query.py", line 91, in __iter__
    results = compiler.execute_sql(
        chunked_fetch=self.chunked_fetch, chunk_size=self.chunk_size
    )
  File "C:\Users\donan\Desktop\POS-PROJECT\ADMIN WEB\env_boutique\Lib\site-packages\django\db\models\sql\compiler.py", line 1621, in execute_sql
    cursor = self.connection.cursor()
  File "C:\Users\donan\Desktop\POS-PROJECT\ADMIN WEB\env_boutique\Lib\site-packages\django\utils\asyncio.py", line 26, in inner
    return func(*args, **kwargs)
  File "C:\Users\donan\Desktop\POS-PROJECT\ADMIN WEB\env_boutique\Lib\site-packages\django\db\backends\base\base.py", line 320, in cursor
    return self._cursor()
           ~~~~~~~~~~~~^^
  File "C:\Users\donan\Desktop\POS-PROJECT\ADMIN WEB\env_boutique\Lib\site-packages\django\db\backends\base\base.py", line 296, in _cursor
    self.ensure_connection()
    ~~~~~~~~~~~~~~~~~~~~~~^^
  File "C:\Users\donan\Desktop\POS-PROJECT\ADMIN WEB\env_boutique\Lib\site-packages\django\utils\asyncio.py", line 26, in inner
    return func(*args, **kwargs)
  File "C:\Users\donan\Desktop\POS-PROJECT\ADMIN WEB\env_boutique\Lib\site-packages\django\db\backends\base\base.py", line 278, in ensure_connection
    with self.wrap_database_errors:
         ^^^^^^^^^^^^^^^^^^^^^^^^^
  File "C:\Users\donan\Desktop\POS-PROJECT\ADMIN WEB\env_boutique\Lib\site-packages\django\db\utils.py", line 91, in __exit__
    raise dj_exc_value.with_traceback(traceback) from exc_value
  File "C:\Users\donan\Desktop\POS-PROJECT\ADMIN WEB\env_boutique\Lib\site-packages\django\db\backends\base\base.py", line 279, in ensure_connection
    self.connect()
    ~~~~~~~~~~~~^^
  File "C:\Users\donan\Desktop\POS-PROJECT\ADMIN WEB\env_boutique\Lib\site-packages\django\utils\asyncio.py", line 26, in inner
    return func(*args, **kwargs)
  File "C:\Users\donan\Desktop\POS-PROJECT\ADMIN WEB\env_boutique\Lib\site-packages\django\db\backends\base\base.py", line 256, in connect
    self.connection = self.get_new_connection(conn_params)
                      ~~~~~~~~~~~~~~~~~~~~~~~^^^^^^^^^^^^^
  File "C:\Users\donan\Desktop\POS-PROJECT\ADMIN WEB\env_boutique\Lib\site-packages\django\utils\asyncio.py", line 26, in inner
    return func(*args, **kwargs)
  File "C:\Users\donan\Desktop\POS-PROJECT\ADMIN WEB\env_boutique\Lib\site-packages\django\db\backends\postgresql\base.py", line 332, in get_new_connection
    connection = self.Database.connect(**conn_params)
  File "C:\Users\donan\Desktop\POS-PROJECT\ADMIN WEB\env_boutique\Lib\site-packages\psycopg2\__init__.py", line 135, in connect
    conn = _connect(dsn, connection_factory=connection_factory, **kwasync)
django.db.utils.OperationalError: connection to server at "aws-1-eu-west-1.pooler.supabase.com" (54.247.26.119), port 5432 failed: FATAL:  MaxClientsInSessionMode: max clients reached - in Session mode max clients are limited to pool_size

ERROR 2026-02-11 15:49:14,480 basehttp "GET /api/requests/ HTTP/1.1" 500 242715
ERROR 2026-02-11 15:49:19,433 log Internal Server Error: /api/products/
Traceback (most recent call last):
  File "C:\Users\donan\Desktop\POS-PROJECT\ADMIN WEB\env_boutique\Lib\site-packages\django\db\backends\base\base.py", line 279, in ensure_connection
    self.connect()
    ~~~~~~~~~~~~^^
  File "C:\Users\donan\Desktop\POS-PROJECT\ADMIN WEB\env_boutique\Lib\site-packages\django\utils\asyncio.py", line 26, in inner
    return func(*args, **kwargs)
  File "C:\Users\donan\Desktop\POS-PROJECT\ADMIN WEB\env_boutique\Lib\site-packages\django\db\backends\base\base.py", line 256, in connect
    self.connection = self.get_new_connection(conn_params)
                      ~~~~~~~~~~~~~~~~~~~~~~~^^^^^^^^^^^^^
  File "C:\Users\donan\Desktop\POS-PROJECT\ADMIN WEB\env_boutique\Lib\site-packages\django\utils\asyncio.py", line 26, in inner
    return func(*args, **kwargs)
  File "C:\Users\donan\Desktop\POS-PROJECT\ADMIN WEB\env_boutique\Lib\site-packages\django\db\backends\postgresql\base.py", line 332, in get_new_connection
    connection = self.Database.connect(**conn_params)
  File "C:\Users\donan\Desktop\POS-PROJECT\ADMIN WEB\env_boutique\Lib\site-packages\psycopg2\__init__.py", line 135, in connect
    conn = _connect(dsn, connection_factory=connection_factory, **kwasync)
psycopg2.OperationalError: connection to server at "aws-1-eu-west-1.pooler.supabase.com" (54.247.26.119), port 5432 failed: FATAL:  MaxClientsInSessionMode: max clients reached - in Session mode max clients are limited to pool_size


The above exception was the direct cause of the following exception:

Traceback (most recent call last):
  File "C:\Users\donan\Desktop\POS-PROJECT\ADMIN WEB\env_boutique\Lib\site-packages\django\core\handlers\exception.py", line 55, in inner
    response = get_response(request)
  File "C:\Users\donan\Desktop\POS-PROJECT\ADMIN WEB\env_boutique\Lib\site-packages\django\core\handlers\base.py", line 197, in _get_response
    response = wrapped_callback(request, *callback_args, **callback_kwargs)
  File "C:\Users\donan\Desktop\POS-PROJECT\ADMIN WEB\env_boutique\Lib\site-packages\django\views\decorators\csrf.py", line 65, in _view_wrapper
    return view_func(request, *args, **kwargs)
  File "C:\Users\donan\Desktop\POS-PROJECT\ADMIN WEB\env_boutique\Lib\site-packages\rest_framework\viewsets.py", line 125, in view
    return self.dispatch(request, *args, **kwargs)
           ~~~~~~~~~~~~~^^^^^^^^^^^^^^^^^^^^^^^^^^
  File "C:\Users\donan\Desktop\POS-PROJECT\ADMIN WEB\env_boutique\Lib\site-packages\rest_framework\views.py", line 515, in dispatch
    response = self.handle_exception(exc)
  File "C:\Users\donan\Desktop\POS-PROJECT\ADMIN WEB\env_boutique\Lib\site-packages\rest_framework\views.py", line 475, in handle_exception
    self.raise_uncaught_exception(exc)
    ~~~~~~~~~~~~~~~~~~~~~~~~~~~~~^^^^^
  File "C:\Users\donan\Desktop\POS-PROJECT\ADMIN WEB\env_boutique\Lib\site-packages\rest_framework\views.py", line 486, in raise_uncaught_exception
    raise exc
  File "C:\Users\donan\Desktop\POS-PROJECT\ADMIN WEB\env_boutique\Lib\site-packages\rest_framework\views.py", line 503, in dispatch
    self.initial(request, *args, **kwargs)
    ~~~~~~~~~~~~^^^^^^^^^^^^^^^^^^^^^^^^^^
  File "C:\Users\donan\Desktop\POS-PROJECT\ADMIN WEB\env_boutique\Lib\site-packages\rest_framework\views.py", line 420, in initial
    self.perform_authentication(request)
    ~~~~~~~~~~~~~~~~~~~~~~~~~~~^^^^^^^^^
  File "C:\Users\donan\Desktop\POS-PROJECT\ADMIN WEB\env_boutique\Lib\site-packages\rest_framework\views.py", line 330, in perform_authentication
    request.user
  File "C:\Users\donan\Desktop\POS-PROJECT\ADMIN WEB\env_boutique\Lib\site-packages\rest_framework\request.py", line 232, in user
    self._authenticate()
    ~~~~~~~~~~~~~~~~~~^^
  File "C:\Users\donan\Desktop\POS-PROJECT\ADMIN WEB\env_boutique\Lib\site-packages\rest_framework\request.py", line 385, in _authenticate
    user_auth_tuple = authenticator.authenticate(self)
  File "C:\Users\donan\Desktop\POS-PROJECT\ADMIN WEB\env_boutique\Lib\site-packages\rest_framework_simplejwt\authentication.py", line 51, in authenticate
    return self.get_user(validated_token), validated_token
           ~~~~~~~~~~~~~^^^^^^^^^^^^^^^^^
  File "C:\Users\donan\Desktop\POS-PROJECT\ADMIN WEB\env_boutique\Lib\site-packages\rest_framework_simplejwt\authentication.py", line 132, in get_user
    user = self.user_model.objects.get(**{api_settings.USER_ID_FIELD: user_id})
  File "C:\Users\donan\Desktop\POS-PROJECT\ADMIN WEB\env_boutique\Lib\site-packages\django\db\models\manager.py", line 87, in manager_method
    return getattr(self.get_queryset(), name)(*args, **kwargs)
           ~~~~~~~~~~~~~~~~~~~~~~~~~~~~~~~~~~^^^^^^^^^^^^^^^^^
  File "C:\Users\donan\Desktop\POS-PROJECT\ADMIN WEB\env_boutique\Lib\site-packages\django\db\models\query.py", line 629, in get
    num = len(clone)
  File "C:\Users\donan\Desktop\POS-PROJECT\ADMIN WEB\env_boutique\Lib\site-packages\django\db\models\query.py", line 366, in __len__
    self._fetch_all()
    ~~~~~~~~~~~~~~~^^
  File "C:\Users\donan\Desktop\POS-PROJECT\ADMIN WEB\env_boutique\Lib\site-packages\django\db\models\query.py", line 1949, in _fetch_all
    self._result_cache = list(self._iterable_class(self))
                         ~~~~^^^^^^^^^^^^^^^^^^^^^^^^^^^^
  File "C:\Users\donan\Desktop\POS-PROJECT\ADMIN WEB\env_boutique\Lib\site-packages\django\db\models\query.py", line 91, in __iter__
    results = compiler.execute_sql(
        chunked_fetch=self.chunked_fetch, chunk_size=self.chunk_size
    )
  File "C:\Users\donan\Desktop\POS-PROJECT\ADMIN WEB\env_boutique\Lib\site-packages\django\db\models\sql\compiler.py", line 1621, in execute_sql
    cursor = self.connection.cursor()
  File "C:\Users\donan\Desktop\POS-PROJECT\ADMIN WEB\env_boutique\Lib\site-packages\django\utils\asyncio.py", line 26, in inner
    return func(*args, **kwargs)
  File "C:\Users\donan\Desktop\POS-PROJECT\ADMIN WEB\env_boutique\Lib\site-packages\django\db\backends\base\base.py", line 320, in cursor
    return self._cursor()
           ~~~~~~~~~~~~^^
  File "C:\Users\donan\Desktop\POS-PROJECT\ADMIN WEB\env_boutique\Lib\site-packages\django\db\backends\base\base.py", line 296, in _cursor
    self.ensure_connection()
    ~~~~~~~~~~~~~~~~~~~~~~^^
  File "C:\Users\donan\Desktop\POS-PROJECT\ADMIN WEB\env_boutique\Lib\site-packages\django\utils\asyncio.py", line 26, in inner
    return func(*args, **kwargs)
  File "C:\Users\donan\Desktop\POS-PROJECT\ADMIN WEB\env_boutique\Lib\site-packages\django\db\backends\base\base.py", line 278, in ensure_connection
    with self.wrap_database_errors:
         ^^^^^^^^^^^^^^^^^^^^^^^^^
  File "C:\Users\donan\Desktop\POS-PROJECT\ADMIN WEB\env_boutique\Lib\site-packages\django\db\utils.py", line 91, in __exit__
    raise dj_exc_value.with_traceback(traceback) from exc_value
  File "C:\Users\donan\Desktop\POS-PROJECT\ADMIN WEB\env_boutique\Lib\site-packages\django\db\backends\base\base.py", line 279, in ensure_connection
    self.connect()
    ~~~~~~~~~~~~^^
  File "C:\Users\donan\Desktop\POS-PROJECT\ADMIN WEB\env_boutique\Lib\site-packages\django\utils\asyncio.py", line 26, in inner
    return func(*args, **kwargs)
  File "C:\Users\donan\Desktop\POS-PROJECT\ADMIN WEB\env_boutique\Lib\site-packages\django\db\backends\base\base.py", line 256, in connect
    self.connection = self.get_new_connection(conn_params)
                      ~~~~~~~~~~~~~~~~~~~~~~~^^^^^^^^^^^^^
  File "C:\Users\donan\Desktop\POS-PROJECT\ADMIN WEB\env_boutique\Lib\site-packages\django\utils\asyncio.py", line 26, in inner
    return func(*args, **kwargs)
  File "C:\Users\donan\Desktop\POS-PROJECT\ADMIN WEB\env_boutique\Lib\site-packages\django\db\backends\postgresql\base.py", line 332, in get_new_connection
    connection = self.Database.connect(**conn_params)
  File "C:\Users\donan\Desktop\POS-PROJECT\ADMIN WEB\env_boutique\Lib\site-packages\psycopg2\__init__.py", line 135, in connect
    conn = _connect(dsn, connection_factory=connection_factory, **kwasync)
django.db.utils.OperationalError: connection to server at "aws-1-eu-west-1.pooler.supabase.com" (54.247.26.119), port 5432 failed: FATAL:  MaxClientsInSessionMode: max clients reached - in Session mode max clients are limited to pool_size

ERROR 2026-02-11 15:49:19,441 basehttp "GET /api/products/ HTTP/1.1" 500 243394
ERROR 2026-02-11 15:49:23,818 log Internal Server Error: /api/products/
Traceback (most recent call last):
  File "C:\Users\donan\Desktop\POS-PROJECT\ADMIN WEB\env_boutique\Lib\site-packages\django\db\backends\base\base.py", line 279, in ensure_connection
    self.connect()
    ~~~~~~~~~~~~^^
  File "C:\Users\donan\Desktop\POS-PROJECT\ADMIN WEB\env_boutique\Lib\site-packages\django\utils\asyncio.py", line 26, in inner
    return func(*args, **kwargs)
  File "C:\Users\donan\Desktop\POS-PROJECT\ADMIN WEB\env_boutique\Lib\site-packages\django\db\backends\base\base.py", line 256, in connect
    self.connection = self.get_new_connection(conn_params)
                      ~~~~~~~~~~~~~~~~~~~~~~~^^^^^^^^^^^^^
  File "C:\Users\donan\Desktop\POS-PROJECT\ADMIN WEB\env_boutique\Lib\site-packages\django\utils\asyncio.py", line 26, in inner
    return func(*args, **kwargs)
  File "C:\Users\donan\Desktop\POS-PROJECT\ADMIN WEB\env_boutique\Lib\site-packages\django\db\backends\postgresql\base.py", line 332, in get_new_connection
    connection = self.Database.connect(**conn_params)
  File "C:\Users\donan\Desktop\POS-PROJECT\ADMIN WEB\env_boutique\Lib\site-packages\psycopg2\__init__.py", line 135, in connect
    conn = _connect(dsn, connection_factory=connection_factory, **kwasync)
psycopg2.OperationalError: connection to server at "aws-1-eu-west-1.pooler.supabase.com" (54.247.26.119), port 5432 failed: FATAL:  MaxClientsInSessionMode: max clients reached - in Session mode max clients are limited to pool_size


The above exception was the direct cause of the following exception:

Traceback (most recent call last):
  File "C:\Users\donan\Desktop\POS-PROJECT\ADMIN WEB\env_boutique\Lib\site-packages\django\core\handlers\exception.py", line 55, in inner
    response = get_response(request)
  File "C:\Users\donan\Desktop\POS-PROJECT\ADMIN WEB\env_boutique\Lib\site-packages\django\core\handlers\base.py", line 197, in _get_response
    response = wrapped_callback(request, *callback_args, **callback_kwargs)
  File "C:\Users\donan\Desktop\POS-PROJECT\ADMIN WEB\env_boutique\Lib\site-packages\django\views\decorators\csrf.py", line 65, in _view_wrapper
    return view_func(request, *args, **kwargs)
  File "C:\Users\donan\Desktop\POS-PROJECT\ADMIN WEB\env_boutique\Lib\site-packages\rest_framework\viewsets.py", line 125, in view
    return self.dispatch(request, *args, **kwargs)
           ~~~~~~~~~~~~~^^^^^^^^^^^^^^^^^^^^^^^^^^
  File "C:\Users\donan\Desktop\POS-PROJECT\ADMIN WEB\env_boutique\Lib\site-packages\rest_framework\views.py", line 515, in dispatch
    response = self.handle_exception(exc)
  File "C:\Users\donan\Desktop\POS-PROJECT\ADMIN WEB\env_boutique\Lib\site-packages\rest_framework\views.py", line 475, in handle_exception
    self.raise_uncaught_exception(exc)
    ~~~~~~~~~~~~~~~~~~~~~~~~~~~~~^^^^^
  File "C:\Users\donan\Desktop\POS-PROJECT\ADMIN WEB\env_boutique\Lib\site-packages\rest_framework\views.py", line 486, in raise_uncaught_exception
    raise exc
  File "C:\Users\donan\Desktop\POS-PROJECT\ADMIN WEB\env_boutique\Lib\site-packages\rest_framework\views.py", line 503, in dispatch
    self.initial(request, *args, **kwargs)
    ~~~~~~~~~~~~^^^^^^^^^^^^^^^^^^^^^^^^^^
  File "C:\Users\donan\Desktop\POS-PROJECT\ADMIN WEB\env_boutique\Lib\site-packages\rest_framework\views.py", line 420, in initial
    self.perform_authentication(request)
    ~~~~~~~~~~~~~~~~~~~~~~~~~~~^^^^^^^^^
  File "C:\Users\donan\Desktop\POS-PROJECT\ADMIN WEB\env_boutique\Lib\site-packages\rest_framework\views.py", line 330, in perform_authentication
    request.user
  File "C:\Users\donan\Desktop\POS-PROJECT\ADMIN WEB\env_boutique\Lib\site-packages\rest_framework\request.py", line 232, in user
    self._authenticate()
    ~~~~~~~~~~~~~~~~~~^^
  File "C:\Users\donan\Desktop\POS-PROJECT\ADMIN WEB\env_boutique\Lib\site-packages\rest_framework\request.py", line 385, in _authenticate
    user_auth_tuple = authenticator.authenticate(self)
  File "C:\Users\donan\Desktop\POS-PROJECT\ADMIN WEB\env_boutique\Lib\site-packages\rest_framework_simplejwt\authentication.py", line 51, in authenticate
    return self.get_user(validated_token), validated_token
           ~~~~~~~~~~~~~^^^^^^^^^^^^^^^^^
  File "C:\Users\donan\Desktop\POS-PROJECT\ADMIN WEB\env_boutique\Lib\site-packages\rest_framework_simplejwt\authentication.py", line 132, in get_user
    user = self.user_model.objects.get(**{api_settings.USER_ID_FIELD: user_id})
  File "C:\Users\donan\Desktop\POS-PROJECT\ADMIN WEB\env_boutique\Lib\site-packages\django\db\models\manager.py", line 87, in manager_method
    return getattr(self.get_queryset(), name)(*args, **kwargs)
           ~~~~~~~~~~~~~~~~~~~~~~~~~~~~~~~~~~^^^^^^^^^^^^^^^^^
  File "C:\Users\donan\Desktop\POS-PROJECT\ADMIN WEB\env_boutique\Lib\site-packages\django\db\models\query.py", line 629, in get
    num = len(clone)
  File "C:\Users\donan\Desktop\POS-PROJECT\ADMIN WEB\env_boutique\Lib\site-packages\django\db\models\query.py", line 366, in __len__
    self._fetch_all()
    ~~~~~~~~~~~~~~~^^
  File "C:\Users\donan\Desktop\POS-PROJECT\ADMIN WEB\env_boutique\Lib\site-packages\django\db\models\query.py", line 1949, in _fetch_all
    self._result_cache = list(self._iterable_class(self))
                         ~~~~^^^^^^^^^^^^^^^^^^^^^^^^^^^^
  File "C:\Users\donan\Desktop\POS-PROJECT\ADMIN WEB\env_boutique\Lib\site-packages\django\db\models\query.py", line 91, in __iter__
    results = compiler.execute_sql(
        chunked_fetch=self.chunked_fetch, chunk_size=self.chunk_size
    )
  File "C:\Users\donan\Desktop\POS-PROJECT\ADMIN WEB\env_boutique\Lib\site-packages\django\db\models\sql\compiler.py", line 1621, in execute_sql
    cursor = self.connection.cursor()
  File "C:\Users\donan\Desktop\POS-PROJECT\ADMIN WEB\env_boutique\Lib\site-packages\django\utils\asyncio.py", line 26, in inner
    return func(*args, **kwargs)
  File "C:\Users\donan\Desktop\POS-PROJECT\ADMIN WEB\env_boutique\Lib\site-packages\django\db\backends\base\base.py", line 320, in cursor
    return self._cursor()
           ~~~~~~~~~~~~^^
  File "C:\Users\donan\Desktop\POS-PROJECT\ADMIN WEB\env_boutique\Lib\site-packages\django\db\backends\base\base.py", line 296, in _cursor
    self.ensure_connection()
    ~~~~~~~~~~~~~~~~~~~~~~^^
  File "C:\Users\donan\Desktop\POS-PROJECT\ADMIN WEB\env_boutique\Lib\site-packages\django\utils\asyncio.py", line 26, in inner
    return func(*args, **kwargs)
  File "C:\Users\donan\Desktop\POS-PROJECT\ADMIN WEB\env_boutique\Lib\site-packages\django\db\backends\base\base.py", line 278, in ensure_connection
    with self.wrap_database_errors:
         ^^^^^^^^^^^^^^^^^^^^^^^^^
  File "C:\Users\donan\Desktop\POS-PROJECT\ADMIN WEB\env_boutique\Lib\site-packages\django\db\utils.py", line 91, in __exit__
    raise dj_exc_value.with_traceback(traceback) from exc_value
  File "C:\Users\donan\Desktop\POS-PROJECT\ADMIN WEB\env_boutique\Lib\site-packages\django\db\backends\base\base.py", line 279, in ensure_connection
    self.connect()
    ~~~~~~~~~~~~^^
  File "C:\Users\donan\Desktop\POS-PROJECT\ADMIN WEB\env_boutique\Lib\site-packages\django\utils\asyncio.py", line 26, in inner
    return func(*args, **kwargs)
  File "C:\Users\donan\Desktop\POS-PROJECT\ADMIN WEB\env_boutique\Lib\site-packages\django\db\backends\base\base.py", line 256, in connect
    self.connection = self.get_new_connection(conn_params)
                      ~~~~~~~~~~~~~~~~~~~~~~~^^^^^^^^^^^^^
  File "C:\Users\donan\Desktop\POS-PROJECT\ADMIN WEB\env_boutique\Lib\site-packages\django\utils\asyncio.py", line 26, in inner
    return func(*args, **kwargs)
  File "C:\Users\donan\Desktop\POS-PROJECT\ADMIN WEB\env_boutique\Lib\site-packages\django\db\backends\postgresql\base.py", line 332, in get_new_connection
    connection = self.Database.connect(**conn_params)
  File "C:\Users\donan\Desktop\POS-PROJECT\ADMIN WEB\env_boutique\Lib\site-packages\psycopg2\__init__.py", line 135, in connect
    conn = _connect(dsn, connection_factory=connection_factory, **kwasync)
django.db.utils.OperationalError: connection to server at "aws-1-eu-west-1.pooler.supabase.com" (54.247.26.119), port 5432 failed: FATAL:  MaxClientsInSessionMode: max clients reached - in Session mode max clients are limited to pool_size

ERROR 2026-02-11 15:49:23,825 basehttp "GET /api/products/ HTTP/1.1" 500 243394
ERROR 2026-02-11 15:49:28,136 log Internal Server Error: /api/products/
Traceback (most recent call last):
  File "C:\Users\donan\Desktop\POS-PROJECT\ADMIN WEB\env_boutique\Lib\site-packages\django\db\backends\base\base.py", line 279, in ensure_connection
    self.connect()
    ~~~~~~~~~~~~^^
  File "C:\Users\donan\Desktop\POS-PROJECT\ADMIN WEB\env_boutique\Lib\site-packages\django\utils\asyncio.py", line 26, in inner
    return func(*args, **kwargs)
  File "C:\Users\donan\Desktop\POS-PROJECT\ADMIN WEB\env_boutique\Lib\site-packages\django\db\backends\base\base.py", line 256, in connect
    self.connection = self.get_new_connection(conn_params)
                      ~~~~~~~~~~~~~~~~~~~~~~~^^^^^^^^^^^^^
  File "C:\Users\donan\Desktop\POS-PROJECT\ADMIN WEB\env_boutique\Lib\site-packages\django\utils\asyncio.py", line 26, in inner
    return func(*args, **kwargs)
  File "C:\Users\donan\Desktop\POS-PROJECT\ADMIN WEB\env_boutique\Lib\site-packages\django\db\backends\postgresql\base.py", line 332, in get_new_connection
    connection = self.Database.connect(**conn_params)
  File "C:\Users\donan\Desktop\POS-PROJECT\ADMIN WEB\env_boutique\Lib\site-packages\psycopg2\__init__.py", line 135, in connect
    conn = _connect(dsn, connection_factory=connection_factory, **kwasync)
psycopg2.OperationalError: connection to server at "aws-1-eu-west-1.pooler.supabase.com" (54.247.26.119), port 5432 failed: FATAL:  MaxClientsInSessionMode: max clients reached - in Session mode max clients are limited to pool_size


The above exception was the direct cause of the following exception:

Traceback (most recent call last):
  File "C:\Users\donan\Desktop\POS-PROJECT\ADMIN WEB\env_boutique\Lib\site-packages\django\core\handlers\exception.py", line 55, in inner
    response = get_response(request)
  File "C:\Users\donan\Desktop\POS-PROJECT\ADMIN WEB\env_boutique\Lib\site-packages\django\core\handlers\base.py", line 197, in _get_response
    response = wrapped_callback(request, *callback_args, **callback_kwargs)
  File "C:\Users\donan\Desktop\POS-PROJECT\ADMIN WEB\env_boutique\Lib\site-packages\django\views\decorators\csrf.py", line 65, in _view_wrapper
    return view_func(request, *args, **kwargs)
  File "C:\Users\donan\Desktop\POS-PROJECT\ADMIN WEB\env_boutique\Lib\site-packages\rest_framework\viewsets.py", line 125, in view
    return self.dispatch(request, *args, **kwargs)
           ~~~~~~~~~~~~~^^^^^^^^^^^^^^^^^^^^^^^^^^
  File "C:\Users\donan\Desktop\POS-PROJECT\ADMIN WEB\env_boutique\Lib\site-packages\rest_framework\views.py", line 515, in dispatch
    response = self.handle_exception(exc)
  File "C:\Users\donan\Desktop\POS-PROJECT\ADMIN WEB\env_boutique\Lib\site-packages\rest_framework\views.py", line 475, in handle_exception
    self.raise_uncaught_exception(exc)
    ~~~~~~~~~~~~~~~~~~~~~~~~~~~~~^^^^^
  File "C:\Users\donan\Desktop\POS-PROJECT\ADMIN WEB\env_boutique\Lib\site-packages\rest_framework\views.py", line 486, in raise_uncaught_exception
    raise exc
  File "C:\Users\donan\Desktop\POS-PROJECT\ADMIN WEB\env_boutique\Lib\site-packages\rest_framework\views.py", line 503, in dispatch
    self.initial(request, *args, **kwargs)
    ~~~~~~~~~~~~^^^^^^^^^^^^^^^^^^^^^^^^^^
  File "C:\Users\donan\Desktop\POS-PROJECT\ADMIN WEB\env_boutique\Lib\site-packages\rest_framework\views.py", line 420, in initial
    self.perform_authentication(request)
    ~~~~~~~~~~~~~~~~~~~~~~~~~~~^^^^^^^^^
  File "C:\Users\donan\Desktop\POS-PROJECT\ADMIN WEB\env_boutique\Lib\site-packages\rest_framework\views.py", line 330, in perform_authentication
    request.user
  File "C:\Users\donan\Desktop\POS-PROJECT\ADMIN WEB\env_boutique\Lib\site-packages\rest_framework\request.py", line 232, in user
    self._authenticate()
    ~~~~~~~~~~~~~~~~~~^^
  File "C:\Users\donan\Desktop\POS-PROJECT\ADMIN WEB\env_boutique\Lib\site-packages\rest_framework\request.py", line 385, in _authenticate
    user_auth_tuple = authenticator.authenticate(self)
  File "C:\Users\donan\Desktop\POS-PROJECT\ADMIN WEB\env_boutique\Lib\site-packages\rest_framework_simplejwt\authentication.py", line 51, in authenticate
    return self.get_user(validated_token), validated_token
           ~~~~~~~~~~~~~^^^^^^^^^^^^^^^^^
  File "C:\Users\donan\Desktop\POS-PROJECT\ADMIN WEB\env_boutique\Lib\site-packages\rest_framework_simplejwt\authentication.py", line 132, in get_user
    user = self.user_model.objects.get(**{api_settings.USER_ID_FIELD: user_id})
  File "C:\Users\donan\Desktop\POS-PROJECT\ADMIN WEB\env_boutique\Lib\site-packages\django\db\models\manager.py", line 87, in manager_method
    return getattr(self.get_queryset(), name)(*args, **kwargs)
           ~~~~~~~~~~~~~~~~~~~~~~~~~~~~~~~~~~^^^^^^^^^^^^^^^^^
  File "C:\Users\donan\Desktop\POS-PROJECT\ADMIN WEB\env_boutique\Lib\site-packages\django\db\models\query.py", line 629, in get
    num = len(clone)
  File "C:\Users\donan\Desktop\POS-PROJECT\ADMIN WEB\env_boutique\Lib\site-packages\django\db\models\query.py", line 366, in __len__
    self._fetch_all()
    ~~~~~~~~~~~~~~~^^
  File "C:\Users\donan\Desktop\POS-PROJECT\ADMIN WEB\env_boutique\Lib\site-packages\django\db\models\query.py", line 1949, in _fetch_all
    self._result_cache = list(self._iterable_class(self))
                         ~~~~^^^^^^^^^^^^^^^^^^^^^^^^^^^^
  File "C:\Users\donan\Desktop\POS-PROJECT\ADMIN WEB\env_boutique\Lib\site-packages\django\db\models\query.py", line 91, in __iter__
    results = compiler.execute_sql(
        chunked_fetch=self.chunked_fetch, chunk_size=self.chunk_size
    )
  File "C:\Users\donan\Desktop\POS-PROJECT\ADMIN WEB\env_boutique\Lib\site-packages\django\db\models\sql\compiler.py", line 1621, in execute_sql
    cursor = self.connection.cursor()
  File "C:\Users\donan\Desktop\POS-PROJECT\ADMIN WEB\env_boutique\Lib\site-packages\django\utils\asyncio.py", line 26, in inner
    return func(*args, **kwargs)
  File "C:\Users\donan\Desktop\POS-PROJECT\ADMIN WEB\env_boutique\Lib\site-packages\django\db\backends\base\base.py", line 320, in cursor
    return self._cursor()
           ~~~~~~~~~~~~^^
  File "C:\Users\donan\Desktop\POS-PROJECT\ADMIN WEB\env_boutique\Lib\site-packages\django\db\backends\base\base.py", line 296, in _cursor
    self.ensure_connection()
    ~~~~~~~~~~~~~~~~~~~~~~^^
  File "C:\Users\donan\Desktop\POS-PROJECT\ADMIN WEB\env_boutique\Lib\site-packages\django\utils\asyncio.py", line 26, in inner
    return func(*args, **kwargs)
  File "C:\Users\donan\Desktop\POS-PROJECT\ADMIN WEB\env_boutique\Lib\site-packages\django\db\backends\base\base.py", line 278, in ensure_connection
    with self.wrap_database_errors:
         ^^^^^^^^^^^^^^^^^^^^^^^^^
  File "C:\Users\donan\Desktop\POS-PROJECT\ADMIN WEB\env_boutique\Lib\site-packages\django\db\utils.py", line 91, in __exit__
    raise dj_exc_value.with_traceback(traceback) from exc_value
  File "C:\Users\donan\Desktop\POS-PROJECT\ADMIN WEB\env_boutique\Lib\site-packages\django\db\backends\base\base.py", line 279, in ensure_connection
    self.connect()
    ~~~~~~~~~~~~^^
  File "C:\Users\donan\Desktop\POS-PROJECT\ADMIN WEB\env_boutique\Lib\site-packages\django\utils\asyncio.py", line 26, in inner
    return func(*args, **kwargs)
  File "C:\Users\donan\Desktop\POS-PROJECT\ADMIN WEB\env_boutique\Lib\site-packages\django\db\backends\base\base.py", line 256, in connect
    self.connection = self.get_new_connection(conn_params)
                      ~~~~~~~~~~~~~~~~~~~~~~~^^^^^^^^^^^^^
  File "C:\Users\donan\Desktop\POS-PROJECT\ADMIN WEB\env_boutique\Lib\site-packages\django\utils\asyncio.py", line 26, in inner
    return func(*args, **kwargs)
  File "C:\Users\donan\Desktop\POS-PROJECT\ADMIN WEB\env_boutique\Lib\site-packages\django\db\backends\postgresql\base.py", line 332, in get_new_connection
    connection = self.Database.connect(**conn_params)
  File "C:\Users\donan\Desktop\POS-PROJECT\ADMIN WEB\env_boutique\Lib\site-packages\psycopg2\__init__.py", line 135, in connect
    conn = _connect(dsn, connection_factory=connection_factory, **kwasync)
django.db.utils.OperationalError: connection to server at "aws-1-eu-west-1.pooler.supabase.com" (54.247.26.119), port 5432 failed: FATAL:  MaxClientsInSessionMode: max clients reached - in Session mode max clients are limited to pool_size

ERROR 2026-02-11 15:49:28,145 basehttp "GET /api/products/ HTTP/1.1" 500 243394
ERROR 2026-02-11 15:49:32,576 log Internal Server Error: /api/requests/
Traceback (most recent call last):
  File "C:\Users\donan\Desktop\POS-PROJECT\ADMIN WEB\env_boutique\Lib\site-packages\django\db\backends\base\base.py", line 279, in ensure_connection
    self.connect()
    ~~~~~~~~~~~~^^
  File "C:\Users\donan\Desktop\POS-PROJECT\ADMIN WEB\env_boutique\Lib\site-packages\django\utils\asyncio.py", line 26, in inner
    return func(*args, **kwargs)
  File "C:\Users\donan\Desktop\POS-PROJECT\ADMIN WEB\env_boutique\Lib\site-packages\django\db\backends\base\base.py", line 256, in connect
    self.connection = self.get_new_connection(conn_params)
                      ~~~~~~~~~~~~~~~~~~~~~~~^^^^^^^^^^^^^
  File "C:\Users\donan\Desktop\POS-PROJECT\ADMIN WEB\env_boutique\Lib\site-packages\django\utils\asyncio.py", line 26, in inner
    return func(*args, **kwargs)
  File "C:\Users\donan\Desktop\POS-PROJECT\ADMIN WEB\env_boutique\Lib\site-packages\django\db\backends\postgresql\base.py", line 332, in get_new_connection
    connection = self.Database.connect(**conn_params)
  File "C:\Users\donan\Desktop\POS-PROJECT\ADMIN WEB\env_boutique\Lib\site-packages\psycopg2\__init__.py", line 135, in connect
    conn = _connect(dsn, connection_factory=connection_factory, **kwasync)
psycopg2.OperationalError: connection to server at "aws-1-eu-west-1.pooler.supabase.com" (54.247.26.119), port 5432 failed: FATAL:  MaxClientsInSessionMode: max clients reached - in Session mode max clients are limited to pool_size


The above exception was the direct cause of the following exception:

Traceback (most recent call last):
  File "C:\Users\donan\Desktop\POS-PROJECT\ADMIN WEB\env_boutique\Lib\site-packages\django\core\handlers\exception.py", line 55, in inner
    response = get_response(request)
  File "C:\Users\donan\Desktop\POS-PROJECT\ADMIN WEB\env_boutique\Lib\site-packages\django\core\handlers\base.py", line 197, in _get_response
    response = wrapped_callback(request, *callback_args, **callback_kwargs)
  File "C:\Users\donan\Desktop\POS-PROJECT\ADMIN WEB\env_boutique\Lib\site-packages\django\views\decorators\csrf.py", line 65, in _view_wrapper
    return view_func(request, *args, **kwargs)
  File "C:\Users\donan\Desktop\POS-PROJECT\ADMIN WEB\env_boutique\Lib\site-packages\django\views\generic\base.py", line 105, in view
    return self.dispatch(request, *args, **kwargs)
           ~~~~~~~~~~~~~^^^^^^^^^^^^^^^^^^^^^^^^^^
  File "C:\Users\donan\Desktop\POS-PROJECT\ADMIN WEB\env_boutique\Lib\site-packages\rest_framework\views.py", line 515, in dispatch
    response = self.handle_exception(exc)
  File "C:\Users\donan\Desktop\POS-PROJECT\ADMIN WEB\env_boutique\Lib\site-packages\rest_framework\views.py", line 475, in handle_exception
    self.raise_uncaught_exception(exc)
    ~~~~~~~~~~~~~~~~~~~~~~~~~~~~~^^^^^
  File "C:\Users\donan\Desktop\POS-PROJECT\ADMIN WEB\env_boutique\Lib\site-packages\rest_framework\views.py", line 486, in raise_uncaught_exception
    raise exc
  File "C:\Users\donan\Desktop\POS-PROJECT\ADMIN WEB\env_boutique\Lib\site-packages\rest_framework\views.py", line 503, in dispatch
    self.initial(request, *args, **kwargs)
    ~~~~~~~~~~~~^^^^^^^^^^^^^^^^^^^^^^^^^^
  File "C:\Users\donan\Desktop\POS-PROJECT\ADMIN WEB\env_boutique\Lib\site-packages\rest_framework\views.py", line 420, in initial
    self.perform_authentication(request)
    ~~~~~~~~~~~~~~~~~~~~~~~~~~~^^^^^^^^^
  File "C:\Users\donan\Desktop\POS-PROJECT\ADMIN WEB\env_boutique\Lib\site-packages\rest_framework\views.py", line 330, in perform_authentication
    request.user
  File "C:\Users\donan\Desktop\POS-PROJECT\ADMIN WEB\env_boutique\Lib\site-packages\rest_framework\request.py", line 232, in user
    self._authenticate()
    ~~~~~~~~~~~~~~~~~~^^
  File "C:\Users\donan\Desktop\POS-PROJECT\ADMIN WEB\env_boutique\Lib\site-packages\rest_framework\request.py", line 385, in _authenticate
    user_auth_tuple = authenticator.authenticate(self)
  File "C:\Users\donan\Desktop\POS-PROJECT\ADMIN WEB\env_boutique\Lib\site-packages\rest_framework_simplejwt\authentication.py", line 51, in authenticate
    return self.get_user(validated_token), validated_token
           ~~~~~~~~~~~~~^^^^^^^^^^^^^^^^^
  File "C:\Users\donan\Desktop\POS-PROJECT\ADMIN WEB\env_boutique\Lib\site-packages\rest_framework_simplejwt\authentication.py", line 132, in get_user
    user = self.user_model.objects.get(**{api_settings.USER_ID_FIELD: user_id})
  File "C:\Users\donan\Desktop\POS-PROJECT\ADMIN WEB\env_boutique\Lib\site-packages\django\db\models\manager.py", line 87, in manager_method
    return getattr(self.get_queryset(), name)(*args, **kwargs)
           ~~~~~~~~~~~~~~~~~~~~~~~~~~~~~~~~~~^^^^^^^^^^^^^^^^^
  File "C:\Users\donan\Desktop\POS-PROJECT\ADMIN WEB\env_boutique\Lib\site-packages\django\db\models\query.py", line 629, in get
    num = len(clone)
  File "C:\Users\donan\Desktop\POS-PROJECT\ADMIN WEB\env_boutique\Lib\site-packages\django\db\models\query.py", line 366, in __len__
    self._fetch_all()
    ~~~~~~~~~~~~~~~^^
  File "C:\Users\donan\Desktop\POS-PROJECT\ADMIN WEB\env_boutique\Lib\site-packages\django\db\models\query.py", line 1949, in _fetch_all
    self._result_cache = list(self._iterable_class(self))
                         ~~~~^^^^^^^^^^^^^^^^^^^^^^^^^^^^
  File "C:\Users\donan\Desktop\POS-PROJECT\ADMIN WEB\env_boutique\Lib\site-packages\django\db\models\query.py", line 91, in __iter__
    results = compiler.execute_sql(
        chunked_fetch=self.chunked_fetch, chunk_size=self.chunk_size
    )
  File "C:\Users\donan\Desktop\POS-PROJECT\ADMIN WEB\env_boutique\Lib\site-packages\django\db\models\sql\compiler.py", line 1621, in execute_sql
    cursor = self.connection.cursor()
  File "C:\Users\donan\Desktop\POS-PROJECT\ADMIN WEB\env_boutique\Lib\site-packages\django\utils\asyncio.py", line 26, in inner
    return func(*args, **kwargs)
  File "C:\Users\donan\Desktop\POS-PROJECT\ADMIN WEB\env_boutique\Lib\site-packages\django\db\backends\base\base.py", line 320, in cursor
    return self._cursor()
           ~~~~~~~~~~~~^^
  File "C:\Users\donan\Desktop\POS-PROJECT\ADMIN WEB\env_boutique\Lib\site-packages\django\db\backends\base\base.py", line 296, in _cursor
    self.ensure_connection()
    ~~~~~~~~~~~~~~~~~~~~~~^^
  File "C:\Users\donan\Desktop\POS-PROJECT\ADMIN WEB\env_boutique\Lib\site-packages\django\utils\asyncio.py", line 26, in inner
    return func(*args, **kwargs)
  File "C:\Users\donan\Desktop\POS-PROJECT\ADMIN WEB\env_boutique\Lib\site-packages\django\db\backends\base\base.py", line 278, in ensure_connection
    with self.wrap_database_errors:
         ^^^^^^^^^^^^^^^^^^^^^^^^^
  File "C:\Users\donan\Desktop\POS-PROJECT\ADMIN WEB\env_boutique\Lib\site-packages\django\db\utils.py", line 91, in __exit__
    raise dj_exc_value.with_traceback(traceback) from exc_value
  File "C:\Users\donan\Desktop\POS-PROJECT\ADMIN WEB\env_boutique\Lib\site-packages\django\db\backends\base\base.py", line 279, in ensure_connection
    self.connect()
    ~~~~~~~~~~~~^^
  File "C:\Users\donan\Desktop\POS-PROJECT\ADMIN WEB\env_boutique\Lib\site-packages\django\utils\asyncio.py", line 26, in inner
    return func(*args, **kwargs)
  File "C:\Users\donan\Desktop\POS-PROJECT\ADMIN WEB\env_boutique\Lib\site-packages\django\db\backends\base\base.py", line 256, in connect
    self.connection = self.get_new_connection(conn_params)
                      ~~~~~~~~~~~~~~~~~~~~~~~^^^^^^^^^^^^^
  File "C:\Users\donan\Desktop\POS-PROJECT\ADMIN WEB\env_boutique\Lib\site-packages\django\utils\asyncio.py", line 26, in inner
    return func(*args, **kwargs)
  File "C:\Users\donan\Desktop\POS-PROJECT\ADMIN WEB\env_boutique\Lib\site-packages\django\db\backends\postgresql\base.py", line 332, in get_new_connection
    connection = self.Database.connect(**conn_params)
  File "C:\Users\donan\Desktop\POS-PROJECT\ADMIN WEB\env_boutique\Lib\site-packages\psycopg2\__init__.py", line 135, in connect
    conn = _connect(dsn, connection_factory=connection_factory, **kwasync)
django.db.utils.OperationalError: connection to server at "aws-1-eu-west-1.pooler.supabase.com" (54.247.26.119), port 5432 failed: FATAL:  MaxClientsInSessionMode: max clients reached - in Session mode max clients are limited to pool_size

ERROR 2026-02-11 15:49:32,605 log Internal Server Error: /api/products/
Traceback (most recent call last):
  File "C:\Users\donan\Desktop\POS-PROJECT\ADMIN WEB\env_boutique\Lib\site-packages\django\db\backends\base\base.py", line 279, in ensure_connection
    self.connect()
    ~~~~~~~~~~~~^^
  File "C:\Users\donan\Desktop\POS-PROJECT\ADMIN WEB\env_boutique\Lib\site-packages\django\utils\asyncio.py", line 26, in inner
    return func(*args, **kwargs)
  File "C:\Users\donan\Desktop\POS-PROJECT\ADMIN WEB\env_boutique\Lib\site-packages\django\db\backends\base\base.py", line 256, in connect
    self.connection = self.get_new_connection(conn_params)
                      ~~~~~~~~~~~~~~~~~~~~~~~^^^^^^^^^^^^^
  File "C:\Users\donan\Desktop\POS-PROJECT\ADMIN WEB\env_boutique\Lib\site-packages\django\utils\asyncio.py", line 26, in inner
    return func(*args, **kwargs)
  File "C:\Users\donan\Desktop\POS-PROJECT\ADMIN WEB\env_boutique\Lib\site-packages\django\db\backends\postgresql\base.py", line 332, in get_new_connection
    connection = self.Database.connect(**conn_params)
  File "C:\Users\donan\Desktop\POS-PROJECT\ADMIN WEB\env_boutique\Lib\site-packages\psycopg2\__init__.py", line 135, in connect
    conn = _connect(dsn, connection_factory=connection_factory, **kwasync)
psycopg2.OperationalError: connection to server at "aws-1-eu-west-1.pooler.supabase.com" (54.247.26.119), port 5432 failed: FATAL:  MaxClientsInSessionMode: max clients reached - in Session mode max clients are limited to pool_size


The above exception was the direct cause of the following exception:

Traceback (most recent call last):
  File "C:\Users\donan\Desktop\POS-PROJECT\ADMIN WEB\env_boutique\Lib\site-packages\django\core\handlers\exception.py", line 55, in inner
    response = get_response(request)
  File "C:\Users\donan\Desktop\POS-PROJECT\ADMIN WEB\env_boutique\Lib\site-packages\django\core\handlers\base.py", line 197, in _get_response
    response = wrapped_callback(request, *callback_args, **callback_kwargs)
  File "C:\Users\donan\Desktop\POS-PROJECT\ADMIN WEB\env_boutique\Lib\site-packages\django\views\decorators\csrf.py", line 65, in _view_wrapper
    return view_func(request, *args, **kwargs)
  File "C:\Users\donan\Desktop\POS-PROJECT\ADMIN WEB\env_boutique\Lib\site-packages\rest_framework\viewsets.py", line 125, in view
    return self.dispatch(request, *args, **kwargs)
           ~~~~~~~~~~~~~^^^^^^^^^^^^^^^^^^^^^^^^^^
  File "C:\Users\donan\Desktop\POS-PROJECT\ADMIN WEB\env_boutique\Lib\site-packages\rest_framework\views.py", line 515, in dispatch
    response = self.handle_exception(exc)
  File "C:\Users\donan\Desktop\POS-PROJECT\ADMIN WEB\env_boutique\Lib\site-packages\rest_framework\views.py", line 475, in handle_exception
    self.raise_uncaught_exception(exc)
    ~~~~~~~~~~~~~~~~~~~~~~~~~~~~~^^^^^
  File "C:\Users\donan\Desktop\POS-PROJECT\ADMIN WEB\env_boutique\Lib\site-packages\rest_framework\views.py", line 486, in raise_uncaught_exception
    raise exc
  File "C:\Users\donan\Desktop\POS-PROJECT\ADMIN WEB\env_boutique\Lib\site-packages\rest_framework\views.py", line 503, in dispatch
    self.initial(request, *args, **kwargs)
    ~~~~~~~~~~~~^^^^^^^^^^^^^^^^^^^^^^^^^^
  File "C:\Users\donan\Desktop\POS-PROJECT\ADMIN WEB\env_boutique\Lib\site-packages\rest_framework\views.py", line 420, in initial
    self.perform_authentication(request)
    ~~~~~~~~~~~~~~~~~~~~~~~~~~~^^^^^^^^^
  File "C:\Users\donan\Desktop\POS-PROJECT\ADMIN WEB\env_boutique\Lib\site-packages\rest_framework\views.py", line 330, in perform_authentication
    request.user
  File "C:\Users\donan\Desktop\POS-PROJECT\ADMIN WEB\env_boutique\Lib\site-packages\rest_framework\request.py", line 232, in user
    self._authenticate()
    ~~~~~~~~~~~~~~~~~~^^
  File "C:\Users\donan\Desktop\POS-PROJECT\ADMIN WEB\env_boutique\Lib\site-packages\rest_framework\request.py", line 385, in _authenticate
    user_auth_tuple = authenticator.authenticate(self)
  File "C:\Users\donan\Desktop\POS-PROJECT\ADMIN WEB\env_boutique\Lib\site-packages\rest_framework_simplejwt\authentication.py", line 51, in authenticate
    return self.get_user(validated_token), validated_token
           ~~~~~~~~~~~~~^^^^^^^^^^^^^^^^^
  File "C:\Users\donan\Desktop\POS-PROJECT\ADMIN WEB\env_boutique\Lib\site-packages\rest_framework_simplejwt\authentication.py", line 132, in get_user
    user = self.user_model.objects.get(**{api_settings.USER_ID_FIELD: user_id})
  File "C:\Users\donan\Desktop\POS-PROJECT\ADMIN WEB\env_boutique\Lib\site-packages\django\db\models\manager.py", line 87, in manager_method
    return getattr(self.get_queryset(), name)(*args, **kwargs)
           ~~~~~~~~~~~~~~~~~~~~~~~~~~~~~~~~~~^^^^^^^^^^^^^^^^^
  File "C:\Users\donan\Desktop\POS-PROJECT\ADMIN WEB\env_boutique\Lib\site-packages\django\db\models\query.py", line 629, in get
    num = len(clone)
  File "C:\Users\donan\Desktop\POS-PROJECT\ADMIN WEB\env_boutique\Lib\site-packages\django\db\models\query.py", line 366, in __len__
    self._fetch_all()
    ~~~~~~~~~~~~~~~^^
  File "C:\Users\donan\Desktop\POS-PROJECT\ADMIN WEB\env_boutique\Lib\site-packages\django\db\models\query.py", line 1949, in _fetch_all
    self._result_cache = list(self._iterable_class(self))
                         ~~~~^^^^^^^^^^^^^^^^^^^^^^^^^^^^
  File "C:\Users\donan\Desktop\POS-PROJECT\ADMIN WEB\env_boutique\Lib\site-packages\django\db\models\query.py", line 91, in __iter__
    results = compiler.execute_sql(
        chunked_fetch=self.chunked_fetch, chunk_size=self.chunk_size
    )
  File "C:\Users\donan\Desktop\POS-PROJECT\ADMIN WEB\env_boutique\Lib\site-packages\django\db\models\sql\compiler.py", line 1621, in execute_sql
    cursor = self.connection.cursor()
  File "C:\Users\donan\Desktop\POS-PROJECT\ADMIN WEB\env_boutique\Lib\site-packages\django\utils\asyncio.py", line 26, in inner
    return func(*args, **kwargs)
  File "C:\Users\donan\Desktop\POS-PROJECT\ADMIN WEB\env_boutique\Lib\site-packages\django\db\backends\base\base.py", line 320, in cursor
    return self._cursor()
           ~~~~~~~~~~~~^^
  File "C:\Users\donan\Desktop\POS-PROJECT\ADMIN WEB\env_boutique\Lib\site-packages\django\db\backends\base\base.py", line 296, in _cursor
    self.ensure_connection()
    ~~~~~~~~~~~~~~~~~~~~~~^^
  File "C:\Users\donan\Desktop\POS-PROJECT\ADMIN WEB\env_boutique\Lib\site-packages\django\utils\asyncio.py", line 26, in inner
    return func(*args, **kwargs)
  File "C:\Users\donan\Desktop\POS-PROJECT\ADMIN WEB\env_boutique\Lib\site-packages\django\db\backends\base\base.py", line 278, in ensure_connection
    with self.wrap_database_errors:
         ^^^^^^^^^^^^^^^^^^^^^^^^^
  File "C:\Users\donan\Desktop\POS-PROJECT\ADMIN WEB\env_boutique\Lib\site-packages\django\db\utils.py", line 91, in __exit__
    raise dj_exc_value.with_traceback(traceback) from exc_value
  File "C:\Users\donan\Desktop\POS-PROJECT\ADMIN WEB\env_boutique\Lib\site-packages\django\db\backends\base\base.py", line 279, in ensure_connection
    self.connect()
    ~~~~~~~~~~~~^^
  File "C:\Users\donan\Desktop\POS-PROJECT\ADMIN WEB\env_boutique\Lib\site-packages\django\utils\asyncio.py", line 26, in inner
    return func(*args, **kwargs)
  File "C:\Users\donan\Desktop\POS-PROJECT\ADMIN WEB\env_boutique\Lib\site-packages\django\db\backends\base\base.py", line 256, in connect
    self.connection = self.get_new_connection(conn_params)
                      ~~~~~~~~~~~~~~~~~~~~~~~^^^^^^^^^^^^^
  File "C:\Users\donan\Desktop\POS-PROJECT\ADMIN WEB\env_boutique\Lib\site-packages\django\utils\asyncio.py", line 26, in inner
    return func(*args, **kwargs)
  File "C:\Users\donan\Desktop\POS-PROJECT\ADMIN WEB\env_boutique\Lib\site-packages\django\db\backends\postgresql\base.py", line 332, in get_new_connection
    connection = self.Database.connect(**conn_params)
  File "C:\Users\donan\Desktop\POS-PROJECT\ADMIN WEB\env_boutique\Lib\site-packages\psycopg2\__init__.py", line 135, in connect
    conn = _connect(dsn, connection_factory=connection_factory, **kwasync)
django.db.utils.OperationalError: connection to server at "aws-1-eu-west-1.pooler.supabase.com" (54.247.26.119), port 5432 failed: FATAL:  MaxClientsInSessionMode: max clients reached - in Session mode max clients are limited to pool_size

ERROR 2026-02-11 15:49:32,614 basehttp "GET /api/requests/ HTTP/1.1" 500 242715
ERROR 2026-02-11 15:49:32,620 basehttp "GET /api/products/ HTTP/1.1" 500 243394
ERROR 2026-02-11 15:49:36,943 log Internal Server Error: /api/requests/
Traceback (most recent call last):
  File "C:\Users\donan\Desktop\POS-PROJECT\ADMIN WEB\env_boutique\Lib\site-packages\django\db\backends\base\base.py", line 279, in ensure_connection
    self.connect()
    ~~~~~~~~~~~~^^
  File "C:\Users\donan\Desktop\POS-PROJECT\ADMIN WEB\env_boutique\Lib\site-packages\django\utils\asyncio.py", line 26, in inner
    return func(*args, **kwargs)
  File "C:\Users\donan\Desktop\POS-PROJECT\ADMIN WEB\env_boutique\Lib\site-packages\django\db\backends\base\base.py", line 256, in connect
    self.connection = self.get_new_connection(conn_params)
                      ~~~~~~~~~~~~~~~~~~~~~~~^^^^^^^^^^^^^
  File "C:\Users\donan\Desktop\POS-PROJECT\ADMIN WEB\env_boutique\Lib\site-packages\django\utils\asyncio.py", line 26, in inner
    return func(*args, **kwargs)
  File "C:\Users\donan\Desktop\POS-PROJECT\ADMIN WEB\env_boutique\Lib\site-packages\django\db\backends\postgresql\base.py", line 332, in get_new_connection
    connection = self.Database.connect(**conn_params)
  File "C:\Users\donan\Desktop\POS-PROJECT\ADMIN WEB\env_boutique\Lib\site-packages\psycopg2\__init__.py", line 135, in connect
    conn = _connect(dsn, connection_factory=connection_factory, **kwasync)
psycopg2.OperationalError: connection to server at "aws-1-eu-west-1.pooler.supabase.com" (54.247.26.119), port 5432 failed: FATAL:  MaxClientsInSessionMode: max clients reached - in Session mode max clients are limited to pool_size


The above exception was the direct cause of the following exception:

Traceback (most recent call last):
  File "C:\Users\donan\Desktop\POS-PROJECT\ADMIN WEB\env_boutique\Lib\site-packages\django\core\handlers\exception.py", line 55, in inner
    response = get_response(request)
  File "C:\Users\donan\Desktop\POS-PROJECT\ADMIN WEB\env_boutique\Lib\site-packages\django\core\handlers\base.py", line 197, in _get_response
    response = wrapped_callback(request, *callback_args, **callback_kwargs)
  File "C:\Users\donan\Desktop\POS-PROJECT\ADMIN WEB\env_boutique\Lib\site-packages\django\views\decorators\csrf.py", line 65, in _view_wrapper
    return view_func(request, *args, **kwargs)
  File "C:\Users\donan\Desktop\POS-PROJECT\ADMIN WEB\env_boutique\Lib\site-packages\django\views\generic\base.py", line 105, in view
    return self.dispatch(request, *args, **kwargs)
           ~~~~~~~~~~~~~^^^^^^^^^^^^^^^^^^^^^^^^^^
  File "C:\Users\donan\Desktop\POS-PROJECT\ADMIN WEB\env_boutique\Lib\site-packages\rest_framework\views.py", line 515, in dispatch
    response = self.handle_exception(exc)
  File "C:\Users\donan\Desktop\POS-PROJECT\ADMIN WEB\env_boutique\Lib\site-packages\rest_framework\views.py", line 475, in handle_exception
    self.raise_uncaught_exception(exc)
    ~~~~~~~~~~~~~~~~~~~~~~~~~~~~~^^^^^
  File "C:\Users\donan\Desktop\POS-PROJECT\ADMIN WEB\env_boutique\Lib\site-packages\rest_framework\views.py", line 486, in raise_uncaught_exception
    raise exc
  File "C:\Users\donan\Desktop\POS-PROJECT\ADMIN WEB\env_boutique\Lib\site-packages\rest_framework\views.py", line 503, in dispatch
    self.initial(request, *args, **kwargs)
    ~~~~~~~~~~~~^^^^^^^^^^^^^^^^^^^^^^^^^^
  File "C:\Users\donan\Desktop\POS-PROJECT\ADMIN WEB\env_boutique\Lib\site-packages\rest_framework\views.py", line 420, in initial
    self.perform_authentication(request)
    ~~~~~~~~~~~~~~~~~~~~~~~~~~~^^^^^^^^^
  File "C:\Users\donan\Desktop\POS-PROJECT\ADMIN WEB\env_boutique\Lib\site-packages\rest_framework\views.py", line 330, in perform_authentication
    request.user
  File "C:\Users\donan\Desktop\POS-PROJECT\ADMIN WEB\env_boutique\Lib\site-packages\rest_framework\request.py", line 232, in user
    self._authenticate()
    ~~~~~~~~~~~~~~~~~~^^
  File "C:\Users\donan\Desktop\POS-PROJECT\ADMIN WEB\env_boutique\Lib\site-packages\rest_framework\request.py", line 385, in _authenticate
    user_auth_tuple = authenticator.authenticate(self)
  File "C:\Users\donan\Desktop\POS-PROJECT\ADMIN WEB\env_boutique\Lib\site-packages\rest_framework_simplejwt\authentication.py", line 51, in authenticate
    return self.get_user(validated_token), validated_token
           ~~~~~~~~~~~~~^^^^^^^^^^^^^^^^^
  File "C:\Users\donan\Desktop\POS-PROJECT\ADMIN WEB\env_boutique\Lib\site-packages\rest_framework_simplejwt\authentication.py", line 132, in get_user
    user = self.user_model.objects.get(**{api_settings.USER_ID_FIELD: user_id})
  File "C:\Users\donan\Desktop\POS-PROJECT\ADMIN WEB\env_boutique\Lib\site-packages\django\db\models\manager.py", line 87, in manager_method
    return getattr(self.get_queryset(), name)(*args, **kwargs)
           ~~~~~~~~~~~~~~~~~~~~~~~~~~~~~~~~~~^^^^^^^^^^^^^^^^^
  File "C:\Users\donan\Desktop\POS-PROJECT\ADMIN WEB\env_boutique\Lib\site-packages\django\db\models\query.py", line 629, in get
    num = len(clone)
  File "C:\Users\donan\Desktop\POS-PROJECT\ADMIN WEB\env_boutique\Lib\site-packages\django\db\models\query.py", line 366, in __len__
    self._fetch_all()
    ~~~~~~~~~~~~~~~^^
  File "C:\Users\donan\Desktop\POS-PROJECT\ADMIN WEB\env_boutique\Lib\site-packages\django\db\models\query.py", line 1949, in _fetch_all
    self._result_cache = list(self._iterable_class(self))
                         ~~~~^^^^^^^^^^^^^^^^^^^^^^^^^^^^
  File "C:\Users\donan\Desktop\POS-PROJECT\ADMIN WEB\env_boutique\Lib\site-packages\django\db\models\query.py", line 91, in __iter__
    results = compiler.execute_sql(
        chunked_fetch=self.chunked_fetch, chunk_size=self.chunk_size
    )
  File "C:\Users\donan\Desktop\POS-PROJECT\ADMIN WEB\env_boutique\Lib\site-packages\django\db\models\sql\compiler.py", line 1621, in execute_sql
    cursor = self.connection.cursor()
  File "C:\Users\donan\Desktop\POS-PROJECT\ADMIN WEB\env_boutique\Lib\site-packages\django\utils\asyncio.py", line 26, in inner
    return func(*args, **kwargs)
  File "C:\Users\donan\Desktop\POS-PROJECT\ADMIN WEB\env_boutique\Lib\site-packages\django\db\backends\base\base.py", line 320, in cursor
    return self._cursor()
           ~~~~~~~~~~~~^^
  File "C:\Users\donan\Desktop\POS-PROJECT\ADMIN WEB\env_boutique\Lib\site-packages\django\db\backends\base\base.py", line 296, in _cursor
    self.ensure_connection()
    ~~~~~~~~~~~~~~~~~~~~~~^^
  File "C:\Users\donan\Desktop\POS-PROJECT\ADMIN WEB\env_boutique\Lib\site-packages\django\utils\asyncio.py", line 26, in inner
    return func(*args, **kwargs)
  File "C:\Users\donan\Desktop\POS-PROJECT\ADMIN WEB\env_boutique\Lib\site-packages\django\db\backends\base\base.py", line 278, in ensure_connection
    with self.wrap_database_errors:
         ^^^^^^^^^^^^^^^^^^^^^^^^^
  File "C:\Users\donan\Desktop\POS-PROJECT\ADMIN WEB\env_boutique\Lib\site-packages\django\db\utils.py", line 91, in __exit__
    raise dj_exc_value.with_traceback(traceback) from exc_value
  File "C:\Users\donan\Desktop\POS-PROJECT\ADMIN WEB\env_boutique\Lib\site-packages\django\db\backends\base\base.py", line 279, in ensure_connection
    self.connect()
    ~~~~~~~~~~~~^^
  File "C:\Users\donan\Desktop\POS-PROJECT\ADMIN WEB\env_boutique\Lib\site-packages\django\utils\asyncio.py", line 26, in inner
    return func(*args, **kwargs)
  File "C:\Users\donan\Desktop\POS-PROJECT\ADMIN WEB\env_boutique\Lib\site-packages\django\db\backends\base\base.py", line 256, in connect
    self.connection = self.get_new_connection(conn_params)
                      ~~~~~~~~~~~~~~~~~~~~~~~^^^^^^^^^^^^^
  File "C:\Users\donan\Desktop\POS-PROJECT\ADMIN WEB\env_boutique\Lib\site-packages\django\utils\asyncio.py", line 26, in inner
    return func(*args, **kwargs)
  File "C:\Users\donan\Desktop\POS-PROJECT\ADMIN WEB\env_boutique\Lib\site-packages\django\db\backends\postgresql\base.py", line 332, in get_new_connection
    connection = self.Database.connect(**conn_params)
  File "C:\Users\donan\Desktop\POS-PROJECT\ADMIN WEB\env_boutique\Lib\site-packages\psycopg2\__init__.py", line 135, in connect
    conn = _connect(dsn, connection_factory=connection_factory, **kwasync)
django.db.utils.OperationalError: connection to server at "aws-1-eu-west-1.pooler.supabase.com" (54.247.26.119), port 5432 failed: FATAL:  MaxClientsInSessionMode: max clients reached - in Session mode max clients are limited to pool_size

ERROR 2026-02-11 15:49:36,952 basehttp "GET /api/requests/ HTTP/1.1" 500 242715
ERROR 2026-02-11 15:50:34,223 log Internal Server Error: /api/auth/login/
Traceback (most recent call last):
  File "C:\Users\donan\Desktop\POS-PROJECT\ADMIN WEB\env_boutique\Lib\site-packages\django\db\backends\base\base.py", line 279, in ensure_connection
    self.connect()
    ~~~~~~~~~~~~^^
  File "C:\Users\donan\Desktop\POS-PROJECT\ADMIN WEB\env_boutique\Lib\site-packages\django\utils\asyncio.py", line 26, in inner
    return func(*args, **kwargs)
  File "C:\Users\donan\Desktop\POS-PROJECT\ADMIN WEB\env_boutique\Lib\site-packages\django\db\backends\base\base.py", line 256, in connect
    self.connection = self.get_new_connection(conn_params)
                      ~~~~~~~~~~~~~~~~~~~~~~~^^^^^^^^^^^^^
  File "C:\Users\donan\Desktop\POS-PROJECT\ADMIN WEB\env_boutique\Lib\site-packages\django\utils\asyncio.py", line 26, in inner
    return func(*args, **kwargs)
  File "C:\Users\donan\Desktop\POS-PROJECT\ADMIN WEB\env_boutique\Lib\site-packages\django\db\backends\postgresql\base.py", line 332, in get_new_connection
    connection = self.Database.connect(**conn_params)
  File "C:\Users\donan\Desktop\POS-PROJECT\ADMIN WEB\env_boutique\Lib\site-packages\psycopg2\__init__.py", line 135, in connect
    conn = _connect(dsn, connection_factory=connection_factory, **kwasync)
psycopg2.OperationalError: connection to server at "aws-1-eu-west-1.pooler.supabase.com" (18.202.64.2), port 5432 failed: FATAL:  MaxClientsInSessionMode: max clients reached - in Session mode max clients are limited to pool_size
connection to server at "aws-1-eu-west-1.pooler.supabase.com" (18.202.64.2), port 5432 failed: FATAL:  MaxClientsInSessionMode: max clients reached - in Session mode max clients are limited to pool_size


The above exception was the direct cause of the following exception:

Traceback (most recent call last):
  File "C:\Users\donan\Desktop\POS-PROJECT\ADMIN WEB\env_boutique\Lib\site-packages\django\core\handlers\exception.py", line 55, in inner
    response = get_response(request)
  File "C:\Users\donan\Desktop\POS-PROJECT\ADMIN WEB\env_boutique\Lib\site-packages\django\core\handlers\base.py", line 197, in _get_response
    response = wrapped_callback(request, *callback_args, **callback_kwargs)
  File "C:\Users\donan\Desktop\POS-PROJECT\ADMIN WEB\env_boutique\Lib\site-packages\django\views\decorators\csrf.py", line 65, in _view_wrapper
    return view_func(request, *args, **kwargs)
  File "C:\Users\donan\Desktop\POS-PROJECT\ADMIN WEB\env_boutique\Lib\site-packages\django\views\generic\base.py", line 105, in view
    return self.dispatch(request, *args, **kwargs)
           ~~~~~~~~~~~~~^^^^^^^^^^^^^^^^^^^^^^^^^^
  File "C:\Users\donan\Desktop\POS-PROJECT\ADMIN WEB\env_boutique\Lib\site-packages\rest_framework\views.py", line 515, in dispatch
    response = self.handle_exception(exc)
  File "C:\Users\donan\Desktop\POS-PROJECT\ADMIN WEB\env_boutique\Lib\site-packages\rest_framework\views.py", line 475, in handle_exception
    self.raise_uncaught_exception(exc)
    ~~~~~~~~~~~~~~~~~~~~~~~~~~~~~^^^^^
  File "C:\Users\donan\Desktop\POS-PROJECT\ADMIN WEB\env_boutique\Lib\site-packages\rest_framework\views.py", line 486, in raise_uncaught_exception
    raise exc
  File "C:\Users\donan\Desktop\POS-PROJECT\ADMIN WEB\env_boutique\Lib\site-packages\rest_framework\views.py", line 503, in dispatch
    self.initial(request, *args, **kwargs)
    ~~~~~~~~~~~~^^^^^^^^^^^^^^^^^^^^^^^^^^
  File "C:\Users\donan\Desktop\POS-PROJECT\ADMIN WEB\env_boutique\Lib\site-packages\rest_framework\views.py", line 420, in initial
    self.perform_authentication(request)
    ~~~~~~~~~~~~~~~~~~~~~~~~~~~^^^^^^^^^
  File "C:\Users\donan\Desktop\POS-PROJECT\ADMIN WEB\env_boutique\Lib\site-packages\rest_framework\views.py", line 330, in perform_authentication
    request.user
  File "C:\Users\donan\Desktop\POS-PROJECT\ADMIN WEB\env_boutique\Lib\site-packages\rest_framework\request.py", line 232, in user
    self._authenticate()
    ~~~~~~~~~~~~~~~~~~^^
  File "C:\Users\donan\Desktop\POS-PROJECT\ADMIN WEB\env_boutique\Lib\site-packages\rest_framework\request.py", line 385, in _authenticate
    user_auth_tuple = authenticator.authenticate(self)
  File "C:\Users\donan\Desktop\POS-PROJECT\ADMIN WEB\env_boutique\Lib\site-packages\rest_framework_simplejwt\authentication.py", line 51, in authenticate
    return self.get_user(validated_token), validated_token
           ~~~~~~~~~~~~~^^^^^^^^^^^^^^^^^
  File "C:\Users\donan\Desktop\POS-PROJECT\ADMIN WEB\env_boutique\Lib\site-packages\rest_framework_simplejwt\authentication.py", line 132, in get_user
    user = self.user_model.objects.get(**{api_settings.USER_ID_FIELD: user_id})
  File "C:\Users\donan\Desktop\POS-PROJECT\ADMIN WEB\env_boutique\Lib\site-packages\django\db\models\manager.py", line 87, in manager_method
    return getattr(self.get_queryset(), name)(*args, **kwargs)
           ~~~~~~~~~~~~~~~~~~~~~~~~~~~~~~~~~~^^^^^^^^^^^^^^^^^
  File "C:\Users\donan\Desktop\POS-PROJECT\ADMIN WEB\env_boutique\Lib\site-packages\django\db\models\query.py", line 629, in get
    num = len(clone)
  File "C:\Users\donan\Desktop\POS-PROJECT\ADMIN WEB\env_boutique\Lib\site-packages\django\db\models\query.py", line 366, in __len__
    self._fetch_all()
    ~~~~~~~~~~~~~~~^^
  File "C:\Users\donan\Desktop\POS-PROJECT\ADMIN WEB\env_boutique\Lib\site-packages\django\db\models\query.py", line 1949, in _fetch_all
    self._result_cache = list(self._iterable_class(self))
                         ~~~~^^^^^^^^^^^^^^^^^^^^^^^^^^^^
  File "C:\Users\donan\Desktop\POS-PROJECT\ADMIN WEB\env_boutique\Lib\site-packages\django\db\models\query.py", line 91, in __iter__
    results = compiler.execute_sql(
        chunked_fetch=self.chunked_fetch, chunk_size=self.chunk_size
    )
  File "C:\Users\donan\Desktop\POS-PROJECT\ADMIN WEB\env_boutique\Lib\site-packages\django\db\models\sql\compiler.py", line 1621, in execute_sql
    cursor = self.connection.cursor()
  File "C:\Users\donan\Desktop\POS-PROJECT\ADMIN WEB\env_boutique\Lib\site-packages\django\utils\asyncio.py", line 26, in inner
    return func(*args, **kwargs)
  File "C:\Users\donan\Desktop\POS-PROJECT\ADMIN WEB\env_boutique\Lib\site-packages\django\db\backends\base\base.py", line 320, in cursor
    return self._cursor()
           ~~~~~~~~~~~~^^
  File "C:\Users\donan\Desktop\POS-PROJECT\ADMIN WEB\env_boutique\Lib\site-packages\django\db\backends\base\base.py", line 296, in _cursor
    self.ensure_connection()
    ~~~~~~~~~~~~~~~~~~~~~~^^
  File "C:\Users\donan\Desktop\POS-PROJECT\ADMIN WEB\env_boutique\Lib\site-packages\django\utils\asyncio.py", line 26, in inner
    return func(*args, **kwargs)
  File "C:\Users\donan\Desktop\POS-PROJECT\ADMIN WEB\env_boutique\Lib\site-packages\django\db\backends\base\base.py", line 278, in ensure_connection
    with self.wrap_database_errors:
         ^^^^^^^^^^^^^^^^^^^^^^^^^
  File "C:\Users\donan\Desktop\POS-PROJECT\ADMIN WEB\env_boutique\Lib\site-packages\django\db\utils.py", line 91, in __exit__
    raise dj_exc_value.with_traceback(traceback) from exc_value
  File "C:\Users\donan\Desktop\POS-PROJECT\ADMIN WEB\env_boutique\Lib\site-packages\django\db\backends\base\base.py", line 279, in ensure_connection
    self.connect()
    ~~~~~~~~~~~~^^
  File "C:\Users\donan\Desktop\POS-PROJECT\ADMIN WEB\env_boutique\Lib\site-packages\django\utils\asyncio.py", line 26, in inner
    return func(*args, **kwargs)
  File "C:\Users\donan\Desktop\POS-PROJECT\ADMIN WEB\env_boutique\Lib\site-packages\django\db\backends\base\base.py", line 256, in connect
    self.connection = self.get_new_connection(conn_params)
                      ~~~~~~~~~~~~~~~~~~~~~~~^^^^^^^^^^^^^
  File "C:\Users\donan\Desktop\POS-PROJECT\ADMIN WEB\env_boutique\Lib\site-packages\django\utils\asyncio.py", line 26, in inner
    return func(*args, **kwargs)
  File "C:\Users\donan\Desktop\POS-PROJECT\ADMIN WEB\env_boutique\Lib\site-packages\django\db\backends\postgresql\base.py", line 332, in get_new_connection
    connection = self.Database.connect(**conn_params)
  File "C:\Users\donan\Desktop\POS-PROJECT\ADMIN WEB\env_boutique\Lib\site-packages\psycopg2\__init__.py", line 135, in connect
    conn = _connect(dsn, connection_factory=connection_factory, **kwasync)
django.db.utils.OperationalError: connection to server at "aws-1-eu-west-1.pooler.supabase.com" (18.202.64.2), port 5432 failed: FATAL:  MaxClientsInSessionMode: max clients reached - in Session mode max clients are limited to pool_size
connection to server at "aws-1-eu-west-1.pooler.supabase.com" (18.202.64.2), port 5432 failed: FATAL:  MaxClientsInSessionMode: max clients reached - in Session mode max clients are limited to pool_size

ERROR 2026-02-11 15:50:34,230 basehttp "POST /api/auth/login/ HTTP/1.1" 500 245889
ERROR 2026-02-11 15:50:53,311 log Internal Server Error: /api/auth/login/
Traceback (most recent call last):
  File "C:\Users\donan\Desktop\POS-PROJECT\ADMIN WEB\env_boutique\Lib\site-packages\django\db\backends\base\base.py", line 279, in ensure_connection
    self.connect()
    ~~~~~~~~~~~~^^
  File "C:\Users\donan\Desktop\POS-PROJECT\ADMIN WEB\env_boutique\Lib\site-packages\django\utils\asyncio.py", line 26, in inner
    return func(*args, **kwargs)
  File "C:\Users\donan\Desktop\POS-PROJECT\ADMIN WEB\env_boutique\Lib\site-packages\django\db\backends\base\base.py", line 256, in connect
    self.connection = self.get_new_connection(conn_params)
                      ~~~~~~~~~~~~~~~~~~~~~~~^^^^^^^^^^^^^
  File "C:\Users\donan\Desktop\POS-PROJECT\ADMIN WEB\env_boutique\Lib\site-packages\django\utils\asyncio.py", line 26, in inner
    return func(*args, **kwargs)
  File "C:\Users\donan\Desktop\POS-PROJECT\ADMIN WEB\env_boutique\Lib\site-packages\django\db\backends\postgresql\base.py", line 332, in get_new_connection
    connection = self.Database.connect(**conn_params)
  File "C:\Users\donan\Desktop\POS-PROJECT\ADMIN WEB\env_boutique\Lib\site-packages\psycopg2\__init__.py", line 135, in connect
    conn = _connect(dsn, connection_factory=connection_factory, **kwasync)
psycopg2.OperationalError: connection to server at "aws-1-eu-west-1.pooler.supabase.com" (18.202.64.2), port 5432 failed: FATAL:  MaxClientsInSessionMode: max clients reached - in Session mode max clients are limited to pool_size
connection to server at "aws-1-eu-west-1.pooler.supabase.com" (18.202.64.2), port 5432 failed: FATAL:  MaxClientsInSessionMode: max clients reached - in Session mode max clients are limited to pool_size


The above exception was the direct cause of the following exception:

Traceback (most recent call last):
  File "C:\Users\donan\Desktop\POS-PROJECT\ADMIN WEB\env_boutique\Lib\site-packages\django\core\handlers\exception.py", line 55, in inner
    response = get_response(request)
  File "C:\Users\donan\Desktop\POS-PROJECT\ADMIN WEB\env_boutique\Lib\site-packages\django\core\handlers\base.py", line 197, in _get_response
    response = wrapped_callback(request, *callback_args, **callback_kwargs)
  File "C:\Users\donan\Desktop\POS-PROJECT\ADMIN WEB\env_boutique\Lib\site-packages\django\views\decorators\csrf.py", line 65, in _view_wrapper
    return view_func(request, *args, **kwargs)
  File "C:\Users\donan\Desktop\POS-PROJECT\ADMIN WEB\env_boutique\Lib\site-packages\django\views\generic\base.py", line 105, in view
    return self.dispatch(request, *args, **kwargs)
           ~~~~~~~~~~~~~^^^^^^^^^^^^^^^^^^^^^^^^^^
  File "C:\Users\donan\Desktop\POS-PROJECT\ADMIN WEB\env_boutique\Lib\site-packages\rest_framework\views.py", line 515, in dispatch
    response = self.handle_exception(exc)
  File "C:\Users\donan\Desktop\POS-PROJECT\ADMIN WEB\env_boutique\Lib\site-packages\rest_framework\views.py", line 475, in handle_exception
    self.raise_uncaught_exception(exc)
    ~~~~~~~~~~~~~~~~~~~~~~~~~~~~~^^^^^
  File "C:\Users\donan\Desktop\POS-PROJECT\ADMIN WEB\env_boutique\Lib\site-packages\rest_framework\views.py", line 486, in raise_uncaught_exception
    raise exc
  File "C:\Users\donan\Desktop\POS-PROJECT\ADMIN WEB\env_boutique\Lib\site-packages\rest_framework\views.py", line 512, in dispatch
    response = handler(request, *args, **kwargs)
  File "C:\Users\donan\Desktop\POS-PROJECT\ADMIN WEB\api_boutique_core\views.py", line 55, in post
    if not serializer.is_valid():
           ~~~~~~~~~~~~~~~~~~~^^
  File "C:\Users\donan\Desktop\POS-PROJECT\ADMIN WEB\env_boutique\Lib\site-packages\rest_framework\serializers.py", line 225, in is_valid
    self._validated_data = self.run_validation(self.initial_data)
                           ~~~~~~~~~~~~~~~~~~~^^^^^^^^^^^^^^^^^^^
  File "C:\Users\donan\Desktop\POS-PROJECT\ADMIN WEB\env_boutique\Lib\site-packages\rest_framework\serializers.py", line 447, in run_validation
    value = self.validate(value)
  File "C:\Users\donan\Desktop\POS-PROJECT\ADMIN WEB\api_boutique_core\serializers.py", line 276, in validate
    user = User.objects.get(email=username_or_email)
  File "C:\Users\donan\Desktop\POS-PROJECT\ADMIN WEB\env_boutique\Lib\site-packages\django\db\models\manager.py", line 87, in manager_method
    return getattr(self.get_queryset(), name)(*args, **kwargs)
           ~~~~~~~~~~~~~~~~~~~~~~~~~~~~~~~~~~^^^^^^^^^^^^^^^^^
  File "C:\Users\donan\Desktop\POS-PROJECT\ADMIN WEB\env_boutique\Lib\site-packages\django\db\models\query.py", line 629, in get
    num = len(clone)
  File "C:\Users\donan\Desktop\POS-PROJECT\ADMIN WEB\env_boutique\Lib\site-packages\django\db\models\query.py", line 366, in __len__
    self._fetch_all()
    ~~~~~~~~~~~~~~~^^
  File "C:\Users\donan\Desktop\POS-PROJECT\ADMIN WEB\env_boutique\Lib\site-packages\django\db\models\query.py", line 1949, in _fetch_all
    self._result_cache = list(self._iterable_class(self))
                         ~~~~^^^^^^^^^^^^^^^^^^^^^^^^^^^^
  File "C:\Users\donan\Desktop\POS-PROJECT\ADMIN WEB\env_boutique\Lib\site-packages\django\db\models\query.py", line 91, in __iter__
    results = compiler.execute_sql(
        chunked_fetch=self.chunked_fetch, chunk_size=self.chunk_size
    )
  File "C:\Users\donan\Desktop\POS-PROJECT\ADMIN WEB\env_boutique\Lib\site-packages\django\db\models\sql\compiler.py", line 1621, in execute_sql
    cursor = self.connection.cursor()
  File "C:\Users\donan\Desktop\POS-PROJECT\ADMIN WEB\env_boutique\Lib\site-packages\django\utils\asyncio.py", line 26, in inner
    return func(*args, **kwargs)
  File "C:\Users\donan\Desktop\POS-PROJECT\ADMIN WEB\env_boutique\Lib\site-packages\django\db\backends\base\base.py", line 320, in cursor
    return self._cursor()
           ~~~~~~~~~~~~^^
  File "C:\Users\donan\Desktop\POS-PROJECT\ADMIN WEB\env_boutique\Lib\site-packages\django\db\backends\base\base.py", line 296, in _cursor
    self.ensure_connection()
    ~~~~~~~~~~~~~~~~~~~~~~^^
  File "C:\Users\donan\Desktop\POS-PROJECT\ADMIN WEB\env_boutique\Lib\site-packages\django\utils\asyncio.py", line 26, in inner
    return func(*args, **kwargs)
  File "C:\Users\donan\Desktop\POS-PROJECT\ADMIN WEB\env_boutique\Lib\site-packages\django\db\backends\base\base.py", line 278, in ensure_connection
    with self.wrap_database_errors:
         ^^^^^^^^^^^^^^^^^^^^^^^^^
  File "C:\Users\donan\Desktop\POS-PROJECT\ADMIN WEB\env_boutique\Lib\site-packages\django\db\utils.py", line 91, in __exit__
    raise dj_exc_value.with_traceback(traceback) from exc_value
  File "C:\Users\donan\Desktop\POS-PROJECT\ADMIN WEB\env_boutique\Lib\site-packages\django\db\backends\base\base.py", line 279, in ensure_connection
    self.connect()
    ~~~~~~~~~~~~^^
  File "C:\Users\donan\Desktop\POS-PROJECT\ADMIN WEB\env_boutique\Lib\site-packages\django\utils\asyncio.py", line 26, in inner
    return func(*args, **kwargs)
  File "C:\Users\donan\Desktop\POS-PROJECT\ADMIN WEB\env_boutique\Lib\site-packages\django\db\backends\base\base.py", line 256, in connect
    self.connection = self.get_new_connection(conn_params)
                      ~~~~~~~~~~~~~~~~~~~~~~~^^^^^^^^^^^^^
  File "C:\Users\donan\Desktop\POS-PROJECT\ADMIN WEB\env_boutique\Lib\site-packages\django\utils\asyncio.py", line 26, in inner
    return func(*args, **kwargs)
  File "C:\Users\donan\Desktop\POS-PROJECT\ADMIN WEB\env_boutique\Lib\site-packages\django\db\backends\postgresql\base.py", line 332, in get_new_connection
    connection = self.Database.connect(**conn_params)
  File "C:\Users\donan\Desktop\POS-PROJECT\ADMIN WEB\env_boutique\Lib\site-packages\psycopg2\__init__.py", line 135, in connect
    conn = _connect(dsn, connection_factory=connection_factory, **kwasync)
django.db.utils.OperationalError: connection to server at "aws-1-eu-west-1.pooler.supabase.com" (18.202.64.2), port 5432 failed: FATAL:  MaxClientsInSessionMode: max clients reached - in Session mode max clients are limited to pool_size
connection to server at "aws-1-eu-west-1.pooler.supabase.com" (18.202.64.2), port 5432 failed: FATAL:  MaxClientsInSessionMode: max clients reached - in Session mode max clients are limited to pool_size

ERROR 2026-02-11 15:50:53,320 basehttp "POST /api/auth/login/ HTTP/1.1" 500 237597
ERROR 2026-02-11 15:51:33,582 log Internal Server Error: /api/auth/login/
Traceback (most recent call last):
  File "C:\Users\donan\Desktop\POS-PROJECT\ADMIN WEB\env_boutique\Lib\site-packages\django\db\backends\base\base.py", line 279, in ensure_connection
    self.connect()
    ~~~~~~~~~~~~^^
  File "C:\Users\donan\Desktop\POS-PROJECT\ADMIN WEB\env_boutique\Lib\site-packages\django\utils\asyncio.py", line 26, in inner
    return func(*args, **kwargs)
  File "C:\Users\donan\Desktop\POS-PROJECT\ADMIN WEB\env_boutique\Lib\site-packages\django\db\backends\base\base.py", line 256, in connect
    self.connection = self.get_new_connection(conn_params)
                      ~~~~~~~~~~~~~~~~~~~~~~~^^^^^^^^^^^^^
  File "C:\Users\donan\Desktop\POS-PROJECT\ADMIN WEB\env_boutique\Lib\site-packages\django\utils\asyncio.py", line 26, in inner
    return func(*args, **kwargs)
  File "C:\Users\donan\Desktop\POS-PROJECT\ADMIN WEB\env_boutique\Lib\site-packages\django\db\backends\postgresql\base.py", line 332, in get_new_connection
    connection = self.Database.connect(**conn_params)
  File "C:\Users\donan\Desktop\POS-PROJECT\ADMIN WEB\env_boutique\Lib\site-packages\psycopg2\__init__.py", line 135, in connect
    conn = _connect(dsn, connection_factory=connection_factory, **kwasync)
psycopg2.OperationalError: connection to server at "aws-1-eu-west-1.pooler.supabase.com" (18.202.64.2), port 5432 failed: FATAL:  MaxClientsInSessionMode: max clients reached - in Session mode max clients are limited to pool_size
connection to server at "aws-1-eu-west-1.pooler.supabase.com" (18.202.64.2), port 5432 failed: FATAL:  MaxClientsInSessionMode: max clients reached - in Session mode max clients are limited to pool_size


The above exception was the direct cause of the following exception:

Traceback (most recent call last):
  File "C:\Users\donan\Desktop\POS-PROJECT\ADMIN WEB\env_boutique\Lib\site-packages\django\core\handlers\exception.py", line 55, in inner
    response = get_response(request)
  File "C:\Users\donan\Desktop\POS-PROJECT\ADMIN WEB\env_boutique\Lib\site-packages\django\core\handlers\base.py", line 197, in _get_response
    response = wrapped_callback(request, *callback_args, **callback_kwargs)
  File "C:\Users\donan\Desktop\POS-PROJECT\ADMIN WEB\env_boutique\Lib\site-packages\django\views\decorators\csrf.py", line 65, in _view_wrapper
    return view_func(request, *args, **kwargs)
  File "C:\Users\donan\Desktop\POS-PROJECT\ADMIN WEB\env_boutique\Lib\site-packages\django\views\generic\base.py", line 105, in view
    return self.dispatch(request, *args, **kwargs)
           ~~~~~~~~~~~~~^^^^^^^^^^^^^^^^^^^^^^^^^^
  File "C:\Users\donan\Desktop\POS-PROJECT\ADMIN WEB\env_boutique\Lib\site-packages\rest_framework\views.py", line 515, in dispatch
    response = self.handle_exception(exc)
  File "C:\Users\donan\Desktop\POS-PROJECT\ADMIN WEB\env_boutique\Lib\site-packages\rest_framework\views.py", line 475, in handle_exception
    self.raise_uncaught_exception(exc)
    ~~~~~~~~~~~~~~~~~~~~~~~~~~~~~^^^^^
  File "C:\Users\donan\Desktop\POS-PROJECT\ADMIN WEB\env_boutique\Lib\site-packages\rest_framework\views.py", line 486, in raise_uncaught_exception
    raise exc
  File "C:\Users\donan\Desktop\POS-PROJECT\ADMIN WEB\env_boutique\Lib\site-packages\rest_framework\views.py", line 512, in dispatch
    response = handler(request, *args, **kwargs)
  File "C:\Users\donan\Desktop\POS-PROJECT\ADMIN WEB\api_boutique_core\views.py", line 55, in post
    if not serializer.is_valid():
           ~~~~~~~~~~~~~~~~~~~^^
  File "C:\Users\donan\Desktop\POS-PROJECT\ADMIN WEB\env_boutique\Lib\site-packages\rest_framework\serializers.py", line 225, in is_valid
    self._validated_data = self.run_validation(self.initial_data)
                           ~~~~~~~~~~~~~~~~~~~^^^^^^^^^^^^^^^^^^^
  File "C:\Users\donan\Desktop\POS-PROJECT\ADMIN WEB\env_boutique\Lib\site-packages\rest_framework\serializers.py", line 447, in run_validation
    value = self.validate(value)
  File "C:\Users\donan\Desktop\POS-PROJECT\ADMIN WEB\api_boutique_core\serializers.py", line 276, in validate
    user = User.objects.get(email=username_or_email)
  File "C:\Users\donan\Desktop\POS-PROJECT\ADMIN WEB\env_boutique\Lib\site-packages\django\db\models\manager.py", line 87, in manager_method
    return getattr(self.get_queryset(), name)(*args, **kwargs)
           ~~~~~~~~~~~~~~~~~~~~~~~~~~~~~~~~~~^^^^^^^^^^^^^^^^^
  File "C:\Users\donan\Desktop\POS-PROJECT\ADMIN WEB\env_boutique\Lib\site-packages\django\db\models\query.py", line 629, in get
    num = len(clone)
  File "C:\Users\donan\Desktop\POS-PROJECT\ADMIN WEB\env_boutique\Lib\site-packages\django\db\models\query.py", line 366, in __len__
    self._fetch_all()
    ~~~~~~~~~~~~~~~^^
  File "C:\Users\donan\Desktop\POS-PROJECT\ADMIN WEB\env_boutique\Lib\site-packages\django\db\models\query.py", line 1949, in _fetch_all
    self._result_cache = list(self._iterable_class(self))
                         ~~~~^^^^^^^^^^^^^^^^^^^^^^^^^^^^
  File "C:\Users\donan\Desktop\POS-PROJECT\ADMIN WEB\env_boutique\Lib\site-packages\django\db\models\query.py", line 91, in __iter__
    results = compiler.execute_sql(
        chunked_fetch=self.chunked_fetch, chunk_size=self.chunk_size
    )
  File "C:\Users\donan\Desktop\POS-PROJECT\ADMIN WEB\env_boutique\Lib\site-packages\django\db\models\sql\compiler.py", line 1621, in execute_sql
    cursor = self.connection.cursor()
  File "C:\Users\donan\Desktop\POS-PROJECT\ADMIN WEB\env_boutique\Lib\site-packages\django\utils\asyncio.py", line 26, in inner
    return func(*args, **kwargs)
  File "C:\Users\donan\Desktop\POS-PROJECT\ADMIN WEB\env_boutique\Lib\site-packages\django\db\backends\base\base.py", line 320, in cursor
    return self._cursor()
           ~~~~~~~~~~~~^^
  File "C:\Users\donan\Desktop\POS-PROJECT\ADMIN WEB\env_boutique\Lib\site-packages\django\db\backends\base\base.py", line 296, in _cursor
    self.ensure_connection()
    ~~~~~~~~~~~~~~~~~~~~~~^^
  File "C:\Users\donan\Desktop\POS-PROJECT\ADMIN WEB\env_boutique\Lib\site-packages\django\utils\asyncio.py", line 26, in inner
    return func(*args, **kwargs)
  File "C:\Users\donan\Desktop\POS-PROJECT\ADMIN WEB\env_boutique\Lib\site-packages\django\db\backends\base\base.py", line 278, in ensure_connection
    with self.wrap_database_errors:
         ^^^^^^^^^^^^^^^^^^^^^^^^^
  File "C:\Users\donan\Desktop\POS-PROJECT\ADMIN WEB\env_boutique\Lib\site-packages\django\db\utils.py", line 91, in __exit__
    raise dj_exc_value.with_traceback(traceback) from exc_value
  File "C:\Users\donan\Desktop\POS-PROJECT\ADMIN WEB\env_boutique\Lib\site-packages\django\db\backends\base\base.py", line 279, in ensure_connection
    self.connect()
    ~~~~~~~~~~~~^^
  File "C:\Users\donan\Desktop\POS-PROJECT\ADMIN WEB\env_boutique\Lib\site-packages\django\utils\asyncio.py", line 26, in inner
    return func(*args, **kwargs)
  File "C:\Users\donan\Desktop\POS-PROJECT\ADMIN WEB\env_boutique\Lib\site-packages\django\db\backends\base\base.py", line 256, in connect
    self.connection = self.get_new_connection(conn_params)
                      ~~~~~~~~~~~~~~~~~~~~~~~^^^^^^^^^^^^^
  File "C:\Users\donan\Desktop\POS-PROJECT\ADMIN WEB\env_boutique\Lib\site-packages\django\utils\asyncio.py", line 26, in inner
    return func(*args, **kwargs)
  File "C:\Users\donan\Desktop\POS-PROJECT\ADMIN WEB\env_boutique\Lib\site-packages\django\db\backends\postgresql\base.py", line 332, in get_new_connection
    connection = self.Database.connect(**conn_params)
  File "C:\Users\donan\Desktop\POS-PROJECT\ADMIN WEB\env_boutique\Lib\site-packages\psycopg2\__init__.py", line 135, in connect
    conn = _connect(dsn, connection_factory=connection_factory, **kwasync)
django.db.utils.OperationalError: connection to server at "aws-1-eu-west-1.pooler.supabase.com" (18.202.64.2), port 5432 failed: FATAL:  MaxClientsInSessionMode: max clients reached - in Session mode max clients are limited to pool_size
connection to server at "aws-1-eu-west-1.pooler.supabase.com" (18.202.64.2), port 5432 failed: FATAL:  MaxClientsInSessionMode: max clients reached - in Session mode max clients are limited to pool_size

ERROR 2026-02-11 15:51:33,589 basehttp "POST /api/auth/login/ HTTP/1.1" 500 237597
ERROR 2026-02-11 15:51:57,626 log Internal Server Error: /api/auth/login/
Traceback (most recent call last):
  File "C:\Users\donan\Desktop\POS-PROJECT\ADMIN WEB\env_boutique\Lib\site-packages\django\db\backends\base\base.py", line 279, in ensure_connection
    self.connect()
    ~~~~~~~~~~~~^^
  File "C:\Users\donan\Desktop\POS-PROJECT\ADMIN WEB\env_boutique\Lib\site-packages\django\utils\asyncio.py", line 26, in inner
    return func(*args, **kwargs)
  File "C:\Users\donan\Desktop\POS-PROJECT\ADMIN WEB\env_boutique\Lib\site-packages\django\db\backends\base\base.py", line 256, in connect
    self.connection = self.get_new_connection(conn_params)
                      ~~~~~~~~~~~~~~~~~~~~~~~^^^^^^^^^^^^^
  File "C:\Users\donan\Desktop\POS-PROJECT\ADMIN WEB\env_boutique\Lib\site-packages\django\utils\asyncio.py", line 26, in inner
    return func(*args, **kwargs)
  File "C:\Users\donan\Desktop\POS-PROJECT\ADMIN WEB\env_boutique\Lib\site-packages\django\db\backends\postgresql\base.py", line 332, in get_new_connection
    connection = self.Database.connect(**conn_params)
  File "C:\Users\donan\Desktop\POS-PROJECT\ADMIN WEB\env_boutique\Lib\site-packages\psycopg2\__init__.py", line 135, in connect
    conn = _connect(dsn, connection_factory=connection_factory, **kwasync)
psycopg2.OperationalError: connection to server at "aws-1-eu-west-1.pooler.supabase.com" (18.202.64.2), port 5432 failed: FATAL:  MaxClientsInSessionMode: max clients reached - in Session mode max clients are limited to pool_size
connection to server at "aws-1-eu-west-1.pooler.supabase.com" (18.202.64.2), port 5432 failed: FATAL:  MaxClientsInSessionMode: max clients reached - in Session mode max clients are limited to pool_size


The above exception was the direct cause of the following exception:

Traceback (most recent call last):
  File "C:\Users\donan\Desktop\POS-PROJECT\ADMIN WEB\env_boutique\Lib\site-packages\django\core\handlers\exception.py", line 55, in inner
    response = get_response(request)
  File "C:\Users\donan\Desktop\POS-PROJECT\ADMIN WEB\env_boutique\Lib\site-packages\django\core\handlers\base.py", line 197, in _get_response
    response = wrapped_callback(request, *callback_args, **callback_kwargs)
  File "C:\Users\donan\Desktop\POS-PROJECT\ADMIN WEB\env_boutique\Lib\site-packages\django\views\decorators\csrf.py", line 65, in _view_wrapper
    return view_func(request, *args, **kwargs)
  File "C:\Users\donan\Desktop\POS-PROJECT\ADMIN WEB\env_boutique\Lib\site-packages\django\views\generic\base.py", line 105, in view
    return self.dispatch(request, *args, **kwargs)
           ~~~~~~~~~~~~~^^^^^^^^^^^^^^^^^^^^^^^^^^
  File "C:\Users\donan\Desktop\POS-PROJECT\ADMIN WEB\env_boutique\Lib\site-packages\rest_framework\views.py", line 515, in dispatch
    response = self.handle_exception(exc)
  File "C:\Users\donan\Desktop\POS-PROJECT\ADMIN WEB\env_boutique\Lib\site-packages\rest_framework\views.py", line 475, in handle_exception
    self.raise_uncaught_exception(exc)
    ~~~~~~~~~~~~~~~~~~~~~~~~~~~~~^^^^^
  File "C:\Users\donan\Desktop\POS-PROJECT\ADMIN WEB\env_boutique\Lib\site-packages\rest_framework\views.py", line 486, in raise_uncaught_exception
    raise exc
  File "C:\Users\donan\Desktop\POS-PROJECT\ADMIN WEB\env_boutique\Lib\site-packages\rest_framework\views.py", line 512, in dispatch
    response = handler(request, *args, **kwargs)
  File "C:\Users\donan\Desktop\POS-PROJECT\ADMIN WEB\api_boutique_core\views.py", line 55, in post
    if not serializer.is_valid():
           ~~~~~~~~~~~~~~~~~~~^^
  File "C:\Users\donan\Desktop\POS-PROJECT\ADMIN WEB\env_boutique\Lib\site-packages\rest_framework\serializers.py", line 225, in is_valid
    self._validated_data = self.run_validation(self.initial_data)
                           ~~~~~~~~~~~~~~~~~~~^^^^^^^^^^^^^^^^^^^
  File "C:\Users\donan\Desktop\POS-PROJECT\ADMIN WEB\env_boutique\Lib\site-packages\rest_framework\serializers.py", line 447, in run_validation
    value = self.validate(value)
  File "C:\Users\donan\Desktop\POS-PROJECT\ADMIN WEB\api_boutique_core\serializers.py", line 283, in validate
    user = authenticate(username=username_or_email, password=password)
  File "C:\Users\donan\Desktop\POS-PROJECT\ADMIN WEB\env_boutique\Lib\site-packages\django\views\decorators\debug.py", line 75, in sensitive_variables_wrapper
    return func(*func_args, **func_kwargs)
  File "C:\Users\donan\Desktop\POS-PROJECT\ADMIN WEB\env_boutique\Lib\site-packages\django\contrib\auth\__init__.py", line 114, in authenticate
    user = backend.authenticate(request, **credentials)
  File "C:\Users\donan\Desktop\POS-PROJECT\ADMIN WEB\env_boutique\Lib\site-packages\django\contrib\auth\backends.py", line 65, in authenticate
    user = UserModel._default_manager.get_by_natural_key(username)
  File "C:\Users\donan\Desktop\POS-PROJECT\ADMIN WEB\env_boutique\Lib\site-packages\django\contrib\auth\base_user.py", line 37, in get_by_natural_key
    return self.get(**{self.model.USERNAME_FIELD: username})
           ~~~~~~~~^^^^^^^^^^^^^^^^^^^^^^^^^^^^^^^^^^^^^^^^^
  File "C:\Users\donan\Desktop\POS-PROJECT\ADMIN WEB\env_boutique\Lib\site-packages\django\db\models\manager.py", line 87, in manager_method
    return getattr(self.get_queryset(), name)(*args, **kwargs)
           ~~~~~~~~~~~~~~~~~~~~~~~~~~~~~~~~~~^^^^^^^^^^^^^^^^^
  File "C:\Users\donan\Desktop\POS-PROJECT\ADMIN WEB\env_boutique\Lib\site-packages\django\db\models\query.py", line 629, in get
    num = len(clone)
  File "C:\Users\donan\Desktop\POS-PROJECT\ADMIN WEB\env_boutique\Lib\site-packages\django\db\models\query.py", line 366, in __len__
    self._fetch_all()
    ~~~~~~~~~~~~~~~^^
  File "C:\Users\donan\Desktop\POS-PROJECT\ADMIN WEB\env_boutique\Lib\site-packages\django\db\models\query.py", line 1949, in _fetch_all
    self._result_cache = list(self._iterable_class(self))
                         ~~~~^^^^^^^^^^^^^^^^^^^^^^^^^^^^
  File "C:\Users\donan\Desktop\POS-PROJECT\ADMIN WEB\env_boutique\Lib\site-packages\django\db\models\query.py", line 91, in __iter__
    results = compiler.execute_sql(
        chunked_fetch=self.chunked_fetch, chunk_size=self.chunk_size
    )
  File "C:\Users\donan\Desktop\POS-PROJECT\ADMIN WEB\env_boutique\Lib\site-packages\django\db\models\sql\compiler.py", line 1621, in execute_sql
    cursor = self.connection.cursor()
  File "C:\Users\donan\Desktop\POS-PROJECT\ADMIN WEB\env_boutique\Lib\site-packages\django\utils\asyncio.py", line 26, in inner
    return func(*args, **kwargs)
  File "C:\Users\donan\Desktop\POS-PROJECT\ADMIN WEB\env_boutique\Lib\site-packages\django\db\backends\base\base.py", line 320, in cursor
    return self._cursor()
           ~~~~~~~~~~~~^^
  File "C:\Users\donan\Desktop\POS-PROJECT\ADMIN WEB\env_boutique\Lib\site-packages\django\db\backends\base\base.py", line 296, in _cursor
    self.ensure_connection()
    ~~~~~~~~~~~~~~~~~~~~~~^^
  File "C:\Users\donan\Desktop\POS-PROJECT\ADMIN WEB\env_boutique\Lib\site-packages\django\utils\asyncio.py", line 26, in inner
    return func(*args, **kwargs)
  File "C:\Users\donan\Desktop\POS-PROJECT\ADMIN WEB\env_boutique\Lib\site-packages\django\db\backends\base\base.py", line 278, in ensure_connection
    with self.wrap_database_errors:
         ^^^^^^^^^^^^^^^^^^^^^^^^^
  File "C:\Users\donan\Desktop\POS-PROJECT\ADMIN WEB\env_boutique\Lib\site-packages\django\db\utils.py", line 91, in __exit__
    raise dj_exc_value.with_traceback(traceback) from exc_value
  File "C:\Users\donan\Desktop\POS-PROJECT\ADMIN WEB\env_boutique\Lib\site-packages\django\db\backends\base\base.py", line 279, in ensure_connection
    self.connect()
    ~~~~~~~~~~~~^^
  File "C:\Users\donan\Desktop\POS-PROJECT\ADMIN WEB\env_boutique\Lib\site-packages\django\utils\asyncio.py", line 26, in inner
    return func(*args, **kwargs)
  File "C:\Users\donan\Desktop\POS-PROJECT\ADMIN WEB\env_boutique\Lib\site-packages\django\db\backends\base\base.py", line 256, in connect
    self.connection = self.get_new_connection(conn_params)
                      ~~~~~~~~~~~~~~~~~~~~~~~^^^^^^^^^^^^^
  File "C:\Users\donan\Desktop\POS-PROJECT\ADMIN WEB\env_boutique\Lib\site-packages\django\utils\asyncio.py", line 26, in inner
    return func(*args, **kwargs)
  File "C:\Users\donan\Desktop\POS-PROJECT\ADMIN WEB\env_boutique\Lib\site-packages\django\db\backends\postgresql\base.py", line 332, in get_new_connection
    connection = self.Database.connect(**conn_params)
  File "C:\Users\donan\Desktop\POS-PROJECT\ADMIN WEB\env_boutique\Lib\site-packages\psycopg2\__init__.py", line 135, in connect
    conn = _connect(dsn, connection_factory=connection_factory, **kwasync)
django.db.utils.OperationalError: connection to server at "aws-1-eu-west-1.pooler.supabase.com" (18.202.64.2), port 5432 failed: FATAL:  MaxClientsInSessionMode: max clients reached - in Session mode max clients are limited to pool_size
connection to server at "aws-1-eu-west-1.pooler.supabase.com" (18.202.64.2), port 5432 failed: FATAL:  MaxClientsInSessionMode: max clients reached - in Session mode max clients are limited to pool_size

ERROR 2026-02-11 15:51:57,634 basehttp "POST /api/auth/login/ HTTP/1.1" 500 255335
ERROR 2026-02-11 15:53:56,629 log Internal Server Error: /api/stocks/
Traceback (most recent call last):
  File "C:\Users\donan\Desktop\POS-PROJECT\ADMIN WEB\env_boutique\Lib\site-packages\django\db\backends\base\base.py", line 279, in ensure_connection
    self.connect()
    ~~~~~~~~~~~~^^
  File "C:\Users\donan\Desktop\POS-PROJECT\ADMIN WEB\env_boutique\Lib\site-packages\django\utils\asyncio.py", line 26, in inner
    return func(*args, **kwargs)
  File "C:\Users\donan\Desktop\POS-PROJECT\ADMIN WEB\env_boutique\Lib\site-packages\django\db\backends\base\base.py", line 256, in connect
    self.connection = self.get_new_connection(conn_params)
                      ~~~~~~~~~~~~~~~~~~~~~~~^^^^^^^^^^^^^
  File "C:\Users\donan\Desktop\POS-PROJECT\ADMIN WEB\env_boutique\Lib\site-packages\django\utils\asyncio.py", line 26, in inner
    return func(*args, **kwargs)
  File "C:\Users\donan\Desktop\POS-PROJECT\ADMIN WEB\env_boutique\Lib\site-packages\django\db\backends\postgresql\base.py", line 332, in get_new_connection
    connection = self.Database.connect(**conn_params)
  File "C:\Users\donan\Desktop\POS-PROJECT\ADMIN WEB\env_boutique\Lib\site-packages\psycopg2\__init__.py", line 135, in connect
    conn = _connect(dsn, connection_factory=connection_factory, **kwasync)
psycopg2.OperationalError: connection to server at "aws-1-eu-west-1.pooler.supabase.com" (54.247.26.119), port 5432 failed: FATAL:  MaxClientsInSessionMode: max clients reached - in Session mode max clients are limited to pool_size


The above exception was the direct cause of the following exception:

Traceback (most recent call last):
  File "C:\Users\donan\Desktop\POS-PROJECT\ADMIN WEB\env_boutique\Lib\site-packages\django\core\handlers\exception.py", line 55, in inner
    response = get_response(request)
  File "C:\Users\donan\Desktop\POS-PROJECT\ADMIN WEB\env_boutique\Lib\site-packages\django\core\handlers\base.py", line 197, in _get_response
    response = wrapped_callback(request, *callback_args, **callback_kwargs)
  File "C:\Users\donan\Desktop\POS-PROJECT\ADMIN WEB\env_boutique\Lib\site-packages\django\views\decorators\csrf.py", line 65, in _view_wrapper
    return view_func(request, *args, **kwargs)
  File "C:\Users\donan\Desktop\POS-PROJECT\ADMIN WEB\env_boutique\Lib\site-packages\rest_framework\viewsets.py", line 125, in view
    return self.dispatch(request, *args, **kwargs)
           ~~~~~~~~~~~~~^^^^^^^^^^^^^^^^^^^^^^^^^^
  File "C:\Users\donan\Desktop\POS-PROJECT\ADMIN WEB\env_boutique\Lib\site-packages\rest_framework\views.py", line 515, in dispatch
    response = self.handle_exception(exc)
  File "C:\Users\donan\Desktop\POS-PROJECT\ADMIN WEB\env_boutique\Lib\site-packages\rest_framework\views.py", line 475, in handle_exception
    self.raise_uncaught_exception(exc)
    ~~~~~~~~~~~~~~~~~~~~~~~~~~~~~^^^^^
  File "C:\Users\donan\Desktop\POS-PROJECT\ADMIN WEB\env_boutique\Lib\site-packages\rest_framework\views.py", line 486, in raise_uncaught_exception
    raise exc
  File "C:\Users\donan\Desktop\POS-PROJECT\ADMIN WEB\env_boutique\Lib\site-packages\rest_framework\views.py", line 503, in dispatch
    self.initial(request, *args, **kwargs)
    ~~~~~~~~~~~~^^^^^^^^^^^^^^^^^^^^^^^^^^
  File "C:\Users\donan\Desktop\POS-PROJECT\ADMIN WEB\env_boutique\Lib\site-packages\rest_framework\views.py", line 420, in initial
    self.perform_authentication(request)
    ~~~~~~~~~~~~~~~~~~~~~~~~~~~^^^^^^^^^
  File "C:\Users\donan\Desktop\POS-PROJECT\ADMIN WEB\env_boutique\Lib\site-packages\rest_framework\views.py", line 330, in perform_authentication
    request.user
  File "C:\Users\donan\Desktop\POS-PROJECT\ADMIN WEB\env_boutique\Lib\site-packages\rest_framework\request.py", line 232, in user
    self._authenticate()
    ~~~~~~~~~~~~~~~~~~^^
  File "C:\Users\donan\Desktop\POS-PROJECT\ADMIN WEB\env_boutique\Lib\site-packages\rest_framework\request.py", line 385, in _authenticate
    user_auth_tuple = authenticator.authenticate(self)
  File "C:\Users\donan\Desktop\POS-PROJECT\ADMIN WEB\env_boutique\Lib\site-packages\rest_framework_simplejwt\authentication.py", line 51, in authenticate
    return self.get_user(validated_token), validated_token
           ~~~~~~~~~~~~~^^^^^^^^^^^^^^^^^
  File "C:\Users\donan\Desktop\POS-PROJECT\ADMIN WEB\env_boutique\Lib\site-packages\rest_framework_simplejwt\authentication.py", line 132, in get_user
    user = self.user_model.objects.get(**{api_settings.USER_ID_FIELD: user_id})
  File "C:\Users\donan\Desktop\POS-PROJECT\ADMIN WEB\env_boutique\Lib\site-packages\django\db\models\manager.py", line 87, in manager_method
    return getattr(self.get_queryset(), name)(*args, **kwargs)
           ~~~~~~~~~~~~~~~~~~~~~~~~~~~~~~~~~~^^^^^^^^^^^^^^^^^
  File "C:\Users\donan\Desktop\POS-PROJECT\ADMIN WEB\env_boutique\Lib\site-packages\django\db\models\query.py", line 629, in get
    num = len(clone)
  File "C:\Users\donan\Desktop\POS-PROJECT\ADMIN WEB\env_boutique\Lib\site-packages\django\db\models\query.py", line 366, in __len__
    self._fetch_all()
    ~~~~~~~~~~~~~~~^^
  File "C:\Users\donan\Desktop\POS-PROJECT\ADMIN WEB\env_boutique\Lib\site-packages\django\db\models\query.py", line 1949, in _fetch_all
    self._result_cache = list(self._iterable_class(self))
                         ~~~~^^^^^^^^^^^^^^^^^^^^^^^^^^^^
  File "C:\Users\donan\Desktop\POS-PROJECT\ADMIN WEB\env_boutique\Lib\site-packages\django\db\models\query.py", line 91, in __iter__
    results = compiler.execute_sql(
        chunked_fetch=self.chunked_fetch, chunk_size=self.chunk_size
    )
  File "C:\Users\donan\Desktop\POS-PROJECT\ADMIN WEB\env_boutique\Lib\site-packages\django\db\models\sql\compiler.py", line 1621, in execute_sql
    cursor = self.connection.cursor()
  File "C:\Users\donan\Desktop\POS-PROJECT\ADMIN WEB\env_boutique\Lib\site-packages\django\utils\asyncio.py", line 26, in inner
    return func(*args, **kwargs)
  File "C:\Users\donan\Desktop\POS-PROJECT\ADMIN WEB\env_boutique\Lib\site-packages\django\db\backends\base\base.py", line 320, in cursor
    return self._cursor()
           ~~~~~~~~~~~~^^
  File "C:\Users\donan\Desktop\POS-PROJECT\ADMIN WEB\env_boutique\Lib\site-packages\django\db\backends\base\base.py", line 296, in _cursor
    self.ensure_connection()
    ~~~~~~~~~~~~~~~~~~~~~~^^
  File "C:\Users\donan\Desktop\POS-PROJECT\ADMIN WEB\env_boutique\Lib\site-packages\django\utils\asyncio.py", line 26, in inner
    return func(*args, **kwargs)
  File "C:\Users\donan\Desktop\POS-PROJECT\ADMIN WEB\env_boutique\Lib\site-packages\django\db\backends\base\base.py", line 278, in ensure_connection
    with self.wrap_database_errors:
         ^^^^^^^^^^^^^^^^^^^^^^^^^
  File "C:\Users\donan\Desktop\POS-PROJECT\ADMIN WEB\env_boutique\Lib\site-packages\django\db\utils.py", line 91, in __exit__
    raise dj_exc_value.with_traceback(traceback) from exc_value
  File "C:\Users\donan\Desktop\POS-PROJECT\ADMIN WEB\env_boutique\Lib\site-packages\django\db\backends\base\base.py", line 279, in ensure_connection
    self.connect()
    ~~~~~~~~~~~~^^
  File "C:\Users\donan\Desktop\POS-PROJECT\ADMIN WEB\env_boutique\Lib\site-packages\django\utils\asyncio.py", line 26, in inner
    return func(*args, **kwargs)
  File "C:\Users\donan\Desktop\POS-PROJECT\ADMIN WEB\env_boutique\Lib\site-packages\django\db\backends\base\base.py", line 256, in connect
    self.connection = self.get_new_connection(conn_params)
                      ~~~~~~~~~~~~~~~~~~~~~~~^^^^^^^^^^^^^
  File "C:\Users\donan\Desktop\POS-PROJECT\ADMIN WEB\env_boutique\Lib\site-packages\django\utils\asyncio.py", line 26, in inner
    return func(*args, **kwargs)
  File "C:\Users\donan\Desktop\POS-PROJECT\ADMIN WEB\env_boutique\Lib\site-packages\django\db\backends\postgresql\base.py", line 332, in get_new_connection
    connection = self.Database.connect(**conn_params)
  File "C:\Users\donan\Desktop\POS-PROJECT\ADMIN WEB\env_boutique\Lib\site-packages\psycopg2\__init__.py", line 135, in connect
    conn = _connect(dsn, connection_factory=connection_factory, **kwasync)
django.db.utils.OperationalError: connection to server at "aws-1-eu-west-1.pooler.supabase.com" (54.247.26.119), port 5432 failed: FATAL:  MaxClientsInSessionMode: max clients reached - in Session mode max clients are limited to pool_size

ERROR 2026-02-11 15:53:56,630 log Internal Server Error: /api/stocks/
Traceback (most recent call last):
  File "C:\Users\donan\Desktop\POS-PROJECT\ADMIN WEB\env_boutique\Lib\site-packages\django\db\backends\base\base.py", line 279, in ensure_connection
    self.connect()
    ~~~~~~~~~~~~^^
  File "C:\Users\donan\Desktop\POS-PROJECT\ADMIN WEB\env_boutique\Lib\site-packages\django\utils\asyncio.py", line 26, in inner
    return func(*args, **kwargs)
  File "C:\Users\donan\Desktop\POS-PROJECT\ADMIN WEB\env_boutique\Lib\site-packages\django\db\backends\base\base.py", line 256, in connect
    self.connection = self.get_new_connection(conn_params)
                      ~~~~~~~~~~~~~~~~~~~~~~~^^^^^^^^^^^^^
  File "C:\Users\donan\Desktop\POS-PROJECT\ADMIN WEB\env_boutique\Lib\site-packages\django\utils\asyncio.py", line 26, in inner
    return func(*args, **kwargs)
  File "C:\Users\donan\Desktop\POS-PROJECT\ADMIN WEB\env_boutique\Lib\site-packages\django\db\backends\postgresql\base.py", line 332, in get_new_connection
    connection = self.Database.connect(**conn_params)
  File "C:\Users\donan\Desktop\POS-PROJECT\ADMIN WEB\env_boutique\Lib\site-packages\psycopg2\__init__.py", line 135, in connect
    conn = _connect(dsn, connection_factory=connection_factory, **kwasync)
psycopg2.OperationalError: connection to server at "aws-1-eu-west-1.pooler.supabase.com" (54.247.26.119), port 5432 failed: FATAL:  MaxClientsInSessionMode: max clients reached - in Session mode max clients are limited to pool_size


The above exception was the direct cause of the following exception:

Traceback (most recent call last):
  File "C:\Users\donan\Desktop\POS-PROJECT\ADMIN WEB\env_boutique\Lib\site-packages\django\core\handlers\exception.py", line 55, in inner
    response = get_response(request)
  File "C:\Users\donan\Desktop\POS-PROJECT\ADMIN WEB\env_boutique\Lib\site-packages\django\core\handlers\base.py", line 197, in _get_response
    response = wrapped_callback(request, *callback_args, **callback_kwargs)
  File "C:\Users\donan\Desktop\POS-PROJECT\ADMIN WEB\env_boutique\Lib\site-packages\django\views\decorators\csrf.py", line 65, in _view_wrapper
    return view_func(request, *args, **kwargs)
  File "C:\Users\donan\Desktop\POS-PROJECT\ADMIN WEB\env_boutique\Lib\site-packages\rest_framework\viewsets.py", line 125, in view
    return self.dispatch(request, *args, **kwargs)
           ~~~~~~~~~~~~~^^^^^^^^^^^^^^^^^^^^^^^^^^
  File "C:\Users\donan\Desktop\POS-PROJECT\ADMIN WEB\env_boutique\Lib\site-packages\rest_framework\views.py", line 515, in dispatch
    response = self.handle_exception(exc)
  File "C:\Users\donan\Desktop\POS-PROJECT\ADMIN WEB\env_boutique\Lib\site-packages\rest_framework\views.py", line 475, in handle_exception
    self.raise_uncaught_exception(exc)
    ~~~~~~~~~~~~~~~~~~~~~~~~~~~~~^^^^^
  File "C:\Users\donan\Desktop\POS-PROJECT\ADMIN WEB\env_boutique\Lib\site-packages\rest_framework\views.py", line 486, in raise_uncaught_exception
    raise exc
  File "C:\Users\donan\Desktop\POS-PROJECT\ADMIN WEB\env_boutique\Lib\site-packages\rest_framework\views.py", line 503, in dispatch
    self.initial(request, *args, **kwargs)
    ~~~~~~~~~~~~^^^^^^^^^^^^^^^^^^^^^^^^^^
  File "C:\Users\donan\Desktop\POS-PROJECT\ADMIN WEB\env_boutique\Lib\site-packages\rest_framework\views.py", line 420, in initial
    self.perform_authentication(request)
    ~~~~~~~~~~~~~~~~~~~~~~~~~~~^^^^^^^^^
  File "C:\Users\donan\Desktop\POS-PROJECT\ADMIN WEB\env_boutique\Lib\site-packages\rest_framework\views.py", line 330, in perform_authentication
    request.user
  File "C:\Users\donan\Desktop\POS-PROJECT\ADMIN WEB\env_boutique\Lib\site-packages\rest_framework\request.py", line 232, in user
    self._authenticate()
    ~~~~~~~~~~~~~~~~~~^^
  File "C:\Users\donan\Desktop\POS-PROJECT\ADMIN WEB\env_boutique\Lib\site-packages\rest_framework\request.py", line 385, in _authenticate
    user_auth_tuple = authenticator.authenticate(self)
  File "C:\Users\donan\Desktop\POS-PROJECT\ADMIN WEB\env_boutique\Lib\site-packages\rest_framework_simplejwt\authentication.py", line 51, in authenticate
    return self.get_user(validated_token), validated_token
           ~~~~~~~~~~~~~^^^^^^^^^^^^^^^^^
  File "C:\Users\donan\Desktop\POS-PROJECT\ADMIN WEB\env_boutique\Lib\site-packages\rest_framework_simplejwt\authentication.py", line 132, in get_user
    user = self.user_model.objects.get(**{api_settings.USER_ID_FIELD: user_id})
  File "C:\Users\donan\Desktop\POS-PROJECT\ADMIN WEB\env_boutique\Lib\site-packages\django\db\models\manager.py", line 87, in manager_method
    return getattr(self.get_queryset(), name)(*args, **kwargs)
           ~~~~~~~~~~~~~~~~~~~~~~~~~~~~~~~~~~^^^^^^^^^^^^^^^^^
  File "C:\Users\donan\Desktop\POS-PROJECT\ADMIN WEB\env_boutique\Lib\site-packages\django\db\models\query.py", line 629, in get
    num = len(clone)
  File "C:\Users\donan\Desktop\POS-PROJECT\ADMIN WEB\env_boutique\Lib\site-packages\django\db\models\query.py", line 366, in __len__
    self._fetch_all()
    ~~~~~~~~~~~~~~~^^
  File "C:\Users\donan\Desktop\POS-PROJECT\ADMIN WEB\env_boutique\Lib\site-packages\django\db\models\query.py", line 1949, in _fetch_all
    self._result_cache = list(self._iterable_class(self))
                         ~~~~^^^^^^^^^^^^^^^^^^^^^^^^^^^^
  File "C:\Users\donan\Desktop\POS-PROJECT\ADMIN WEB\env_boutique\Lib\site-packages\django\db\models\query.py", line 91, in __iter__
    results = compiler.execute_sql(
        chunked_fetch=self.chunked_fetch, chunk_size=self.chunk_size
    )
  File "C:\Users\donan\Desktop\POS-PROJECT\ADMIN WEB\env_boutique\Lib\site-packages\django\db\models\sql\compiler.py", line 1621, in execute_sql
    cursor = self.connection.cursor()
  File "C:\Users\donan\Desktop\POS-PROJECT\ADMIN WEB\env_boutique\Lib\site-packages\django\utils\asyncio.py", line 26, in inner
    return func(*args, **kwargs)
  File "C:\Users\donan\Desktop\POS-PROJECT\ADMIN WEB\env_boutique\Lib\site-packages\django\db\backends\base\base.py", line 320, in cursor
    return self._cursor()
           ~~~~~~~~~~~~^^
  File "C:\Users\donan\Desktop\POS-PROJECT\ADMIN WEB\env_boutique\Lib\site-packages\django\db\backends\base\base.py", line 296, in _cursor
    self.ensure_connection()
    ~~~~~~~~~~~~~~~~~~~~~~^^
  File "C:\Users\donan\Desktop\POS-PROJECT\ADMIN WEB\env_boutique\Lib\site-packages\django\utils\asyncio.py", line 26, in inner
    return func(*args, **kwargs)
  File "C:\Users\donan\Desktop\POS-PROJECT\ADMIN WEB\env_boutique\Lib\site-packages\django\db\backends\base\base.py", line 278, in ensure_connection
    with self.wrap_database_errors:
         ^^^^^^^^^^^^^^^^^^^^^^^^^
  File "C:\Users\donan\Desktop\POS-PROJECT\ADMIN WEB\env_boutique\Lib\site-packages\django\db\utils.py", line 91, in __exit__
    raise dj_exc_value.with_traceback(traceback) from exc_value
  File "C:\Users\donan\Desktop\POS-PROJECT\ADMIN WEB\env_boutique\Lib\site-packages\django\db\backends\base\base.py", line 279, in ensure_connection
    self.connect()
    ~~~~~~~~~~~~^^
  File "C:\Users\donan\Desktop\POS-PROJECT\ADMIN WEB\env_boutique\Lib\site-packages\django\utils\asyncio.py", line 26, in inner
    return func(*args, **kwargs)
  File "C:\Users\donan\Desktop\POS-PROJECT\ADMIN WEB\env_boutique\Lib\site-packages\django\db\backends\base\base.py", line 256, in connect
    self.connection = self.get_new_connection(conn_params)
                      ~~~~~~~~~~~~~~~~~~~~~~~^^^^^^^^^^^^^
  File "C:\Users\donan\Desktop\POS-PROJECT\ADMIN WEB\env_boutique\Lib\site-packages\django\utils\asyncio.py", line 26, in inner
    return func(*args, **kwargs)
  File "C:\Users\donan\Desktop\POS-PROJECT\ADMIN WEB\env_boutique\Lib\site-packages\django\db\backends\postgresql\base.py", line 332, in get_new_connection
    connection = self.Database.connect(**conn_params)
  File "C:\Users\donan\Desktop\POS-PROJECT\ADMIN WEB\env_boutique\Lib\site-packages\psycopg2\__init__.py", line 135, in connect
    conn = _connect(dsn, connection_factory=connection_factory, **kwasync)
django.db.utils.OperationalError: connection to server at "aws-1-eu-west-1.pooler.supabase.com" (54.247.26.119), port 5432 failed: FATAL:  MaxClientsInSessionMode: max clients reached - in Session mode max clients are limited to pool_size

ERROR 2026-02-11 15:53:56,630 log Internal Server Error: /api/stocks/
Traceback (most recent call last):
  File "C:\Users\donan\Desktop\POS-PROJECT\ADMIN WEB\env_boutique\Lib\site-packages\django\db\backends\base\base.py", line 279, in ensure_connection
    self.connect()
    ~~~~~~~~~~~~^^
  File "C:\Users\donan\Desktop\POS-PROJECT\ADMIN WEB\env_boutique\Lib\site-packages\django\utils\asyncio.py", line 26, in inner
    return func(*args, **kwargs)
  File "C:\Users\donan\Desktop\POS-PROJECT\ADMIN WEB\env_boutique\Lib\site-packages\django\db\backends\base\base.py", line 256, in connect
    self.connection = self.get_new_connection(conn_params)
                      ~~~~~~~~~~~~~~~~~~~~~~~^^^^^^^^^^^^^
  File "C:\Users\donan\Desktop\POS-PROJECT\ADMIN WEB\env_boutique\Lib\site-packages\django\utils\asyncio.py", line 26, in inner
    return func(*args, **kwargs)
  File "C:\Users\donan\Desktop\POS-PROJECT\ADMIN WEB\env_boutique\Lib\site-packages\django\db\backends\postgresql\base.py", line 332, in get_new_connection
    connection = self.Database.connect(**conn_params)
  File "C:\Users\donan\Desktop\POS-PROJECT\ADMIN WEB\env_boutique\Lib\site-packages\psycopg2\__init__.py", line 135, in connect
    conn = _connect(dsn, connection_factory=connection_factory, **kwasync)
psycopg2.OperationalError: connection to server at "aws-1-eu-west-1.pooler.supabase.com" (54.247.26.119), port 5432 failed: FATAL:  MaxClientsInSessionMode: max clients reached - in Session mode max clients are limited to pool_size


The above exception was the direct cause of the following exception:

Traceback (most recent call last):
  File "C:\Users\donan\Desktop\POS-PROJECT\ADMIN WEB\env_boutique\Lib\site-packages\django\core\handlers\exception.py", line 55, in inner
    response = get_response(request)
  File "C:\Users\donan\Desktop\POS-PROJECT\ADMIN WEB\env_boutique\Lib\site-packages\django\core\handlers\base.py", line 197, in _get_response
    response = wrapped_callback(request, *callback_args, **callback_kwargs)
  File "C:\Users\donan\Desktop\POS-PROJECT\ADMIN WEB\env_boutique\Lib\site-packages\django\views\decorators\csrf.py", line 65, in _view_wrapper
    return view_func(request, *args, **kwargs)
  File "C:\Users\donan\Desktop\POS-PROJECT\ADMIN WEB\env_boutique\Lib\site-packages\rest_framework\viewsets.py", line 125, in view
    return self.dispatch(request, *args, **kwargs)
           ~~~~~~~~~~~~~^^^^^^^^^^^^^^^^^^^^^^^^^^
  File "C:\Users\donan\Desktop\POS-PROJECT\ADMIN WEB\env_boutique\Lib\site-packages\rest_framework\views.py", line 515, in dispatch
    response = self.handle_exception(exc)
  File "C:\Users\donan\Desktop\POS-PROJECT\ADMIN WEB\env_boutique\Lib\site-packages\rest_framework\views.py", line 475, in handle_exception
    self.raise_uncaught_exception(exc)
    ~~~~~~~~~~~~~~~~~~~~~~~~~~~~~^^^^^
  File "C:\Users\donan\Desktop\POS-PROJECT\ADMIN WEB\env_boutique\Lib\site-packages\rest_framework\views.py", line 486, in raise_uncaught_exception
    raise exc
  File "C:\Users\donan\Desktop\POS-PROJECT\ADMIN WEB\env_boutique\Lib\site-packages\rest_framework\views.py", line 503, in dispatch
    self.initial(request, *args, **kwargs)
    ~~~~~~~~~~~~^^^^^^^^^^^^^^^^^^^^^^^^^^
  File "C:\Users\donan\Desktop\POS-PROJECT\ADMIN WEB\env_boutique\Lib\site-packages\rest_framework\views.py", line 420, in initial
    self.perform_authentication(request)
    ~~~~~~~~~~~~~~~~~~~~~~~~~~~^^^^^^^^^
  File "C:\Users\donan\Desktop\POS-PROJECT\ADMIN WEB\env_boutique\Lib\site-packages\rest_framework\views.py", line 330, in perform_authentication
    request.user
  File "C:\Users\donan\Desktop\POS-PROJECT\ADMIN WEB\env_boutique\Lib\site-packages\rest_framework\request.py", line 232, in user
    self._authenticate()
    ~~~~~~~~~~~~~~~~~~^^
  File "C:\Users\donan\Desktop\POS-PROJECT\ADMIN WEB\env_boutique\Lib\site-packages\rest_framework\request.py", line 385, in _authenticate
    user_auth_tuple = authenticator.authenticate(self)
  File "C:\Users\donan\Desktop\POS-PROJECT\ADMIN WEB\env_boutique\Lib\site-packages\rest_framework_simplejwt\authentication.py", line 51, in authenticate
    return self.get_user(validated_token), validated_token
           ~~~~~~~~~~~~~^^^^^^^^^^^^^^^^^
  File "C:\Users\donan\Desktop\POS-PROJECT\ADMIN WEB\env_boutique\Lib\site-packages\rest_framework_simplejwt\authentication.py", line 132, in get_user
    user = self.user_model.objects.get(**{api_settings.USER_ID_FIELD: user_id})
  File "C:\Users\donan\Desktop\POS-PROJECT\ADMIN WEB\env_boutique\Lib\site-packages\django\db\models\manager.py", line 87, in manager_method
    return getattr(self.get_queryset(), name)(*args, **kwargs)
           ~~~~~~~~~~~~~~~~~~~~~~~~~~~~~~~~~~^^^^^^^^^^^^^^^^^
  File "C:\Users\donan\Desktop\POS-PROJECT\ADMIN WEB\env_boutique\Lib\site-packages\django\db\models\query.py", line 629, in get
    num = len(clone)
  File "C:\Users\donan\Desktop\POS-PROJECT\ADMIN WEB\env_boutique\Lib\site-packages\django\db\models\query.py", line 366, in __len__
    self._fetch_all()
    ~~~~~~~~~~~~~~~^^
  File "C:\Users\donan\Desktop\POS-PROJECT\ADMIN WEB\env_boutique\Lib\site-packages\django\db\models\query.py", line 1949, in _fetch_all
    self._result_cache = list(self._iterable_class(self))
                         ~~~~^^^^^^^^^^^^^^^^^^^^^^^^^^^^
  File "C:\Users\donan\Desktop\POS-PROJECT\ADMIN WEB\env_boutique\Lib\site-packages\django\db\models\query.py", line 91, in __iter__
    results = compiler.execute_sql(
        chunked_fetch=self.chunked_fetch, chunk_size=self.chunk_size
    )
  File "C:\Users\donan\Desktop\POS-PROJECT\ADMIN WEB\env_boutique\Lib\site-packages\django\db\models\sql\compiler.py", line 1621, in execute_sql
    cursor = self.connection.cursor()
  File "C:\Users\donan\Desktop\POS-PROJECT\ADMIN WEB\env_boutique\Lib\site-packages\django\utils\asyncio.py", line 26, in inner
    return func(*args, **kwargs)
  File "C:\Users\donan\Desktop\POS-PROJECT\ADMIN WEB\env_boutique\Lib\site-packages\django\db\backends\base\base.py", line 320, in cursor
    return self._cursor()
           ~~~~~~~~~~~~^^
  File "C:\Users\donan\Desktop\POS-PROJECT\ADMIN WEB\env_boutique\Lib\site-packages\django\db\backends\base\base.py", line 296, in _cursor
    self.ensure_connection()
    ~~~~~~~~~~~~~~~~~~~~~~^^
  File "C:\Users\donan\Desktop\POS-PROJECT\ADMIN WEB\env_boutique\Lib\site-packages\django\utils\asyncio.py", line 26, in inner
    return func(*args, **kwargs)
  File "C:\Users\donan\Desktop\POS-PROJECT\ADMIN WEB\env_boutique\Lib\site-packages\django\db\backends\base\base.py", line 278, in ensure_connection
    with self.wrap_database_errors:
         ^^^^^^^^^^^^^^^^^^^^^^^^^
  File "C:\Users\donan\Desktop\POS-PROJECT\ADMIN WEB\env_boutique\Lib\site-packages\django\db\utils.py", line 91, in __exit__
    raise dj_exc_value.with_traceback(traceback) from exc_value
  File "C:\Users\donan\Desktop\POS-PROJECT\ADMIN WEB\env_boutique\Lib\site-packages\django\db\backends\base\base.py", line 279, in ensure_connection
    self.connect()
    ~~~~~~~~~~~~^^
  File "C:\Users\donan\Desktop\POS-PROJECT\ADMIN WEB\env_boutique\Lib\site-packages\django\utils\asyncio.py", line 26, in inner
    return func(*args, **kwargs)
  File "C:\Users\donan\Desktop\POS-PROJECT\ADMIN WEB\env_boutique\Lib\site-packages\django\db\backends\base\base.py", line 256, in connect
    self.connection = self.get_new_connection(conn_params)
                      ~~~~~~~~~~~~~~~~~~~~~~~^^^^^^^^^^^^^
  File "C:\Users\donan\Desktop\POS-PROJECT\ADMIN WEB\env_boutique\Lib\site-packages\django\utils\asyncio.py", line 26, in inner
    return func(*args, **kwargs)
  File "C:\Users\donan\Desktop\POS-PROJECT\ADMIN WEB\env_boutique\Lib\site-packages\django\db\backends\postgresql\base.py", line 332, in get_new_connection
    connection = self.Database.connect(**conn_params)
  File "C:\Users\donan\Desktop\POS-PROJECT\ADMIN WEB\env_boutique\Lib\site-packages\psycopg2\__init__.py", line 135, in connect
    conn = _connect(dsn, connection_factory=connection_factory, **kwasync)
django.db.utils.OperationalError: connection to server at "aws-1-eu-west-1.pooler.supabase.com" (54.247.26.119), port 5432 failed: FATAL:  MaxClientsInSessionMode: max clients reached - in Session mode max clients are limited to pool_size

ERROR 2026-02-11 15:53:56,630 log Internal Server Error: /api/products/
Traceback (most recent call last):
  File "C:\Users\donan\Desktop\POS-PROJECT\ADMIN WEB\env_boutique\Lib\site-packages\django\db\backends\base\base.py", line 279, in ensure_connection
    self.connect()
    ~~~~~~~~~~~~^^
  File "C:\Users\donan\Desktop\POS-PROJECT\ADMIN WEB\env_boutique\Lib\site-packages\django\utils\asyncio.py", line 26, in inner
    return func(*args, **kwargs)
  File "C:\Users\donan\Desktop\POS-PROJECT\ADMIN WEB\env_boutique\Lib\site-packages\django\db\backends\base\base.py", line 256, in connect
    self.connection = self.get_new_connection(conn_params)
                      ~~~~~~~~~~~~~~~~~~~~~~~^^^^^^^^^^^^^
  File "C:\Users\donan\Desktop\POS-PROJECT\ADMIN WEB\env_boutique\Lib\site-packages\django\utils\asyncio.py", line 26, in inner
    return func(*args, **kwargs)
  File "C:\Users\donan\Desktop\POS-PROJECT\ADMIN WEB\env_boutique\Lib\site-packages\django\db\backends\postgresql\base.py", line 332, in get_new_connection
    connection = self.Database.connect(**conn_params)
  File "C:\Users\donan\Desktop\POS-PROJECT\ADMIN WEB\env_boutique\Lib\site-packages\psycopg2\__init__.py", line 135, in connect
    conn = _connect(dsn, connection_factory=connection_factory, **kwasync)
psycopg2.OperationalError: connection to server at "aws-1-eu-west-1.pooler.supabase.com" (54.247.26.119), port 5432 failed: FATAL:  MaxClientsInSessionMode: max clients reached - in Session mode max clients are limited to pool_size


The above exception was the direct cause of the following exception:

Traceback (most recent call last):
  File "C:\Users\donan\Desktop\POS-PROJECT\ADMIN WEB\env_boutique\Lib\site-packages\django\core\handlers\exception.py", line 55, in inner
    response = get_response(request)
  File "C:\Users\donan\Desktop\POS-PROJECT\ADMIN WEB\env_boutique\Lib\site-packages\django\core\handlers\base.py", line 197, in _get_response
    response = wrapped_callback(request, *callback_args, **callback_kwargs)
  File "C:\Users\donan\Desktop\POS-PROJECT\ADMIN WEB\env_boutique\Lib\site-packages\django\views\decorators\csrf.py", line 65, in _view_wrapper
    return view_func(request, *args, **kwargs)
  File "C:\Users\donan\Desktop\POS-PROJECT\ADMIN WEB\env_boutique\Lib\site-packages\rest_framework\viewsets.py", line 125, in view
    return self.dispatch(request, *args, **kwargs)
           ~~~~~~~~~~~~~^^^^^^^^^^^^^^^^^^^^^^^^^^
  File "C:\Users\donan\Desktop\POS-PROJECT\ADMIN WEB\env_boutique\Lib\site-packages\rest_framework\views.py", line 515, in dispatch
    response = self.handle_exception(exc)
  File "C:\Users\donan\Desktop\POS-PROJECT\ADMIN WEB\env_boutique\Lib\site-packages\rest_framework\views.py", line 475, in handle_exception
    self.raise_uncaught_exception(exc)
    ~~~~~~~~~~~~~~~~~~~~~~~~~~~~~^^^^^
  File "C:\Users\donan\Desktop\POS-PROJECT\ADMIN WEB\env_boutique\Lib\site-packages\rest_framework\views.py", line 486, in raise_uncaught_exception
    raise exc
  File "C:\Users\donan\Desktop\POS-PROJECT\ADMIN WEB\env_boutique\Lib\site-packages\rest_framework\views.py", line 503, in dispatch
    self.initial(request, *args, **kwargs)
    ~~~~~~~~~~~~^^^^^^^^^^^^^^^^^^^^^^^^^^
  File "C:\Users\donan\Desktop\POS-PROJECT\ADMIN WEB\env_boutique\Lib\site-packages\rest_framework\views.py", line 420, in initial
    self.perform_authentication(request)
    ~~~~~~~~~~~~~~~~~~~~~~~~~~~^^^^^^^^^
  File "C:\Users\donan\Desktop\POS-PROJECT\ADMIN WEB\env_boutique\Lib\site-packages\rest_framework\views.py", line 330, in perform_authentication
    request.user
  File "C:\Users\donan\Desktop\POS-PROJECT\ADMIN WEB\env_boutique\Lib\site-packages\rest_framework\request.py", line 232, in user
    self._authenticate()
    ~~~~~~~~~~~~~~~~~~^^
  File "C:\Users\donan\Desktop\POS-PROJECT\ADMIN WEB\env_boutique\Lib\site-packages\rest_framework\request.py", line 385, in _authenticate
    user_auth_tuple = authenticator.authenticate(self)
  File "C:\Users\donan\Desktop\POS-PROJECT\ADMIN WEB\env_boutique\Lib\site-packages\rest_framework_simplejwt\authentication.py", line 51, in authenticate
    return self.get_user(validated_token), validated_token
           ~~~~~~~~~~~~~^^^^^^^^^^^^^^^^^
  File "C:\Users\donan\Desktop\POS-PROJECT\ADMIN WEB\env_boutique\Lib\site-packages\rest_framework_simplejwt\authentication.py", line 132, in get_user
    user = self.user_model.objects.get(**{api_settings.USER_ID_FIELD: user_id})
  File "C:\Users\donan\Desktop\POS-PROJECT\ADMIN WEB\env_boutique\Lib\site-packages\django\db\models\manager.py", line 87, in manager_method
    return getattr(self.get_queryset(), name)(*args, **kwargs)
           ~~~~~~~~~~~~~~~~~~~~~~~~~~~~~~~~~~^^^^^^^^^^^^^^^^^
  File "C:\Users\donan\Desktop\POS-PROJECT\ADMIN WEB\env_boutique\Lib\site-packages\django\db\models\query.py", line 629, in get
    num = len(clone)
  File "C:\Users\donan\Desktop\POS-PROJECT\ADMIN WEB\env_boutique\Lib\site-packages\django\db\models\query.py", line 366, in __len__
    self._fetch_all()
    ~~~~~~~~~~~~~~~^^
  File "C:\Users\donan\Desktop\POS-PROJECT\ADMIN WEB\env_boutique\Lib\site-packages\django\db\models\query.py", line 1949, in _fetch_all
    self._result_cache = list(self._iterable_class(self))
                         ~~~~^^^^^^^^^^^^^^^^^^^^^^^^^^^^
  File "C:\Users\donan\Desktop\POS-PROJECT\ADMIN WEB\env_boutique\Lib\site-packages\django\db\models\query.py", line 91, in __iter__
    results = compiler.execute_sql(
        chunked_fetch=self.chunked_fetch, chunk_size=self.chunk_size
    )
  File "C:\Users\donan\Desktop\POS-PROJECT\ADMIN WEB\env_boutique\Lib\site-packages\django\db\models\sql\compiler.py", line 1621, in execute_sql
    cursor = self.connection.cursor()
  File "C:\Users\donan\Desktop\POS-PROJECT\ADMIN WEB\env_boutique\Lib\site-packages\django\utils\asyncio.py", line 26, in inner
    return func(*args, **kwargs)
  File "C:\Users\donan\Desktop\POS-PROJECT\ADMIN WEB\env_boutique\Lib\site-packages\django\db\backends\base\base.py", line 320, in cursor
    return self._cursor()
           ~~~~~~~~~~~~^^
  File "C:\Users\donan\Desktop\POS-PROJECT\ADMIN WEB\env_boutique\Lib\site-packages\django\db\backends\base\base.py", line 296, in _cursor
    self.ensure_connection()
    ~~~~~~~~~~~~~~~~~~~~~~^^
  File "C:\Users\donan\Desktop\POS-PROJECT\ADMIN WEB\env_boutique\Lib\site-packages\django\utils\asyncio.py", line 26, in inner
    return func(*args, **kwargs)
  File "C:\Users\donan\Desktop\POS-PROJECT\ADMIN WEB\env_boutique\Lib\site-packages\django\db\backends\base\base.py", line 278, in ensure_connection
    with self.wrap_database_errors:
         ^^^^^^^^^^^^^^^^^^^^^^^^^
  File "C:\Users\donan\Desktop\POS-PROJECT\ADMIN WEB\env_boutique\Lib\site-packages\django\db\utils.py", line 91, in __exit__
    raise dj_exc_value.with_traceback(traceback) from exc_value
  File "C:\Users\donan\Desktop\POS-PROJECT\ADMIN WEB\env_boutique\Lib\site-packages\django\db\backends\base\base.py", line 279, in ensure_connection
    self.connect()
    ~~~~~~~~~~~~^^
  File "C:\Users\donan\Desktop\POS-PROJECT\ADMIN WEB\env_boutique\Lib\site-packages\django\utils\asyncio.py", line 26, in inner
    return func(*args, **kwargs)
  File "C:\Users\donan\Desktop\POS-PROJECT\ADMIN WEB\env_boutique\Lib\site-packages\django\db\backends\base\base.py", line 256, in connect
    self.connection = self.get_new_connection(conn_params)
                      ~~~~~~~~~~~~~~~~~~~~~~~^^^^^^^^^^^^^
  File "C:\Users\donan\Desktop\POS-PROJECT\ADMIN WEB\env_boutique\Lib\site-packages\django\utils\asyncio.py", line 26, in inner
    return func(*args, **kwargs)
  File "C:\Users\donan\Desktop\POS-PROJECT\ADMIN WEB\env_boutique\Lib\site-packages\django\db\backends\postgresql\base.py", line 332, in get_new_connection
    connection = self.Database.connect(**conn_params)
  File "C:\Users\donan\Desktop\POS-PROJECT\ADMIN WEB\env_boutique\Lib\site-packages\psycopg2\__init__.py", line 135, in connect
    conn = _connect(dsn, connection_factory=connection_factory, **kwasync)
django.db.utils.OperationalError: connection to server at "aws-1-eu-west-1.pooler.supabase.com" (54.247.26.119), port 5432 failed: FATAL:  MaxClientsInSessionMode: max clients reached - in Session mode max clients are limited to pool_size

ERROR 2026-02-11 15:53:56,646 basehttp "GET /api/stocks/?params%5Bpage_size%5D=1 HTTP/1.1" 500 243186
ERROR 2026-02-11 15:53:56,656 basehttp "GET /api/stocks/?params%5Bpage_size%5D=1000&params%5Bexpand%5D=product,store,warehouse HTTP/1.1" 500 244146
ERROR 2026-02-11 15:53:56,664 basehttp "GET /api/stocks/?params%5Bexpand%5D=product,store,warehouse&params%5Bpage_size%5D=20 HTTP/1.1" 500 244112
ERROR 2026-02-11 15:53:56,671 basehttp "GET /api/products/?params%5Bpage_size%5D=1000&params%5Bordering%5D=name HTTP/1.1" 500 243927
ERROR 2026-02-11 16:04:43,134 log Internal Server Error: /api/orders/
Traceback (most recent call last):
  File "C:\Users\donan\Desktop\POS-PROJECT\ADMIN WEB\env_boutique\Lib\site-packages\django\db\backends\base\base.py", line 279, in ensure_connection
    self.connect()
    ~~~~~~~~~~~~^^
  File "C:\Users\donan\Desktop\POS-PROJECT\ADMIN WEB\env_boutique\Lib\site-packages\django\utils\asyncio.py", line 26, in inner
    return func(*args, **kwargs)
  File "C:\Users\donan\Desktop\POS-PROJECT\ADMIN WEB\env_boutique\Lib\site-packages\django\db\backends\base\base.py", line 256, in connect
    self.connection = self.get_new_connection(conn_params)
                      ~~~~~~~~~~~~~~~~~~~~~~~^^^^^^^^^^^^^
  File "C:\Users\donan\Desktop\POS-PROJECT\ADMIN WEB\env_boutique\Lib\site-packages\django\utils\asyncio.py", line 26, in inner
    return func(*args, **kwargs)
  File "C:\Users\donan\Desktop\POS-PROJECT\ADMIN WEB\env_boutique\Lib\site-packages\django\db\backends\postgresql\base.py", line 332, in get_new_connection
    connection = self.Database.connect(**conn_params)
  File "C:\Users\donan\Desktop\POS-PROJECT\ADMIN WEB\env_boutique\Lib\site-packages\psycopg2\__init__.py", line 135, in connect
    conn = _connect(dsn, connection_factory=connection_factory, **kwasync)
psycopg2.OperationalError: connection to server at "aws-1-eu-west-1.pooler.supabase.com" (18.202.64.2), port 5432 failed: FATAL:  Max client connections reached


The above exception was the direct cause of the following exception:

Traceback (most recent call last):
  File "C:\Users\donan\Desktop\POS-PROJECT\ADMIN WEB\env_boutique\Lib\site-packages\django\core\handlers\exception.py", line 55, in inner
    response = get_response(request)
  File "C:\Users\donan\Desktop\POS-PROJECT\ADMIN WEB\env_boutique\Lib\site-packages\django\core\handlers\base.py", line 197, in _get_response
    response = wrapped_callback(request, *callback_args, **callback_kwargs)
  File "C:\Users\donan\Desktop\POS-PROJECT\ADMIN WEB\env_boutique\Lib\site-packages\django\views\decorators\csrf.py", line 65, in _view_wrapper
    return view_func(request, *args, **kwargs)
  File "C:\Users\donan\Desktop\POS-PROJECT\ADMIN WEB\env_boutique\Lib\site-packages\rest_framework\viewsets.py", line 125, in view
    return self.dispatch(request, *args, **kwargs)
           ~~~~~~~~~~~~~^^^^^^^^^^^^^^^^^^^^^^^^^^
  File "C:\Users\donan\Desktop\POS-PROJECT\ADMIN WEB\env_boutique\Lib\site-packages\rest_framework\views.py", line 515, in dispatch
    response = self.handle_exception(exc)
  File "C:\Users\donan\Desktop\POS-PROJECT\ADMIN WEB\env_boutique\Lib\site-packages\rest_framework\views.py", line 475, in handle_exception
    self.raise_uncaught_exception(exc)
    ~~~~~~~~~~~~~~~~~~~~~~~~~~~~~^^^^^
  File "C:\Users\donan\Desktop\POS-PROJECT\ADMIN WEB\env_boutique\Lib\site-packages\rest_framework\views.py", line 486, in raise_uncaught_exception
    raise exc
  File "C:\Users\donan\Desktop\POS-PROJECT\ADMIN WEB\env_boutique\Lib\site-packages\rest_framework\views.py", line 503, in dispatch
    self.initial(request, *args, **kwargs)
    ~~~~~~~~~~~~^^^^^^^^^^^^^^^^^^^^^^^^^^
  File "C:\Users\donan\Desktop\POS-PROJECT\ADMIN WEB\env_boutique\Lib\site-packages\rest_framework\views.py", line 420, in initial
    self.perform_authentication(request)
    ~~~~~~~~~~~~~~~~~~~~~~~~~~~^^^^^^^^^
  File "C:\Users\donan\Desktop\POS-PROJECT\ADMIN WEB\env_boutique\Lib\site-packages\rest_framework\views.py", line 330, in perform_authentication
    request.user
  File "C:\Users\donan\Desktop\POS-PROJECT\ADMIN WEB\env_boutique\Lib\site-packages\rest_framework\request.py", line 232, in user
    self._authenticate()
    ~~~~~~~~~~~~~~~~~~^^
  File "C:\Users\donan\Desktop\POS-PROJECT\ADMIN WEB\env_boutique\Lib\site-packages\rest_framework\request.py", line 385, in _authenticate
    user_auth_tuple = authenticator.authenticate(self)
  File "C:\Users\donan\Desktop\POS-PROJECT\ADMIN WEB\env_boutique\Lib\site-packages\rest_framework_simplejwt\authentication.py", line 51, in authenticate
    return self.get_user(validated_token), validated_token
           ~~~~~~~~~~~~~^^^^^^^^^^^^^^^^^
  File "C:\Users\donan\Desktop\POS-PROJECT\ADMIN WEB\env_boutique\Lib\site-packages\rest_framework_simplejwt\authentication.py", line 132, in get_user
    user = self.user_model.objects.get(**{api_settings.USER_ID_FIELD: user_id})
  File "C:\Users\donan\Desktop\POS-PROJECT\ADMIN WEB\env_boutique\Lib\site-packages\django\db\models\manager.py", line 87, in manager_method
    return getattr(self.get_queryset(), name)(*args, **kwargs)
           ~~~~~~~~~~~~~~~~~~~~~~~~~~~~~~~~~~^^^^^^^^^^^^^^^^^
  File "C:\Users\donan\Desktop\POS-PROJECT\ADMIN WEB\env_boutique\Lib\site-packages\django\db\models\query.py", line 629, in get
    num = len(clone)
  File "C:\Users\donan\Desktop\POS-PROJECT\ADMIN WEB\env_boutique\Lib\site-packages\django\db\models\query.py", line 366, in __len__
    self._fetch_all()
    ~~~~~~~~~~~~~~~^^
  File "C:\Users\donan\Desktop\POS-PROJECT\ADMIN WEB\env_boutique\Lib\site-packages\django\db\models\query.py", line 1949, in _fetch_all
    self._result_cache = list(self._iterable_class(self))
                         ~~~~^^^^^^^^^^^^^^^^^^^^^^^^^^^^
  File "C:\Users\donan\Desktop\POS-PROJECT\ADMIN WEB\env_boutique\Lib\site-packages\django\db\models\query.py", line 91, in __iter__
    results = compiler.execute_sql(
        chunked_fetch=self.chunked_fetch, chunk_size=self.chunk_size
    )
  File "C:\Users\donan\Desktop\POS-PROJECT\ADMIN WEB\env_boutique\Lib\site-packages\django\db\models\sql\compiler.py", line 1621, in execute_sql
    cursor = self.connection.cursor()
  File "C:\Users\donan\Desktop\POS-PROJECT\ADMIN WEB\env_boutique\Lib\site-packages\django\utils\asyncio.py", line 26, in inner
    return func(*args, **kwargs)
  File "C:\Users\donan\Desktop\POS-PROJECT\ADMIN WEB\env_boutique\Lib\site-packages\django\db\backends\base\base.py", line 320, in cursor
    return self._cursor()
           ~~~~~~~~~~~~^^
  File "C:\Users\donan\Desktop\POS-PROJECT\ADMIN WEB\env_boutique\Lib\site-packages\django\db\backends\base\base.py", line 296, in _cursor
    self.ensure_connection()
    ~~~~~~~~~~~~~~~~~~~~~~^^
  File "C:\Users\donan\Desktop\POS-PROJECT\ADMIN WEB\env_boutique\Lib\site-packages\django\utils\asyncio.py", line 26, in inner
    return func(*args, **kwargs)
  File "C:\Users\donan\Desktop\POS-PROJECT\ADMIN WEB\env_boutique\Lib\site-packages\django\db\backends\base\base.py", line 278, in ensure_connection
    with self.wrap_database_errors:
         ^^^^^^^^^^^^^^^^^^^^^^^^^
  File "C:\Users\donan\Desktop\POS-PROJECT\ADMIN WEB\env_boutique\Lib\site-packages\django\db\utils.py", line 91, in __exit__
    raise dj_exc_value.with_traceback(traceback) from exc_value
  File "C:\Users\donan\Desktop\POS-PROJECT\ADMIN WEB\env_boutique\Lib\site-packages\django\db\backends\base\base.py", line 279, in ensure_connection
    self.connect()
    ~~~~~~~~~~~~^^
  File "C:\Users\donan\Desktop\POS-PROJECT\ADMIN WEB\env_boutique\Lib\site-packages\django\utils\asyncio.py", line 26, in inner
    return func(*args, **kwargs)
  File "C:\Users\donan\Desktop\POS-PROJECT\ADMIN WEB\env_boutique\Lib\site-packages\django\db\backends\base\base.py", line 256, in connect
    self.connection = self.get_new_connection(conn_params)
                      ~~~~~~~~~~~~~~~~~~~~~~~^^^^^^^^^^^^^
  File "C:\Users\donan\Desktop\POS-PROJECT\ADMIN WEB\env_boutique\Lib\site-packages\django\utils\asyncio.py", line 26, in inner
    return func(*args, **kwargs)
  File "C:\Users\donan\Desktop\POS-PROJECT\ADMIN WEB\env_boutique\Lib\site-packages\django\db\backends\postgresql\base.py", line 332, in get_new_connection
    connection = self.Database.connect(**conn_params)
  File "C:\Users\donan\Desktop\POS-PROJECT\ADMIN WEB\env_boutique\Lib\site-packages\psycopg2\__init__.py", line 135, in connect
    conn = _connect(dsn, connection_factory=connection_factory, **kwasync)
django.db.utils.OperationalError: connection to server at "aws-1-eu-west-1.pooler.supabase.com" (18.202.64.2), port 5432 failed: FATAL:  Max client connections reached

ERROR 2026-02-11 16:04:43,142 basehttp "GET /api/orders/ HTTP/1.1" 500 241770
ERROR 2026-02-11 16:04:43,220 log Internal Server Error: /api/sales/
Traceback (most recent call last):
  File "C:\Users\donan\Desktop\POS-PROJECT\ADMIN WEB\env_boutique\Lib\site-packages\django\db\backends\base\base.py", line 279, in ensure_connection
    self.connect()
    ~~~~~~~~~~~~^^
  File "C:\Users\donan\Desktop\POS-PROJECT\ADMIN WEB\env_boutique\Lib\site-packages\django\utils\asyncio.py", line 26, in inner
    return func(*args, **kwargs)
  File "C:\Users\donan\Desktop\POS-PROJECT\ADMIN WEB\env_boutique\Lib\site-packages\django\db\backends\base\base.py", line 256, in connect
    self.connection = self.get_new_connection(conn_params)
                      ~~~~~~~~~~~~~~~~~~~~~~~^^^^^^^^^^^^^
  File "C:\Users\donan\Desktop\POS-PROJECT\ADMIN WEB\env_boutique\Lib\site-packages\django\utils\asyncio.py", line 26, in inner
    return func(*args, **kwargs)
  File "C:\Users\donan\Desktop\POS-PROJECT\ADMIN WEB\env_boutique\Lib\site-packages\django\db\backends\postgresql\base.py", line 332, in get_new_connection
    connection = self.Database.connect(**conn_params)
  File "C:\Users\donan\Desktop\POS-PROJECT\ADMIN WEB\env_boutique\Lib\site-packages\psycopg2\__init__.py", line 135, in connect
    conn = _connect(dsn, connection_factory=connection_factory, **kwasync)
psycopg2.OperationalError: connection to server at "aws-1-eu-west-1.pooler.supabase.com" (18.202.64.2), port 5432 failed: FATAL:  Max client connections reached


The above exception was the direct cause of the following exception:

Traceback (most recent call last):
  File "C:\Users\donan\Desktop\POS-PROJECT\ADMIN WEB\env_boutique\Lib\site-packages\django\core\handlers\exception.py", line 55, in inner
    response = get_response(request)
  File "C:\Users\donan\Desktop\POS-PROJECT\ADMIN WEB\env_boutique\Lib\site-packages\django\core\handlers\base.py", line 197, in _get_response
    response = wrapped_callback(request, *callback_args, **callback_kwargs)
  File "C:\Users\donan\Desktop\POS-PROJECT\ADMIN WEB\env_boutique\Lib\site-packages\django\views\decorators\csrf.py", line 65, in _view_wrapper
    return view_func(request, *args, **kwargs)
  File "C:\Users\donan\Desktop\POS-PROJECT\ADMIN WEB\env_boutique\Lib\site-packages\rest_framework\viewsets.py", line 125, in view
    return self.dispatch(request, *args, **kwargs)
           ~~~~~~~~~~~~~^^^^^^^^^^^^^^^^^^^^^^^^^^
  File "C:\Users\donan\Desktop\POS-PROJECT\ADMIN WEB\env_boutique\Lib\site-packages\rest_framework\views.py", line 515, in dispatch
    response = self.handle_exception(exc)
  File "C:\Users\donan\Desktop\POS-PROJECT\ADMIN WEB\env_boutique\Lib\site-packages\rest_framework\views.py", line 475, in handle_exception
    self.raise_uncaught_exception(exc)
    ~~~~~~~~~~~~~~~~~~~~~~~~~~~~~^^^^^
  File "C:\Users\donan\Desktop\POS-PROJECT\ADMIN WEB\env_boutique\Lib\site-packages\rest_framework\views.py", line 486, in raise_uncaught_exception
    raise exc
  File "C:\Users\donan\Desktop\POS-PROJECT\ADMIN WEB\env_boutique\Lib\site-packages\rest_framework\views.py", line 503, in dispatch
    self.initial(request, *args, **kwargs)
    ~~~~~~~~~~~~^^^^^^^^^^^^^^^^^^^^^^^^^^
  File "C:\Users\donan\Desktop\POS-PROJECT\ADMIN WEB\env_boutique\Lib\site-packages\rest_framework\views.py", line 420, in initial
    self.perform_authentication(request)
    ~~~~~~~~~~~~~~~~~~~~~~~~~~~^^^^^^^^^
  File "C:\Users\donan\Desktop\POS-PROJECT\ADMIN WEB\env_boutique\Lib\site-packages\rest_framework\views.py", line 330, in perform_authentication
    request.user
  File "C:\Users\donan\Desktop\POS-PROJECT\ADMIN WEB\env_boutique\Lib\site-packages\rest_framework\request.py", line 232, in user
    self._authenticate()
    ~~~~~~~~~~~~~~~~~~^^
  File "C:\Users\donan\Desktop\POS-PROJECT\ADMIN WEB\env_boutique\Lib\site-packages\rest_framework\request.py", line 385, in _authenticate
    user_auth_tuple = authenticator.authenticate(self)
  File "C:\Users\donan\Desktop\POS-PROJECT\ADMIN WEB\env_boutique\Lib\site-packages\rest_framework_simplejwt\authentication.py", line 51, in authenticate
    return self.get_user(validated_token), validated_token
           ~~~~~~~~~~~~~^^^^^^^^^^^^^^^^^
  File "C:\Users\donan\Desktop\POS-PROJECT\ADMIN WEB\env_boutique\Lib\site-packages\rest_framework_simplejwt\authentication.py", line 132, in get_user
    user = self.user_model.objects.get(**{api_settings.USER_ID_FIELD: user_id})
  File "C:\Users\donan\Desktop\POS-PROJECT\ADMIN WEB\env_boutique\Lib\site-packages\django\db\models\manager.py", line 87, in manager_method
    return getattr(self.get_queryset(), name)(*args, **kwargs)
           ~~~~~~~~~~~~~~~~~~~~~~~~~~~~~~~~~~^^^^^^^^^^^^^^^^^
  File "C:\Users\donan\Desktop\POS-PROJECT\ADMIN WEB\env_boutique\Lib\site-packages\django\db\models\query.py", line 629, in get
    num = len(clone)
  File "C:\Users\donan\Desktop\POS-PROJECT\ADMIN WEB\env_boutique\Lib\site-packages\django\db\models\query.py", line 366, in __len__
    self._fetch_all()
    ~~~~~~~~~~~~~~~^^
  File "C:\Users\donan\Desktop\POS-PROJECT\ADMIN WEB\env_boutique\Lib\site-packages\django\db\models\query.py", line 1949, in _fetch_all
    self._result_cache = list(self._iterable_class(self))
                         ~~~~^^^^^^^^^^^^^^^^^^^^^^^^^^^^
  File "C:\Users\donan\Desktop\POS-PROJECT\ADMIN WEB\env_boutique\Lib\site-packages\django\db\models\query.py", line 91, in __iter__
    results = compiler.execute_sql(
        chunked_fetch=self.chunked_fetch, chunk_size=self.chunk_size
    )
  File "C:\Users\donan\Desktop\POS-PROJECT\ADMIN WEB\env_boutique\Lib\site-packages\django\db\models\sql\compiler.py", line 1621, in execute_sql
    cursor = self.connection.cursor()
  File "C:\Users\donan\Desktop\POS-PROJECT\ADMIN WEB\env_boutique\Lib\site-packages\django\utils\asyncio.py", line 26, in inner
    return func(*args, **kwargs)
  File "C:\Users\donan\Desktop\POS-PROJECT\ADMIN WEB\env_boutique\Lib\site-packages\django\db\backends\base\base.py", line 320, in cursor
    return self._cursor()
           ~~~~~~~~~~~~^^
  File "C:\Users\donan\Desktop\POS-PROJECT\ADMIN WEB\env_boutique\Lib\site-packages\django\db\backends\base\base.py", line 296, in _cursor
    self.ensure_connection()
    ~~~~~~~~~~~~~~~~~~~~~~^^
  File "C:\Users\donan\Desktop\POS-PROJECT\ADMIN WEB\env_boutique\Lib\site-packages\django\utils\asyncio.py", line 26, in inner
    return func(*args, **kwargs)
  File "C:\Users\donan\Desktop\POS-PROJECT\ADMIN WEB\env_boutique\Lib\site-packages\django\db\backends\base\base.py", line 278, in ensure_connection
    with self.wrap_database_errors:
         ^^^^^^^^^^^^^^^^^^^^^^^^^
  File "C:\Users\donan\Desktop\POS-PROJECT\ADMIN WEB\env_boutique\Lib\site-packages\django\db\utils.py", line 91, in __exit__
    raise dj_exc_value.with_traceback(traceback) from exc_value
  File "C:\Users\donan\Desktop\POS-PROJECT\ADMIN WEB\env_boutique\Lib\site-packages\django\db\backends\base\base.py", line 279, in ensure_connection
    self.connect()
    ~~~~~~~~~~~~^^
  File "C:\Users\donan\Desktop\POS-PROJECT\ADMIN WEB\env_boutique\Lib\site-packages\django\utils\asyncio.py", line 26, in inner
    return func(*args, **kwargs)
  File "C:\Users\donan\Desktop\POS-PROJECT\ADMIN WEB\env_boutique\Lib\site-packages\django\db\backends\base\base.py", line 256, in connect
    self.connection = self.get_new_connection(conn_params)
                      ~~~~~~~~~~~~~~~~~~~~~~~^^^^^^^^^^^^^
  File "C:\Users\donan\Desktop\POS-PROJECT\ADMIN WEB\env_boutique\Lib\site-packages\django\utils\asyncio.py", line 26, in inner
    return func(*args, **kwargs)
  File "C:\Users\donan\Desktop\POS-PROJECT\ADMIN WEB\env_boutique\Lib\site-packages\django\db\backends\postgresql\base.py", line 332, in get_new_connection
    connection = self.Database.connect(**conn_params)
  File "C:\Users\donan\Desktop\POS-PROJECT\ADMIN WEB\env_boutique\Lib\site-packages\psycopg2\__init__.py", line 135, in connect
    conn = _connect(dsn, connection_factory=connection_factory, **kwasync)
django.db.utils.OperationalError: connection to server at "aws-1-eu-west-1.pooler.supabase.com" (18.202.64.2), port 5432 failed: FATAL:  Max client connections reached

ERROR 2026-02-11 16:04:43,226 basehttp "GET /api/sales/ HTTP/1.1" 500 241735
ERROR 2026-02-11 16:36:27,288 log Internal Server Error: /api/products/
Traceback (most recent call last):
  File "C:\Users\donan\Desktop\POS-PROJECT\ADMIN WEB\env_boutique\Lib\site-packages\django\db\backends\base\base.py", line 279, in ensure_connection
    self.connect()
    ~~~~~~~~~~~~^^
  File "C:\Users\donan\Desktop\POS-PROJECT\ADMIN WEB\env_boutique\Lib\site-packages\django\utils\asyncio.py", line 26, in inner
    return func(*args, **kwargs)
  File "C:\Users\donan\Desktop\POS-PROJECT\ADMIN WEB\env_boutique\Lib\site-packages\django\db\backends\base\base.py", line 256, in connect
    self.connection = self.get_new_connection(conn_params)
                      ~~~~~~~~~~~~~~~~~~~~~~~^^^^^^^^^^^^^
  File "C:\Users\donan\Desktop\POS-PROJECT\ADMIN WEB\env_boutique\Lib\site-packages\django\utils\asyncio.py", line 26, in inner
    return func(*args, **kwargs)
  File "C:\Users\donan\Desktop\POS-PROJECT\ADMIN WEB\env_boutique\Lib\site-packages\django\db\backends\postgresql\base.py", line 332, in get_new_connection
    connection = self.Database.connect(**conn_params)
  File "C:\Users\donan\Desktop\POS-PROJECT\ADMIN WEB\env_boutique\Lib\site-packages\psycopg2\__init__.py", line 135, in connect
    conn = _connect(dsn, connection_factory=connection_factory, **kwasync)
psycopg2.OperationalError: connection to server at "aws-1-eu-west-1.pooler.supabase.com" (18.202.64.2), port 5432 failed: FATAL:  Max client connections reached


The above exception was the direct cause of the following exception:

Traceback (most recent call last):
  File "C:\Users\donan\Desktop\POS-PROJECT\ADMIN WEB\env_boutique\Lib\site-packages\django\core\handlers\exception.py", line 55, in inner
    response = get_response(request)
  File "C:\Users\donan\Desktop\POS-PROJECT\ADMIN WEB\env_boutique\Lib\site-packages\django\core\handlers\base.py", line 197, in _get_response
    response = wrapped_callback(request, *callback_args, **callback_kwargs)
  File "C:\Users\donan\Desktop\POS-PROJECT\ADMIN WEB\env_boutique\Lib\site-packages\django\views\decorators\csrf.py", line 65, in _view_wrapper
    return view_func(request, *args, **kwargs)
  File "C:\Users\donan\Desktop\POS-PROJECT\ADMIN WEB\env_boutique\Lib\site-packages\rest_framework\viewsets.py", line 125, in view
    return self.dispatch(request, *args, **kwargs)
           ~~~~~~~~~~~~~^^^^^^^^^^^^^^^^^^^^^^^^^^
  File "C:\Users\donan\Desktop\POS-PROJECT\ADMIN WEB\env_boutique\Lib\site-packages\rest_framework\views.py", line 515, in dispatch
    response = self.handle_exception(exc)
  File "C:\Users\donan\Desktop\POS-PROJECT\ADMIN WEB\env_boutique\Lib\site-packages\rest_framework\views.py", line 475, in handle_exception
    self.raise_uncaught_exception(exc)
    ~~~~~~~~~~~~~~~~~~~~~~~~~~~~~^^^^^
  File "C:\Users\donan\Desktop\POS-PROJECT\ADMIN WEB\env_boutique\Lib\site-packages\rest_framework\views.py", line 486, in raise_uncaught_exception
    raise exc
  File "C:\Users\donan\Desktop\POS-PROJECT\ADMIN WEB\env_boutique\Lib\site-packages\rest_framework\views.py", line 503, in dispatch
    self.initial(request, *args, **kwargs)
    ~~~~~~~~~~~~^^^^^^^^^^^^^^^^^^^^^^^^^^
  File "C:\Users\donan\Desktop\POS-PROJECT\ADMIN WEB\env_boutique\Lib\site-packages\rest_framework\views.py", line 420, in initial
    self.perform_authentication(request)
    ~~~~~~~~~~~~~~~~~~~~~~~~~~~^^^^^^^^^
  File "C:\Users\donan\Desktop\POS-PROJECT\ADMIN WEB\env_boutique\Lib\site-packages\rest_framework\views.py", line 330, in perform_authentication
    request.user
  File "C:\Users\donan\Desktop\POS-PROJECT\ADMIN WEB\env_boutique\Lib\site-packages\rest_framework\request.py", line 232, in user
    self._authenticate()
    ~~~~~~~~~~~~~~~~~~^^
  File "C:\Users\donan\Desktop\POS-PROJECT\ADMIN WEB\env_boutique\Lib\site-packages\rest_framework\request.py", line 385, in _authenticate
    user_auth_tuple = authenticator.authenticate(self)
  File "C:\Users\donan\Desktop\POS-PROJECT\ADMIN WEB\env_boutique\Lib\site-packages\rest_framework_simplejwt\authentication.py", line 51, in authenticate
    return self.get_user(validated_token), validated_token
           ~~~~~~~~~~~~~^^^^^^^^^^^^^^^^^
  File "C:\Users\donan\Desktop\POS-PROJECT\ADMIN WEB\env_boutique\Lib\site-packages\rest_framework_simplejwt\authentication.py", line 132, in get_user
    user = self.user_model.objects.get(**{api_settings.USER_ID_FIELD: user_id})
  File "C:\Users\donan\Desktop\POS-PROJECT\ADMIN WEB\env_boutique\Lib\site-packages\django\db\models\manager.py", line 87, in manager_method
    return getattr(self.get_queryset(), name)(*args, **kwargs)
           ~~~~~~~~~~~~~~~~~~~~~~~~~~~~~~~~~~^^^^^^^^^^^^^^^^^
  File "C:\Users\donan\Desktop\POS-PROJECT\ADMIN WEB\env_boutique\Lib\site-packages\django\db\models\query.py", line 629, in get
    num = len(clone)
  File "C:\Users\donan\Desktop\POS-PROJECT\ADMIN WEB\env_boutique\Lib\site-packages\django\db\models\query.py", line 366, in __len__
    self._fetch_all()
    ~~~~~~~~~~~~~~~^^
  File "C:\Users\donan\Desktop\POS-PROJECT\ADMIN WEB\env_boutique\Lib\site-packages\django\db\models\query.py", line 1949, in _fetch_all
    self._result_cache = list(self._iterable_class(self))
                         ~~~~^^^^^^^^^^^^^^^^^^^^^^^^^^^^
  File "C:\Users\donan\Desktop\POS-PROJECT\ADMIN WEB\env_boutique\Lib\site-packages\django\db\models\query.py", line 91, in __iter__
    results = compiler.execute_sql(
        chunked_fetch=self.chunked_fetch, chunk_size=self.chunk_size
    )
  File "C:\Users\donan\Desktop\POS-PROJECT\ADMIN WEB\env_boutique\Lib\site-packages\django\db\models\sql\compiler.py", line 1621, in execute_sql
    cursor = self.connection.cursor()
  File "C:\Users\donan\Desktop\POS-PROJECT\ADMIN WEB\env_boutique\Lib\site-packages\django\utils\asyncio.py", line 26, in inner
    return func(*args, **kwargs)
  File "C:\Users\donan\Desktop\POS-PROJECT\ADMIN WEB\env_boutique\Lib\site-packages\django\db\backends\base\base.py", line 320, in cursor
    return self._cursor()
           ~~~~~~~~~~~~^^
  File "C:\Users\donan\Desktop\POS-PROJECT\ADMIN WEB\env_boutique\Lib\site-packages\django\db\backends\base\base.py", line 296, in _cursor
    self.ensure_connection()
    ~~~~~~~~~~~~~~~~~~~~~~^^
  File "C:\Users\donan\Desktop\POS-PROJECT\ADMIN WEB\env_boutique\Lib\site-packages\django\utils\asyncio.py", line 26, in inner
    return func(*args, **kwargs)
  File "C:\Users\donan\Desktop\POS-PROJECT\ADMIN WEB\env_boutique\Lib\site-packages\django\db\backends\base\base.py", line 278, in ensure_connection
    with self.wrap_database_errors:
         ^^^^^^^^^^^^^^^^^^^^^^^^^
  File "C:\Users\donan\Desktop\POS-PROJECT\ADMIN WEB\env_boutique\Lib\site-packages\django\db\utils.py", line 91, in __exit__
    raise dj_exc_value.with_traceback(traceback) from exc_value
  File "C:\Users\donan\Desktop\POS-PROJECT\ADMIN WEB\env_boutique\Lib\site-packages\django\db\backends\base\base.py", line 279, in ensure_connection
    self.connect()
    ~~~~~~~~~~~~^^
  File "C:\Users\donan\Desktop\POS-PROJECT\ADMIN WEB\env_boutique\Lib\site-packages\django\utils\asyncio.py", line 26, in inner
    return func(*args, **kwargs)
  File "C:\Users\donan\Desktop\POS-PROJECT\ADMIN WEB\env_boutique\Lib\site-packages\django\db\backends\base\base.py", line 256, in connect
    self.connection = self.get_new_connection(conn_params)
                      ~~~~~~~~~~~~~~~~~~~~~~~^^^^^^^^^^^^^
  File "C:\Users\donan\Desktop\POS-PROJECT\ADMIN WEB\env_boutique\Lib\site-packages\django\utils\asyncio.py", line 26, in inner
    return func(*args, **kwargs)
  File "C:\Users\donan\Desktop\POS-PROJECT\ADMIN WEB\env_boutique\Lib\site-packages\django\db\backends\postgresql\base.py", line 332, in get_new_connection
    connection = self.Database.connect(**conn_params)
  File "C:\Users\donan\Desktop\POS-PROJECT\ADMIN WEB\env_boutique\Lib\site-packages\psycopg2\__init__.py", line 135, in connect
    conn = _connect(dsn, connection_factory=connection_factory, **kwasync)
django.db.utils.OperationalError: connection to server at "aws-1-eu-west-1.pooler.supabase.com" (18.202.64.2), port 5432 failed: FATAL:  Max client connections reached

ERROR 2026-02-11 16:36:27,299 basehttp "GET /api/products/ HTTP/1.1" 500 243739
ERROR 2026-02-11 16:36:27,335 log Internal Server Error: /api/suppliers/
Traceback (most recent call last):
  File "C:\Users\donan\Desktop\POS-PROJECT\ADMIN WEB\env_boutique\Lib\site-packages\django\db\backends\base\base.py", line 279, in ensure_connection
    self.connect()
    ~~~~~~~~~~~~^^
  File "C:\Users\donan\Desktop\POS-PROJECT\ADMIN WEB\env_boutique\Lib\site-packages\django\utils\asyncio.py", line 26, in inner
    return func(*args, **kwargs)
  File "C:\Users\donan\Desktop\POS-PROJECT\ADMIN WEB\env_boutique\Lib\site-packages\django\db\backends\base\base.py", line 256, in connect
    self.connection = self.get_new_connection(conn_params)
                      ~~~~~~~~~~~~~~~~~~~~~~~^^^^^^^^^^^^^
  File "C:\Users\donan\Desktop\POS-PROJECT\ADMIN WEB\env_boutique\Lib\site-packages\django\utils\asyncio.py", line 26, in inner
    return func(*args, **kwargs)
  File "C:\Users\donan\Desktop\POS-PROJECT\ADMIN WEB\env_boutique\Lib\site-packages\django\db\backends\postgresql\base.py", line 332, in get_new_connection
    connection = self.Database.connect(**conn_params)
  File "C:\Users\donan\Desktop\POS-PROJECT\ADMIN WEB\env_boutique\Lib\site-packages\psycopg2\__init__.py", line 135, in connect
    conn = _connect(dsn, connection_factory=connection_factory, **kwasync)
psycopg2.OperationalError: connection to server at "aws-1-eu-west-1.pooler.supabase.com" (18.202.64.2), port 5432 failed: FATAL:  Max client connections reached


The above exception was the direct cause of the following exception:

Traceback (most recent call last):
  File "C:\Users\donan\Desktop\POS-PROJECT\ADMIN WEB\env_boutique\Lib\site-packages\django\core\handlers\exception.py", line 55, in inner
    response = get_response(request)
  File "C:\Users\donan\Desktop\POS-PROJECT\ADMIN WEB\env_boutique\Lib\site-packages\django\core\handlers\base.py", line 197, in _get_response
    response = wrapped_callback(request, *callback_args, **callback_kwargs)
  File "C:\Users\donan\Desktop\POS-PROJECT\ADMIN WEB\env_boutique\Lib\site-packages\django\views\decorators\csrf.py", line 65, in _view_wrapper
    return view_func(request, *args, **kwargs)
  File "C:\Users\donan\Desktop\POS-PROJECT\ADMIN WEB\env_boutique\Lib\site-packages\rest_framework\viewsets.py", line 125, in view
    return self.dispatch(request, *args, **kwargs)
           ~~~~~~~~~~~~~^^^^^^^^^^^^^^^^^^^^^^^^^^
  File "C:\Users\donan\Desktop\POS-PROJECT\ADMIN WEB\env_boutique\Lib\site-packages\rest_framework\views.py", line 515, in dispatch
    response = self.handle_exception(exc)
  File "C:\Users\donan\Desktop\POS-PROJECT\ADMIN WEB\env_boutique\Lib\site-packages\rest_framework\views.py", line 475, in handle_exception
    self.raise_uncaught_exception(exc)
    ~~~~~~~~~~~~~~~~~~~~~~~~~~~~~^^^^^
  File "C:\Users\donan\Desktop\POS-PROJECT\ADMIN WEB\env_boutique\Lib\site-packages\rest_framework\views.py", line 486, in raise_uncaught_exception
    raise exc
  File "C:\Users\donan\Desktop\POS-PROJECT\ADMIN WEB\env_boutique\Lib\site-packages\rest_framework\views.py", line 503, in dispatch
    self.initial(request, *args, **kwargs)
    ~~~~~~~~~~~~^^^^^^^^^^^^^^^^^^^^^^^^^^
  File "C:\Users\donan\Desktop\POS-PROJECT\ADMIN WEB\env_boutique\Lib\site-packages\rest_framework\views.py", line 420, in initial
    self.perform_authentication(request)
    ~~~~~~~~~~~~~~~~~~~~~~~~~~~^^^^^^^^^
  File "C:\Users\donan\Desktop\POS-PROJECT\ADMIN WEB\env_boutique\Lib\site-packages\rest_framework\views.py", line 330, in perform_authentication
    request.user
  File "C:\Users\donan\Desktop\POS-PROJECT\ADMIN WEB\env_boutique\Lib\site-packages\rest_framework\request.py", line 232, in user
    self._authenticate()
    ~~~~~~~~~~~~~~~~~~^^
  File "C:\Users\donan\Desktop\POS-PROJECT\ADMIN WEB\env_boutique\Lib\site-packages\rest_framework\request.py", line 385, in _authenticate
    user_auth_tuple = authenticator.authenticate(self)
  File "C:\Users\donan\Desktop\POS-PROJECT\ADMIN WEB\env_boutique\Lib\site-packages\rest_framework_simplejwt\authentication.py", line 51, in authenticate
    return self.get_user(validated_token), validated_token
           ~~~~~~~~~~~~~^^^^^^^^^^^^^^^^^
  File "C:\Users\donan\Desktop\POS-PROJECT\ADMIN WEB\env_boutique\Lib\site-packages\rest_framework_simplejwt\authentication.py", line 132, in get_user
    user = self.user_model.objects.get(**{api_settings.USER_ID_FIELD: user_id})
  File "C:\Users\donan\Desktop\POS-PROJECT\ADMIN WEB\env_boutique\Lib\site-packages\django\db\models\manager.py", line 87, in manager_method
    return getattr(self.get_queryset(), name)(*args, **kwargs)
           ~~~~~~~~~~~~~~~~~~~~~~~~~~~~~~~~~~^^^^^^^^^^^^^^^^^
  File "C:\Users\donan\Desktop\POS-PROJECT\ADMIN WEB\env_boutique\Lib\site-packages\django\db\models\query.py", line 629, in get
    num = len(clone)
  File "C:\Users\donan\Desktop\POS-PROJECT\ADMIN WEB\env_boutique\Lib\site-packages\django\db\models\query.py", line 366, in __len__
    self._fetch_all()
    ~~~~~~~~~~~~~~~^^
  File "C:\Users\donan\Desktop\POS-PROJECT\ADMIN WEB\env_boutique\Lib\site-packages\django\db\models\query.py", line 1949, in _fetch_all
    self._result_cache = list(self._iterable_class(self))
                         ~~~~^^^^^^^^^^^^^^^^^^^^^^^^^^^^
  File "C:\Users\donan\Desktop\POS-PROJECT\ADMIN WEB\env_boutique\Lib\site-packages\django\db\models\query.py", line 91, in __iter__
    results = compiler.execute_sql(
        chunked_fetch=self.chunked_fetch, chunk_size=self.chunk_size
    )
  File "C:\Users\donan\Desktop\POS-PROJECT\ADMIN WEB\env_boutique\Lib\site-packages\django\db\models\sql\compiler.py", line 1621, in execute_sql
    cursor = self.connection.cursor()
  File "C:\Users\donan\Desktop\POS-PROJECT\ADMIN WEB\env_boutique\Lib\site-packages\django\utils\asyncio.py", line 26, in inner
    return func(*args, **kwargs)
  File "C:\Users\donan\Desktop\POS-PROJECT\ADMIN WEB\env_boutique\Lib\site-packages\django\db\backends\base\base.py", line 320, in cursor
    return self._cursor()
           ~~~~~~~~~~~~^^
  File "C:\Users\donan\Desktop\POS-PROJECT\ADMIN WEB\env_boutique\Lib\site-packages\django\db\backends\base\base.py", line 296, in _cursor
    self.ensure_connection()
    ~~~~~~~~~~~~~~~~~~~~~~^^
  File "C:\Users\donan\Desktop\POS-PROJECT\ADMIN WEB\env_boutique\Lib\site-packages\django\utils\asyncio.py", line 26, in inner
    return func(*args, **kwargs)
  File "C:\Users\donan\Desktop\POS-PROJECT\ADMIN WEB\env_boutique\Lib\site-packages\django\db\backends\base\base.py", line 278, in ensure_connection
    with self.wrap_database_errors:
         ^^^^^^^^^^^^^^^^^^^^^^^^^
  File "C:\Users\donan\Desktop\POS-PROJECT\ADMIN WEB\env_boutique\Lib\site-packages\django\db\utils.py", line 91, in __exit__
    raise dj_exc_value.with_traceback(traceback) from exc_value
  File "C:\Users\donan\Desktop\POS-PROJECT\ADMIN WEB\env_boutique\Lib\site-packages\django\db\backends\base\base.py", line 279, in ensure_connection
    self.connect()
    ~~~~~~~~~~~~^^
  File "C:\Users\donan\Desktop\POS-PROJECT\ADMIN WEB\env_boutique\Lib\site-packages\django\utils\asyncio.py", line 26, in inner
    return func(*args, **kwargs)
  File "C:\Users\donan\Desktop\POS-PROJECT\ADMIN WEB\env_boutique\Lib\site-packages\django\db\backends\base\base.py", line 256, in connect
    self.connection = self.get_new_connection(conn_params)
                      ~~~~~~~~~~~~~~~~~~~~~~~^^^^^^^^^^^^^
  File "C:\Users\donan\Desktop\POS-PROJECT\ADMIN WEB\env_boutique\Lib\site-packages\django\utils\asyncio.py", line 26, in inner
    return func(*args, **kwargs)
  File "C:\Users\donan\Desktop\POS-PROJECT\ADMIN WEB\env_boutique\Lib\site-packages\django\db\backends\postgresql\base.py", line 332, in get_new_connection
    connection = self.Database.connect(**conn_params)
  File "C:\Users\donan\Desktop\POS-PROJECT\ADMIN WEB\env_boutique\Lib\site-packages\psycopg2\__init__.py", line 135, in connect
    conn = _connect(dsn, connection_factory=connection_factory, **kwasync)
django.db.utils.OperationalError: connection to server at "aws-1-eu-west-1.pooler.supabase.com" (18.202.64.2), port 5432 failed: FATAL:  Max client connections reached

ERROR 2026-02-11 16:36:27,340 basehttp "GET /api/suppliers/ HTTP/1.1" 500 243774
ERROR 2026-02-11 16:36:27,969 log Internal Server Error: /api/stores/
Traceback (most recent call last):
  File "C:\Users\donan\Desktop\POS-PROJECT\ADMIN WEB\env_boutique\Lib\site-packages\django\db\backends\base\base.py", line 279, in ensure_connection
    self.connect()
    ~~~~~~~~~~~~^^
  File "C:\Users\donan\Desktop\POS-PROJECT\ADMIN WEB\env_boutique\Lib\site-packages\django\utils\asyncio.py", line 26, in inner
    return func(*args, **kwargs)
  File "C:\Users\donan\Desktop\POS-PROJECT\ADMIN WEB\env_boutique\Lib\site-packages\django\db\backends\base\base.py", line 256, in connect
    self.connection = self.get_new_connection(conn_params)
                      ~~~~~~~~~~~~~~~~~~~~~~~^^^^^^^^^^^^^
  File "C:\Users\donan\Desktop\POS-PROJECT\ADMIN WEB\env_boutique\Lib\site-packages\django\utils\asyncio.py", line 26, in inner
    return func(*args, **kwargs)
  File "C:\Users\donan\Desktop\POS-PROJECT\ADMIN WEB\env_boutique\Lib\site-packages\django\db\backends\postgresql\base.py", line 332, in get_new_connection
    connection = self.Database.connect(**conn_params)
  File "C:\Users\donan\Desktop\POS-PROJECT\ADMIN WEB\env_boutique\Lib\site-packages\psycopg2\__init__.py", line 135, in connect
    conn = _connect(dsn, connection_factory=connection_factory, **kwasync)
psycopg2.OperationalError: connection to server at "aws-1-eu-west-1.pooler.supabase.com" (18.202.64.2), port 5432 failed: FATAL:  Max client connections reached


The above exception was the direct cause of the following exception:

Traceback (most recent call last):
  File "C:\Users\donan\Desktop\POS-PROJECT\ADMIN WEB\env_boutique\Lib\site-packages\django\core\handlers\exception.py", line 55, in inner
    response = get_response(request)
  File "C:\Users\donan\Desktop\POS-PROJECT\ADMIN WEB\env_boutique\Lib\site-packages\django\core\handlers\base.py", line 197, in _get_response
    response = wrapped_callback(request, *callback_args, **callback_kwargs)
  File "C:\Users\donan\Desktop\POS-PROJECT\ADMIN WEB\env_boutique\Lib\site-packages\django\views\decorators\csrf.py", line 65, in _view_wrapper
    return view_func(request, *args, **kwargs)
  File "C:\Users\donan\Desktop\POS-PROJECT\ADMIN WEB\env_boutique\Lib\site-packages\rest_framework\viewsets.py", line 125, in view
    return self.dispatch(request, *args, **kwargs)
           ~~~~~~~~~~~~~^^^^^^^^^^^^^^^^^^^^^^^^^^
  File "C:\Users\donan\Desktop\POS-PROJECT\ADMIN WEB\env_boutique\Lib\site-packages\rest_framework\views.py", line 515, in dispatch
    response = self.handle_exception(exc)
  File "C:\Users\donan\Desktop\POS-PROJECT\ADMIN WEB\env_boutique\Lib\site-packages\rest_framework\views.py", line 475, in handle_exception
    self.raise_uncaught_exception(exc)
    ~~~~~~~~~~~~~~~~~~~~~~~~~~~~~^^^^^
  File "C:\Users\donan\Desktop\POS-PROJECT\ADMIN WEB\env_boutique\Lib\site-packages\rest_framework\views.py", line 486, in raise_uncaught_exception
    raise exc
  File "C:\Users\donan\Desktop\POS-PROJECT\ADMIN WEB\env_boutique\Lib\site-packages\rest_framework\views.py", line 503, in dispatch
    self.initial(request, *args, **kwargs)
    ~~~~~~~~~~~~^^^^^^^^^^^^^^^^^^^^^^^^^^
  File "C:\Users\donan\Desktop\POS-PROJECT\ADMIN WEB\env_boutique\Lib\site-packages\rest_framework\views.py", line 420, in initial
    self.perform_authentication(request)
    ~~~~~~~~~~~~~~~~~~~~~~~~~~~^^^^^^^^^
  File "C:\Users\donan\Desktop\POS-PROJECT\ADMIN WEB\env_boutique\Lib\site-packages\rest_framework\views.py", line 330, in perform_authentication
    request.user
  File "C:\Users\donan\Desktop\POS-PROJECT\ADMIN WEB\env_boutique\Lib\site-packages\rest_framework\request.py", line 232, in user
    self._authenticate()
    ~~~~~~~~~~~~~~~~~~^^
  File "C:\Users\donan\Desktop\POS-PROJECT\ADMIN WEB\env_boutique\Lib\site-packages\rest_framework\request.py", line 385, in _authenticate
    user_auth_tuple = authenticator.authenticate(self)
  File "C:\Users\donan\Desktop\POS-PROJECT\ADMIN WEB\env_boutique\Lib\site-packages\rest_framework_simplejwt\authentication.py", line 51, in authenticate
    return self.get_user(validated_token), validated_token
           ~~~~~~~~~~~~~^^^^^^^^^^^^^^^^^
  File "C:\Users\donan\Desktop\POS-PROJECT\ADMIN WEB\env_boutique\Lib\site-packages\rest_framework_simplejwt\authentication.py", line 132, in get_user
    user = self.user_model.objects.get(**{api_settings.USER_ID_FIELD: user_id})
  File "C:\Users\donan\Desktop\POS-PROJECT\ADMIN WEB\env_boutique\Lib\site-packages\django\db\models\manager.py", line 87, in manager_method
    return getattr(self.get_queryset(), name)(*args, **kwargs)
           ~~~~~~~~~~~~~~~~~~~~~~~~~~~~~~~~~~^^^^^^^^^^^^^^^^^
  File "C:\Users\donan\Desktop\POS-PROJECT\ADMIN WEB\env_boutique\Lib\site-packages\django\db\models\query.py", line 629, in get
    num = len(clone)
  File "C:\Users\donan\Desktop\POS-PROJECT\ADMIN WEB\env_boutique\Lib\site-packages\django\db\models\query.py", line 366, in __len__
    self._fetch_all()
    ~~~~~~~~~~~~~~~^^
  File "C:\Users\donan\Desktop\POS-PROJECT\ADMIN WEB\env_boutique\Lib\site-packages\django\db\models\query.py", line 1949, in _fetch_all
    self._result_cache = list(self._iterable_class(self))
                         ~~~~^^^^^^^^^^^^^^^^^^^^^^^^^^^^
  File "C:\Users\donan\Desktop\POS-PROJECT\ADMIN WEB\env_boutique\Lib\site-packages\django\db\models\query.py", line 91, in __iter__
    results = compiler.execute_sql(
        chunked_fetch=self.chunked_fetch, chunk_size=self.chunk_size
    )
  File "C:\Users\donan\Desktop\POS-PROJECT\ADMIN WEB\env_boutique\Lib\site-packages\django\db\models\sql\compiler.py", line 1621, in execute_sql
    cursor = self.connection.cursor()
  File "C:\Users\donan\Desktop\POS-PROJECT\ADMIN WEB\env_boutique\Lib\site-packages\django\utils\asyncio.py", line 26, in inner
    return func(*args, **kwargs)
  File "C:\Users\donan\Desktop\POS-PROJECT\ADMIN WEB\env_boutique\Lib\site-packages\django\db\backends\base\base.py", line 320, in cursor
    return self._cursor()
           ~~~~~~~~~~~~^^
  File "C:\Users\donan\Desktop\POS-PROJECT\ADMIN WEB\env_boutique\Lib\site-packages\django\db\backends\base\base.py", line 296, in _cursor
    self.ensure_connection()
    ~~~~~~~~~~~~~~~~~~~~~~^^
  File "C:\Users\donan\Desktop\POS-PROJECT\ADMIN WEB\env_boutique\Lib\site-packages\django\utils\asyncio.py", line 26, in inner
    return func(*args, **kwargs)
  File "C:\Users\donan\Desktop\POS-PROJECT\ADMIN WEB\env_boutique\Lib\site-packages\django\db\backends\base\base.py", line 278, in ensure_connection
    with self.wrap_database_errors:
         ^^^^^^^^^^^^^^^^^^^^^^^^^
  File "C:\Users\donan\Desktop\POS-PROJECT\ADMIN WEB\env_boutique\Lib\site-packages\django\db\utils.py", line 91, in __exit__
    raise dj_exc_value.with_traceback(traceback) from exc_value
  File "C:\Users\donan\Desktop\POS-PROJECT\ADMIN WEB\env_boutique\Lib\site-packages\django\db\backends\base\base.py", line 279, in ensure_connection
    self.connect()
    ~~~~~~~~~~~~^^
  File "C:\Users\donan\Desktop\POS-PROJECT\ADMIN WEB\env_boutique\Lib\site-packages\django\utils\asyncio.py", line 26, in inner
    return func(*args, **kwargs)
  File "C:\Users\donan\Desktop\POS-PROJECT\ADMIN WEB\env_boutique\Lib\site-packages\django\db\backends\base\base.py", line 256, in connect
    self.connection = self.get_new_connection(conn_params)
                      ~~~~~~~~~~~~~~~~~~~~~~~^^^^^^^^^^^^^
  File "C:\Users\donan\Desktop\POS-PROJECT\ADMIN WEB\env_boutique\Lib\site-packages\django\utils\asyncio.py", line 26, in inner
    return func(*args, **kwargs)
  File "C:\Users\donan\Desktop\POS-PROJECT\ADMIN WEB\env_boutique\Lib\site-packages\django\db\backends\postgresql\base.py", line 332, in get_new_connection
    connection = self.Database.connect(**conn_params)
  File "C:\Users\donan\Desktop\POS-PROJECT\ADMIN WEB\env_boutique\Lib\site-packages\psycopg2\__init__.py", line 135, in connect
    conn = _connect(dsn, connection_factory=connection_factory, **kwasync)
django.db.utils.OperationalError: connection to server at "aws-1-eu-west-1.pooler.supabase.com" (18.202.64.2), port 5432 failed: FATAL:  Max client connections reached

ERROR 2026-02-11 16:36:27,976 basehttp "GET /api/stores/ HTTP/1.1" 500 243241
