ERROR 2026-02-16 12:23:29,338 log Internal Server Error: /api/stores/
Traceback (most recent call last):
  File "C:\Users\donan\Desktop\POS-PROJECT\ADMIN WEB\env_boutique\Lib\site-packages\django\db\backends\utils.py", line 105, in _execute
    return self.cursor.execute(sql, params)
           ~~~~~~~~~~~~~~~~~~~^^^^^^^^^^^^^
psycopg2.errors.UniqueViolation: duplicate key value violates unique constraint "api_boutique_core_store_email_8d02fc67_uniq"
DETAIL:  Key (email)=(phonie@gmail.com) already exists.


The above exception was the direct cause of the following exception:

Traceback (most recent call last):
  File "C:\Users\donan\Desktop\POS-PROJECT\ADMIN WEB\env_boutique\Lib\site-packages\django\core\handlers\exception.py", line 55, in inner
    response = get_response(request)
  File "C:\Users\donan\Desktop\POS-PROJECT\ADMIN WEB\env_boutique\Lib\site-packages\django\core\handlers\base.py", line 197, in _get_response
    response = wrapped_callback(request, *callback_args, **callback_kwargs)
  File "C:\Users\donan\Desktop\POS-PROJECT\ADMIN WEB\env_boutique\Lib\site-packages\django\views\decorators\csrf.py", line 65, in _view_wrapper
    return view_func(request, *args, **kwargs)
  File "C:\Users\donan\Desktop\POS-PROJECT\ADMIN WEB\env_boutique\Lib\site-packages\rest_framework\viewsets.py", line 125, in view
    return self.dispatch(request, *args, **kwargs)
           ~~~~~~~~~~~~~^^^^^^^^^^^^^^^^^^^^^^^^^^
  File "C:\Users\donan\Desktop\POS-PROJECT\ADMIN WEB\env_boutique\Lib\site-packages\rest_framework\views.py", line 515, in dispatch
    response = self.handle_exception(exc)
  File "C:\Users\donan\Desktop\POS-PROJECT\ADMIN WEB\env_boutique\Lib\site-packages\rest_framework\views.py", line 475, in handle_exception
    self.raise_uncaught_exception(exc)
    ~~~~~~~~~~~~~~~~~~~~~~~~~~~~~^^^^^
  File "C:\Users\donan\Desktop\POS-PROJECT\ADMIN WEB\env_boutique\Lib\site-packages\rest_framework\views.py", line 486, in raise_uncaught_exception
    raise exc
  File "C:\Users\donan\Desktop\POS-PROJECT\ADMIN WEB\env_boutique\Lib\site-packages\rest_framework\views.py", line 512, in dispatch
    response = handler(request, *args, **kwargs)
  File "C:\Users\donan\Desktop\POS-PROJECT\ADMIN WEB\env_boutique\Lib\site-packages\rest_framework\mixins.py", line 19, in create
    self.perform_create(serializer)
    ~~~~~~~~~~~~~~~~~~~^^^^^^^^^^^^
  File "C:\Users\donan\Desktop\POS-PROJECT\ADMIN WEB\env_boutique\Lib\site-packages\rest_framework\mixins.py", line 24, in perform_create
    serializer.save()
    ~~~~~~~~~~~~~~~^^
  File "C:\Users\donan\Desktop\POS-PROJECT\ADMIN WEB\env_boutique\Lib\site-packages\rest_framework\serializers.py", line 210, in save
    self.instance = self.create(validated_data)
                    ~~~~~~~~~~~^^^^^^^^^^^^^^^^
  File "C:\Users\donan\Desktop\POS-PROJECT\ADMIN WEB\api_boutique_core\serializers.py", line 702, in create
    return super().create(validated_data)
           ~~~~~~~~~~~~~~^^^^^^^^^^^^^^^^
  File "C:\Users\donan\Desktop\POS-PROJECT\ADMIN WEB\env_boutique\Lib\site-packages\rest_framework\serializers.py", line 991, in create
    instance = ModelClass._default_manager.create(**validated_data)
  File "C:\Users\donan\Desktop\POS-PROJECT\ADMIN WEB\env_boutique\Lib\site-packages\django\db\models\manager.py", line 87, in manager_method
    return getattr(self.get_queryset(), name)(*args, **kwargs)
           ~~~~~~~~~~~~~~~~~~~~~~~~~~~~~~~~~~^^^^^^^^^^^^^^^^^
  File "C:\Users\donan\Desktop\POS-PROJECT\ADMIN WEB\env_boutique\Lib\site-packages\django\db\models\query.py", line 663, in create
    obj.save(force_insert=True, using=self.db)
    ~~~~~~~~^^^^^^^^^^^^^^^^^^^^^^^^^^^^^^^^^^
  File "C:\Users\donan\Desktop\POS-PROJECT\ADMIN WEB\env_boutique\Lib\site-packages\django\db\models\base.py", line 902, in save
    self.save_base(
    ~~~~~~~~~~~~~~^
        using=using,
        ^^^^^^^^^^^^
    ...<2 lines>...
        update_fields=update_fields,
        ^^^^^^^^^^^^^^^^^^^^^^^^^^^^
    )
    ^
  File "C:\Users\donan\Desktop\POS-PROJECT\ADMIN WEB\env_boutique\Lib\site-packages\django\db\models\base.py", line 1008, in save_base
    updated = self._save_table(
        raw,
    ...<4 lines>...
        update_fields,
    )
  File "C:\Users\donan\Desktop\POS-PROJECT\ADMIN WEB\env_boutique\Lib\site-packages\django\db\models\base.py", line 1169, in _save_table
    results = self._do_insert(
        cls._base_manager, using, fields, returning_fields, raw
    )
  File "C:\Users\donan\Desktop\POS-PROJECT\ADMIN WEB\env_boutique\Lib\site-packages\django\db\models\base.py", line 1210, in _do_insert
    return manager._insert(
           ~~~~~~~~~~~~~~~^
        [self],
        ^^^^^^^
    ...<3 lines>...
        raw=raw,
        ^^^^^^^^
    )
    ^
  File "C:\Users\donan\Desktop\POS-PROJECT\ADMIN WEB\env_boutique\Lib\site-packages\django\db\models\manager.py", line 87, in manager_method
    return getattr(self.get_queryset(), name)(*args, **kwargs)
           ~~~~~~~~~~~~~~~~~~~~~~~~~~~~~~~~~~^^^^^^^^^^^^^^^^^
  File "C:\Users\donan\Desktop\POS-PROJECT\ADMIN WEB\env_boutique\Lib\site-packages\django\db\models\query.py", line 1868, in _insert
    return query.get_compiler(using=using).execute_sql(returning_fields)
           ~~~~~~~~~~~~~~~~~~~~~~~~~~~~~~~~~~~~~~~~~~~^^^^^^^^^^^^^^^^^^
  File "C:\Users\donan\Desktop\POS-PROJECT\ADMIN WEB\env_boutique\Lib\site-packages\django\db\models\sql\compiler.py", line 1882, in execute_sql
    cursor.execute(sql, params)
    ~~~~~~~~~~~~~~^^^^^^^^^^^^^
  File "C:\Users\donan\Desktop\POS-PROJECT\ADMIN WEB\env_boutique\Lib\site-packages\django\db\backends\utils.py", line 122, in execute
    return super().execute(sql, params)
           ~~~~~~~~~~~~~~~^^^^^^^^^^^^^
  File "C:\Users\donan\Desktop\POS-PROJECT\ADMIN WEB\env_boutique\Lib\site-packages\django\db\backends\utils.py", line 79, in execute
    return self._execute_with_wrappers(
           ~~~~~~~~~~~~~~~~~~~~~~~~~~~^
        sql, params, many=False, executor=self._execute
        ^^^^^^^^^^^^^^^^^^^^^^^^^^^^^^^^^^^^^^^^^^^^^^^
    )
    ^
  File "C:\Users\donan\Desktop\POS-PROJECT\ADMIN WEB\env_boutique\Lib\site-packages\django\db\backends\utils.py", line 92, in _execute_with_wrappers
    return executor(sql, params, many, context)
  File "C:\Users\donan\Desktop\POS-PROJECT\ADMIN WEB\env_boutique\Lib\site-packages\django\db\backends\utils.py", line 100, in _execute
    with self.db.wrap_database_errors:
         ^^^^^^^^^^^^^^^^^^^^^^^^^^^^
  File "C:\Users\donan\Desktop\POS-PROJECT\ADMIN WEB\env_boutique\Lib\site-packages\django\db\utils.py", line 91, in __exit__
    raise dj_exc_value.with_traceback(traceback) from exc_value
  File "C:\Users\donan\Desktop\POS-PROJECT\ADMIN WEB\env_boutique\Lib\site-packages\django\db\backends\utils.py", line 105, in _execute
    return self.cursor.execute(sql, params)
           ~~~~~~~~~~~~~~~~~~~^^^^^^^^^^^^^
django.db.utils.IntegrityError: duplicate key value violates unique constraint "api_boutique_core_store_email_8d02fc67_uniq"
DETAIL:  Key (email)=(phonie@gmail.com) already exists.

ERROR 2026-02-16 12:23:29,360 basehttp "POST /api/stores/ HTTP/1.1" 500 247141
ERROR 2026-02-16 12:23:58,229 log Internal Server Error: /api/stores/
Traceback (most recent call last):
  File "C:\Users\donan\Desktop\POS-PROJECT\ADMIN WEB\env_boutique\Lib\site-packages\django\db\backends\utils.py", line 105, in _execute
    return self.cursor.execute(sql, params)
           ~~~~~~~~~~~~~~~~~~~^^^^^^^^^^^^^
psycopg2.errors.UniqueViolation: duplicate key value violates unique constraint "api_boutique_core_store_email_8d02fc67_uniq"
DETAIL:  Key (email)=(phonie@gmail.com) already exists.


The above exception was the direct cause of the following exception:

Traceback (most recent call last):
  File "C:\Users\donan\Desktop\POS-PROJECT\ADMIN WEB\env_boutique\Lib\site-packages\django\core\handlers\exception.py", line 55, in inner
    response = get_response(request)
  File "C:\Users\donan\Desktop\POS-PROJECT\ADMIN WEB\env_boutique\Lib\site-packages\django\core\handlers\base.py", line 197, in _get_response
    response = wrapped_callback(request, *callback_args, **callback_kwargs)
  File "C:\Users\donan\Desktop\POS-PROJECT\ADMIN WEB\env_boutique\Lib\site-packages\django\views\decorators\csrf.py", line 65, in _view_wrapper
    return view_func(request, *args, **kwargs)
  File "C:\Users\donan\Desktop\POS-PROJECT\ADMIN WEB\env_boutique\Lib\site-packages\rest_framework\viewsets.py", line 125, in view
    return self.dispatch(request, *args, **kwargs)
           ~~~~~~~~~~~~~^^^^^^^^^^^^^^^^^^^^^^^^^^
  File "C:\Users\donan\Desktop\POS-PROJECT\ADMIN WEB\env_boutique\Lib\site-packages\rest_framework\views.py", line 515, in dispatch
    response = self.handle_exception(exc)
  File "C:\Users\donan\Desktop\POS-PROJECT\ADMIN WEB\env_boutique\Lib\site-packages\rest_framework\views.py", line 475, in handle_exception
    self.raise_uncaught_exception(exc)
    ~~~~~~~~~~~~~~~~~~~~~~~~~~~~~^^^^^
  File "C:\Users\donan\Desktop\POS-PROJECT\ADMIN WEB\env_boutique\Lib\site-packages\rest_framework\views.py", line 486, in raise_uncaught_exception
    raise exc
  File "C:\Users\donan\Desktop\POS-PROJECT\ADMIN WEB\env_boutique\Lib\site-packages\rest_framework\views.py", line 512, in dispatch
    response = handler(request, *args, **kwargs)
  File "C:\Users\donan\Desktop\POS-PROJECT\ADMIN WEB\env_boutique\Lib\site-packages\rest_framework\mixins.py", line 19, in create
    self.perform_create(serializer)
    ~~~~~~~~~~~~~~~~~~~^^^^^^^^^^^^
  File "C:\Users\donan\Desktop\POS-PROJECT\ADMIN WEB\env_boutique\Lib\site-packages\rest_framework\mixins.py", line 24, in perform_create
    serializer.save()
    ~~~~~~~~~~~~~~~^^
  File "C:\Users\donan\Desktop\POS-PROJECT\ADMIN WEB\env_boutique\Lib\site-packages\rest_framework\serializers.py", line 210, in save
    self.instance = self.create(validated_data)
                    ~~~~~~~~~~~^^^^^^^^^^^^^^^^
  File "C:\Users\donan\Desktop\POS-PROJECT\ADMIN WEB\api_boutique_core\serializers.py", line 702, in create
    return super().create(validated_data)
           ~~~~~~~~~~~~~~^^^^^^^^^^^^^^^^
  File "C:\Users\donan\Desktop\POS-PROJECT\ADMIN WEB\env_boutique\Lib\site-packages\rest_framework\serializers.py", line 991, in create
    instance = ModelClass._default_manager.create(**validated_data)
  File "C:\Users\donan\Desktop\POS-PROJECT\ADMIN WEB\env_boutique\Lib\site-packages\django\db\models\manager.py", line 87, in manager_method
    return getattr(self.get_queryset(), name)(*args, **kwargs)
           ~~~~~~~~~~~~~~~~~~~~~~~~~~~~~~~~~~^^^^^^^^^^^^^^^^^
  File "C:\Users\donan\Desktop\POS-PROJECT\ADMIN WEB\env_boutique\Lib\site-packages\django\db\models\query.py", line 663, in create
    obj.save(force_insert=True, using=self.db)
    ~~~~~~~~^^^^^^^^^^^^^^^^^^^^^^^^^^^^^^^^^^
  File "C:\Users\donan\Desktop\POS-PROJECT\ADMIN WEB\env_boutique\Lib\site-packages\django\db\models\base.py", line 902, in save
    self.save_base(
    ~~~~~~~~~~~~~~^
        using=using,
        ^^^^^^^^^^^^
    ...<2 lines>...
        update_fields=update_fields,
        ^^^^^^^^^^^^^^^^^^^^^^^^^^^^
    )
    ^
  File "C:\Users\donan\Desktop\POS-PROJECT\ADMIN WEB\env_boutique\Lib\site-packages\django\db\models\base.py", line 1008, in save_base
    updated = self._save_table(
        raw,
    ...<4 lines>...
        update_fields,
    )
  File "C:\Users\donan\Desktop\POS-PROJECT\ADMIN WEB\env_boutique\Lib\site-packages\django\db\models\base.py", line 1169, in _save_table
    results = self._do_insert(
        cls._base_manager, using, fields, returning_fields, raw
    )
  File "C:\Users\donan\Desktop\POS-PROJECT\ADMIN WEB\env_boutique\Lib\site-packages\django\db\models\base.py", line 1210, in _do_insert
    return manager._insert(
           ~~~~~~~~~~~~~~~^
        [self],
        ^^^^^^^
    ...<3 lines>...
        raw=raw,
        ^^^^^^^^
    )
    ^
  File "C:\Users\donan\Desktop\POS-PROJECT\ADMIN WEB\env_boutique\Lib\site-packages\django\db\models\manager.py", line 87, in manager_method
    return getattr(self.get_queryset(), name)(*args, **kwargs)
           ~~~~~~~~~~~~~~~~~~~~~~~~~~~~~~~~~~^^^^^^^^^^^^^^^^^
  File "C:\Users\donan\Desktop\POS-PROJECT\ADMIN WEB\env_boutique\Lib\site-packages\django\db\models\query.py", line 1868, in _insert
    return query.get_compiler(using=using).execute_sql(returning_fields)
           ~~~~~~~~~~~~~~~~~~~~~~~~~~~~~~~~~~~~~~~~~~~^^^^^^^^^^^^^^^^^^
  File "C:\Users\donan\Desktop\POS-PROJECT\ADMIN WEB\env_boutique\Lib\site-packages\django\db\models\sql\compiler.py", line 1882, in execute_sql
    cursor.execute(sql, params)
    ~~~~~~~~~~~~~~^^^^^^^^^^^^^
  File "C:\Users\donan\Desktop\POS-PROJECT\ADMIN WEB\env_boutique\Lib\site-packages\django\db\backends\utils.py", line 122, in execute
    return super().execute(sql, params)
           ~~~~~~~~~~~~~~~^^^^^^^^^^^^^
  File "C:\Users\donan\Desktop\POS-PROJECT\ADMIN WEB\env_boutique\Lib\site-packages\django\db\backends\utils.py", line 79, in execute
    return self._execute_with_wrappers(
           ~~~~~~~~~~~~~~~~~~~~~~~~~~~^
        sql, params, many=False, executor=self._execute
        ^^^^^^^^^^^^^^^^^^^^^^^^^^^^^^^^^^^^^^^^^^^^^^^
    )
    ^
  File "C:\Users\donan\Desktop\POS-PROJECT\ADMIN WEB\env_boutique\Lib\site-packages\django\db\backends\utils.py", line 92, in _execute_with_wrappers
    return executor(sql, params, many, context)
  File "C:\Users\donan\Desktop\POS-PROJECT\ADMIN WEB\env_boutique\Lib\site-packages\django\db\backends\utils.py", line 100, in _execute
    with self.db.wrap_database_errors:
         ^^^^^^^^^^^^^^^^^^^^^^^^^^^^
  File "C:\Users\donan\Desktop\POS-PROJECT\ADMIN WEB\env_boutique\Lib\site-packages\django\db\utils.py", line 91, in __exit__
    raise dj_exc_value.with_traceback(traceback) from exc_value
  File "C:\Users\donan\Desktop\POS-PROJECT\ADMIN WEB\env_boutique\Lib\site-packages\django\db\backends\utils.py", line 105, in _execute
    return self.cursor.execute(sql, params)
           ~~~~~~~~~~~~~~~~~~~^^^^^^^^^^^^^
django.db.utils.IntegrityError: duplicate key value violates unique constraint "api_boutique_core_store_email_8d02fc67_uniq"
DETAIL:  Key (email)=(phonie@gmail.com) already exists.

ERROR 2026-02-16 12:23:58,239 basehttp "POST /api/stores/ HTTP/1.1" 500 246713
ERROR 2026-02-16 12:24:06,993 log Internal Server Error: /api/stores/
Traceback (most recent call last):
  File "C:\Users\donan\Desktop\POS-PROJECT\ADMIN WEB\env_boutique\Lib\site-packages\django\db\backends\utils.py", line 105, in _execute
    return self.cursor.execute(sql, params)
           ~~~~~~~~~~~~~~~~~~~^^^^^^^^^^^^^
psycopg2.errors.UniqueViolation: duplicate key value violates unique constraint "api_boutique_core_store_email_8d02fc67_uniq"
DETAIL:  Key (email)=(phonie@gmail.com) already exists.


The above exception was the direct cause of the following exception:

Traceback (most recent call last):
  File "C:\Users\donan\Desktop\POS-PROJECT\ADMIN WEB\env_boutique\Lib\site-packages\django\core\handlers\exception.py", line 55, in inner
    response = get_response(request)
  File "C:\Users\donan\Desktop\POS-PROJECT\ADMIN WEB\env_boutique\Lib\site-packages\django\core\handlers\base.py", line 197, in _get_response
    response = wrapped_callback(request, *callback_args, **callback_kwargs)
  File "C:\Users\donan\Desktop\POS-PROJECT\ADMIN WEB\env_boutique\Lib\site-packages\django\views\decorators\csrf.py", line 65, in _view_wrapper
    return view_func(request, *args, **kwargs)
  File "C:\Users\donan\Desktop\POS-PROJECT\ADMIN WEB\env_boutique\Lib\site-packages\rest_framework\viewsets.py", line 125, in view
    return self.dispatch(request, *args, **kwargs)
           ~~~~~~~~~~~~~^^^^^^^^^^^^^^^^^^^^^^^^^^
  File "C:\Users\donan\Desktop\POS-PROJECT\ADMIN WEB\env_boutique\Lib\site-packages\rest_framework\views.py", line 515, in dispatch
    response = self.handle_exception(exc)
  File "C:\Users\donan\Desktop\POS-PROJECT\ADMIN WEB\env_boutique\Lib\site-packages\rest_framework\views.py", line 475, in handle_exception
    self.raise_uncaught_exception(exc)
    ~~~~~~~~~~~~~~~~~~~~~~~~~~~~~^^^^^
  File "C:\Users\donan\Desktop\POS-PROJECT\ADMIN WEB\env_boutique\Lib\site-packages\rest_framework\views.py", line 486, in raise_uncaught_exception
    raise exc
  File "C:\Users\donan\Desktop\POS-PROJECT\ADMIN WEB\env_boutique\Lib\site-packages\rest_framework\views.py", line 512, in dispatch
    response = handler(request, *args, **kwargs)
  File "C:\Users\donan\Desktop\POS-PROJECT\ADMIN WEB\env_boutique\Lib\site-packages\rest_framework\mixins.py", line 19, in create
    self.perform_create(serializer)
    ~~~~~~~~~~~~~~~~~~~^^^^^^^^^^^^
  File "C:\Users\donan\Desktop\POS-PROJECT\ADMIN WEB\env_boutique\Lib\site-packages\rest_framework\mixins.py", line 24, in perform_create
    serializer.save()
    ~~~~~~~~~~~~~~~^^
  File "C:\Users\donan\Desktop\POS-PROJECT\ADMIN WEB\env_boutique\Lib\site-packages\rest_framework\serializers.py", line 210, in save
    self.instance = self.create(validated_data)
                    ~~~~~~~~~~~^^^^^^^^^^^^^^^^
  File "C:\Users\donan\Desktop\POS-PROJECT\ADMIN WEB\api_boutique_core\serializers.py", line 702, in create
    return super().create(validated_data)
           ~~~~~~~~~~~~~~^^^^^^^^^^^^^^^^
  File "C:\Users\donan\Desktop\POS-PROJECT\ADMIN WEB\env_boutique\Lib\site-packages\rest_framework\serializers.py", line 991, in create
    instance = ModelClass._default_manager.create(**validated_data)
  File "C:\Users\donan\Desktop\POS-PROJECT\ADMIN WEB\env_boutique\Lib\site-packages\django\db\models\manager.py", line 87, in manager_method
    return getattr(self.get_queryset(), name)(*args, **kwargs)
           ~~~~~~~~~~~~~~~~~~~~~~~~~~~~~~~~~~^^^^^^^^^^^^^^^^^
  File "C:\Users\donan\Desktop\POS-PROJECT\ADMIN WEB\env_boutique\Lib\site-packages\django\db\models\query.py", line 663, in create
    obj.save(force_insert=True, using=self.db)
    ~~~~~~~~^^^^^^^^^^^^^^^^^^^^^^^^^^^^^^^^^^
  File "C:\Users\donan\Desktop\POS-PROJECT\ADMIN WEB\env_boutique\Lib\site-packages\django\db\models\base.py", line 902, in save
    self.save_base(
    ~~~~~~~~~~~~~~^
        using=using,
        ^^^^^^^^^^^^
    ...<2 lines>...
        update_fields=update_fields,
        ^^^^^^^^^^^^^^^^^^^^^^^^^^^^
    )
    ^
  File "C:\Users\donan\Desktop\POS-PROJECT\ADMIN WEB\env_boutique\Lib\site-packages\django\db\models\base.py", line 1008, in save_base
    updated = self._save_table(
        raw,
    ...<4 lines>...
        update_fields,
    )
  File "C:\Users\donan\Desktop\POS-PROJECT\ADMIN WEB\env_boutique\Lib\site-packages\django\db\models\base.py", line 1169, in _save_table
    results = self._do_insert(
        cls._base_manager, using, fields, returning_fields, raw
    )
  File "C:\Users\donan\Desktop\POS-PROJECT\ADMIN WEB\env_boutique\Lib\site-packages\django\db\models\base.py", line 1210, in _do_insert
    return manager._insert(
           ~~~~~~~~~~~~~~~^
        [self],
        ^^^^^^^
    ...<3 lines>...
        raw=raw,
        ^^^^^^^^
    )
    ^
  File "C:\Users\donan\Desktop\POS-PROJECT\ADMIN WEB\env_boutique\Lib\site-packages\django\db\models\manager.py", line 87, in manager_method
    return getattr(self.get_queryset(), name)(*args, **kwargs)
           ~~~~~~~~~~~~~~~~~~~~~~~~~~~~~~~~~~^^^^^^^^^^^^^^^^^
  File "C:\Users\donan\Desktop\POS-PROJECT\ADMIN WEB\env_boutique\Lib\site-packages\django\db\models\query.py", line 1868, in _insert
    return query.get_compiler(using=using).execute_sql(returning_fields)
           ~~~~~~~~~~~~~~~~~~~~~~~~~~~~~~~~~~~~~~~~~~~^^^^^^^^^^^^^^^^^^
  File "C:\Users\donan\Desktop\POS-PROJECT\ADMIN WEB\env_boutique\Lib\site-packages\django\db\models\sql\compiler.py", line 1882, in execute_sql
    cursor.execute(sql, params)
    ~~~~~~~~~~~~~~^^^^^^^^^^^^^
  File "C:\Users\donan\Desktop\POS-PROJECT\ADMIN WEB\env_boutique\Lib\site-packages\django\db\backends\utils.py", line 122, in execute
    return super().execute(sql, params)
           ~~~~~~~~~~~~~~~^^^^^^^^^^^^^
  File "C:\Users\donan\Desktop\POS-PROJECT\ADMIN WEB\env_boutique\Lib\site-packages\django\db\backends\utils.py", line 79, in execute
    return self._execute_with_wrappers(
           ~~~~~~~~~~~~~~~~~~~~~~~~~~~^
        sql, params, many=False, executor=self._execute
        ^^^^^^^^^^^^^^^^^^^^^^^^^^^^^^^^^^^^^^^^^^^^^^^
    )
    ^
  File "C:\Users\donan\Desktop\POS-PROJECT\ADMIN WEB\env_boutique\Lib\site-packages\django\db\backends\utils.py", line 92, in _execute_with_wrappers
    return executor(sql, params, many, context)
  File "C:\Users\donan\Desktop\POS-PROJECT\ADMIN WEB\env_boutique\Lib\site-packages\django\db\backends\utils.py", line 100, in _execute
    with self.db.wrap_database_errors:
         ^^^^^^^^^^^^^^^^^^^^^^^^^^^^
  File "C:\Users\donan\Desktop\POS-PROJECT\ADMIN WEB\env_boutique\Lib\site-packages\django\db\utils.py", line 91, in __exit__
    raise dj_exc_value.with_traceback(traceback) from exc_value
  File "C:\Users\donan\Desktop\POS-PROJECT\ADMIN WEB\env_boutique\Lib\site-packages\django\db\backends\utils.py", line 105, in _execute
    return self.cursor.execute(sql, params)
           ~~~~~~~~~~~~~~~~~~~^^^^^^^^^^^^^
django.db.utils.IntegrityError: duplicate key value violates unique constraint "api_boutique_core_store_email_8d02fc67_uniq"
DETAIL:  Key (email)=(phonie@gmail.com) already exists.

ERROR 2026-02-16 12:24:07,002 basehttp "POST /api/stores/ HTTP/1.1" 500 246706
ERROR 2026-02-16 12:24:45,025 log Internal Server Error: /api/stores/
Traceback (most recent call last):
  File "C:\Users\donan\Desktop\POS-PROJECT\ADMIN WEB\env_boutique\Lib\site-packages\django\db\backends\utils.py", line 105, in _execute
    return self.cursor.execute(sql, params)
           ~~~~~~~~~~~~~~~~~~~^^^^^^^^^^^^^
psycopg2.errors.UniqueViolation: duplicate key value violates unique constraint "api_boutique_core_store_email_8d02fc67_uniq"
DETAIL:  Key (email)=(phonie@gmail.com) already exists.


The above exception was the direct cause of the following exception:

Traceback (most recent call last):
  File "C:\Users\donan\Desktop\POS-PROJECT\ADMIN WEB\env_boutique\Lib\site-packages\django\core\handlers\exception.py", line 55, in inner
    response = get_response(request)
  File "C:\Users\donan\Desktop\POS-PROJECT\ADMIN WEB\env_boutique\Lib\site-packages\django\core\handlers\base.py", line 197, in _get_response
    response = wrapped_callback(request, *callback_args, **callback_kwargs)
  File "C:\Users\donan\Desktop\POS-PROJECT\ADMIN WEB\env_boutique\Lib\site-packages\django\views\decorators\csrf.py", line 65, in _view_wrapper
    return view_func(request, *args, **kwargs)
  File "C:\Users\donan\Desktop\POS-PROJECT\ADMIN WEB\env_boutique\Lib\site-packages\rest_framework\viewsets.py", line 125, in view
    return self.dispatch(request, *args, **kwargs)
           ~~~~~~~~~~~~~^^^^^^^^^^^^^^^^^^^^^^^^^^
  File "C:\Users\donan\Desktop\POS-PROJECT\ADMIN WEB\env_boutique\Lib\site-packages\rest_framework\views.py", line 515, in dispatch
    response = self.handle_exception(exc)
  File "C:\Users\donan\Desktop\POS-PROJECT\ADMIN WEB\env_boutique\Lib\site-packages\rest_framework\views.py", line 475, in handle_exception
    self.raise_uncaught_exception(exc)
    ~~~~~~~~~~~~~~~~~~~~~~~~~~~~~^^^^^
  File "C:\Users\donan\Desktop\POS-PROJECT\ADMIN WEB\env_boutique\Lib\site-packages\rest_framework\views.py", line 486, in raise_uncaught_exception
    raise exc
  File "C:\Users\donan\Desktop\POS-PROJECT\ADMIN WEB\env_boutique\Lib\site-packages\rest_framework\views.py", line 512, in dispatch
    response = handler(request, *args, **kwargs)
  File "C:\Users\donan\Desktop\POS-PROJECT\ADMIN WEB\env_boutique\Lib\site-packages\rest_framework\mixins.py", line 19, in create
    self.perform_create(serializer)
    ~~~~~~~~~~~~~~~~~~~^^^^^^^^^^^^
  File "C:\Users\donan\Desktop\POS-PROJECT\ADMIN WEB\env_boutique\Lib\site-packages\rest_framework\mixins.py", line 24, in perform_create
    serializer.save()
    ~~~~~~~~~~~~~~~^^
  File "C:\Users\donan\Desktop\POS-PROJECT\ADMIN WEB\env_boutique\Lib\site-packages\rest_framework\serializers.py", line 210, in save
    self.instance = self.create(validated_data)
                    ~~~~~~~~~~~^^^^^^^^^^^^^^^^
  File "C:\Users\donan\Desktop\POS-PROJECT\ADMIN WEB\api_boutique_core\serializers.py", line 702, in create
    return super().create(validated_data)
           ~~~~~~~~~~~~~~^^^^^^^^^^^^^^^^
  File "C:\Users\donan\Desktop\POS-PROJECT\ADMIN WEB\env_boutique\Lib\site-packages\rest_framework\serializers.py", line 991, in create
    instance = ModelClass._default_manager.create(**validated_data)
  File "C:\Users\donan\Desktop\POS-PROJECT\ADMIN WEB\env_boutique\Lib\site-packages\django\db\models\manager.py", line 87, in manager_method
    return getattr(self.get_queryset(), name)(*args, **kwargs)
           ~~~~~~~~~~~~~~~~~~~~~~~~~~~~~~~~~~^^^^^^^^^^^^^^^^^
  File "C:\Users\donan\Desktop\POS-PROJECT\ADMIN WEB\env_boutique\Lib\site-packages\django\db\models\query.py", line 663, in create
    obj.save(force_insert=True, using=self.db)
    ~~~~~~~~^^^^^^^^^^^^^^^^^^^^^^^^^^^^^^^^^^
  File "C:\Users\donan\Desktop\POS-PROJECT\ADMIN WEB\env_boutique\Lib\site-packages\django\db\models\base.py", line 902, in save
    self.save_base(
    ~~~~~~~~~~~~~~^
        using=using,
        ^^^^^^^^^^^^
    ...<2 lines>...
        update_fields=update_fields,
        ^^^^^^^^^^^^^^^^^^^^^^^^^^^^
    )
    ^
  File "C:\Users\donan\Desktop\POS-PROJECT\ADMIN WEB\env_boutique\Lib\site-packages\django\db\models\base.py", line 1008, in save_base
    updated = self._save_table(
        raw,
    ...<4 lines>...
        update_fields,
    )
  File "C:\Users\donan\Desktop\POS-PROJECT\ADMIN WEB\env_boutique\Lib\site-packages\django\db\models\base.py", line 1169, in _save_table
    results = self._do_insert(
        cls._base_manager, using, fields, returning_fields, raw
    )
  File "C:\Users\donan\Desktop\POS-PROJECT\ADMIN WEB\env_boutique\Lib\site-packages\django\db\models\base.py", line 1210, in _do_insert
    return manager._insert(
           ~~~~~~~~~~~~~~~^
        [self],
        ^^^^^^^
    ...<3 lines>...
        raw=raw,
        ^^^^^^^^
    )
    ^
  File "C:\Users\donan\Desktop\POS-PROJECT\ADMIN WEB\env_boutique\Lib\site-packages\django\db\models\manager.py", line 87, in manager_method
    return getattr(self.get_queryset(), name)(*args, **kwargs)
           ~~~~~~~~~~~~~~~~~~~~~~~~~~~~~~~~~~^^^^^^^^^^^^^^^^^
  File "C:\Users\donan\Desktop\POS-PROJECT\ADMIN WEB\env_boutique\Lib\site-packages\django\db\models\query.py", line 1868, in _insert
    return query.get_compiler(using=using).execute_sql(returning_fields)
           ~~~~~~~~~~~~~~~~~~~~~~~~~~~~~~~~~~~~~~~~~~~^^^^^^^^^^^^^^^^^^
  File "C:\Users\donan\Desktop\POS-PROJECT\ADMIN WEB\env_boutique\Lib\site-packages\django\db\models\sql\compiler.py", line 1882, in execute_sql
    cursor.execute(sql, params)
    ~~~~~~~~~~~~~~^^^^^^^^^^^^^
  File "C:\Users\donan\Desktop\POS-PROJECT\ADMIN WEB\env_boutique\Lib\site-packages\django\db\backends\utils.py", line 122, in execute
    return super().execute(sql, params)
           ~~~~~~~~~~~~~~~^^^^^^^^^^^^^
  File "C:\Users\donan\Desktop\POS-PROJECT\ADMIN WEB\env_boutique\Lib\site-packages\django\db\backends\utils.py", line 79, in execute
    return self._execute_with_wrappers(
           ~~~~~~~~~~~~~~~~~~~~~~~~~~~^
        sql, params, many=False, executor=self._execute
        ^^^^^^^^^^^^^^^^^^^^^^^^^^^^^^^^^^^^^^^^^^^^^^^
    )
    ^
  File "C:\Users\donan\Desktop\POS-PROJECT\ADMIN WEB\env_boutique\Lib\site-packages\django\db\backends\utils.py", line 92, in _execute_with_wrappers
    return executor(sql, params, many, context)
  File "C:\Users\donan\Desktop\POS-PROJECT\ADMIN WEB\env_boutique\Lib\site-packages\django\db\backends\utils.py", line 100, in _execute
    with self.db.wrap_database_errors:
         ^^^^^^^^^^^^^^^^^^^^^^^^^^^^
  File "C:\Users\donan\Desktop\POS-PROJECT\ADMIN WEB\env_boutique\Lib\site-packages\django\db\utils.py", line 91, in __exit__
    raise dj_exc_value.with_traceback(traceback) from exc_value
  File "C:\Users\donan\Desktop\POS-PROJECT\ADMIN WEB\env_boutique\Lib\site-packages\django\db\backends\utils.py", line 105, in _execute
    return self.cursor.execute(sql, params)
           ~~~~~~~~~~~~~~~~~~~^^^^^^^^^^^^^
django.db.utils.IntegrityError: duplicate key value violates unique constraint "api_boutique_core_store_email_8d02fc67_uniq"
DETAIL:  Key (email)=(phonie@gmail.com) already exists.

ERROR 2026-02-16 12:24:45,037 basehttp "POST /api/stores/ HTTP/1.1" 500 246713
ERROR 2026-02-16 12:26:02,874 log Internal Server Error: /api/stores/
Traceback (most recent call last):
  File "C:\Users\donan\Desktop\POS-PROJECT\ADMIN WEB\env_boutique\Lib\site-packages\django\db\backends\utils.py", line 105, in _execute
    return self.cursor.execute(sql, params)
           ~~~~~~~~~~~~~~~~~~~^^^^^^^^^^^^^
psycopg2.errors.UniqueViolation: duplicate key value violates unique constraint "api_boutique_core_store_email_8d02fc67_uniq"
DETAIL:  Key (email)=(phonie@gmail.com) already exists.


The above exception was the direct cause of the following exception:

Traceback (most recent call last):
  File "C:\Users\donan\Desktop\POS-PROJECT\ADMIN WEB\env_boutique\Lib\site-packages\django\core\handlers\exception.py", line 55, in inner
    response = get_response(request)
  File "C:\Users\donan\Desktop\POS-PROJECT\ADMIN WEB\env_boutique\Lib\site-packages\django\core\handlers\base.py", line 197, in _get_response
    response = wrapped_callback(request, *callback_args, **callback_kwargs)
  File "C:\Users\donan\Desktop\POS-PROJECT\ADMIN WEB\env_boutique\Lib\site-packages\django\views\decorators\csrf.py", line 65, in _view_wrapper
    return view_func(request, *args, **kwargs)
  File "C:\Users\donan\Desktop\POS-PROJECT\ADMIN WEB\env_boutique\Lib\site-packages\rest_framework\viewsets.py", line 125, in view
    return self.dispatch(request, *args, **kwargs)
           ~~~~~~~~~~~~~^^^^^^^^^^^^^^^^^^^^^^^^^^
  File "C:\Users\donan\Desktop\POS-PROJECT\ADMIN WEB\env_boutique\Lib\site-packages\rest_framework\views.py", line 515, in dispatch
    response = self.handle_exception(exc)
  File "C:\Users\donan\Desktop\POS-PROJECT\ADMIN WEB\env_boutique\Lib\site-packages\rest_framework\views.py", line 475, in handle_exception
    self.raise_uncaught_exception(exc)
    ~~~~~~~~~~~~~~~~~~~~~~~~~~~~~^^^^^
  File "C:\Users\donan\Desktop\POS-PROJECT\ADMIN WEB\env_boutique\Lib\site-packages\rest_framework\views.py", line 486, in raise_uncaught_exception
    raise exc
  File "C:\Users\donan\Desktop\POS-PROJECT\ADMIN WEB\env_boutique\Lib\site-packages\rest_framework\views.py", line 512, in dispatch
    response = handler(request, *args, **kwargs)
  File "C:\Users\donan\Desktop\POS-PROJECT\ADMIN WEB\env_boutique\Lib\site-packages\rest_framework\mixins.py", line 19, in create
    self.perform_create(serializer)
    ~~~~~~~~~~~~~~~~~~~^^^^^^^^^^^^
  File "C:\Users\donan\Desktop\POS-PROJECT\ADMIN WEB\env_boutique\Lib\site-packages\rest_framework\mixins.py", line 24, in perform_create
    serializer.save()
    ~~~~~~~~~~~~~~~^^
  File "C:\Users\donan\Desktop\POS-PROJECT\ADMIN WEB\env_boutique\Lib\site-packages\rest_framework\serializers.py", line 210, in save
    self.instance = self.create(validated_data)
                    ~~~~~~~~~~~^^^^^^^^^^^^^^^^
  File "C:\Users\donan\Desktop\POS-PROJECT\ADMIN WEB\api_boutique_core\serializers.py", line 702, in create
    return super().create(validated_data)
           ~~~~~~~~~~~~~~^^^^^^^^^^^^^^^^
  File "C:\Users\donan\Desktop\POS-PROJECT\ADMIN WEB\env_boutique\Lib\site-packages\rest_framework\serializers.py", line 991, in create
    instance = ModelClass._default_manager.create(**validated_data)
  File "C:\Users\donan\Desktop\POS-PROJECT\ADMIN WEB\env_boutique\Lib\site-packages\django\db\models\manager.py", line 87, in manager_method
    return getattr(self.get_queryset(), name)(*args, **kwargs)
           ~~~~~~~~~~~~~~~~~~~~~~~~~~~~~~~~~~^^^^^^^^^^^^^^^^^
  File "C:\Users\donan\Desktop\POS-PROJECT\ADMIN WEB\env_boutique\Lib\site-packages\django\db\models\query.py", line 663, in create
    obj.save(force_insert=True, using=self.db)
    ~~~~~~~~^^^^^^^^^^^^^^^^^^^^^^^^^^^^^^^^^^
  File "C:\Users\donan\Desktop\POS-PROJECT\ADMIN WEB\env_boutique\Lib\site-packages\django\db\models\base.py", line 902, in save
    self.save_base(
    ~~~~~~~~~~~~~~^
        using=using,
        ^^^^^^^^^^^^
    ...<2 lines>...
        update_fields=update_fields,
        ^^^^^^^^^^^^^^^^^^^^^^^^^^^^
    )
    ^
  File "C:\Users\donan\Desktop\POS-PROJECT\ADMIN WEB\env_boutique\Lib\site-packages\django\db\models\base.py", line 1008, in save_base
    updated = self._save_table(
        raw,
    ...<4 lines>...
        update_fields,
    )
  File "C:\Users\donan\Desktop\POS-PROJECT\ADMIN WEB\env_boutique\Lib\site-packages\django\db\models\base.py", line 1169, in _save_table
    results = self._do_insert(
        cls._base_manager, using, fields, returning_fields, raw
    )
  File "C:\Users\donan\Desktop\POS-PROJECT\ADMIN WEB\env_boutique\Lib\site-packages\django\db\models\base.py", line 1210, in _do_insert
    return manager._insert(
           ~~~~~~~~~~~~~~~^
        [self],
        ^^^^^^^
    ...<3 lines>...
        raw=raw,
        ^^^^^^^^
    )
    ^
  File "C:\Users\donan\Desktop\POS-PROJECT\ADMIN WEB\env_boutique\Lib\site-packages\django\db\models\manager.py", line 87, in manager_method
    return getattr(self.get_queryset(), name)(*args, **kwargs)
           ~~~~~~~~~~~~~~~~~~~~~~~~~~~~~~~~~~^^^^^^^^^^^^^^^^^
  File "C:\Users\donan\Desktop\POS-PROJECT\ADMIN WEB\env_boutique\Lib\site-packages\django\db\models\query.py", line 1868, in _insert
    return query.get_compiler(using=using).execute_sql(returning_fields)
           ~~~~~~~~~~~~~~~~~~~~~~~~~~~~~~~~~~~~~~~~~~~^^^^^^^^^^^^^^^^^^
  File "C:\Users\donan\Desktop\POS-PROJECT\ADMIN WEB\env_boutique\Lib\site-packages\django\db\models\sql\compiler.py", line 1882, in execute_sql
    cursor.execute(sql, params)
    ~~~~~~~~~~~~~~^^^^^^^^^^^^^
  File "C:\Users\donan\Desktop\POS-PROJECT\ADMIN WEB\env_boutique\Lib\site-packages\django\db\backends\utils.py", line 122, in execute
    return super().execute(sql, params)
           ~~~~~~~~~~~~~~~^^^^^^^^^^^^^
  File "C:\Users\donan\Desktop\POS-PROJECT\ADMIN WEB\env_boutique\Lib\site-packages\django\db\backends\utils.py", line 79, in execute
    return self._execute_with_wrappers(
           ~~~~~~~~~~~~~~~~~~~~~~~~~~~^
        sql, params, many=False, executor=self._execute
        ^^^^^^^^^^^^^^^^^^^^^^^^^^^^^^^^^^^^^^^^^^^^^^^
    )
    ^
  File "C:\Users\donan\Desktop\POS-PROJECT\ADMIN WEB\env_boutique\Lib\site-packages\django\db\backends\utils.py", line 92, in _execute_with_wrappers
    return executor(sql, params, many, context)
  File "C:\Users\donan\Desktop\POS-PROJECT\ADMIN WEB\env_boutique\Lib\site-packages\django\db\backends\utils.py", line 100, in _execute
    with self.db.wrap_database_errors:
         ^^^^^^^^^^^^^^^^^^^^^^^^^^^^
  File "C:\Users\donan\Desktop\POS-PROJECT\ADMIN WEB\env_boutique\Lib\site-packages\django\db\utils.py", line 91, in __exit__
    raise dj_exc_value.with_traceback(traceback) from exc_value
  File "C:\Users\donan\Desktop\POS-PROJECT\ADMIN WEB\env_boutique\Lib\site-packages\django\db\backends\utils.py", line 105, in _execute
    return self.cursor.execute(sql, params)
           ~~~~~~~~~~~~~~~~~~~^^^^^^^^^^^^^
django.db.utils.IntegrityError: duplicate key value violates unique constraint "api_boutique_core_store_email_8d02fc67_uniq"
DETAIL:  Key (email)=(phonie@gmail.com) already exists.

ERROR 2026-02-16 12:26:02,893 basehttp "POST /api/stores/ HTTP/1.1" 500 246706
ERROR 2026-02-16 15:48:01,583 log Internal Server Error: /api/inventory-counts/
Traceback (most recent call last):
  File "C:\Users\donan\Desktop\POS-PROJECT\ADMIN WEB\env_boutique\Lib\site-packages\django\db\backends\utils.py", line 105, in _execute
    return self.cursor.execute(sql, params)
           ~~~~~~~~~~~~~~~~~~~^^^^^^^^^^^^^
psycopg2.errors.UndefinedColumn: column "notes" of relation "api_boutique_core_inventorycount" does not exist
LINE 1: ...ted", "total_discrepancies", "discrepancy_value", "notes") V...
                                                             ^


The above exception was the direct cause of the following exception:

Traceback (most recent call last):
  File "C:\Users\donan\Desktop\POS-PROJECT\ADMIN WEB\env_boutique\Lib\site-packages\django\core\handlers\exception.py", line 55, in inner
    response = get_response(request)
  File "C:\Users\donan\Desktop\POS-PROJECT\ADMIN WEB\env_boutique\Lib\site-packages\django\core\handlers\base.py", line 197, in _get_response
    response = wrapped_callback(request, *callback_args, **callback_kwargs)
  File "C:\Users\donan\Desktop\POS-PROJECT\ADMIN WEB\env_boutique\Lib\site-packages\django\views\decorators\csrf.py", line 65, in _view_wrapper
    return view_func(request, *args, **kwargs)
  File "C:\Users\donan\Desktop\POS-PROJECT\ADMIN WEB\env_boutique\Lib\site-packages\rest_framework\viewsets.py", line 125, in view
    return self.dispatch(request, *args, **kwargs)
           ~~~~~~~~~~~~~^^^^^^^^^^^^^^^^^^^^^^^^^^
  File "C:\Users\donan\Desktop\POS-PROJECT\ADMIN WEB\env_boutique\Lib\site-packages\rest_framework\views.py", line 515, in dispatch
    response = self.handle_exception(exc)
  File "C:\Users\donan\Desktop\POS-PROJECT\ADMIN WEB\env_boutique\Lib\site-packages\rest_framework\views.py", line 475, in handle_exception
    self.raise_uncaught_exception(exc)
    ~~~~~~~~~~~~~~~~~~~~~~~~~~~~~^^^^^
  File "C:\Users\donan\Desktop\POS-PROJECT\ADMIN WEB\env_boutique\Lib\site-packages\rest_framework\views.py", line 486, in raise_uncaught_exception
    raise exc
  File "C:\Users\donan\Desktop\POS-PROJECT\ADMIN WEB\env_boutique\Lib\site-packages\rest_framework\views.py", line 512, in dispatch
    response = handler(request, *args, **kwargs)
  File "C:\Users\donan\Desktop\POS-PROJECT\ADMIN WEB\env_boutique\Lib\site-packages\rest_framework\mixins.py", line 19, in create
    self.perform_create(serializer)
    ~~~~~~~~~~~~~~~~~~~^^^^^^^^^^^^
  File "C:\Users\donan\Desktop\POS-PROJECT\ADMIN WEB\api_boutique_core\views.py", line 349, in perform_create
    serializer.save(
    ~~~~~~~~~~~~~~~^
        created_by=self.request.user if self.request.user.is_authenticated else None,
        ^^^^^^^^^^^^^^^^^^^^^^^^^^^^^^^^^^^^^^^^^^^^^^^^^^^^^^^^^^^^^^^^^^^^^^^^^^^^^
        updated_by=self.request.user if self.request.user.is_authenticated else None
        ^^^^^^^^^^^^^^^^^^^^^^^^^^^^^^^^^^^^^^^^^^^^^^^^^^^^^^^^^^^^^^^^^^^^^^^^^^^^
    )
    ^
  File "C:\Users\donan\Desktop\POS-PROJECT\ADMIN WEB\env_boutique\Lib\site-packages\rest_framework\serializers.py", line 210, in save
    self.instance = self.create(validated_data)
                    ~~~~~~~~~~~^^^^^^^^^^^^^^^^
  File "C:\Users\donan\Desktop\POS-PROJECT\ADMIN WEB\env_boutique\Lib\site-packages\rest_framework\serializers.py", line 991, in create
    instance = ModelClass._default_manager.create(**validated_data)
  File "C:\Users\donan\Desktop\POS-PROJECT\ADMIN WEB\env_boutique\Lib\site-packages\django\db\models\manager.py", line 87, in manager_method
    return getattr(self.get_queryset(), name)(*args, **kwargs)
           ~~~~~~~~~~~~~~~~~~~~~~~~~~~~~~~~~~^^^^^^^^^^^^^^^^^
  File "C:\Users\donan\Desktop\POS-PROJECT\ADMIN WEB\env_boutique\Lib\site-packages\django\db\models\query.py", line 663, in create
    obj.save(force_insert=True, using=self.db)
    ~~~~~~~~^^^^^^^^^^^^^^^^^^^^^^^^^^^^^^^^^^
  File "C:\Users\donan\Desktop\POS-PROJECT\ADMIN WEB\env_boutique\Lib\site-packages\django\db\models\base.py", line 902, in save
    self.save_base(
    ~~~~~~~~~~~~~~^
        using=using,
        ^^^^^^^^^^^^
    ...<2 lines>...
        update_fields=update_fields,
        ^^^^^^^^^^^^^^^^^^^^^^^^^^^^
    )
    ^
  File "C:\Users\donan\Desktop\POS-PROJECT\ADMIN WEB\env_boutique\Lib\site-packages\django\db\models\base.py", line 1008, in save_base
    updated = self._save_table(
        raw,
    ...<4 lines>...
        update_fields,
    )
  File "C:\Users\donan\Desktop\POS-PROJECT\ADMIN WEB\env_boutique\Lib\site-packages\django\db\models\base.py", line 1169, in _save_table
    results = self._do_insert(
        cls._base_manager, using, fields, returning_fields, raw
    )
  File "C:\Users\donan\Desktop\POS-PROJECT\ADMIN WEB\env_boutique\Lib\site-packages\django\db\models\base.py", line 1210, in _do_insert
    return manager._insert(
           ~~~~~~~~~~~~~~~^
        [self],
        ^^^^^^^
    ...<3 lines>...
        raw=raw,
        ^^^^^^^^
    )
    ^
  File "C:\Users\donan\Desktop\POS-PROJECT\ADMIN WEB\env_boutique\Lib\site-packages\django\db\models\manager.py", line 87, in manager_method
    return getattr(self.get_queryset(), name)(*args, **kwargs)
           ~~~~~~~~~~~~~~~~~~~~~~~~~~~~~~~~~~^^^^^^^^^^^^^^^^^
  File "C:\Users\donan\Desktop\POS-PROJECT\ADMIN WEB\env_boutique\Lib\site-packages\django\db\models\query.py", line 1868, in _insert
    return query.get_compiler(using=using).execute_sql(returning_fields)
           ~~~~~~~~~~~~~~~~~~~~~~~~~~~~~~~~~~~~~~~~~~~^^^^^^^^^^^^^^^^^^
  File "C:\Users\donan\Desktop\POS-PROJECT\ADMIN WEB\env_boutique\Lib\site-packages\django\db\models\sql\compiler.py", line 1882, in execute_sql
    cursor.execute(sql, params)
    ~~~~~~~~~~~~~~^^^^^^^^^^^^^
  File "C:\Users\donan\Desktop\POS-PROJECT\ADMIN WEB\env_boutique\Lib\site-packages\django\db\backends\utils.py", line 122, in execute
    return super().execute(sql, params)
           ~~~~~~~~~~~~~~~^^^^^^^^^^^^^
  File "C:\Users\donan\Desktop\POS-PROJECT\ADMIN WEB\env_boutique\Lib\site-packages\django\db\backends\utils.py", line 79, in execute
    return self._execute_with_wrappers(
           ~~~~~~~~~~~~~~~~~~~~~~~~~~~^
        sql, params, many=False, executor=self._execute
        ^^^^^^^^^^^^^^^^^^^^^^^^^^^^^^^^^^^^^^^^^^^^^^^
    )
    ^
  File "C:\Users\donan\Desktop\POS-PROJECT\ADMIN WEB\env_boutique\Lib\site-packages\django\db\backends\utils.py", line 92, in _execute_with_wrappers
    return executor(sql, params, many, context)
  File "C:\Users\donan\Desktop\POS-PROJECT\ADMIN WEB\env_boutique\Lib\site-packages\django\db\backends\utils.py", line 100, in _execute
    with self.db.wrap_database_errors:
         ^^^^^^^^^^^^^^^^^^^^^^^^^^^^
  File "C:\Users\donan\Desktop\POS-PROJECT\ADMIN WEB\env_boutique\Lib\site-packages\django\db\utils.py", line 91, in __exit__
    raise dj_exc_value.with_traceback(traceback) from exc_value
  File "C:\Users\donan\Desktop\POS-PROJECT\ADMIN WEB\env_boutique\Lib\site-packages\django\db\backends\utils.py", line 105, in _execute
    return self.cursor.execute(sql, params)
           ~~~~~~~~~~~~~~~~~~~^^^^^^^^^^^^^
django.db.utils.ProgrammingError: column "notes" of relation "api_boutique_core_inventorycount" does not exist
LINE 1: ...ted", "total_discrepancies", "discrepancy_value", "notes") V...
                                                             ^

ERROR 2026-02-16 15:48:01,601 basehttp "POST /api/inventory-counts/ HTTP/1.1" 500 238611
ERROR 2026-02-16 16:15:38,678 log Internal Server Error: /api/stores/
Traceback (most recent call last):
  File "C:\Users\donan\Desktop\POS-PROJECT\ADMIN WEB\env_boutique\Lib\site-packages\django\db\backends\utils.py", line 105, in _execute
    return self.cursor.execute(sql, params)
           ~~~~~~~~~~~~~~~~~~~^^^^^^^^^^^^^
psycopg2.errors.UniqueViolation: duplicate key value violates unique constraint "api_boutique_core_store_phone_de9c473e_uniq"
DETAIL:  Key (phone)=(0143679102) already exists.


The above exception was the direct cause of the following exception:

Traceback (most recent call last):
  File "C:\Users\donan\Desktop\POS-PROJECT\ADMIN WEB\env_boutique\Lib\site-packages\django\core\handlers\exception.py", line 55, in inner
    response = get_response(request)
  File "C:\Users\donan\Desktop\POS-PROJECT\ADMIN WEB\env_boutique\Lib\site-packages\django\core\handlers\base.py", line 197, in _get_response
    response = wrapped_callback(request, *callback_args, **callback_kwargs)
  File "C:\Users\donan\Desktop\POS-PROJECT\ADMIN WEB\env_boutique\Lib\site-packages\django\views\decorators\csrf.py", line 65, in _view_wrapper
    return view_func(request, *args, **kwargs)
  File "C:\Users\donan\Desktop\POS-PROJECT\ADMIN WEB\env_boutique\Lib\site-packages\rest_framework\viewsets.py", line 125, in view
    return self.dispatch(request, *args, **kwargs)
           ~~~~~~~~~~~~~^^^^^^^^^^^^^^^^^^^^^^^^^^
  File "C:\Users\donan\Desktop\POS-PROJECT\ADMIN WEB\env_boutique\Lib\site-packages\rest_framework\views.py", line 515, in dispatch
    response = self.handle_exception(exc)
  File "C:\Users\donan\Desktop\POS-PROJECT\ADMIN WEB\env_boutique\Lib\site-packages\rest_framework\views.py", line 475, in handle_exception
    self.raise_uncaught_exception(exc)
    ~~~~~~~~~~~~~~~~~~~~~~~~~~~~~^^^^^
  File "C:\Users\donan\Desktop\POS-PROJECT\ADMIN WEB\env_boutique\Lib\site-packages\rest_framework\views.py", line 486, in raise_uncaught_exception
    raise exc
  File "C:\Users\donan\Desktop\POS-PROJECT\ADMIN WEB\env_boutique\Lib\site-packages\rest_framework\views.py", line 512, in dispatch
    response = handler(request, *args, **kwargs)
  File "C:\Users\donan\Desktop\POS-PROJECT\ADMIN WEB\env_boutique\Lib\site-packages\rest_framework\mixins.py", line 19, in create
    self.perform_create(serializer)
    ~~~~~~~~~~~~~~~~~~~^^^^^^^^^^^^
  File "C:\Users\donan\Desktop\POS-PROJECT\ADMIN WEB\env_boutique\Lib\site-packages\rest_framework\mixins.py", line 24, in perform_create
    serializer.save()
    ~~~~~~~~~~~~~~~^^
  File "C:\Users\donan\Desktop\POS-PROJECT\ADMIN WEB\env_boutique\Lib\site-packages\rest_framework\serializers.py", line 210, in save
    self.instance = self.create(validated_data)
                    ~~~~~~~~~~~^^^^^^^^^^^^^^^^
  File "C:\Users\donan\Desktop\POS-PROJECT\ADMIN WEB\api_boutique_core\serializers.py", line 702, in create
    return super().create(validated_data)
           ~~~~~~~~~~~~~~^^^^^^^^^^^^^^^^
  File "C:\Users\donan\Desktop\POS-PROJECT\ADMIN WEB\env_boutique\Lib\site-packages\rest_framework\serializers.py", line 991, in create
    instance = ModelClass._default_manager.create(**validated_data)
  File "C:\Users\donan\Desktop\POS-PROJECT\ADMIN WEB\env_boutique\Lib\site-packages\django\db\models\manager.py", line 87, in manager_method
    return getattr(self.get_queryset(), name)(*args, **kwargs)
           ~~~~~~~~~~~~~~~~~~~~~~~~~~~~~~~~~~^^^^^^^^^^^^^^^^^
  File "C:\Users\donan\Desktop\POS-PROJECT\ADMIN WEB\env_boutique\Lib\site-packages\django\db\models\query.py", line 663, in create
    obj.save(force_insert=True, using=self.db)
    ~~~~~~~~^^^^^^^^^^^^^^^^^^^^^^^^^^^^^^^^^^
  File "C:\Users\donan\Desktop\POS-PROJECT\ADMIN WEB\env_boutique\Lib\site-packages\django\db\models\base.py", line 902, in save
    self.save_base(
    ~~~~~~~~~~~~~~^
        using=using,
        ^^^^^^^^^^^^
    ...<2 lines>...
        update_fields=update_fields,
        ^^^^^^^^^^^^^^^^^^^^^^^^^^^^
    )
    ^
  File "C:\Users\donan\Desktop\POS-PROJECT\ADMIN WEB\env_boutique\Lib\site-packages\django\db\models\base.py", line 1008, in save_base
    updated = self._save_table(
        raw,
    ...<4 lines>...
        update_fields,
    )
  File "C:\Users\donan\Desktop\POS-PROJECT\ADMIN WEB\env_boutique\Lib\site-packages\django\db\models\base.py", line 1169, in _save_table
    results = self._do_insert(
        cls._base_manager, using, fields, returning_fields, raw
    )
  File "C:\Users\donan\Desktop\POS-PROJECT\ADMIN WEB\env_boutique\Lib\site-packages\django\db\models\base.py", line 1210, in _do_insert
    return manager._insert(
           ~~~~~~~~~~~~~~~^
        [self],
        ^^^^^^^
    ...<3 lines>...
        raw=raw,
        ^^^^^^^^
    )
    ^
  File "C:\Users\donan\Desktop\POS-PROJECT\ADMIN WEB\env_boutique\Lib\site-packages\django\db\models\manager.py", line 87, in manager_method
    return getattr(self.get_queryset(), name)(*args, **kwargs)
           ~~~~~~~~~~~~~~~~~~~~~~~~~~~~~~~~~~^^^^^^^^^^^^^^^^^
  File "C:\Users\donan\Desktop\POS-PROJECT\ADMIN WEB\env_boutique\Lib\site-packages\django\db\models\query.py", line 1868, in _insert
    return query.get_compiler(using=using).execute_sql(returning_fields)
           ~~~~~~~~~~~~~~~~~~~~~~~~~~~~~~~~~~~~~~~~~~~^^^^^^^^^^^^^^^^^^
  File "C:\Users\donan\Desktop\POS-PROJECT\ADMIN WEB\env_boutique\Lib\site-packages\django\db\models\sql\compiler.py", line 1882, in execute_sql
    cursor.execute(sql, params)
    ~~~~~~~~~~~~~~^^^^^^^^^^^^^
  File "C:\Users\donan\Desktop\POS-PROJECT\ADMIN WEB\env_boutique\Lib\site-packages\django\db\backends\utils.py", line 122, in execute
    return super().execute(sql, params)
           ~~~~~~~~~~~~~~~^^^^^^^^^^^^^
  File "C:\Users\donan\Desktop\POS-PROJECT\ADMIN WEB\env_boutique\Lib\site-packages\django\db\backends\utils.py", line 79, in execute
    return self._execute_with_wrappers(
           ~~~~~~~~~~~~~~~~~~~~~~~~~~~^
        sql, params, many=False, executor=self._execute
        ^^^^^^^^^^^^^^^^^^^^^^^^^^^^^^^^^^^^^^^^^^^^^^^
    )
    ^
  File "C:\Users\donan\Desktop\POS-PROJECT\ADMIN WEB\env_boutique\Lib\site-packages\django\db\backends\utils.py", line 92, in _execute_with_wrappers
    return executor(sql, params, many, context)
  File "C:\Users\donan\Desktop\POS-PROJECT\ADMIN WEB\env_boutique\Lib\site-packages\django\db\backends\utils.py", line 100, in _execute
    with self.db.wrap_database_errors:
         ^^^^^^^^^^^^^^^^^^^^^^^^^^^^
  File "C:\Users\donan\Desktop\POS-PROJECT\ADMIN WEB\env_boutique\Lib\site-packages\django\db\utils.py", line 91, in __exit__
    raise dj_exc_value.with_traceback(traceback) from exc_value
  File "C:\Users\donan\Desktop\POS-PROJECT\ADMIN WEB\env_boutique\Lib\site-packages\django\db\backends\utils.py", line 105, in _execute
    return self.cursor.execute(sql, params)
           ~~~~~~~~~~~~~~~~~~~^^^^^^^^^^^^^
django.db.utils.IntegrityError: duplicate key value violates unique constraint "api_boutique_core_store_phone_de9c473e_uniq"
DETAIL:  Key (phone)=(0143679102) already exists.

ERROR 2026-02-16 16:15:38,695 basehttp "POST /api/stores/ HTTP/1.1" 500 247119
ERROR 2026-02-16 16:17:39,583 log Internal Server Error: /api/stores/
Traceback (most recent call last):
  File "C:\Users\donan\Desktop\POS-PROJECT\ADMIN WEB\env_boutique\Lib\site-packages\django\db\backends\utils.py", line 105, in _execute
    return self.cursor.execute(sql, params)
           ~~~~~~~~~~~~~~~~~~~^^^^^^^^^^^^^
psycopg2.errors.UniqueViolation: duplicate key value violates unique constraint "api_boutique_core_store_phone_de9c473e_uniq"
DETAIL:  Key (phone)=(0143679102) already exists.


The above exception was the direct cause of the following exception:

Traceback (most recent call last):
  File "C:\Users\donan\Desktop\POS-PROJECT\ADMIN WEB\env_boutique\Lib\site-packages\django\core\handlers\exception.py", line 55, in inner
    response = get_response(request)
  File "C:\Users\donan\Desktop\POS-PROJECT\ADMIN WEB\env_boutique\Lib\site-packages\django\core\handlers\base.py", line 197, in _get_response
    response = wrapped_callback(request, *callback_args, **callback_kwargs)
  File "C:\Users\donan\Desktop\POS-PROJECT\ADMIN WEB\env_boutique\Lib\site-packages\django\views\decorators\csrf.py", line 65, in _view_wrapper
    return view_func(request, *args, **kwargs)
  File "C:\Users\donan\Desktop\POS-PROJECT\ADMIN WEB\env_boutique\Lib\site-packages\rest_framework\viewsets.py", line 125, in view
    return self.dispatch(request, *args, **kwargs)
           ~~~~~~~~~~~~~^^^^^^^^^^^^^^^^^^^^^^^^^^
  File "C:\Users\donan\Desktop\POS-PROJECT\ADMIN WEB\env_boutique\Lib\site-packages\rest_framework\views.py", line 515, in dispatch
    response = self.handle_exception(exc)
  File "C:\Users\donan\Desktop\POS-PROJECT\ADMIN WEB\env_boutique\Lib\site-packages\rest_framework\views.py", line 475, in handle_exception
    self.raise_uncaught_exception(exc)
    ~~~~~~~~~~~~~~~~~~~~~~~~~~~~~^^^^^
  File "C:\Users\donan\Desktop\POS-PROJECT\ADMIN WEB\env_boutique\Lib\site-packages\rest_framework\views.py", line 486, in raise_uncaught_exception
    raise exc
  File "C:\Users\donan\Desktop\POS-PROJECT\ADMIN WEB\env_boutique\Lib\site-packages\rest_framework\views.py", line 512, in dispatch
    response = handler(request, *args, **kwargs)
  File "C:\Users\donan\Desktop\POS-PROJECT\ADMIN WEB\env_boutique\Lib\site-packages\rest_framework\mixins.py", line 19, in create
    self.perform_create(serializer)
    ~~~~~~~~~~~~~~~~~~~^^^^^^^^^^^^
  File "C:\Users\donan\Desktop\POS-PROJECT\ADMIN WEB\env_boutique\Lib\site-packages\rest_framework\mixins.py", line 24, in perform_create
    serializer.save()
    ~~~~~~~~~~~~~~~^^
  File "C:\Users\donan\Desktop\POS-PROJECT\ADMIN WEB\env_boutique\Lib\site-packages\rest_framework\serializers.py", line 210, in save
    self.instance = self.create(validated_data)
                    ~~~~~~~~~~~^^^^^^^^^^^^^^^^
  File "C:\Users\donan\Desktop\POS-PROJECT\ADMIN WEB\api_boutique_core\serializers.py", line 702, in create
    return super().create(validated_data)
           ~~~~~~~~~~~~~~^^^^^^^^^^^^^^^^
  File "C:\Users\donan\Desktop\POS-PROJECT\ADMIN WEB\env_boutique\Lib\site-packages\rest_framework\serializers.py", line 991, in create
    instance = ModelClass._default_manager.create(**validated_data)
  File "C:\Users\donan\Desktop\POS-PROJECT\ADMIN WEB\env_boutique\Lib\site-packages\django\db\models\manager.py", line 87, in manager_method
    return getattr(self.get_queryset(), name)(*args, **kwargs)
           ~~~~~~~~~~~~~~~~~~~~~~~~~~~~~~~~~~^^^^^^^^^^^^^^^^^
  File "C:\Users\donan\Desktop\POS-PROJECT\ADMIN WEB\env_boutique\Lib\site-packages\django\db\models\query.py", line 663, in create
    obj.save(force_insert=True, using=self.db)
    ~~~~~~~~^^^^^^^^^^^^^^^^^^^^^^^^^^^^^^^^^^
  File "C:\Users\donan\Desktop\POS-PROJECT\ADMIN WEB\env_boutique\Lib\site-packages\django\db\models\base.py", line 902, in save
    self.save_base(
    ~~~~~~~~~~~~~~^
        using=using,
        ^^^^^^^^^^^^
    ...<2 lines>...
        update_fields=update_fields,
        ^^^^^^^^^^^^^^^^^^^^^^^^^^^^
    )
    ^
  File "C:\Users\donan\Desktop\POS-PROJECT\ADMIN WEB\env_boutique\Lib\site-packages\django\db\models\base.py", line 1008, in save_base
    updated = self._save_table(
        raw,
    ...<4 lines>...
        update_fields,
    )
  File "C:\Users\donan\Desktop\POS-PROJECT\ADMIN WEB\env_boutique\Lib\site-packages\django\db\models\base.py", line 1169, in _save_table
    results = self._do_insert(
        cls._base_manager, using, fields, returning_fields, raw
    )
  File "C:\Users\donan\Desktop\POS-PROJECT\ADMIN WEB\env_boutique\Lib\site-packages\django\db\models\base.py", line 1210, in _do_insert
    return manager._insert(
           ~~~~~~~~~~~~~~~^
        [self],
        ^^^^^^^
    ...<3 lines>...
        raw=raw,
        ^^^^^^^^
    )
    ^
  File "C:\Users\donan\Desktop\POS-PROJECT\ADMIN WEB\env_boutique\Lib\site-packages\django\db\models\manager.py", line 87, in manager_method
    return getattr(self.get_queryset(), name)(*args, **kwargs)
           ~~~~~~~~~~~~~~~~~~~~~~~~~~~~~~~~~~^^^^^^^^^^^^^^^^^
  File "C:\Users\donan\Desktop\POS-PROJECT\ADMIN WEB\env_boutique\Lib\site-packages\django\db\models\query.py", line 1868, in _insert
    return query.get_compiler(using=using).execute_sql(returning_fields)
           ~~~~~~~~~~~~~~~~~~~~~~~~~~~~~~~~~~~~~~~~~~~^^^^^^^^^^^^^^^^^^
  File "C:\Users\donan\Desktop\POS-PROJECT\ADMIN WEB\env_boutique\Lib\site-packages\django\db\models\sql\compiler.py", line 1882, in execute_sql
    cursor.execute(sql, params)
    ~~~~~~~~~~~~~~^^^^^^^^^^^^^
  File "C:\Users\donan\Desktop\POS-PROJECT\ADMIN WEB\env_boutique\Lib\site-packages\django\db\backends\utils.py", line 122, in execute
    return super().execute(sql, params)
           ~~~~~~~~~~~~~~~^^^^^^^^^^^^^
  File "C:\Users\donan\Desktop\POS-PROJECT\ADMIN WEB\env_boutique\Lib\site-packages\django\db\backends\utils.py", line 79, in execute
    return self._execute_with_wrappers(
           ~~~~~~~~~~~~~~~~~~~~~~~~~~~^
        sql, params, many=False, executor=self._execute
        ^^^^^^^^^^^^^^^^^^^^^^^^^^^^^^^^^^^^^^^^^^^^^^^
    )
    ^
  File "C:\Users\donan\Desktop\POS-PROJECT\ADMIN WEB\env_boutique\Lib\site-packages\django\db\backends\utils.py", line 92, in _execute_with_wrappers
    return executor(sql, params, many, context)
  File "C:\Users\donan\Desktop\POS-PROJECT\ADMIN WEB\env_boutique\Lib\site-packages\django\db\backends\utils.py", line 100, in _execute
    with self.db.wrap_database_errors:
         ^^^^^^^^^^^^^^^^^^^^^^^^^^^^
  File "C:\Users\donan\Desktop\POS-PROJECT\ADMIN WEB\env_boutique\Lib\site-packages\django\db\utils.py", line 91, in __exit__
    raise dj_exc_value.with_traceback(traceback) from exc_value
  File "C:\Users\donan\Desktop\POS-PROJECT\ADMIN WEB\env_boutique\Lib\site-packages\django\db\backends\utils.py", line 105, in _execute
    return self.cursor.execute(sql, params)
           ~~~~~~~~~~~~~~~~~~~^^^^^^^^^^^^^
django.db.utils.IntegrityError: duplicate key value violates unique constraint "api_boutique_core_store_phone_de9c473e_uniq"
DETAIL:  Key (phone)=(0143679102) already exists.

ERROR 2026-02-16 16:17:39,593 basehttp "POST /api/stores/ HTTP/1.1" 500 246888
ERROR 2026-02-16 16:22:46,597 log Internal Server Error: /api/stores/
Traceback (most recent call last):
  File "C:\Users\donan\Desktop\POS-PROJECT\ADMIN WEB\env_boutique\Lib\site-packages\django\db\backends\utils.py", line 105, in _execute
    return self.cursor.execute(sql, params)
           ~~~~~~~~~~~~~~~~~~~^^^^^^^^^^^^^
psycopg2.errors.UniqueViolation: duplicate key value violates unique constraint "api_boutique_core_store_phone_de9c473e_uniq"
DETAIL:  Key (phone)=(0143679102) already exists.


The above exception was the direct cause of the following exception:

Traceback (most recent call last):
  File "C:\Users\donan\Desktop\POS-PROJECT\ADMIN WEB\env_boutique\Lib\site-packages\django\core\handlers\exception.py", line 55, in inner
    response = get_response(request)
  File "C:\Users\donan\Desktop\POS-PROJECT\ADMIN WEB\env_boutique\Lib\site-packages\django\core\handlers\base.py", line 197, in _get_response
    response = wrapped_callback(request, *callback_args, **callback_kwargs)
  File "C:\Users\donan\Desktop\POS-PROJECT\ADMIN WEB\env_boutique\Lib\site-packages\django\views\decorators\csrf.py", line 65, in _view_wrapper
    return view_func(request, *args, **kwargs)
  File "C:\Users\donan\Desktop\POS-PROJECT\ADMIN WEB\env_boutique\Lib\site-packages\rest_framework\viewsets.py", line 125, in view
    return self.dispatch(request, *args, **kwargs)
           ~~~~~~~~~~~~~^^^^^^^^^^^^^^^^^^^^^^^^^^
  File "C:\Users\donan\Desktop\POS-PROJECT\ADMIN WEB\env_boutique\Lib\site-packages\rest_framework\views.py", line 515, in dispatch
    response = self.handle_exception(exc)
  File "C:\Users\donan\Desktop\POS-PROJECT\ADMIN WEB\env_boutique\Lib\site-packages\rest_framework\views.py", line 475, in handle_exception
    self.raise_uncaught_exception(exc)
    ~~~~~~~~~~~~~~~~~~~~~~~~~~~~~^^^^^
  File "C:\Users\donan\Desktop\POS-PROJECT\ADMIN WEB\env_boutique\Lib\site-packages\rest_framework\views.py", line 486, in raise_uncaught_exception
    raise exc
  File "C:\Users\donan\Desktop\POS-PROJECT\ADMIN WEB\env_boutique\Lib\site-packages\rest_framework\views.py", line 512, in dispatch
    response = handler(request, *args, **kwargs)
  File "C:\Users\donan\Desktop\POS-PROJECT\ADMIN WEB\env_boutique\Lib\site-packages\rest_framework\mixins.py", line 19, in create
    self.perform_create(serializer)
    ~~~~~~~~~~~~~~~~~~~^^^^^^^^^^^^
  File "C:\Users\donan\Desktop\POS-PROJECT\ADMIN WEB\env_boutique\Lib\site-packages\rest_framework\mixins.py", line 24, in perform_create
    serializer.save()
    ~~~~~~~~~~~~~~~^^
  File "C:\Users\donan\Desktop\POS-PROJECT\ADMIN WEB\env_boutique\Lib\site-packages\rest_framework\serializers.py", line 210, in save
    self.instance = self.create(validated_data)
                    ~~~~~~~~~~~^^^^^^^^^^^^^^^^
  File "C:\Users\donan\Desktop\POS-PROJECT\ADMIN WEB\api_boutique_core\serializers.py", line 702, in create
    return super().create(validated_data)
           ~~~~~~~~~~~~~~^^^^^^^^^^^^^^^^
  File "C:\Users\donan\Desktop\POS-PROJECT\ADMIN WEB\env_boutique\Lib\site-packages\rest_framework\serializers.py", line 991, in create
    instance = ModelClass._default_manager.create(**validated_data)
  File "C:\Users\donan\Desktop\POS-PROJECT\ADMIN WEB\env_boutique\Lib\site-packages\django\db\models\manager.py", line 87, in manager_method
    return getattr(self.get_queryset(), name)(*args, **kwargs)
           ~~~~~~~~~~~~~~~~~~~~~~~~~~~~~~~~~~^^^^^^^^^^^^^^^^^
  File "C:\Users\donan\Desktop\POS-PROJECT\ADMIN WEB\env_boutique\Lib\site-packages\django\db\models\query.py", line 663, in create
    obj.save(force_insert=True, using=self.db)
    ~~~~~~~~^^^^^^^^^^^^^^^^^^^^^^^^^^^^^^^^^^
  File "C:\Users\donan\Desktop\POS-PROJECT\ADMIN WEB\env_boutique\Lib\site-packages\django\db\models\base.py", line 902, in save
    self.save_base(
    ~~~~~~~~~~~~~~^
        using=using,
        ^^^^^^^^^^^^
    ...<2 lines>...
        update_fields=update_fields,
        ^^^^^^^^^^^^^^^^^^^^^^^^^^^^
    )
    ^
  File "C:\Users\donan\Desktop\POS-PROJECT\ADMIN WEB\env_boutique\Lib\site-packages\django\db\models\base.py", line 1008, in save_base
    updated = self._save_table(
        raw,
    ...<4 lines>...
        update_fields,
    )
  File "C:\Users\donan\Desktop\POS-PROJECT\ADMIN WEB\env_boutique\Lib\site-packages\django\db\models\base.py", line 1169, in _save_table
    results = self._do_insert(
        cls._base_manager, using, fields, returning_fields, raw
    )
  File "C:\Users\donan\Desktop\POS-PROJECT\ADMIN WEB\env_boutique\Lib\site-packages\django\db\models\base.py", line 1210, in _do_insert
    return manager._insert(
           ~~~~~~~~~~~~~~~^
        [self],
        ^^^^^^^
    ...<3 lines>...
        raw=raw,
        ^^^^^^^^
    )
    ^
  File "C:\Users\donan\Desktop\POS-PROJECT\ADMIN WEB\env_boutique\Lib\site-packages\django\db\models\manager.py", line 87, in manager_method
    return getattr(self.get_queryset(), name)(*args, **kwargs)
           ~~~~~~~~~~~~~~~~~~~~~~~~~~~~~~~~~~^^^^^^^^^^^^^^^^^
  File "C:\Users\donan\Desktop\POS-PROJECT\ADMIN WEB\env_boutique\Lib\site-packages\django\db\models\query.py", line 1868, in _insert
    return query.get_compiler(using=using).execute_sql(returning_fields)
           ~~~~~~~~~~~~~~~~~~~~~~~~~~~~~~~~~~~~~~~~~~~^^^^^^^^^^^^^^^^^^
  File "C:\Users\donan\Desktop\POS-PROJECT\ADMIN WEB\env_boutique\Lib\site-packages\django\db\models\sql\compiler.py", line 1882, in execute_sql
    cursor.execute(sql, params)
    ~~~~~~~~~~~~~~^^^^^^^^^^^^^
  File "C:\Users\donan\Desktop\POS-PROJECT\ADMIN WEB\env_boutique\Lib\site-packages\django\db\backends\utils.py", line 122, in execute
    return super().execute(sql, params)
           ~~~~~~~~~~~~~~~^^^^^^^^^^^^^
  File "C:\Users\donan\Desktop\POS-PROJECT\ADMIN WEB\env_boutique\Lib\site-packages\django\db\backends\utils.py", line 79, in execute
    return self._execute_with_wrappers(
           ~~~~~~~~~~~~~~~~~~~~~~~~~~~^
        sql, params, many=False, executor=self._execute
        ^^^^^^^^^^^^^^^^^^^^^^^^^^^^^^^^^^^^^^^^^^^^^^^
    )
    ^
  File "C:\Users\donan\Desktop\POS-PROJECT\ADMIN WEB\env_boutique\Lib\site-packages\django\db\backends\utils.py", line 92, in _execute_with_wrappers
    return executor(sql, params, many, context)
  File "C:\Users\donan\Desktop\POS-PROJECT\ADMIN WEB\env_boutique\Lib\site-packages\django\db\backends\utils.py", line 100, in _execute
    with self.db.wrap_database_errors:
         ^^^^^^^^^^^^^^^^^^^^^^^^^^^^
  File "C:\Users\donan\Desktop\POS-PROJECT\ADMIN WEB\env_boutique\Lib\site-packages\django\db\utils.py", line 91, in __exit__
    raise dj_exc_value.with_traceback(traceback) from exc_value
  File "C:\Users\donan\Desktop\POS-PROJECT\ADMIN WEB\env_boutique\Lib\site-packages\django\db\backends\utils.py", line 105, in _execute
    return self.cursor.execute(sql, params)
           ~~~~~~~~~~~~~~~~~~~^^^^^^^^^^^^^
django.db.utils.IntegrityError: duplicate key value violates unique constraint "api_boutique_core_store_phone_de9c473e_uniq"
DETAIL:  Key (phone)=(0143679102) already exists.

ERROR 2026-02-16 16:22:46,605 basehttp "POST /api/stores/ HTTP/1.1" 500 246936
ERROR 2026-02-16 16:49:23,872 log Internal Server Error: /api/stores/
Traceback (most recent call last):
  File "C:\Users\donan\Desktop\POS-PROJECT\ADMIN WEB\env_boutique\Lib\site-packages\django\db\backends\utils.py", line 105, in _execute
    return self.cursor.execute(sql, params)
           ~~~~~~~~~~~~~~~~~~~^^^^^^^^^^^^^
psycopg2.errors.UniqueViolation: duplicate key value violates unique constraint "api_boutique_core_store_phone_de9c473e_uniq"
DETAIL:  Key (phone)=(0143679102) already exists.


The above exception was the direct cause of the following exception:

Traceback (most recent call last):
  File "C:\Users\donan\Desktop\POS-PROJECT\ADMIN WEB\env_boutique\Lib\site-packages\django\core\handlers\exception.py", line 55, in inner
    response = get_response(request)
  File "C:\Users\donan\Desktop\POS-PROJECT\ADMIN WEB\env_boutique\Lib\site-packages\django\core\handlers\base.py", line 197, in _get_response
    response = wrapped_callback(request, *callback_args, **callback_kwargs)
  File "C:\Users\donan\Desktop\POS-PROJECT\ADMIN WEB\env_boutique\Lib\site-packages\django\views\decorators\csrf.py", line 65, in _view_wrapper
    return view_func(request, *args, **kwargs)
  File "C:\Users\donan\Desktop\POS-PROJECT\ADMIN WEB\env_boutique\Lib\site-packages\rest_framework\viewsets.py", line 125, in view
    return self.dispatch(request, *args, **kwargs)
           ~~~~~~~~~~~~~^^^^^^^^^^^^^^^^^^^^^^^^^^
  File "C:\Users\donan\Desktop\POS-PROJECT\ADMIN WEB\env_boutique\Lib\site-packages\rest_framework\views.py", line 515, in dispatch
    response = self.handle_exception(exc)
  File "C:\Users\donan\Desktop\POS-PROJECT\ADMIN WEB\env_boutique\Lib\site-packages\rest_framework\views.py", line 475, in handle_exception
    self.raise_uncaught_exception(exc)
    ~~~~~~~~~~~~~~~~~~~~~~~~~~~~~^^^^^
  File "C:\Users\donan\Desktop\POS-PROJECT\ADMIN WEB\env_boutique\Lib\site-packages\rest_framework\views.py", line 486, in raise_uncaught_exception
    raise exc
  File "C:\Users\donan\Desktop\POS-PROJECT\ADMIN WEB\env_boutique\Lib\site-packages\rest_framework\views.py", line 512, in dispatch
    response = handler(request, *args, **kwargs)
  File "C:\Users\donan\Desktop\POS-PROJECT\ADMIN WEB\env_boutique\Lib\site-packages\rest_framework\mixins.py", line 19, in create
    self.perform_create(serializer)
    ~~~~~~~~~~~~~~~~~~~^^^^^^^^^^^^
  File "C:\Users\donan\Desktop\POS-PROJECT\ADMIN WEB\env_boutique\Lib\site-packages\rest_framework\mixins.py", line 24, in perform_create
    serializer.save()
    ~~~~~~~~~~~~~~~^^
  File "C:\Users\donan\Desktop\POS-PROJECT\ADMIN WEB\env_boutique\Lib\site-packages\rest_framework\serializers.py", line 210, in save
    self.instance = self.create(validated_data)
                    ~~~~~~~~~~~^^^^^^^^^^^^^^^^
  File "C:\Users\donan\Desktop\POS-PROJECT\ADMIN WEB\api_boutique_core\serializers.py", line 702, in create
    return super().create(validated_data)
           ~~~~~~~~~~~~~~^^^^^^^^^^^^^^^^
  File "C:\Users\donan\Desktop\POS-PROJECT\ADMIN WEB\env_boutique\Lib\site-packages\rest_framework\serializers.py", line 991, in create
    instance = ModelClass._default_manager.create(**validated_data)
  File "C:\Users\donan\Desktop\POS-PROJECT\ADMIN WEB\env_boutique\Lib\site-packages\django\db\models\manager.py", line 87, in manager_method
    return getattr(self.get_queryset(), name)(*args, **kwargs)
           ~~~~~~~~~~~~~~~~~~~~~~~~~~~~~~~~~~^^^^^^^^^^^^^^^^^
  File "C:\Users\donan\Desktop\POS-PROJECT\ADMIN WEB\env_boutique\Lib\site-packages\django\db\models\query.py", line 663, in create
    obj.save(force_insert=True, using=self.db)
    ~~~~~~~~^^^^^^^^^^^^^^^^^^^^^^^^^^^^^^^^^^
  File "C:\Users\donan\Desktop\POS-PROJECT\ADMIN WEB\env_boutique\Lib\site-packages\django\db\models\base.py", line 902, in save
    self.save_base(
    ~~~~~~~~~~~~~~^
        using=using,
        ^^^^^^^^^^^^
    ...<2 lines>...
        update_fields=update_fields,
        ^^^^^^^^^^^^^^^^^^^^^^^^^^^^
    )
    ^
  File "C:\Users\donan\Desktop\POS-PROJECT\ADMIN WEB\env_boutique\Lib\site-packages\django\db\models\base.py", line 1008, in save_base
    updated = self._save_table(
        raw,
    ...<4 lines>...
        update_fields,
    )
  File "C:\Users\donan\Desktop\POS-PROJECT\ADMIN WEB\env_boutique\Lib\site-packages\django\db\models\base.py", line 1169, in _save_table
    results = self._do_insert(
        cls._base_manager, using, fields, returning_fields, raw
    )
  File "C:\Users\donan\Desktop\POS-PROJECT\ADMIN WEB\env_boutique\Lib\site-packages\django\db\models\base.py", line 1210, in _do_insert
    return manager._insert(
           ~~~~~~~~~~~~~~~^
        [self],
        ^^^^^^^
    ...<3 lines>...
        raw=raw,
        ^^^^^^^^
    )
    ^
  File "C:\Users\donan\Desktop\POS-PROJECT\ADMIN WEB\env_boutique\Lib\site-packages\django\db\models\manager.py", line 87, in manager_method
    return getattr(self.get_queryset(), name)(*args, **kwargs)
           ~~~~~~~~~~~~~~~~~~~~~~~~~~~~~~~~~~^^^^^^^^^^^^^^^^^
  File "C:\Users\donan\Desktop\POS-PROJECT\ADMIN WEB\env_boutique\Lib\site-packages\django\db\models\query.py", line 1868, in _insert
    return query.get_compiler(using=using).execute_sql(returning_fields)
           ~~~~~~~~~~~~~~~~~~~~~~~~~~~~~~~~~~~~~~~~~~~^^^^^^^^^^^^^^^^^^
  File "C:\Users\donan\Desktop\POS-PROJECT\ADMIN WEB\env_boutique\Lib\site-packages\django\db\models\sql\compiler.py", line 1882, in execute_sql
    cursor.execute(sql, params)
    ~~~~~~~~~~~~~~^^^^^^^^^^^^^
  File "C:\Users\donan\Desktop\POS-PROJECT\ADMIN WEB\env_boutique\Lib\site-packages\django\db\backends\utils.py", line 122, in execute
    return super().execute(sql, params)
           ~~~~~~~~~~~~~~~^^^^^^^^^^^^^
  File "C:\Users\donan\Desktop\POS-PROJECT\ADMIN WEB\env_boutique\Lib\site-packages\django\db\backends\utils.py", line 79, in execute
    return self._execute_with_wrappers(
           ~~~~~~~~~~~~~~~~~~~~~~~~~~~^
        sql, params, many=False, executor=self._execute
        ^^^^^^^^^^^^^^^^^^^^^^^^^^^^^^^^^^^^^^^^^^^^^^^
    )
    ^
  File "C:\Users\donan\Desktop\POS-PROJECT\ADMIN WEB\env_boutique\Lib\site-packages\django\db\backends\utils.py", line 92, in _execute_with_wrappers
    return executor(sql, params, many, context)
  File "C:\Users\donan\Desktop\POS-PROJECT\ADMIN WEB\env_boutique\Lib\site-packages\django\db\backends\utils.py", line 100, in _execute
    with self.db.wrap_database_errors:
         ^^^^^^^^^^^^^^^^^^^^^^^^^^^^
  File "C:\Users\donan\Desktop\POS-PROJECT\ADMIN WEB\env_boutique\Lib\site-packages\django\db\utils.py", line 91, in __exit__
    raise dj_exc_value.with_traceback(traceback) from exc_value
  File "C:\Users\donan\Desktop\POS-PROJECT\ADMIN WEB\env_boutique\Lib\site-packages\django\db\backends\utils.py", line 105, in _execute
    return self.cursor.execute(sql, params)
           ~~~~~~~~~~~~~~~~~~~^^^^^^^^^^^^^
django.db.utils.IntegrityError: duplicate key value violates unique constraint "api_boutique_core_store_phone_de9c473e_uniq"
DETAIL:  Key (phone)=(0143679102) already exists.

ERROR 2026-02-16 16:49:23,880 basehttp "POST /api/stores/ HTTP/1.1" 500 247493
ERROR 2026-02-16 21:24:01,068 log Internal Server Error: /api/inventory-counts/
Traceback (most recent call last):
  File "C:\Users\donan\Desktop\POS-PROJECT\ADMIN WEB\env_boutique\Lib\site-packages\django\db\backends\utils.py", line 105, in _execute
    return self.cursor.execute(sql, params)
           ~~~~~~~~~~~~~~~~~~~^^^^^^^^^^^^^
psycopg2.errors.UndefinedColumn: column "notes" of relation "api_boutique_core_inventorycount" does not exist
LINE 1: ...ted", "total_discrepancies", "discrepancy_value", "notes") V...
                                                             ^


The above exception was the direct cause of the following exception:

Traceback (most recent call last):
  File "C:\Users\donan\Desktop\POS-PROJECT\ADMIN WEB\env_boutique\Lib\site-packages\django\core\handlers\exception.py", line 55, in inner
    response = get_response(request)
  File "C:\Users\donan\Desktop\POS-PROJECT\ADMIN WEB\env_boutique\Lib\site-packages\django\core\handlers\base.py", line 197, in _get_response
    response = wrapped_callback(request, *callback_args, **callback_kwargs)
  File "C:\Users\donan\Desktop\POS-PROJECT\ADMIN WEB\env_boutique\Lib\site-packages\django\views\decorators\csrf.py", line 65, in _view_wrapper
    return view_func(request, *args, **kwargs)
  File "C:\Users\donan\Desktop\POS-PROJECT\ADMIN WEB\env_boutique\Lib\site-packages\rest_framework\viewsets.py", line 125, in view
    return self.dispatch(request, *args, **kwargs)
           ~~~~~~~~~~~~~^^^^^^^^^^^^^^^^^^^^^^^^^^
  File "C:\Users\donan\Desktop\POS-PROJECT\ADMIN WEB\env_boutique\Lib\site-packages\rest_framework\views.py", line 515, in dispatch
    response = self.handle_exception(exc)
  File "C:\Users\donan\Desktop\POS-PROJECT\ADMIN WEB\env_boutique\Lib\site-packages\rest_framework\views.py", line 475, in handle_exception
    self.raise_uncaught_exception(exc)
    ~~~~~~~~~~~~~~~~~~~~~~~~~~~~~^^^^^
  File "C:\Users\donan\Desktop\POS-PROJECT\ADMIN WEB\env_boutique\Lib\site-packages\rest_framework\views.py", line 486, in raise_uncaught_exception
    raise exc
  File "C:\Users\donan\Desktop\POS-PROJECT\ADMIN WEB\env_boutique\Lib\site-packages\rest_framework\views.py", line 512, in dispatch
    response = handler(request, *args, **kwargs)
  File "C:\Users\donan\Desktop\POS-PROJECT\ADMIN WEB\env_boutique\Lib\site-packages\rest_framework\mixins.py", line 19, in create
    self.perform_create(serializer)
    ~~~~~~~~~~~~~~~~~~~^^^^^^^^^^^^
  File "C:\Users\donan\Desktop\POS-PROJECT\ADMIN WEB\api_boutique_core\views.py", line 349, in perform_create
    serializer.save(
    ~~~~~~~~~~~~~~~^
        created_by=self.request.user if self.request.user.is_authenticated else None,
        ^^^^^^^^^^^^^^^^^^^^^^^^^^^^^^^^^^^^^^^^^^^^^^^^^^^^^^^^^^^^^^^^^^^^^^^^^^^^^
        updated_by=self.request.user if self.request.user.is_authenticated else None
        ^^^^^^^^^^^^^^^^^^^^^^^^^^^^^^^^^^^^^^^^^^^^^^^^^^^^^^^^^^^^^^^^^^^^^^^^^^^^
    )
    ^
  File "C:\Users\donan\Desktop\POS-PROJECT\ADMIN WEB\env_boutique\Lib\site-packages\rest_framework\serializers.py", line 210, in save
    self.instance = self.create(validated_data)
                    ~~~~~~~~~~~^^^^^^^^^^^^^^^^
  File "C:\Users\donan\Desktop\POS-PROJECT\ADMIN WEB\env_boutique\Lib\site-packages\rest_framework\serializers.py", line 991, in create
    instance = ModelClass._default_manager.create(**validated_data)
  File "C:\Users\donan\Desktop\POS-PROJECT\ADMIN WEB\env_boutique\Lib\site-packages\django\db\models\manager.py", line 87, in manager_method
    return getattr(self.get_queryset(), name)(*args, **kwargs)
           ~~~~~~~~~~~~~~~~~~~~~~~~~~~~~~~~~~^^^^^^^^^^^^^^^^^
  File "C:\Users\donan\Desktop\POS-PROJECT\ADMIN WEB\env_boutique\Lib\site-packages\django\db\models\query.py", line 663, in create
    obj.save(force_insert=True, using=self.db)
    ~~~~~~~~^^^^^^^^^^^^^^^^^^^^^^^^^^^^^^^^^^
  File "C:\Users\donan\Desktop\POS-PROJECT\ADMIN WEB\env_boutique\Lib\site-packages\django\db\models\base.py", line 902, in save
    self.save_base(
    ~~~~~~~~~~~~~~^
        using=using,
        ^^^^^^^^^^^^
    ...<2 lines>...
        update_fields=update_fields,
        ^^^^^^^^^^^^^^^^^^^^^^^^^^^^
    )
    ^
  File "C:\Users\donan\Desktop\POS-PROJECT\ADMIN WEB\env_boutique\Lib\site-packages\django\db\models\base.py", line 1008, in save_base
    updated = self._save_table(
        raw,
    ...<4 lines>...
        update_fields,
    )
  File "C:\Users\donan\Desktop\POS-PROJECT\ADMIN WEB\env_boutique\Lib\site-packages\django\db\models\base.py", line 1169, in _save_table
    results = self._do_insert(
        cls._base_manager, using, fields, returning_fields, raw
    )
  File "C:\Users\donan\Desktop\POS-PROJECT\ADMIN WEB\env_boutique\Lib\site-packages\django\db\models\base.py", line 1210, in _do_insert
    return manager._insert(
           ~~~~~~~~~~~~~~~^
        [self],
        ^^^^^^^
    ...<3 lines>...
        raw=raw,
        ^^^^^^^^
    )
    ^
  File "C:\Users\donan\Desktop\POS-PROJECT\ADMIN WEB\env_boutique\Lib\site-packages\django\db\models\manager.py", line 87, in manager_method
    return getattr(self.get_queryset(), name)(*args, **kwargs)
           ~~~~~~~~~~~~~~~~~~~~~~~~~~~~~~~~~~^^^^^^^^^^^^^^^^^
  File "C:\Users\donan\Desktop\POS-PROJECT\ADMIN WEB\env_boutique\Lib\site-packages\django\db\models\query.py", line 1868, in _insert
    return query.get_compiler(using=using).execute_sql(returning_fields)
           ~~~~~~~~~~~~~~~~~~~~~~~~~~~~~~~~~~~~~~~~~~~^^^^^^^^^^^^^^^^^^
  File "C:\Users\donan\Desktop\POS-PROJECT\ADMIN WEB\env_boutique\Lib\site-packages\django\db\models\sql\compiler.py", line 1882, in execute_sql
    cursor.execute(sql, params)
    ~~~~~~~~~~~~~~^^^^^^^^^^^^^
  File "C:\Users\donan\Desktop\POS-PROJECT\ADMIN WEB\env_boutique\Lib\site-packages\django\db\backends\utils.py", line 122, in execute
    return super().execute(sql, params)
           ~~~~~~~~~~~~~~~^^^^^^^^^^^^^
  File "C:\Users\donan\Desktop\POS-PROJECT\ADMIN WEB\env_boutique\Lib\site-packages\django\db\backends\utils.py", line 79, in execute
    return self._execute_with_wrappers(
           ~~~~~~~~~~~~~~~~~~~~~~~~~~~^
        sql, params, many=False, executor=self._execute
        ^^^^^^^^^^^^^^^^^^^^^^^^^^^^^^^^^^^^^^^^^^^^^^^
    )
    ^
  File "C:\Users\donan\Desktop\POS-PROJECT\ADMIN WEB\env_boutique\Lib\site-packages\django\db\backends\utils.py", line 92, in _execute_with_wrappers
    return executor(sql, params, many, context)
  File "C:\Users\donan\Desktop\POS-PROJECT\ADMIN WEB\env_boutique\Lib\site-packages\django\db\backends\utils.py", line 100, in _execute
    with self.db.wrap_database_errors:
         ^^^^^^^^^^^^^^^^^^^^^^^^^^^^
  File "C:\Users\donan\Desktop\POS-PROJECT\ADMIN WEB\env_boutique\Lib\site-packages\django\db\utils.py", line 91, in __exit__
    raise dj_exc_value.with_traceback(traceback) from exc_value
  File "C:\Users\donan\Desktop\POS-PROJECT\ADMIN WEB\env_boutique\Lib\site-packages\django\db\backends\utils.py", line 105, in _execute
    return self.cursor.execute(sql, params)
           ~~~~~~~~~~~~~~~~~~~^^^^^^^^^^^^^
django.db.utils.ProgrammingError: column "notes" of relation "api_boutique_core_inventorycount" does not exist
LINE 1: ...ted", "total_discrepancies", "discrepancy_value", "notes") V...
                                                             ^

ERROR 2026-02-16 21:24:01,098 basehttp "POST /api/inventory-counts/ HTTP/1.1" 500 238686
ERROR 2026-02-16 21:37:20,804 log Internal Server Error: /api/inventory-counts/
Traceback (most recent call last):
  File "C:\Users\donan\Desktop\POS-PROJECT\ADMIN WEB\env_boutique\Lib\site-packages\django\db\backends\utils.py", line 105, in _execute
    return self.cursor.execute(sql, params)
           ~~~~~~~~~~~~~~~~~~~^^^^^^^^^^^^^
psycopg2.errors.UndefinedColumn: column "notes" of relation "api_boutique_core_inventorycount" does not exist
LINE 1: ...ted", "total_discrepancies", "discrepancy_value", "notes") V...
                                                             ^


The above exception was the direct cause of the following exception:

Traceback (most recent call last):
  File "C:\Users\donan\Desktop\POS-PROJECT\ADMIN WEB\env_boutique\Lib\site-packages\django\core\handlers\exception.py", line 55, in inner
    response = get_response(request)
  File "C:\Users\donan\Desktop\POS-PROJECT\ADMIN WEB\env_boutique\Lib\site-packages\django\core\handlers\base.py", line 197, in _get_response
    response = wrapped_callback(request, *callback_args, **callback_kwargs)
  File "C:\Users\donan\Desktop\POS-PROJECT\ADMIN WEB\env_boutique\Lib\site-packages\django\views\decorators\csrf.py", line 65, in _view_wrapper
    return view_func(request, *args, **kwargs)
  File "C:\Users\donan\Desktop\POS-PROJECT\ADMIN WEB\env_boutique\Lib\site-packages\rest_framework\viewsets.py", line 125, in view
    return self.dispatch(request, *args, **kwargs)
           ~~~~~~~~~~~~~^^^^^^^^^^^^^^^^^^^^^^^^^^
  File "C:\Users\donan\Desktop\POS-PROJECT\ADMIN WEB\env_boutique\Lib\site-packages\rest_framework\views.py", line 515, in dispatch
    response = self.handle_exception(exc)
  File "C:\Users\donan\Desktop\POS-PROJECT\ADMIN WEB\env_boutique\Lib\site-packages\rest_framework\views.py", line 475, in handle_exception
    self.raise_uncaught_exception(exc)
    ~~~~~~~~~~~~~~~~~~~~~~~~~~~~~^^^^^
  File "C:\Users\donan\Desktop\POS-PROJECT\ADMIN WEB\env_boutique\Lib\site-packages\rest_framework\views.py", line 486, in raise_uncaught_exception
    raise exc
  File "C:\Users\donan\Desktop\POS-PROJECT\ADMIN WEB\env_boutique\Lib\site-packages\rest_framework\views.py", line 512, in dispatch
    response = handler(request, *args, **kwargs)
  File "C:\Users\donan\Desktop\POS-PROJECT\ADMIN WEB\env_boutique\Lib\site-packages\rest_framework\mixins.py", line 19, in create
    self.perform_create(serializer)
    ~~~~~~~~~~~~~~~~~~~^^^^^^^^^^^^
  File "C:\Users\donan\Desktop\POS-PROJECT\ADMIN WEB\api_boutique_core\views.py", line 349, in perform_create
    serializer.save(
    ~~~~~~~~~~~~~~~^
        created_by=self.request.user if self.request.user.is_authenticated else None,
        ^^^^^^^^^^^^^^^^^^^^^^^^^^^^^^^^^^^^^^^^^^^^^^^^^^^^^^^^^^^^^^^^^^^^^^^^^^^^^
        updated_by=self.request.user if self.request.user.is_authenticated else None
        ^^^^^^^^^^^^^^^^^^^^^^^^^^^^^^^^^^^^^^^^^^^^^^^^^^^^^^^^^^^^^^^^^^^^^^^^^^^^
    )
    ^
  File "C:\Users\donan\Desktop\POS-PROJECT\ADMIN WEB\env_boutique\Lib\site-packages\rest_framework\serializers.py", line 210, in save
    self.instance = self.create(validated_data)
                    ~~~~~~~~~~~^^^^^^^^^^^^^^^^
  File "C:\Users\donan\Desktop\POS-PROJECT\ADMIN WEB\env_boutique\Lib\site-packages\rest_framework\serializers.py", line 991, in create
    instance = ModelClass._default_manager.create(**validated_data)
  File "C:\Users\donan\Desktop\POS-PROJECT\ADMIN WEB\env_boutique\Lib\site-packages\django\db\models\manager.py", line 87, in manager_method
    return getattr(self.get_queryset(), name)(*args, **kwargs)
           ~~~~~~~~~~~~~~~~~~~~~~~~~~~~~~~~~~^^^^^^^^^^^^^^^^^
  File "C:\Users\donan\Desktop\POS-PROJECT\ADMIN WEB\env_boutique\Lib\site-packages\django\db\models\query.py", line 663, in create
    obj.save(force_insert=True, using=self.db)
    ~~~~~~~~^^^^^^^^^^^^^^^^^^^^^^^^^^^^^^^^^^
  File "C:\Users\donan\Desktop\POS-PROJECT\ADMIN WEB\env_boutique\Lib\site-packages\django\db\models\base.py", line 902, in save
    self.save_base(
    ~~~~~~~~~~~~~~^
        using=using,
        ^^^^^^^^^^^^
    ...<2 lines>...
        update_fields=update_fields,
        ^^^^^^^^^^^^^^^^^^^^^^^^^^^^
    )
    ^
  File "C:\Users\donan\Desktop\POS-PROJECT\ADMIN WEB\env_boutique\Lib\site-packages\django\db\models\base.py", line 1008, in save_base
    updated = self._save_table(
        raw,
    ...<4 lines>...
        update_fields,
    )
  File "C:\Users\donan\Desktop\POS-PROJECT\ADMIN WEB\env_boutique\Lib\site-packages\django\db\models\base.py", line 1169, in _save_table
    results = self._do_insert(
        cls._base_manager, using, fields, returning_fields, raw
    )
  File "C:\Users\donan\Desktop\POS-PROJECT\ADMIN WEB\env_boutique\Lib\site-packages\django\db\models\base.py", line 1210, in _do_insert
    return manager._insert(
           ~~~~~~~~~~~~~~~^
        [self],
        ^^^^^^^
    ...<3 lines>...
        raw=raw,
        ^^^^^^^^
    )
    ^
  File "C:\Users\donan\Desktop\POS-PROJECT\ADMIN WEB\env_boutique\Lib\site-packages\django\db\models\manager.py", line 87, in manager_method
    return getattr(self.get_queryset(), name)(*args, **kwargs)
           ~~~~~~~~~~~~~~~~~~~~~~~~~~~~~~~~~~^^^^^^^^^^^^^^^^^
  File "C:\Users\donan\Desktop\POS-PROJECT\ADMIN WEB\env_boutique\Lib\site-packages\django\db\models\query.py", line 1868, in _insert
    return query.get_compiler(using=using).execute_sql(returning_fields)
           ~~~~~~~~~~~~~~~~~~~~~~~~~~~~~~~~~~~~~~~~~~~^^^^^^^^^^^^^^^^^^
  File "C:\Users\donan\Desktop\POS-PROJECT\ADMIN WEB\env_boutique\Lib\site-packages\django\db\models\sql\compiler.py", line 1882, in execute_sql
    cursor.execute(sql, params)
    ~~~~~~~~~~~~~~^^^^^^^^^^^^^
  File "C:\Users\donan\Desktop\POS-PROJECT\ADMIN WEB\env_boutique\Lib\site-packages\django\db\backends\utils.py", line 122, in execute
    return super().execute(sql, params)
           ~~~~~~~~~~~~~~~^^^^^^^^^^^^^
  File "C:\Users\donan\Desktop\POS-PROJECT\ADMIN WEB\env_boutique\Lib\site-packages\django\db\backends\utils.py", line 79, in execute
    return self._execute_with_wrappers(
           ~~~~~~~~~~~~~~~~~~~~~~~~~~~^
        sql, params, many=False, executor=self._execute
        ^^^^^^^^^^^^^^^^^^^^^^^^^^^^^^^^^^^^^^^^^^^^^^^
    )
    ^
  File "C:\Users\donan\Desktop\POS-PROJECT\ADMIN WEB\env_boutique\Lib\site-packages\django\db\backends\utils.py", line 92, in _execute_with_wrappers
    return executor(sql, params, many, context)
  File "C:\Users\donan\Desktop\POS-PROJECT\ADMIN WEB\env_boutique\Lib\site-packages\django\db\backends\utils.py", line 100, in _execute
    with self.db.wrap_database_errors:
         ^^^^^^^^^^^^^^^^^^^^^^^^^^^^
  File "C:\Users\donan\Desktop\POS-PROJECT\ADMIN WEB\env_boutique\Lib\site-packages\django\db\utils.py", line 91, in __exit__
    raise dj_exc_value.with_traceback(traceback) from exc_value
  File "C:\Users\donan\Desktop\POS-PROJECT\ADMIN WEB\env_boutique\Lib\site-packages\django\db\backends\utils.py", line 105, in _execute
    return self.cursor.execute(sql, params)
           ~~~~~~~~~~~~~~~~~~~^^^^^^^^^^^^^
django.db.utils.ProgrammingError: column "notes" of relation "api_boutique_core_inventorycount" does not exist
LINE 1: ...ted", "total_discrepancies", "discrepancy_value", "notes") V...
                                                             ^

ERROR 2026-02-16 21:37:20,815 basehttp "POST /api/inventory-counts/ HTTP/1.1" 500 238640
ERROR 2026-02-16 21:42:58,913 log Internal Server Error: /api/inventory-counts/
Traceback (most recent call last):
  File "C:\Users\donan\Desktop\POS-PROJECT\ADMIN WEB\env_boutique\Lib\site-packages\django\db\backends\utils.py", line 105, in _execute
    return self.cursor.execute(sql, params)
           ~~~~~~~~~~~~~~~~~~~^^^^^^^^^^^^^
psycopg2.errors.UndefinedColumn: column "notes" of relation "api_boutique_core_inventorycount" does not exist
LINE 1: ...ted", "total_discrepancies", "discrepancy_value", "notes") V...
                                                             ^


The above exception was the direct cause of the following exception:

Traceback (most recent call last):
  File "C:\Users\donan\Desktop\POS-PROJECT\ADMIN WEB\env_boutique\Lib\site-packages\django\core\handlers\exception.py", line 55, in inner
    response = get_response(request)
  File "C:\Users\donan\Desktop\POS-PROJECT\ADMIN WEB\env_boutique\Lib\site-packages\django\core\handlers\base.py", line 197, in _get_response
    response = wrapped_callback(request, *callback_args, **callback_kwargs)
  File "C:\Users\donan\Desktop\POS-PROJECT\ADMIN WEB\env_boutique\Lib\site-packages\django\views\decorators\csrf.py", line 65, in _view_wrapper
    return view_func(request, *args, **kwargs)
  File "C:\Users\donan\Desktop\POS-PROJECT\ADMIN WEB\env_boutique\Lib\site-packages\rest_framework\viewsets.py", line 125, in view
    return self.dispatch(request, *args, **kwargs)
           ~~~~~~~~~~~~~^^^^^^^^^^^^^^^^^^^^^^^^^^
  File "C:\Users\donan\Desktop\POS-PROJECT\ADMIN WEB\env_boutique\Lib\site-packages\rest_framework\views.py", line 515, in dispatch
    response = self.handle_exception(exc)
  File "C:\Users\donan\Desktop\POS-PROJECT\ADMIN WEB\env_boutique\Lib\site-packages\rest_framework\views.py", line 475, in handle_exception
    self.raise_uncaught_exception(exc)
    ~~~~~~~~~~~~~~~~~~~~~~~~~~~~~^^^^^
  File "C:\Users\donan\Desktop\POS-PROJECT\ADMIN WEB\env_boutique\Lib\site-packages\rest_framework\views.py", line 486, in raise_uncaught_exception
    raise exc
  File "C:\Users\donan\Desktop\POS-PROJECT\ADMIN WEB\env_boutique\Lib\site-packages\rest_framework\views.py", line 512, in dispatch
    response = handler(request, *args, **kwargs)
  File "C:\Users\donan\Desktop\POS-PROJECT\ADMIN WEB\env_boutique\Lib\site-packages\rest_framework\mixins.py", line 19, in create
    self.perform_create(serializer)
    ~~~~~~~~~~~~~~~~~~~^^^^^^^^^^^^
  File "C:\Users\donan\Desktop\POS-PROJECT\ADMIN WEB\api_boutique_core\views.py", line 349, in perform_create
    serializer.save(
    ~~~~~~~~~~~~~~~^
        created_by=self.request.user if self.request.user.is_authenticated else None,
        ^^^^^^^^^^^^^^^^^^^^^^^^^^^^^^^^^^^^^^^^^^^^^^^^^^^^^^^^^^^^^^^^^^^^^^^^^^^^^
        updated_by=self.request.user if self.request.user.is_authenticated else None
        ^^^^^^^^^^^^^^^^^^^^^^^^^^^^^^^^^^^^^^^^^^^^^^^^^^^^^^^^^^^^^^^^^^^^^^^^^^^^
    )
    ^
  File "C:\Users\donan\Desktop\POS-PROJECT\ADMIN WEB\env_boutique\Lib\site-packages\rest_framework\serializers.py", line 210, in save
    self.instance = self.create(validated_data)
                    ~~~~~~~~~~~^^^^^^^^^^^^^^^^
  File "C:\Users\donan\Desktop\POS-PROJECT\ADMIN WEB\env_boutique\Lib\site-packages\rest_framework\serializers.py", line 991, in create
    instance = ModelClass._default_manager.create(**validated_data)
  File "C:\Users\donan\Desktop\POS-PROJECT\ADMIN WEB\env_boutique\Lib\site-packages\django\db\models\manager.py", line 87, in manager_method
    return getattr(self.get_queryset(), name)(*args, **kwargs)
           ~~~~~~~~~~~~~~~~~~~~~~~~~~~~~~~~~~^^^^^^^^^^^^^^^^^
  File "C:\Users\donan\Desktop\POS-PROJECT\ADMIN WEB\env_boutique\Lib\site-packages\django\db\models\query.py", line 663, in create
    obj.save(force_insert=True, using=self.db)
    ~~~~~~~~^^^^^^^^^^^^^^^^^^^^^^^^^^^^^^^^^^
  File "C:\Users\donan\Desktop\POS-PROJECT\ADMIN WEB\env_boutique\Lib\site-packages\django\db\models\base.py", line 902, in save
    self.save_base(
    ~~~~~~~~~~~~~~^
        using=using,
        ^^^^^^^^^^^^
    ...<2 lines>...
        update_fields=update_fields,
        ^^^^^^^^^^^^^^^^^^^^^^^^^^^^
    )
    ^
  File "C:\Users\donan\Desktop\POS-PROJECT\ADMIN WEB\env_boutique\Lib\site-packages\django\db\models\base.py", line 1008, in save_base
    updated = self._save_table(
        raw,
    ...<4 lines>...
        update_fields,
    )
  File "C:\Users\donan\Desktop\POS-PROJECT\ADMIN WEB\env_boutique\Lib\site-packages\django\db\models\base.py", line 1169, in _save_table
    results = self._do_insert(
        cls._base_manager, using, fields, returning_fields, raw
    )
  File "C:\Users\donan\Desktop\POS-PROJECT\ADMIN WEB\env_boutique\Lib\site-packages\django\db\models\base.py", line 1210, in _do_insert
    return manager._insert(
           ~~~~~~~~~~~~~~~^
        [self],
        ^^^^^^^
    ...<3 lines>...
        raw=raw,
        ^^^^^^^^
    )
    ^
  File "C:\Users\donan\Desktop\POS-PROJECT\ADMIN WEB\env_boutique\Lib\site-packages\django\db\models\manager.py", line 87, in manager_method
    return getattr(self.get_queryset(), name)(*args, **kwargs)
           ~~~~~~~~~~~~~~~~~~~~~~~~~~~~~~~~~~^^^^^^^^^^^^^^^^^
  File "C:\Users\donan\Desktop\POS-PROJECT\ADMIN WEB\env_boutique\Lib\site-packages\django\db\models\query.py", line 1868, in _insert
    return query.get_compiler(using=using).execute_sql(returning_fields)
           ~~~~~~~~~~~~~~~~~~~~~~~~~~~~~~~~~~~~~~~~~~~^^^^^^^^^^^^^^^^^^
  File "C:\Users\donan\Desktop\POS-PROJECT\ADMIN WEB\env_boutique\Lib\site-packages\django\db\models\sql\compiler.py", line 1882, in execute_sql
    cursor.execute(sql, params)
    ~~~~~~~~~~~~~~^^^^^^^^^^^^^
  File "C:\Users\donan\Desktop\POS-PROJECT\ADMIN WEB\env_boutique\Lib\site-packages\django\db\backends\utils.py", line 122, in execute
    return super().execute(sql, params)
           ~~~~~~~~~~~~~~~^^^^^^^^^^^^^
  File "C:\Users\donan\Desktop\POS-PROJECT\ADMIN WEB\env_boutique\Lib\site-packages\django\db\backends\utils.py", line 79, in execute
    return self._execute_with_wrappers(
           ~~~~~~~~~~~~~~~~~~~~~~~~~~~^
        sql, params, many=False, executor=self._execute
        ^^^^^^^^^^^^^^^^^^^^^^^^^^^^^^^^^^^^^^^^^^^^^^^
    )
    ^
  File "C:\Users\donan\Desktop\POS-PROJECT\ADMIN WEB\env_boutique\Lib\site-packages\django\db\backends\utils.py", line 92, in _execute_with_wrappers
    return executor(sql, params, many, context)
  File "C:\Users\donan\Desktop\POS-PROJECT\ADMIN WEB\env_boutique\Lib\site-packages\django\db\backends\utils.py", line 100, in _execute
    with self.db.wrap_database_errors:
         ^^^^^^^^^^^^^^^^^^^^^^^^^^^^
  File "C:\Users\donan\Desktop\POS-PROJECT\ADMIN WEB\env_boutique\Lib\site-packages\django\db\utils.py", line 91, in __exit__
    raise dj_exc_value.with_traceback(traceback) from exc_value
  File "C:\Users\donan\Desktop\POS-PROJECT\ADMIN WEB\env_boutique\Lib\site-packages\django\db\backends\utils.py", line 105, in _execute
    return self.cursor.execute(sql, params)
           ~~~~~~~~~~~~~~~~~~~^^^^^^^^^^^^^
django.db.utils.ProgrammingError: column "notes" of relation "api_boutique_core_inventorycount" does not exist
LINE 1: ...ted", "total_discrepancies", "discrepancy_value", "notes") V...
                                                             ^

ERROR 2026-02-16 21:42:58,924 basehttp "POST /api/inventory-counts/ HTTP/1.1" 500 238625
ERROR 2026-02-16 21:45:43,025 log Internal Server Error: /api/inventory-counts/
Traceback (most recent call last):
  File "C:\Users\donan\Desktop\POS-PROJECT\ADMIN WEB\env_boutique\Lib\site-packages\django\db\backends\utils.py", line 105, in _execute
    return self.cursor.execute(sql, params)
           ~~~~~~~~~~~~~~~~~~~^^^^^^^^^^^^^
psycopg2.errors.UndefinedColumn: column "notes" of relation "api_boutique_core_inventorycount" does not exist
LINE 1: ...ted", "total_discrepancies", "discrepancy_value", "notes") V...
                                                             ^


The above exception was the direct cause of the following exception:

Traceback (most recent call last):
  File "C:\Users\donan\Desktop\POS-PROJECT\ADMIN WEB\env_boutique\Lib\site-packages\django\core\handlers\exception.py", line 55, in inner
    response = get_response(request)
  File "C:\Users\donan\Desktop\POS-PROJECT\ADMIN WEB\env_boutique\Lib\site-packages\django\core\handlers\base.py", line 197, in _get_response
    response = wrapped_callback(request, *callback_args, **callback_kwargs)
  File "C:\Users\donan\Desktop\POS-PROJECT\ADMIN WEB\env_boutique\Lib\site-packages\django\views\decorators\csrf.py", line 65, in _view_wrapper
    return view_func(request, *args, **kwargs)
  File "C:\Users\donan\Desktop\POS-PROJECT\ADMIN WEB\env_boutique\Lib\site-packages\rest_framework\viewsets.py", line 125, in view
    return self.dispatch(request, *args, **kwargs)
           ~~~~~~~~~~~~~^^^^^^^^^^^^^^^^^^^^^^^^^^
  File "C:\Users\donan\Desktop\POS-PROJECT\ADMIN WEB\env_boutique\Lib\site-packages\rest_framework\views.py", line 515, in dispatch
    response = self.handle_exception(exc)
  File "C:\Users\donan\Desktop\POS-PROJECT\ADMIN WEB\env_boutique\Lib\site-packages\rest_framework\views.py", line 475, in handle_exception
    self.raise_uncaught_exception(exc)
    ~~~~~~~~~~~~~~~~~~~~~~~~~~~~~^^^^^
  File "C:\Users\donan\Desktop\POS-PROJECT\ADMIN WEB\env_boutique\Lib\site-packages\rest_framework\views.py", line 486, in raise_uncaught_exception
    raise exc
  File "C:\Users\donan\Desktop\POS-PROJECT\ADMIN WEB\env_boutique\Lib\site-packages\rest_framework\views.py", line 512, in dispatch
    response = handler(request, *args, **kwargs)
  File "C:\Users\donan\Desktop\POS-PROJECT\ADMIN WEB\env_boutique\Lib\site-packages\rest_framework\mixins.py", line 19, in create
    self.perform_create(serializer)
    ~~~~~~~~~~~~~~~~~~~^^^^^^^^^^^^
  File "C:\Users\donan\Desktop\POS-PROJECT\ADMIN WEB\api_boutique_core\views.py", line 349, in perform_create
    serializer.save(
    ~~~~~~~~~~~~~~~^
        created_by=self.request.user if self.request.user.is_authenticated else None,
        ^^^^^^^^^^^^^^^^^^^^^^^^^^^^^^^^^^^^^^^^^^^^^^^^^^^^^^^^^^^^^^^^^^^^^^^^^^^^^
        updated_by=self.request.user if self.request.user.is_authenticated else None
        ^^^^^^^^^^^^^^^^^^^^^^^^^^^^^^^^^^^^^^^^^^^^^^^^^^^^^^^^^^^^^^^^^^^^^^^^^^^^
    )
    ^
  File "C:\Users\donan\Desktop\POS-PROJECT\ADMIN WEB\env_boutique\Lib\site-packages\rest_framework\serializers.py", line 210, in save
    self.instance = self.create(validated_data)
                    ~~~~~~~~~~~^^^^^^^^^^^^^^^^
  File "C:\Users\donan\Desktop\POS-PROJECT\ADMIN WEB\env_boutique\Lib\site-packages\rest_framework\serializers.py", line 991, in create
    instance = ModelClass._default_manager.create(**validated_data)
  File "C:\Users\donan\Desktop\POS-PROJECT\ADMIN WEB\env_boutique\Lib\site-packages\django\db\models\manager.py", line 87, in manager_method
    return getattr(self.get_queryset(), name)(*args, **kwargs)
           ~~~~~~~~~~~~~~~~~~~~~~~~~~~~~~~~~~^^^^^^^^^^^^^^^^^
  File "C:\Users\donan\Desktop\POS-PROJECT\ADMIN WEB\env_boutique\Lib\site-packages\django\db\models\query.py", line 663, in create
    obj.save(force_insert=True, using=self.db)
    ~~~~~~~~^^^^^^^^^^^^^^^^^^^^^^^^^^^^^^^^^^
  File "C:\Users\donan\Desktop\POS-PROJECT\ADMIN WEB\env_boutique\Lib\site-packages\django\db\models\base.py", line 902, in save
    self.save_base(
    ~~~~~~~~~~~~~~^
        using=using,
        ^^^^^^^^^^^^
    ...<2 lines>...
        update_fields=update_fields,
        ^^^^^^^^^^^^^^^^^^^^^^^^^^^^
    )
    ^
  File "C:\Users\donan\Desktop\POS-PROJECT\ADMIN WEB\env_boutique\Lib\site-packages\django\db\models\base.py", line 1008, in save_base
    updated = self._save_table(
        raw,
    ...<4 lines>...
        update_fields,
    )
  File "C:\Users\donan\Desktop\POS-PROJECT\ADMIN WEB\env_boutique\Lib\site-packages\django\db\models\base.py", line 1169, in _save_table
    results = self._do_insert(
        cls._base_manager, using, fields, returning_fields, raw
    )
  File "C:\Users\donan\Desktop\POS-PROJECT\ADMIN WEB\env_boutique\Lib\site-packages\django\db\models\base.py", line 1210, in _do_insert
    return manager._insert(
           ~~~~~~~~~~~~~~~^
        [self],
        ^^^^^^^
    ...<3 lines>...
        raw=raw,
        ^^^^^^^^
    )
    ^
  File "C:\Users\donan\Desktop\POS-PROJECT\ADMIN WEB\env_boutique\Lib\site-packages\django\db\models\manager.py", line 87, in manager_method
    return getattr(self.get_queryset(), name)(*args, **kwargs)
           ~~~~~~~~~~~~~~~~~~~~~~~~~~~~~~~~~~^^^^^^^^^^^^^^^^^
  File "C:\Users\donan\Desktop\POS-PROJECT\ADMIN WEB\env_boutique\Lib\site-packages\django\db\models\query.py", line 1868, in _insert
    return query.get_compiler(using=using).execute_sql(returning_fields)
           ~~~~~~~~~~~~~~~~~~~~~~~~~~~~~~~~~~~~~~~~~~~^^^^^^^^^^^^^^^^^^
  File "C:\Users\donan\Desktop\POS-PROJECT\ADMIN WEB\env_boutique\Lib\site-packages\django\db\models\sql\compiler.py", line 1882, in execute_sql
    cursor.execute(sql, params)
    ~~~~~~~~~~~~~~^^^^^^^^^^^^^
  File "C:\Users\donan\Desktop\POS-PROJECT\ADMIN WEB\env_boutique\Lib\site-packages\django\db\backends\utils.py", line 122, in execute
    return super().execute(sql, params)
           ~~~~~~~~~~~~~~~^^^^^^^^^^^^^
  File "C:\Users\donan\Desktop\POS-PROJECT\ADMIN WEB\env_boutique\Lib\site-packages\django\db\backends\utils.py", line 79, in execute
    return self._execute_with_wrappers(
           ~~~~~~~~~~~~~~~~~~~~~~~~~~~^
        sql, params, many=False, executor=self._execute
        ^^^^^^^^^^^^^^^^^^^^^^^^^^^^^^^^^^^^^^^^^^^^^^^
    )
    ^
  File "C:\Users\donan\Desktop\POS-PROJECT\ADMIN WEB\env_boutique\Lib\site-packages\django\db\backends\utils.py", line 92, in _execute_with_wrappers
    return executor(sql, params, many, context)
  File "C:\Users\donan\Desktop\POS-PROJECT\ADMIN WEB\env_boutique\Lib\site-packages\django\db\backends\utils.py", line 100, in _execute
    with self.db.wrap_database_errors:
         ^^^^^^^^^^^^^^^^^^^^^^^^^^^^
  File "C:\Users\donan\Desktop\POS-PROJECT\ADMIN WEB\env_boutique\Lib\site-packages\django\db\utils.py", line 91, in __exit__
    raise dj_exc_value.with_traceback(traceback) from exc_value
  File "C:\Users\donan\Desktop\POS-PROJECT\ADMIN WEB\env_boutique\Lib\site-packages\django\db\backends\utils.py", line 105, in _execute
    return self.cursor.execute(sql, params)
           ~~~~~~~~~~~~~~~~~~~^^^^^^^^^^^^^
django.db.utils.ProgrammingError: column "notes" of relation "api_boutique_core_inventorycount" does not exist
LINE 1: ...ted", "total_discrepancies", "discrepancy_value", "notes") V...
                                                             ^

ERROR 2026-02-16 21:45:43,034 basehttp "POST /api/inventory-counts/ HTTP/1.1" 500 238356
ERROR 2026-02-16 21:51:18,739 log Internal Server Error: /api/inventory-counts/
Traceback (most recent call last):
  File "C:\Users\donan\Desktop\POS-PROJECT\ADMIN WEB\env_boutique\Lib\site-packages\django\db\backends\utils.py", line 105, in _execute
    return self.cursor.execute(sql, params)
           ~~~~~~~~~~~~~~~~~~~^^^^^^^^^^^^^
psycopg2.errors.UndefinedColumn: column "notes" of relation "api_boutique_core_inventorycount" does not exist
LINE 1: ...ted", "total_discrepancies", "discrepancy_value", "notes") V...
                                                             ^


The above exception was the direct cause of the following exception:

Traceback (most recent call last):
  File "C:\Users\donan\Desktop\POS-PROJECT\ADMIN WEB\env_boutique\Lib\site-packages\django\core\handlers\exception.py", line 55, in inner
    response = get_response(request)
  File "C:\Users\donan\Desktop\POS-PROJECT\ADMIN WEB\env_boutique\Lib\site-packages\django\core\handlers\base.py", line 197, in _get_response
    response = wrapped_callback(request, *callback_args, **callback_kwargs)
  File "C:\Users\donan\Desktop\POS-PROJECT\ADMIN WEB\env_boutique\Lib\site-packages\django\views\decorators\csrf.py", line 65, in _view_wrapper
    return view_func(request, *args, **kwargs)
  File "C:\Users\donan\Desktop\POS-PROJECT\ADMIN WEB\env_boutique\Lib\site-packages\rest_framework\viewsets.py", line 125, in view
    return self.dispatch(request, *args, **kwargs)
           ~~~~~~~~~~~~~^^^^^^^^^^^^^^^^^^^^^^^^^^
  File "C:\Users\donan\Desktop\POS-PROJECT\ADMIN WEB\env_boutique\Lib\site-packages\rest_framework\views.py", line 515, in dispatch
    response = self.handle_exception(exc)
  File "C:\Users\donan\Desktop\POS-PROJECT\ADMIN WEB\env_boutique\Lib\site-packages\rest_framework\views.py", line 475, in handle_exception
    self.raise_uncaught_exception(exc)
    ~~~~~~~~~~~~~~~~~~~~~~~~~~~~~^^^^^
  File "C:\Users\donan\Desktop\POS-PROJECT\ADMIN WEB\env_boutique\Lib\site-packages\rest_framework\views.py", line 486, in raise_uncaught_exception
    raise exc
  File "C:\Users\donan\Desktop\POS-PROJECT\ADMIN WEB\env_boutique\Lib\site-packages\rest_framework\views.py", line 512, in dispatch
    response = handler(request, *args, **kwargs)
  File "C:\Users\donan\Desktop\POS-PROJECT\ADMIN WEB\env_boutique\Lib\site-packages\rest_framework\mixins.py", line 19, in create
    self.perform_create(serializer)
    ~~~~~~~~~~~~~~~~~~~^^^^^^^^^^^^
  File "C:\Users\donan\Desktop\POS-PROJECT\ADMIN WEB\api_boutique_core\views.py", line 349, in perform_create
    serializer.save(
    ~~~~~~~~~~~~~~~^
        created_by=self.request.user if self.request.user.is_authenticated else None,
        ^^^^^^^^^^^^^^^^^^^^^^^^^^^^^^^^^^^^^^^^^^^^^^^^^^^^^^^^^^^^^^^^^^^^^^^^^^^^^
        updated_by=self.request.user if self.request.user.is_authenticated else None
        ^^^^^^^^^^^^^^^^^^^^^^^^^^^^^^^^^^^^^^^^^^^^^^^^^^^^^^^^^^^^^^^^^^^^^^^^^^^^
    )
    ^
  File "C:\Users\donan\Desktop\POS-PROJECT\ADMIN WEB\env_boutique\Lib\site-packages\rest_framework\serializers.py", line 210, in save
    self.instance = self.create(validated_data)
                    ~~~~~~~~~~~^^^^^^^^^^^^^^^^
  File "C:\Users\donan\Desktop\POS-PROJECT\ADMIN WEB\env_boutique\Lib\site-packages\rest_framework\serializers.py", line 991, in create
    instance = ModelClass._default_manager.create(**validated_data)
  File "C:\Users\donan\Desktop\POS-PROJECT\ADMIN WEB\env_boutique\Lib\site-packages\django\db\models\manager.py", line 87, in manager_method
    return getattr(self.get_queryset(), name)(*args, **kwargs)
           ~~~~~~~~~~~~~~~~~~~~~~~~~~~~~~~~~~^^^^^^^^^^^^^^^^^
  File "C:\Users\donan\Desktop\POS-PROJECT\ADMIN WEB\env_boutique\Lib\site-packages\django\db\models\query.py", line 663, in create
    obj.save(force_insert=True, using=self.db)
    ~~~~~~~~^^^^^^^^^^^^^^^^^^^^^^^^^^^^^^^^^^
  File "C:\Users\donan\Desktop\POS-PROJECT\ADMIN WEB\env_boutique\Lib\site-packages\django\db\models\base.py", line 902, in save
    self.save_base(
    ~~~~~~~~~~~~~~^
        using=using,
        ^^^^^^^^^^^^
    ...<2 lines>...
        update_fields=update_fields,
        ^^^^^^^^^^^^^^^^^^^^^^^^^^^^
    )
    ^
  File "C:\Users\donan\Desktop\POS-PROJECT\ADMIN WEB\env_boutique\Lib\site-packages\django\db\models\base.py", line 1008, in save_base
    updated = self._save_table(
        raw,
    ...<4 lines>...
        update_fields,
    )
  File "C:\Users\donan\Desktop\POS-PROJECT\ADMIN WEB\env_boutique\Lib\site-packages\django\db\models\base.py", line 1169, in _save_table
    results = self._do_insert(
        cls._base_manager, using, fields, returning_fields, raw
    )
  File "C:\Users\donan\Desktop\POS-PROJECT\ADMIN WEB\env_boutique\Lib\site-packages\django\db\models\base.py", line 1210, in _do_insert
    return manager._insert(
           ~~~~~~~~~~~~~~~^
        [self],
        ^^^^^^^
    ...<3 lines>...
        raw=raw,
        ^^^^^^^^
    )
    ^
  File "C:\Users\donan\Desktop\POS-PROJECT\ADMIN WEB\env_boutique\Lib\site-packages\django\db\models\manager.py", line 87, in manager_method
    return getattr(self.get_queryset(), name)(*args, **kwargs)
           ~~~~~~~~~~~~~~~~~~~~~~~~~~~~~~~~~~^^^^^^^^^^^^^^^^^
  File "C:\Users\donan\Desktop\POS-PROJECT\ADMIN WEB\env_boutique\Lib\site-packages\django\db\models\query.py", line 1868, in _insert
    return query.get_compiler(using=using).execute_sql(returning_fields)
           ~~~~~~~~~~~~~~~~~~~~~~~~~~~~~~~~~~~~~~~~~~~^^^^^^^^^^^^^^^^^^
  File "C:\Users\donan\Desktop\POS-PROJECT\ADMIN WEB\env_boutique\Lib\site-packages\django\db\models\sql\compiler.py", line 1882, in execute_sql
    cursor.execute(sql, params)
    ~~~~~~~~~~~~~~^^^^^^^^^^^^^
  File "C:\Users\donan\Desktop\POS-PROJECT\ADMIN WEB\env_boutique\Lib\site-packages\django\db\backends\utils.py", line 122, in execute
    return super().execute(sql, params)
           ~~~~~~~~~~~~~~~^^^^^^^^^^^^^
  File "C:\Users\donan\Desktop\POS-PROJECT\ADMIN WEB\env_boutique\Lib\site-packages\django\db\backends\utils.py", line 79, in execute
    return self._execute_with_wrappers(
           ~~~~~~~~~~~~~~~~~~~~~~~~~~~^
        sql, params, many=False, executor=self._execute
        ^^^^^^^^^^^^^^^^^^^^^^^^^^^^^^^^^^^^^^^^^^^^^^^
    )
    ^
  File "C:\Users\donan\Desktop\POS-PROJECT\ADMIN WEB\env_boutique\Lib\site-packages\django\db\backends\utils.py", line 92, in _execute_with_wrappers
    return executor(sql, params, many, context)
  File "C:\Users\donan\Desktop\POS-PROJECT\ADMIN WEB\env_boutique\Lib\site-packages\django\db\backends\utils.py", line 100, in _execute
    with self.db.wrap_database_errors:
         ^^^^^^^^^^^^^^^^^^^^^^^^^^^^
  File "C:\Users\donan\Desktop\POS-PROJECT\ADMIN WEB\env_boutique\Lib\site-packages\django\db\utils.py", line 91, in __exit__
    raise dj_exc_value.with_traceback(traceback) from exc_value
  File "C:\Users\donan\Desktop\POS-PROJECT\ADMIN WEB\env_boutique\Lib\site-packages\django\db\backends\utils.py", line 105, in _execute
    return self.cursor.execute(sql, params)
           ~~~~~~~~~~~~~~~~~~~^^^^^^^^^^^^^
django.db.utils.ProgrammingError: column "notes" of relation "api_boutique_core_inventorycount" does not exist
LINE 1: ...ted", "total_discrepancies", "discrepancy_value", "notes") V...
                                                             ^

ERROR 2026-02-16 21:51:18,751 basehttp "POST /api/inventory-counts/ HTTP/1.1" 500 238356
ERROR 2026-02-16 21:52:56,952 log Internal Server Error: /api/inventory-counts/
Traceback (most recent call last):
  File "C:\Users\donan\Desktop\POS-PROJECT\ADMIN WEB\env_boutique\Lib\site-packages\django\db\backends\utils.py", line 105, in _execute
    return self.cursor.execute(sql, params)
           ~~~~~~~~~~~~~~~~~~~^^^^^^^^^^^^^
psycopg2.errors.UndefinedColumn: column "notes" of relation "api_boutique_core_inventorycount" does not exist
LINE 1: ...ted", "total_discrepancies", "discrepancy_value", "notes") V...
                                                             ^


The above exception was the direct cause of the following exception:

Traceback (most recent call last):
  File "C:\Users\donan\Desktop\POS-PROJECT\ADMIN WEB\env_boutique\Lib\site-packages\django\core\handlers\exception.py", line 55, in inner
    response = get_response(request)
  File "C:\Users\donan\Desktop\POS-PROJECT\ADMIN WEB\env_boutique\Lib\site-packages\django\core\handlers\base.py", line 197, in _get_response
    response = wrapped_callback(request, *callback_args, **callback_kwargs)
  File "C:\Users\donan\Desktop\POS-PROJECT\ADMIN WEB\env_boutique\Lib\site-packages\django\views\decorators\csrf.py", line 65, in _view_wrapper
    return view_func(request, *args, **kwargs)
  File "C:\Users\donan\Desktop\POS-PROJECT\ADMIN WEB\env_boutique\Lib\site-packages\rest_framework\viewsets.py", line 125, in view
    return self.dispatch(request, *args, **kwargs)
           ~~~~~~~~~~~~~^^^^^^^^^^^^^^^^^^^^^^^^^^
  File "C:\Users\donan\Desktop\POS-PROJECT\ADMIN WEB\env_boutique\Lib\site-packages\rest_framework\views.py", line 515, in dispatch
    response = self.handle_exception(exc)
  File "C:\Users\donan\Desktop\POS-PROJECT\ADMIN WEB\env_boutique\Lib\site-packages\rest_framework\views.py", line 475, in handle_exception
    self.raise_uncaught_exception(exc)
    ~~~~~~~~~~~~~~~~~~~~~~~~~~~~~^^^^^
  File "C:\Users\donan\Desktop\POS-PROJECT\ADMIN WEB\env_boutique\Lib\site-packages\rest_framework\views.py", line 486, in raise_uncaught_exception
    raise exc
  File "C:\Users\donan\Desktop\POS-PROJECT\ADMIN WEB\env_boutique\Lib\site-packages\rest_framework\views.py", line 512, in dispatch
    response = handler(request, *args, **kwargs)
  File "C:\Users\donan\Desktop\POS-PROJECT\ADMIN WEB\env_boutique\Lib\site-packages\rest_framework\mixins.py", line 19, in create
    self.perform_create(serializer)
    ~~~~~~~~~~~~~~~~~~~^^^^^^^^^^^^
  File "C:\Users\donan\Desktop\POS-PROJECT\ADMIN WEB\api_boutique_core\views.py", line 349, in perform_create
    serializer.save(
    ~~~~~~~~~~~~~~~^
        created_by=self.request.user if self.request.user.is_authenticated else None,
        ^^^^^^^^^^^^^^^^^^^^^^^^^^^^^^^^^^^^^^^^^^^^^^^^^^^^^^^^^^^^^^^^^^^^^^^^^^^^^
        updated_by=self.request.user if self.request.user.is_authenticated else None
        ^^^^^^^^^^^^^^^^^^^^^^^^^^^^^^^^^^^^^^^^^^^^^^^^^^^^^^^^^^^^^^^^^^^^^^^^^^^^
    )
    ^
  File "C:\Users\donan\Desktop\POS-PROJECT\ADMIN WEB\env_boutique\Lib\site-packages\rest_framework\serializers.py", line 210, in save
    self.instance = self.create(validated_data)
                    ~~~~~~~~~~~^^^^^^^^^^^^^^^^
  File "C:\Users\donan\Desktop\POS-PROJECT\ADMIN WEB\env_boutique\Lib\site-packages\rest_framework\serializers.py", line 991, in create
    instance = ModelClass._default_manager.create(**validated_data)
  File "C:\Users\donan\Desktop\POS-PROJECT\ADMIN WEB\env_boutique\Lib\site-packages\django\db\models\manager.py", line 87, in manager_method
    return getattr(self.get_queryset(), name)(*args, **kwargs)
           ~~~~~~~~~~~~~~~~~~~~~~~~~~~~~~~~~~^^^^^^^^^^^^^^^^^
  File "C:\Users\donan\Desktop\POS-PROJECT\ADMIN WEB\env_boutique\Lib\site-packages\django\db\models\query.py", line 663, in create
    obj.save(force_insert=True, using=self.db)
    ~~~~~~~~^^^^^^^^^^^^^^^^^^^^^^^^^^^^^^^^^^
  File "C:\Users\donan\Desktop\POS-PROJECT\ADMIN WEB\env_boutique\Lib\site-packages\django\db\models\base.py", line 902, in save
    self.save_base(
    ~~~~~~~~~~~~~~^
        using=using,
        ^^^^^^^^^^^^
    ...<2 lines>...
        update_fields=update_fields,
        ^^^^^^^^^^^^^^^^^^^^^^^^^^^^
    )
    ^
  File "C:\Users\donan\Desktop\POS-PROJECT\ADMIN WEB\env_boutique\Lib\site-packages\django\db\models\base.py", line 1008, in save_base
    updated = self._save_table(
        raw,
    ...<4 lines>...
        update_fields,
    )
  File "C:\Users\donan\Desktop\POS-PROJECT\ADMIN WEB\env_boutique\Lib\site-packages\django\db\models\base.py", line 1169, in _save_table
    results = self._do_insert(
        cls._base_manager, using, fields, returning_fields, raw
    )
  File "C:\Users\donan\Desktop\POS-PROJECT\ADMIN WEB\env_boutique\Lib\site-packages\django\db\models\base.py", line 1210, in _do_insert
    return manager._insert(
           ~~~~~~~~~~~~~~~^
        [self],
        ^^^^^^^
    ...<3 lines>...
        raw=raw,
        ^^^^^^^^
    )
    ^
  File "C:\Users\donan\Desktop\POS-PROJECT\ADMIN WEB\env_boutique\Lib\site-packages\django\db\models\manager.py", line 87, in manager_method
    return getattr(self.get_queryset(), name)(*args, **kwargs)
           ~~~~~~~~~~~~~~~~~~~~~~~~~~~~~~~~~~^^^^^^^^^^^^^^^^^
  File "C:\Users\donan\Desktop\POS-PROJECT\ADMIN WEB\env_boutique\Lib\site-packages\django\db\models\query.py", line 1868, in _insert
    return query.get_compiler(using=using).execute_sql(returning_fields)
           ~~~~~~~~~~~~~~~~~~~~~~~~~~~~~~~~~~~~~~~~~~~^^^^^^^^^^^^^^^^^^
  File "C:\Users\donan\Desktop\POS-PROJECT\ADMIN WEB\env_boutique\Lib\site-packages\django\db\models\sql\compiler.py", line 1882, in execute_sql
    cursor.execute(sql, params)
    ~~~~~~~~~~~~~~^^^^^^^^^^^^^
  File "C:\Users\donan\Desktop\POS-PROJECT\ADMIN WEB\env_boutique\Lib\site-packages\django\db\backends\utils.py", line 122, in execute
    return super().execute(sql, params)
           ~~~~~~~~~~~~~~~^^^^^^^^^^^^^
  File "C:\Users\donan\Desktop\POS-PROJECT\ADMIN WEB\env_boutique\Lib\site-packages\django\db\backends\utils.py", line 79, in execute
    return self._execute_with_wrappers(
           ~~~~~~~~~~~~~~~~~~~~~~~~~~~^
        sql, params, many=False, executor=self._execute
        ^^^^^^^^^^^^^^^^^^^^^^^^^^^^^^^^^^^^^^^^^^^^^^^
    )
    ^
  File "C:\Users\donan\Desktop\POS-PROJECT\ADMIN WEB\env_boutique\Lib\site-packages\django\db\backends\utils.py", line 92, in _execute_with_wrappers
    return executor(sql, params, many, context)
  File "C:\Users\donan\Desktop\POS-PROJECT\ADMIN WEB\env_boutique\Lib\site-packages\django\db\backends\utils.py", line 100, in _execute
    with self.db.wrap_database_errors:
         ^^^^^^^^^^^^^^^^^^^^^^^^^^^^
  File "C:\Users\donan\Desktop\POS-PROJECT\ADMIN WEB\env_boutique\Lib\site-packages\django\db\utils.py", line 91, in __exit__
    raise dj_exc_value.with_traceback(traceback) from exc_value
  File "C:\Users\donan\Desktop\POS-PROJECT\ADMIN WEB\env_boutique\Lib\site-packages\django\db\backends\utils.py", line 105, in _execute
    return self.cursor.execute(sql, params)
           ~~~~~~~~~~~~~~~~~~~^^^^^^^^^^^^^
django.db.utils.ProgrammingError: column "notes" of relation "api_boutique_core_inventorycount" does not exist
LINE 1: ...ted", "total_discrepancies", "discrepancy_value", "notes") V...
                                                             ^

ERROR 2026-02-16 21:52:56,963 basehttp "POST /api/inventory-counts/ HTTP/1.1" 500 238356
ERROR 2026-02-16 22:03:01,488 log Internal Server Error: /api/inventory-counts/
Traceback (most recent call last):
  File "C:\Users\donan\Desktop\POS-PROJECT\ADMIN WEB\env_boutique\Lib\site-packages\django\db\backends\utils.py", line 105, in _execute
    return self.cursor.execute(sql, params)
           ~~~~~~~~~~~~~~~~~~~^^^^^^^^^^^^^
psycopg2.errors.UndefinedColumn: column "notes" of relation "api_boutique_core_inventorycount" does not exist
LINE 1: ...ted", "total_discrepancies", "discrepancy_value", "notes") V...
                                                             ^


The above exception was the direct cause of the following exception:

Traceback (most recent call last):
  File "C:\Users\donan\Desktop\POS-PROJECT\ADMIN WEB\env_boutique\Lib\site-packages\django\core\handlers\exception.py", line 55, in inner
    response = get_response(request)
  File "C:\Users\donan\Desktop\POS-PROJECT\ADMIN WEB\env_boutique\Lib\site-packages\django\core\handlers\base.py", line 197, in _get_response
    response = wrapped_callback(request, *callback_args, **callback_kwargs)
  File "C:\Users\donan\Desktop\POS-PROJECT\ADMIN WEB\env_boutique\Lib\site-packages\django\views\decorators\csrf.py", line 65, in _view_wrapper
    return view_func(request, *args, **kwargs)
  File "C:\Users\donan\Desktop\POS-PROJECT\ADMIN WEB\env_boutique\Lib\site-packages\rest_framework\viewsets.py", line 125, in view
    return self.dispatch(request, *args, **kwargs)
           ~~~~~~~~~~~~~^^^^^^^^^^^^^^^^^^^^^^^^^^
  File "C:\Users\donan\Desktop\POS-PROJECT\ADMIN WEB\env_boutique\Lib\site-packages\rest_framework\views.py", line 515, in dispatch
    response = self.handle_exception(exc)
  File "C:\Users\donan\Desktop\POS-PROJECT\ADMIN WEB\env_boutique\Lib\site-packages\rest_framework\views.py", line 475, in handle_exception
    self.raise_uncaught_exception(exc)
    ~~~~~~~~~~~~~~~~~~~~~~~~~~~~~^^^^^
  File "C:\Users\donan\Desktop\POS-PROJECT\ADMIN WEB\env_boutique\Lib\site-packages\rest_framework\views.py", line 486, in raise_uncaught_exception
    raise exc
  File "C:\Users\donan\Desktop\POS-PROJECT\ADMIN WEB\env_boutique\Lib\site-packages\rest_framework\views.py", line 512, in dispatch
    response = handler(request, *args, **kwargs)
  File "C:\Users\donan\Desktop\POS-PROJECT\ADMIN WEB\env_boutique\Lib\site-packages\rest_framework\mixins.py", line 19, in create
    self.perform_create(serializer)
    ~~~~~~~~~~~~~~~~~~~^^^^^^^^^^^^
  File "C:\Users\donan\Desktop\POS-PROJECT\ADMIN WEB\api_boutique_core\views.py", line 349, in perform_create
    serializer.save(
    ~~~~~~~~~~~~~~~^
        created_by=self.request.user if self.request.user.is_authenticated else None,
        ^^^^^^^^^^^^^^^^^^^^^^^^^^^^^^^^^^^^^^^^^^^^^^^^^^^^^^^^^^^^^^^^^^^^^^^^^^^^^
        updated_by=self.request.user if self.request.user.is_authenticated else None
        ^^^^^^^^^^^^^^^^^^^^^^^^^^^^^^^^^^^^^^^^^^^^^^^^^^^^^^^^^^^^^^^^^^^^^^^^^^^^
    )
    ^
  File "C:\Users\donan\Desktop\POS-PROJECT\ADMIN WEB\env_boutique\Lib\site-packages\rest_framework\serializers.py", line 210, in save
    self.instance = self.create(validated_data)
                    ~~~~~~~~~~~^^^^^^^^^^^^^^^^
  File "C:\Users\donan\Desktop\POS-PROJECT\ADMIN WEB\env_boutique\Lib\site-packages\rest_framework\serializers.py", line 991, in create
    instance = ModelClass._default_manager.create(**validated_data)
  File "C:\Users\donan\Desktop\POS-PROJECT\ADMIN WEB\env_boutique\Lib\site-packages\django\db\models\manager.py", line 87, in manager_method
    return getattr(self.get_queryset(), name)(*args, **kwargs)
           ~~~~~~~~~~~~~~~~~~~~~~~~~~~~~~~~~~^^^^^^^^^^^^^^^^^
  File "C:\Users\donan\Desktop\POS-PROJECT\ADMIN WEB\env_boutique\Lib\site-packages\django\db\models\query.py", line 663, in create
    obj.save(force_insert=True, using=self.db)
    ~~~~~~~~^^^^^^^^^^^^^^^^^^^^^^^^^^^^^^^^^^
  File "C:\Users\donan\Desktop\POS-PROJECT\ADMIN WEB\env_boutique\Lib\site-packages\django\db\models\base.py", line 902, in save
    self.save_base(
    ~~~~~~~~~~~~~~^
        using=using,
        ^^^^^^^^^^^^
    ...<2 lines>...
        update_fields=update_fields,
        ^^^^^^^^^^^^^^^^^^^^^^^^^^^^
    )
    ^
  File "C:\Users\donan\Desktop\POS-PROJECT\ADMIN WEB\env_boutique\Lib\site-packages\django\db\models\base.py", line 1008, in save_base
    updated = self._save_table(
        raw,
    ...<4 lines>...
        update_fields,
    )
  File "C:\Users\donan\Desktop\POS-PROJECT\ADMIN WEB\env_boutique\Lib\site-packages\django\db\models\base.py", line 1169, in _save_table
    results = self._do_insert(
        cls._base_manager, using, fields, returning_fields, raw
    )
  File "C:\Users\donan\Desktop\POS-PROJECT\ADMIN WEB\env_boutique\Lib\site-packages\django\db\models\base.py", line 1210, in _do_insert
    return manager._insert(
           ~~~~~~~~~~~~~~~^
        [self],
        ^^^^^^^
    ...<3 lines>...
        raw=raw,
        ^^^^^^^^
    )
    ^
  File "C:\Users\donan\Desktop\POS-PROJECT\ADMIN WEB\env_boutique\Lib\site-packages\django\db\models\manager.py", line 87, in manager_method
    return getattr(self.get_queryset(), name)(*args, **kwargs)
           ~~~~~~~~~~~~~~~~~~~~~~~~~~~~~~~~~~^^^^^^^^^^^^^^^^^
  File "C:\Users\donan\Desktop\POS-PROJECT\ADMIN WEB\env_boutique\Lib\site-packages\django\db\models\query.py", line 1868, in _insert
    return query.get_compiler(using=using).execute_sql(returning_fields)
           ~~~~~~~~~~~~~~~~~~~~~~~~~~~~~~~~~~~~~~~~~~~^^^^^^^^^^^^^^^^^^
  File "C:\Users\donan\Desktop\POS-PROJECT\ADMIN WEB\env_boutique\Lib\site-packages\django\db\models\sql\compiler.py", line 1882, in execute_sql
    cursor.execute(sql, params)
    ~~~~~~~~~~~~~~^^^^^^^^^^^^^
  File "C:\Users\donan\Desktop\POS-PROJECT\ADMIN WEB\env_boutique\Lib\site-packages\django\db\backends\utils.py", line 122, in execute
    return super().execute(sql, params)
           ~~~~~~~~~~~~~~~^^^^^^^^^^^^^
  File "C:\Users\donan\Desktop\POS-PROJECT\ADMIN WEB\env_boutique\Lib\site-packages\django\db\backends\utils.py", line 79, in execute
    return self._execute_with_wrappers(
           ~~~~~~~~~~~~~~~~~~~~~~~~~~~^
        sql, params, many=False, executor=self._execute
        ^^^^^^^^^^^^^^^^^^^^^^^^^^^^^^^^^^^^^^^^^^^^^^^
    )
    ^
  File "C:\Users\donan\Desktop\POS-PROJECT\ADMIN WEB\env_boutique\Lib\site-packages\django\db\backends\utils.py", line 92, in _execute_with_wrappers
    return executor(sql, params, many, context)
  File "C:\Users\donan\Desktop\POS-PROJECT\ADMIN WEB\env_boutique\Lib\site-packages\django\db\backends\utils.py", line 100, in _execute
    with self.db.wrap_database_errors:
         ^^^^^^^^^^^^^^^^^^^^^^^^^^^^
  File "C:\Users\donan\Desktop\POS-PROJECT\ADMIN WEB\env_boutique\Lib\site-packages\django\db\utils.py", line 91, in __exit__
    raise dj_exc_value.with_traceback(traceback) from exc_value
  File "C:\Users\donan\Desktop\POS-PROJECT\ADMIN WEB\env_boutique\Lib\site-packages\django\db\backends\utils.py", line 105, in _execute
    return self.cursor.execute(sql, params)
           ~~~~~~~~~~~~~~~~~~~^^^^^^^^^^^^^
django.db.utils.ProgrammingError: column "notes" of relation "api_boutique_core_inventorycount" does not exist
LINE 1: ...ted", "total_discrepancies", "discrepancy_value", "notes") V...
                                                             ^

ERROR 2026-02-16 22:03:01,500 basehttp "POST /api/inventory-counts/ HTTP/1.1" 500 238332
ERROR 2026-02-16 22:21:53,118 log Internal Server Error: /api/inventory-counts/
Traceback (most recent call last):
  File "C:\Users\donan\Desktop\POS-PROJECT\ADMIN WEB\env_boutique\Lib\site-packages\django\db\backends\utils.py", line 105, in _execute
    return self.cursor.execute(sql, params)
           ~~~~~~~~~~~~~~~~~~~^^^^^^^^^^^^^
psycopg2.errors.UndefinedColumn: column "notes" of relation "api_boutique_core_inventorycount" does not exist
LINE 1: ...ted", "total_discrepancies", "discrepancy_value", "notes") V...
                                                             ^


The above exception was the direct cause of the following exception:

Traceback (most recent call last):
  File "C:\Users\donan\Desktop\POS-PROJECT\ADMIN WEB\env_boutique\Lib\site-packages\django\core\handlers\exception.py", line 55, in inner
    response = get_response(request)
  File "C:\Users\donan\Desktop\POS-PROJECT\ADMIN WEB\env_boutique\Lib\site-packages\django\core\handlers\base.py", line 197, in _get_response
    response = wrapped_callback(request, *callback_args, **callback_kwargs)
  File "C:\Users\donan\Desktop\POS-PROJECT\ADMIN WEB\env_boutique\Lib\site-packages\django\views\decorators\csrf.py", line 65, in _view_wrapper
    return view_func(request, *args, **kwargs)
  File "C:\Users\donan\Desktop\POS-PROJECT\ADMIN WEB\env_boutique\Lib\site-packages\rest_framework\viewsets.py", line 125, in view
    return self.dispatch(request, *args, **kwargs)
           ~~~~~~~~~~~~~^^^^^^^^^^^^^^^^^^^^^^^^^^
  File "C:\Users\donan\Desktop\POS-PROJECT\ADMIN WEB\env_boutique\Lib\site-packages\rest_framework\views.py", line 515, in dispatch
    response = self.handle_exception(exc)
  File "C:\Users\donan\Desktop\POS-PROJECT\ADMIN WEB\env_boutique\Lib\site-packages\rest_framework\views.py", line 475, in handle_exception
    self.raise_uncaught_exception(exc)
    ~~~~~~~~~~~~~~~~~~~~~~~~~~~~~^^^^^
  File "C:\Users\donan\Desktop\POS-PROJECT\ADMIN WEB\env_boutique\Lib\site-packages\rest_framework\views.py", line 486, in raise_uncaught_exception
    raise exc
  File "C:\Users\donan\Desktop\POS-PROJECT\ADMIN WEB\env_boutique\Lib\site-packages\rest_framework\views.py", line 512, in dispatch
    response = handler(request, *args, **kwargs)
  File "C:\Users\donan\Desktop\POS-PROJECT\ADMIN WEB\env_boutique\Lib\site-packages\rest_framework\mixins.py", line 19, in create
    self.perform_create(serializer)
    ~~~~~~~~~~~~~~~~~~~^^^^^^^^^^^^
  File "C:\Users\donan\Desktop\POS-PROJECT\ADMIN WEB\api_boutique_core\views.py", line 349, in perform_create
    serializer.save(
    ~~~~~~~~~~~~~~~^
        created_by=self.request.user if self.request.user.is_authenticated else None,
        ^^^^^^^^^^^^^^^^^^^^^^^^^^^^^^^^^^^^^^^^^^^^^^^^^^^^^^^^^^^^^^^^^^^^^^^^^^^^^
        updated_by=self.request.user if self.request.user.is_authenticated else None
        ^^^^^^^^^^^^^^^^^^^^^^^^^^^^^^^^^^^^^^^^^^^^^^^^^^^^^^^^^^^^^^^^^^^^^^^^^^^^
    )
    ^
  File "C:\Users\donan\Desktop\POS-PROJECT\ADMIN WEB\env_boutique\Lib\site-packages\rest_framework\serializers.py", line 210, in save
    self.instance = self.create(validated_data)
                    ~~~~~~~~~~~^^^^^^^^^^^^^^^^
  File "C:\Users\donan\Desktop\POS-PROJECT\ADMIN WEB\env_boutique\Lib\site-packages\rest_framework\serializers.py", line 991, in create
    instance = ModelClass._default_manager.create(**validated_data)
  File "C:\Users\donan\Desktop\POS-PROJECT\ADMIN WEB\env_boutique\Lib\site-packages\django\db\models\manager.py", line 87, in manager_method
    return getattr(self.get_queryset(), name)(*args, **kwargs)
           ~~~~~~~~~~~~~~~~~~~~~~~~~~~~~~~~~~^^^^^^^^^^^^^^^^^
  File "C:\Users\donan\Desktop\POS-PROJECT\ADMIN WEB\env_boutique\Lib\site-packages\django\db\models\query.py", line 663, in create
    obj.save(force_insert=True, using=self.db)
    ~~~~~~~~^^^^^^^^^^^^^^^^^^^^^^^^^^^^^^^^^^
  File "C:\Users\donan\Desktop\POS-PROJECT\ADMIN WEB\env_boutique\Lib\site-packages\django\db\models\base.py", line 902, in save
    self.save_base(
    ~~~~~~~~~~~~~~^
        using=using,
        ^^^^^^^^^^^^
    ...<2 lines>...
        update_fields=update_fields,
        ^^^^^^^^^^^^^^^^^^^^^^^^^^^^
    )
    ^
  File "C:\Users\donan\Desktop\POS-PROJECT\ADMIN WEB\env_boutique\Lib\site-packages\django\db\models\base.py", line 1008, in save_base
    updated = self._save_table(
        raw,
    ...<4 lines>...
        update_fields,
    )
  File "C:\Users\donan\Desktop\POS-PROJECT\ADMIN WEB\env_boutique\Lib\site-packages\django\db\models\base.py", line 1169, in _save_table
    results = self._do_insert(
        cls._base_manager, using, fields, returning_fields, raw
    )
  File "C:\Users\donan\Desktop\POS-PROJECT\ADMIN WEB\env_boutique\Lib\site-packages\django\db\models\base.py", line 1210, in _do_insert
    return manager._insert(
           ~~~~~~~~~~~~~~~^
        [self],
        ^^^^^^^
    ...<3 lines>...
        raw=raw,
        ^^^^^^^^
    )
    ^
  File "C:\Users\donan\Desktop\POS-PROJECT\ADMIN WEB\env_boutique\Lib\site-packages\django\db\models\manager.py", line 87, in manager_method
    return getattr(self.get_queryset(), name)(*args, **kwargs)
           ~~~~~~~~~~~~~~~~~~~~~~~~~~~~~~~~~~^^^^^^^^^^^^^^^^^
  File "C:\Users\donan\Desktop\POS-PROJECT\ADMIN WEB\env_boutique\Lib\site-packages\django\db\models\query.py", line 1868, in _insert
    return query.get_compiler(using=using).execute_sql(returning_fields)
           ~~~~~~~~~~~~~~~~~~~~~~~~~~~~~~~~~~~~~~~~~~~^^^^^^^^^^^^^^^^^^
  File "C:\Users\donan\Desktop\POS-PROJECT\ADMIN WEB\env_boutique\Lib\site-packages\django\db\models\sql\compiler.py", line 1882, in execute_sql
    cursor.execute(sql, params)
    ~~~~~~~~~~~~~~^^^^^^^^^^^^^
  File "C:\Users\donan\Desktop\POS-PROJECT\ADMIN WEB\env_boutique\Lib\site-packages\django\db\backends\utils.py", line 122, in execute
    return super().execute(sql, params)
           ~~~~~~~~~~~~~~~^^^^^^^^^^^^^
  File "C:\Users\donan\Desktop\POS-PROJECT\ADMIN WEB\env_boutique\Lib\site-packages\django\db\backends\utils.py", line 79, in execute
    return self._execute_with_wrappers(
           ~~~~~~~~~~~~~~~~~~~~~~~~~~~^
        sql, params, many=False, executor=self._execute
        ^^^^^^^^^^^^^^^^^^^^^^^^^^^^^^^^^^^^^^^^^^^^^^^
    )
    ^
  File "C:\Users\donan\Desktop\POS-PROJECT\ADMIN WEB\env_boutique\Lib\site-packages\django\db\backends\utils.py", line 92, in _execute_with_wrappers
    return executor(sql, params, many, context)
  File "C:\Users\donan\Desktop\POS-PROJECT\ADMIN WEB\env_boutique\Lib\site-packages\django\db\backends\utils.py", line 100, in _execute
    with self.db.wrap_database_errors:
         ^^^^^^^^^^^^^^^^^^^^^^^^^^^^
  File "C:\Users\donan\Desktop\POS-PROJECT\ADMIN WEB\env_boutique\Lib\site-packages\django\db\utils.py", line 91, in __exit__
    raise dj_exc_value.with_traceback(traceback) from exc_value
  File "C:\Users\donan\Desktop\POS-PROJECT\ADMIN WEB\env_boutique\Lib\site-packages\django\db\backends\utils.py", line 105, in _execute
    return self.cursor.execute(sql, params)
           ~~~~~~~~~~~~~~~~~~~^^^^^^^^^^^^^
django.db.utils.ProgrammingError: column "notes" of relation "api_boutique_core_inventorycount" does not exist
LINE 1: ...ted", "total_discrepancies", "discrepancy_value", "notes") V...
                                                             ^

ERROR 2026-02-16 22:21:53,138 basehttp "POST /api/inventory-counts/ HTTP/1.1" 500 238360
ERROR 2026-02-16 22:26:11,795 log Internal Server Error: /api/inventory-counts/
Traceback (most recent call last):
  File "C:\Users\donan\Desktop\POS-PROJECT\ADMIN WEB\env_boutique\Lib\site-packages\django\db\backends\utils.py", line 105, in _execute
    return self.cursor.execute(sql, params)
           ~~~~~~~~~~~~~~~~~~~^^^^^^^^^^^^^
psycopg2.errors.UndefinedColumn: column "notes" of relation "api_boutique_core_inventorycount" does not exist
LINE 1: ...ted", "total_discrepancies", "discrepancy_value", "notes") V...
                                                             ^


The above exception was the direct cause of the following exception:

Traceback (most recent call last):
  File "C:\Users\donan\Desktop\POS-PROJECT\ADMIN WEB\env_boutique\Lib\site-packages\django\core\handlers\exception.py", line 55, in inner
    response = get_response(request)
  File "C:\Users\donan\Desktop\POS-PROJECT\ADMIN WEB\env_boutique\Lib\site-packages\django\core\handlers\base.py", line 197, in _get_response
    response = wrapped_callback(request, *callback_args, **callback_kwargs)
  File "C:\Users\donan\Desktop\POS-PROJECT\ADMIN WEB\env_boutique\Lib\site-packages\django\views\decorators\csrf.py", line 65, in _view_wrapper
    return view_func(request, *args, **kwargs)
  File "C:\Users\donan\Desktop\POS-PROJECT\ADMIN WEB\env_boutique\Lib\site-packages\rest_framework\viewsets.py", line 125, in view
    return self.dispatch(request, *args, **kwargs)
           ~~~~~~~~~~~~~^^^^^^^^^^^^^^^^^^^^^^^^^^
  File "C:\Users\donan\Desktop\POS-PROJECT\ADMIN WEB\env_boutique\Lib\site-packages\rest_framework\views.py", line 515, in dispatch
    response = self.handle_exception(exc)
  File "C:\Users\donan\Desktop\POS-PROJECT\ADMIN WEB\env_boutique\Lib\site-packages\rest_framework\views.py", line 475, in handle_exception
    self.raise_uncaught_exception(exc)
    ~~~~~~~~~~~~~~~~~~~~~~~~~~~~~^^^^^
  File "C:\Users\donan\Desktop\POS-PROJECT\ADMIN WEB\env_boutique\Lib\site-packages\rest_framework\views.py", line 486, in raise_uncaught_exception
    raise exc
  File "C:\Users\donan\Desktop\POS-PROJECT\ADMIN WEB\env_boutique\Lib\site-packages\rest_framework\views.py", line 512, in dispatch
    response = handler(request, *args, **kwargs)
  File "C:\Users\donan\Desktop\POS-PROJECT\ADMIN WEB\env_boutique\Lib\site-packages\rest_framework\mixins.py", line 19, in create
    self.perform_create(serializer)
    ~~~~~~~~~~~~~~~~~~~^^^^^^^^^^^^
  File "C:\Users\donan\Desktop\POS-PROJECT\ADMIN WEB\api_boutique_core\views.py", line 349, in perform_create
    serializer.save(
    ~~~~~~~~~~~~~~~^
        created_by=self.request.user if self.request.user.is_authenticated else None,
        ^^^^^^^^^^^^^^^^^^^^^^^^^^^^^^^^^^^^^^^^^^^^^^^^^^^^^^^^^^^^^^^^^^^^^^^^^^^^^
        updated_by=self.request.user if self.request.user.is_authenticated else None
        ^^^^^^^^^^^^^^^^^^^^^^^^^^^^^^^^^^^^^^^^^^^^^^^^^^^^^^^^^^^^^^^^^^^^^^^^^^^^
    )
    ^
  File "C:\Users\donan\Desktop\POS-PROJECT\ADMIN WEB\env_boutique\Lib\site-packages\rest_framework\serializers.py", line 210, in save
    self.instance = self.create(validated_data)
                    ~~~~~~~~~~~^^^^^^^^^^^^^^^^
  File "C:\Users\donan\Desktop\POS-PROJECT\ADMIN WEB\env_boutique\Lib\site-packages\rest_framework\serializers.py", line 991, in create
    instance = ModelClass._default_manager.create(**validated_data)
  File "C:\Users\donan\Desktop\POS-PROJECT\ADMIN WEB\env_boutique\Lib\site-packages\django\db\models\manager.py", line 87, in manager_method
    return getattr(self.get_queryset(), name)(*args, **kwargs)
           ~~~~~~~~~~~~~~~~~~~~~~~~~~~~~~~~~~^^^^^^^^^^^^^^^^^
  File "C:\Users\donan\Desktop\POS-PROJECT\ADMIN WEB\env_boutique\Lib\site-packages\django\db\models\query.py", line 663, in create
    obj.save(force_insert=True, using=self.db)
    ~~~~~~~~^^^^^^^^^^^^^^^^^^^^^^^^^^^^^^^^^^
  File "C:\Users\donan\Desktop\POS-PROJECT\ADMIN WEB\env_boutique\Lib\site-packages\django\db\models\base.py", line 902, in save
    self.save_base(
    ~~~~~~~~~~~~~~^
        using=using,
        ^^^^^^^^^^^^
    ...<2 lines>...
        update_fields=update_fields,
        ^^^^^^^^^^^^^^^^^^^^^^^^^^^^
    )
    ^
  File "C:\Users\donan\Desktop\POS-PROJECT\ADMIN WEB\env_boutique\Lib\site-packages\django\db\models\base.py", line 1008, in save_base
    updated = self._save_table(
        raw,
    ...<4 lines>...
        update_fields,
    )
  File "C:\Users\donan\Desktop\POS-PROJECT\ADMIN WEB\env_boutique\Lib\site-packages\django\db\models\base.py", line 1169, in _save_table
    results = self._do_insert(
        cls._base_manager, using, fields, returning_fields, raw
    )
  File "C:\Users\donan\Desktop\POS-PROJECT\ADMIN WEB\env_boutique\Lib\site-packages\django\db\models\base.py", line 1210, in _do_insert
    return manager._insert(
           ~~~~~~~~~~~~~~~^
        [self],
        ^^^^^^^
    ...<3 lines>...
        raw=raw,
        ^^^^^^^^
    )
    ^
  File "C:\Users\donan\Desktop\POS-PROJECT\ADMIN WEB\env_boutique\Lib\site-packages\django\db\models\manager.py", line 87, in manager_method
    return getattr(self.get_queryset(), name)(*args, **kwargs)
           ~~~~~~~~~~~~~~~~~~~~~~~~~~~~~~~~~~^^^^^^^^^^^^^^^^^
  File "C:\Users\donan\Desktop\POS-PROJECT\ADMIN WEB\env_boutique\Lib\site-packages\django\db\models\query.py", line 1868, in _insert
    return query.get_compiler(using=using).execute_sql(returning_fields)
           ~~~~~~~~~~~~~~~~~~~~~~~~~~~~~~~~~~~~~~~~~~~^^^^^^^^^^^^^^^^^^
  File "C:\Users\donan\Desktop\POS-PROJECT\ADMIN WEB\env_boutique\Lib\site-packages\django\db\models\sql\compiler.py", line 1882, in execute_sql
    cursor.execute(sql, params)
    ~~~~~~~~~~~~~~^^^^^^^^^^^^^
  File "C:\Users\donan\Desktop\POS-PROJECT\ADMIN WEB\env_boutique\Lib\site-packages\django\db\backends\utils.py", line 122, in execute
    return super().execute(sql, params)
           ~~~~~~~~~~~~~~~^^^^^^^^^^^^^
  File "C:\Users\donan\Desktop\POS-PROJECT\ADMIN WEB\env_boutique\Lib\site-packages\django\db\backends\utils.py", line 79, in execute
    return self._execute_with_wrappers(
           ~~~~~~~~~~~~~~~~~~~~~~~~~~~^
        sql, params, many=False, executor=self._execute
        ^^^^^^^^^^^^^^^^^^^^^^^^^^^^^^^^^^^^^^^^^^^^^^^
    )
    ^
  File "C:\Users\donan\Desktop\POS-PROJECT\ADMIN WEB\env_boutique\Lib\site-packages\django\db\backends\utils.py", line 92, in _execute_with_wrappers
    return executor(sql, params, many, context)
  File "C:\Users\donan\Desktop\POS-PROJECT\ADMIN WEB\env_boutique\Lib\site-packages\django\db\backends\utils.py", line 100, in _execute
    with self.db.wrap_database_errors:
         ^^^^^^^^^^^^^^^^^^^^^^^^^^^^
  File "C:\Users\donan\Desktop\POS-PROJECT\ADMIN WEB\env_boutique\Lib\site-packages\django\db\utils.py", line 91, in __exit__
    raise dj_exc_value.with_traceback(traceback) from exc_value
  File "C:\Users\donan\Desktop\POS-PROJECT\ADMIN WEB\env_boutique\Lib\site-packages\django\db\backends\utils.py", line 105, in _execute
    return self.cursor.execute(sql, params)
           ~~~~~~~~~~~~~~~~~~~^^^^^^^^^^^^^
django.db.utils.ProgrammingError: column "notes" of relation "api_boutique_core_inventorycount" does not exist
LINE 1: ...ted", "total_discrepancies", "discrepancy_value", "notes") V...
                                                             ^

ERROR 2026-02-16 22:26:11,813 basehttp "POST /api/inventory-counts/ HTTP/1.1" 500 237888
ERROR 2026-02-16 22:46:24,677 log Internal Server Error: /api/inventory-counts/
Traceback (most recent call last):
  File "C:\Users\donan\Desktop\POS-PROJECT\ADMIN WEB\env_boutique\Lib\site-packages\django\db\backends\utils.py", line 105, in _execute
    return self.cursor.execute(sql, params)
           ~~~~~~~~~~~~~~~~~~~^^^^^^^^^^^^^
psycopg2.errors.UndefinedColumn: column "notes" of relation "api_boutique_core_inventorycount" does not exist
LINE 1: ...ted", "total_discrepancies", "discrepancy_value", "notes") V...
                                                             ^


The above exception was the direct cause of the following exception:

Traceback (most recent call last):
  File "C:\Users\donan\Desktop\POS-PROJECT\ADMIN WEB\env_boutique\Lib\site-packages\django\core\handlers\exception.py", line 55, in inner
    response = get_response(request)
  File "C:\Users\donan\Desktop\POS-PROJECT\ADMIN WEB\env_boutique\Lib\site-packages\django\core\handlers\base.py", line 197, in _get_response
    response = wrapped_callback(request, *callback_args, **callback_kwargs)
  File "C:\Users\donan\Desktop\POS-PROJECT\ADMIN WEB\env_boutique\Lib\site-packages\django\views\decorators\csrf.py", line 65, in _view_wrapper
    return view_func(request, *args, **kwargs)
  File "C:\Users\donan\Desktop\POS-PROJECT\ADMIN WEB\env_boutique\Lib\site-packages\rest_framework\viewsets.py", line 125, in view
    return self.dispatch(request, *args, **kwargs)
           ~~~~~~~~~~~~~^^^^^^^^^^^^^^^^^^^^^^^^^^
  File "C:\Users\donan\Desktop\POS-PROJECT\ADMIN WEB\env_boutique\Lib\site-packages\rest_framework\views.py", line 515, in dispatch
    response = self.handle_exception(exc)
  File "C:\Users\donan\Desktop\POS-PROJECT\ADMIN WEB\env_boutique\Lib\site-packages\rest_framework\views.py", line 475, in handle_exception
    self.raise_uncaught_exception(exc)
    ~~~~~~~~~~~~~~~~~~~~~~~~~~~~~^^^^^
  File "C:\Users\donan\Desktop\POS-PROJECT\ADMIN WEB\env_boutique\Lib\site-packages\rest_framework\views.py", line 486, in raise_uncaught_exception
    raise exc
  File "C:\Users\donan\Desktop\POS-PROJECT\ADMIN WEB\env_boutique\Lib\site-packages\rest_framework\views.py", line 512, in dispatch
    response = handler(request, *args, **kwargs)
  File "C:\Users\donan\Desktop\POS-PROJECT\ADMIN WEB\env_boutique\Lib\site-packages\rest_framework\mixins.py", line 19, in create
    self.perform_create(serializer)
    ~~~~~~~~~~~~~~~~~~~^^^^^^^^^^^^
  File "C:\Users\donan\Desktop\POS-PROJECT\ADMIN WEB\api_boutique_core\views.py", line 349, in perform_create
    serializer.save(
    ~~~~~~~~~~~~~~~^
        created_by=self.request.user if self.request.user.is_authenticated else None,
        ^^^^^^^^^^^^^^^^^^^^^^^^^^^^^^^^^^^^^^^^^^^^^^^^^^^^^^^^^^^^^^^^^^^^^^^^^^^^^
        updated_by=self.request.user if self.request.user.is_authenticated else None
        ^^^^^^^^^^^^^^^^^^^^^^^^^^^^^^^^^^^^^^^^^^^^^^^^^^^^^^^^^^^^^^^^^^^^^^^^^^^^
    )
    ^
  File "C:\Users\donan\Desktop\POS-PROJECT\ADMIN WEB\env_boutique\Lib\site-packages\rest_framework\serializers.py", line 210, in save
    self.instance = self.create(validated_data)
                    ~~~~~~~~~~~^^^^^^^^^^^^^^^^
  File "C:\Users\donan\Desktop\POS-PROJECT\ADMIN WEB\env_boutique\Lib\site-packages\rest_framework\serializers.py", line 991, in create
    instance = ModelClass._default_manager.create(**validated_data)
  File "C:\Users\donan\Desktop\POS-PROJECT\ADMIN WEB\env_boutique\Lib\site-packages\django\db\models\manager.py", line 87, in manager_method
    return getattr(self.get_queryset(), name)(*args, **kwargs)
           ~~~~~~~~~~~~~~~~~~~~~~~~~~~~~~~~~~^^^^^^^^^^^^^^^^^
  File "C:\Users\donan\Desktop\POS-PROJECT\ADMIN WEB\env_boutique\Lib\site-packages\django\db\models\query.py", line 663, in create
    obj.save(force_insert=True, using=self.db)
    ~~~~~~~~^^^^^^^^^^^^^^^^^^^^^^^^^^^^^^^^^^
  File "C:\Users\donan\Desktop\POS-PROJECT\ADMIN WEB\env_boutique\Lib\site-packages\django\db\models\base.py", line 902, in save
    self.save_base(
    ~~~~~~~~~~~~~~^
        using=using,
        ^^^^^^^^^^^^
    ...<2 lines>...
        update_fields=update_fields,
        ^^^^^^^^^^^^^^^^^^^^^^^^^^^^
    )
    ^
  File "C:\Users\donan\Desktop\POS-PROJECT\ADMIN WEB\env_boutique\Lib\site-packages\django\db\models\base.py", line 1008, in save_base
    updated = self._save_table(
        raw,
    ...<4 lines>...
        update_fields,
    )
  File "C:\Users\donan\Desktop\POS-PROJECT\ADMIN WEB\env_boutique\Lib\site-packages\django\db\models\base.py", line 1169, in _save_table
    results = self._do_insert(
        cls._base_manager, using, fields, returning_fields, raw
    )
  File "C:\Users\donan\Desktop\POS-PROJECT\ADMIN WEB\env_boutique\Lib\site-packages\django\db\models\base.py", line 1210, in _do_insert
    return manager._insert(
           ~~~~~~~~~~~~~~~^
        [self],
        ^^^^^^^
    ...<3 lines>...
        raw=raw,
        ^^^^^^^^
    )
    ^
  File "C:\Users\donan\Desktop\POS-PROJECT\ADMIN WEB\env_boutique\Lib\site-packages\django\db\models\manager.py", line 87, in manager_method
    return getattr(self.get_queryset(), name)(*args, **kwargs)
           ~~~~~~~~~~~~~~~~~~~~~~~~~~~~~~~~~~^^^^^^^^^^^^^^^^^
  File "C:\Users\donan\Desktop\POS-PROJECT\ADMIN WEB\env_boutique\Lib\site-packages\django\db\models\query.py", line 1868, in _insert
    return query.get_compiler(using=using).execute_sql(returning_fields)
           ~~~~~~~~~~~~~~~~~~~~~~~~~~~~~~~~~~~~~~~~~~~^^^^^^^^^^^^^^^^^^
  File "C:\Users\donan\Desktop\POS-PROJECT\ADMIN WEB\env_boutique\Lib\site-packages\django\db\models\sql\compiler.py", line 1882, in execute_sql
    cursor.execute(sql, params)
    ~~~~~~~~~~~~~~^^^^^^^^^^^^^
  File "C:\Users\donan\Desktop\POS-PROJECT\ADMIN WEB\env_boutique\Lib\site-packages\django\db\backends\utils.py", line 122, in execute
    return super().execute(sql, params)
           ~~~~~~~~~~~~~~~^^^^^^^^^^^^^
  File "C:\Users\donan\Desktop\POS-PROJECT\ADMIN WEB\env_boutique\Lib\site-packages\django\db\backends\utils.py", line 79, in execute
    return self._execute_with_wrappers(
           ~~~~~~~~~~~~~~~~~~~~~~~~~~~^
        sql, params, many=False, executor=self._execute
        ^^^^^^^^^^^^^^^^^^^^^^^^^^^^^^^^^^^^^^^^^^^^^^^
    )
    ^
  File "C:\Users\donan\Desktop\POS-PROJECT\ADMIN WEB\env_boutique\Lib\site-packages\django\db\backends\utils.py", line 92, in _execute_with_wrappers
    return executor(sql, params, many, context)
  File "C:\Users\donan\Desktop\POS-PROJECT\ADMIN WEB\env_boutique\Lib\site-packages\django\db\backends\utils.py", line 100, in _execute
    with self.db.wrap_database_errors:
         ^^^^^^^^^^^^^^^^^^^^^^^^^^^^
  File "C:\Users\donan\Desktop\POS-PROJECT\ADMIN WEB\env_boutique\Lib\site-packages\django\db\utils.py", line 91, in __exit__
    raise dj_exc_value.with_traceback(traceback) from exc_value
  File "C:\Users\donan\Desktop\POS-PROJECT\ADMIN WEB\env_boutique\Lib\site-packages\django\db\backends\utils.py", line 105, in _execute
    return self.cursor.execute(sql, params)
           ~~~~~~~~~~~~~~~~~~~^^^^^^^^^^^^^
django.db.utils.ProgrammingError: column "notes" of relation "api_boutique_core_inventorycount" does not exist
LINE 1: ...ted", "total_discrepancies", "discrepancy_value", "notes") V...
                                                             ^

ERROR 2026-02-16 22:46:24,693 basehttp "POST /api/inventory-counts/ HTTP/1.1" 500 237885
ERROR 2026-02-16 22:49:56,655 log Internal Server Error: /api/inventory-counts/
Traceback (most recent call last):
  File "C:\Users\donan\Desktop\POS-PROJECT\ADMIN WEB\env_boutique\Lib\site-packages\django\db\backends\utils.py", line 105, in _execute
    return self.cursor.execute(sql, params)
           ~~~~~~~~~~~~~~~~~~~^^^^^^^^^^^^^
psycopg2.errors.UndefinedColumn: column "notes" of relation "api_boutique_core_inventorycount" does not exist
LINE 1: ...ted", "total_discrepancies", "discrepancy_value", "notes") V...
                                                             ^


The above exception was the direct cause of the following exception:

Traceback (most recent call last):
  File "C:\Users\donan\Desktop\POS-PROJECT\ADMIN WEB\env_boutique\Lib\site-packages\django\core\handlers\exception.py", line 55, in inner
    response = get_response(request)
  File "C:\Users\donan\Desktop\POS-PROJECT\ADMIN WEB\env_boutique\Lib\site-packages\django\core\handlers\base.py", line 197, in _get_response
    response = wrapped_callback(request, *callback_args, **callback_kwargs)
  File "C:\Users\donan\Desktop\POS-PROJECT\ADMIN WEB\env_boutique\Lib\site-packages\django\views\decorators\csrf.py", line 65, in _view_wrapper
    return view_func(request, *args, **kwargs)
  File "C:\Users\donan\Desktop\POS-PROJECT\ADMIN WEB\env_boutique\Lib\site-packages\rest_framework\viewsets.py", line 125, in view
    return self.dispatch(request, *args, **kwargs)
           ~~~~~~~~~~~~~^^^^^^^^^^^^^^^^^^^^^^^^^^
  File "C:\Users\donan\Desktop\POS-PROJECT\ADMIN WEB\env_boutique\Lib\site-packages\rest_framework\views.py", line 515, in dispatch
    response = self.handle_exception(exc)
  File "C:\Users\donan\Desktop\POS-PROJECT\ADMIN WEB\env_boutique\Lib\site-packages\rest_framework\views.py", line 475, in handle_exception
    self.raise_uncaught_exception(exc)
    ~~~~~~~~~~~~~~~~~~~~~~~~~~~~~^^^^^
  File "C:\Users\donan\Desktop\POS-PROJECT\ADMIN WEB\env_boutique\Lib\site-packages\rest_framework\views.py", line 486, in raise_uncaught_exception
    raise exc
  File "C:\Users\donan\Desktop\POS-PROJECT\ADMIN WEB\env_boutique\Lib\site-packages\rest_framework\views.py", line 512, in dispatch
    response = handler(request, *args, **kwargs)
  File "C:\Users\donan\Desktop\POS-PROJECT\ADMIN WEB\env_boutique\Lib\site-packages\rest_framework\mixins.py", line 19, in create
    self.perform_create(serializer)
    ~~~~~~~~~~~~~~~~~~~^^^^^^^^^^^^
  File "C:\Users\donan\Desktop\POS-PROJECT\ADMIN WEB\api_boutique_core\views.py", line 349, in perform_create
    serializer.save(
    ~~~~~~~~~~~~~~~^
        created_by=self.request.user if self.request.user.is_authenticated else None,
        ^^^^^^^^^^^^^^^^^^^^^^^^^^^^^^^^^^^^^^^^^^^^^^^^^^^^^^^^^^^^^^^^^^^^^^^^^^^^^
        updated_by=self.request.user if self.request.user.is_authenticated else None
        ^^^^^^^^^^^^^^^^^^^^^^^^^^^^^^^^^^^^^^^^^^^^^^^^^^^^^^^^^^^^^^^^^^^^^^^^^^^^
    )
    ^
  File "C:\Users\donan\Desktop\POS-PROJECT\ADMIN WEB\env_boutique\Lib\site-packages\rest_framework\serializers.py", line 210, in save
    self.instance = self.create(validated_data)
                    ~~~~~~~~~~~^^^^^^^^^^^^^^^^
  File "C:\Users\donan\Desktop\POS-PROJECT\ADMIN WEB\env_boutique\Lib\site-packages\rest_framework\serializers.py", line 991, in create
    instance = ModelClass._default_manager.create(**validated_data)
  File "C:\Users\donan\Desktop\POS-PROJECT\ADMIN WEB\env_boutique\Lib\site-packages\django\db\models\manager.py", line 87, in manager_method
    return getattr(self.get_queryset(), name)(*args, **kwargs)
           ~~~~~~~~~~~~~~~~~~~~~~~~~~~~~~~~~~^^^^^^^^^^^^^^^^^
  File "C:\Users\donan\Desktop\POS-PROJECT\ADMIN WEB\env_boutique\Lib\site-packages\django\db\models\query.py", line 663, in create
    obj.save(force_insert=True, using=self.db)
    ~~~~~~~~^^^^^^^^^^^^^^^^^^^^^^^^^^^^^^^^^^
  File "C:\Users\donan\Desktop\POS-PROJECT\ADMIN WEB\env_boutique\Lib\site-packages\django\db\models\base.py", line 902, in save
    self.save_base(
    ~~~~~~~~~~~~~~^
        using=using,
        ^^^^^^^^^^^^
    ...<2 lines>...
        update_fields=update_fields,
        ^^^^^^^^^^^^^^^^^^^^^^^^^^^^
    )
    ^
  File "C:\Users\donan\Desktop\POS-PROJECT\ADMIN WEB\env_boutique\Lib\site-packages\django\db\models\base.py", line 1008, in save_base
    updated = self._save_table(
        raw,
    ...<4 lines>...
        update_fields,
    )
  File "C:\Users\donan\Desktop\POS-PROJECT\ADMIN WEB\env_boutique\Lib\site-packages\django\db\models\base.py", line 1169, in _save_table
    results = self._do_insert(
        cls._base_manager, using, fields, returning_fields, raw
    )
  File "C:\Users\donan\Desktop\POS-PROJECT\ADMIN WEB\env_boutique\Lib\site-packages\django\db\models\base.py", line 1210, in _do_insert
    return manager._insert(
           ~~~~~~~~~~~~~~~^
        [self],
        ^^^^^^^
    ...<3 lines>...
        raw=raw,
        ^^^^^^^^
    )
    ^
  File "C:\Users\donan\Desktop\POS-PROJECT\ADMIN WEB\env_boutique\Lib\site-packages\django\db\models\manager.py", line 87, in manager_method
    return getattr(self.get_queryset(), name)(*args, **kwargs)
           ~~~~~~~~~~~~~~~~~~~~~~~~~~~~~~~~~~^^^^^^^^^^^^^^^^^
  File "C:\Users\donan\Desktop\POS-PROJECT\ADMIN WEB\env_boutique\Lib\site-packages\django\db\models\query.py", line 1868, in _insert
    return query.get_compiler(using=using).execute_sql(returning_fields)
           ~~~~~~~~~~~~~~~~~~~~~~~~~~~~~~~~~~~~~~~~~~~^^^^^^^^^^^^^^^^^^
  File "C:\Users\donan\Desktop\POS-PROJECT\ADMIN WEB\env_boutique\Lib\site-packages\django\db\models\sql\compiler.py", line 1882, in execute_sql
    cursor.execute(sql, params)
    ~~~~~~~~~~~~~~^^^^^^^^^^^^^
  File "C:\Users\donan\Desktop\POS-PROJECT\ADMIN WEB\env_boutique\Lib\site-packages\django\db\backends\utils.py", line 122, in execute
    return super().execute(sql, params)
           ~~~~~~~~~~~~~~~^^^^^^^^^^^^^
  File "C:\Users\donan\Desktop\POS-PROJECT\ADMIN WEB\env_boutique\Lib\site-packages\django\db\backends\utils.py", line 79, in execute
    return self._execute_with_wrappers(
           ~~~~~~~~~~~~~~~~~~~~~~~~~~~^
        sql, params, many=False, executor=self._execute
        ^^^^^^^^^^^^^^^^^^^^^^^^^^^^^^^^^^^^^^^^^^^^^^^
    )
    ^
  File "C:\Users\donan\Desktop\POS-PROJECT\ADMIN WEB\env_boutique\Lib\site-packages\django\db\backends\utils.py", line 92, in _execute_with_wrappers
    return executor(sql, params, many, context)
  File "C:\Users\donan\Desktop\POS-PROJECT\ADMIN WEB\env_boutique\Lib\site-packages\django\db\backends\utils.py", line 100, in _execute
    with self.db.wrap_database_errors:
         ^^^^^^^^^^^^^^^^^^^^^^^^^^^^
  File "C:\Users\donan\Desktop\POS-PROJECT\ADMIN WEB\env_boutique\Lib\site-packages\django\db\utils.py", line 91, in __exit__
    raise dj_exc_value.with_traceback(traceback) from exc_value
  File "C:\Users\donan\Desktop\POS-PROJECT\ADMIN WEB\env_boutique\Lib\site-packages\django\db\backends\utils.py", line 105, in _execute
    return self.cursor.execute(sql, params)
           ~~~~~~~~~~~~~~~~~~~^^^^^^^^^^^^^
django.db.utils.ProgrammingError: column "notes" of relation "api_boutique_core_inventorycount" does not exist
LINE 1: ...ted", "total_discrepancies", "discrepancy_value", "notes") V...
                                                             ^

ERROR 2026-02-16 22:49:56,678 basehttp "POST /api/inventory-counts/ HTTP/1.1" 500 238371
ERROR 2026-02-16 22:54:10,658 log Internal Server Error: /api/inventory-counts/
Traceback (most recent call last):
  File "C:\Users\donan\Desktop\POS-PROJECT\ADMIN WEB\env_boutique\Lib\site-packages\django\db\backends\utils.py", line 105, in _execute
    return self.cursor.execute(sql, params)
           ~~~~~~~~~~~~~~~~~~~^^^^^^^^^^^^^
psycopg2.errors.UndefinedColumn: column "notes" of relation "api_boutique_core_inventorycount" does not exist
LINE 1: ...ted", "total_discrepancies", "discrepancy_value", "notes") V...
                                                             ^


The above exception was the direct cause of the following exception:

Traceback (most recent call last):
  File "C:\Users\donan\Desktop\POS-PROJECT\ADMIN WEB\env_boutique\Lib\site-packages\django\core\handlers\exception.py", line 55, in inner
    response = get_response(request)
  File "C:\Users\donan\Desktop\POS-PROJECT\ADMIN WEB\env_boutique\Lib\site-packages\django\core\handlers\base.py", line 197, in _get_response
    response = wrapped_callback(request, *callback_args, **callback_kwargs)
  File "C:\Users\donan\Desktop\POS-PROJECT\ADMIN WEB\env_boutique\Lib\site-packages\django\views\decorators\csrf.py", line 65, in _view_wrapper
    return view_func(request, *args, **kwargs)
  File "C:\Users\donan\Desktop\POS-PROJECT\ADMIN WEB\env_boutique\Lib\site-packages\rest_framework\viewsets.py", line 125, in view
    return self.dispatch(request, *args, **kwargs)
           ~~~~~~~~~~~~~^^^^^^^^^^^^^^^^^^^^^^^^^^
  File "C:\Users\donan\Desktop\POS-PROJECT\ADMIN WEB\env_boutique\Lib\site-packages\rest_framework\views.py", line 515, in dispatch
    response = self.handle_exception(exc)
  File "C:\Users\donan\Desktop\POS-PROJECT\ADMIN WEB\env_boutique\Lib\site-packages\rest_framework\views.py", line 475, in handle_exception
    self.raise_uncaught_exception(exc)
    ~~~~~~~~~~~~~~~~~~~~~~~~~~~~~^^^^^
  File "C:\Users\donan\Desktop\POS-PROJECT\ADMIN WEB\env_boutique\Lib\site-packages\rest_framework\views.py", line 486, in raise_uncaught_exception
    raise exc
  File "C:\Users\donan\Desktop\POS-PROJECT\ADMIN WEB\env_boutique\Lib\site-packages\rest_framework\views.py", line 512, in dispatch
    response = handler(request, *args, **kwargs)
  File "C:\Users\donan\Desktop\POS-PROJECT\ADMIN WEB\env_boutique\Lib\site-packages\rest_framework\mixins.py", line 19, in create
    self.perform_create(serializer)
    ~~~~~~~~~~~~~~~~~~~^^^^^^^^^^^^
  File "C:\Users\donan\Desktop\POS-PROJECT\ADMIN WEB\api_boutique_core\views.py", line 349, in perform_create
    serializer.save(
    ~~~~~~~~~~~~~~~^
        created_by=self.request.user if self.request.user.is_authenticated else None,
        ^^^^^^^^^^^^^^^^^^^^^^^^^^^^^^^^^^^^^^^^^^^^^^^^^^^^^^^^^^^^^^^^^^^^^^^^^^^^^
        updated_by=self.request.user if self.request.user.is_authenticated else None
        ^^^^^^^^^^^^^^^^^^^^^^^^^^^^^^^^^^^^^^^^^^^^^^^^^^^^^^^^^^^^^^^^^^^^^^^^^^^^
    )
    ^
  File "C:\Users\donan\Desktop\POS-PROJECT\ADMIN WEB\env_boutique\Lib\site-packages\rest_framework\serializers.py", line 210, in save
    self.instance = self.create(validated_data)
                    ~~~~~~~~~~~^^^^^^^^^^^^^^^^
  File "C:\Users\donan\Desktop\POS-PROJECT\ADMIN WEB\env_boutique\Lib\site-packages\rest_framework\serializers.py", line 991, in create
    instance = ModelClass._default_manager.create(**validated_data)
  File "C:\Users\donan\Desktop\POS-PROJECT\ADMIN WEB\env_boutique\Lib\site-packages\django\db\models\manager.py", line 87, in manager_method
    return getattr(self.get_queryset(), name)(*args, **kwargs)
           ~~~~~~~~~~~~~~~~~~~~~~~~~~~~~~~~~~^^^^^^^^^^^^^^^^^
  File "C:\Users\donan\Desktop\POS-PROJECT\ADMIN WEB\env_boutique\Lib\site-packages\django\db\models\query.py", line 663, in create
    obj.save(force_insert=True, using=self.db)
    ~~~~~~~~^^^^^^^^^^^^^^^^^^^^^^^^^^^^^^^^^^
  File "C:\Users\donan\Desktop\POS-PROJECT\ADMIN WEB\env_boutique\Lib\site-packages\django\db\models\base.py", line 902, in save
    self.save_base(
    ~~~~~~~~~~~~~~^
        using=using,
        ^^^^^^^^^^^^
    ...<2 lines>...
        update_fields=update_fields,
        ^^^^^^^^^^^^^^^^^^^^^^^^^^^^
    )
    ^
  File "C:\Users\donan\Desktop\POS-PROJECT\ADMIN WEB\env_boutique\Lib\site-packages\django\db\models\base.py", line 1008, in save_base
    updated = self._save_table(
        raw,
    ...<4 lines>...
        update_fields,
    )
  File "C:\Users\donan\Desktop\POS-PROJECT\ADMIN WEB\env_boutique\Lib\site-packages\django\db\models\base.py", line 1169, in _save_table
    results = self._do_insert(
        cls._base_manager, using, fields, returning_fields, raw
    )
  File "C:\Users\donan\Desktop\POS-PROJECT\ADMIN WEB\env_boutique\Lib\site-packages\django\db\models\base.py", line 1210, in _do_insert
    return manager._insert(
           ~~~~~~~~~~~~~~~^
        [self],
        ^^^^^^^
    ...<3 lines>...
        raw=raw,
        ^^^^^^^^
    )
    ^
  File "C:\Users\donan\Desktop\POS-PROJECT\ADMIN WEB\env_boutique\Lib\site-packages\django\db\models\manager.py", line 87, in manager_method
    return getattr(self.get_queryset(), name)(*args, **kwargs)
           ~~~~~~~~~~~~~~~~~~~~~~~~~~~~~~~~~~^^^^^^^^^^^^^^^^^
  File "C:\Users\donan\Desktop\POS-PROJECT\ADMIN WEB\env_boutique\Lib\site-packages\django\db\models\query.py", line 1868, in _insert
    return query.get_compiler(using=using).execute_sql(returning_fields)
           ~~~~~~~~~~~~~~~~~~~~~~~~~~~~~~~~~~~~~~~~~~~^^^^^^^^^^^^^^^^^^
  File "C:\Users\donan\Desktop\POS-PROJECT\ADMIN WEB\env_boutique\Lib\site-packages\django\db\models\sql\compiler.py", line 1882, in execute_sql
    cursor.execute(sql, params)
    ~~~~~~~~~~~~~~^^^^^^^^^^^^^
  File "C:\Users\donan\Desktop\POS-PROJECT\ADMIN WEB\env_boutique\Lib\site-packages\django\db\backends\utils.py", line 122, in execute
    return super().execute(sql, params)
           ~~~~~~~~~~~~~~~^^^^^^^^^^^^^
  File "C:\Users\donan\Desktop\POS-PROJECT\ADMIN WEB\env_boutique\Lib\site-packages\django\db\backends\utils.py", line 79, in execute
    return self._execute_with_wrappers(
           ~~~~~~~~~~~~~~~~~~~~~~~~~~~^
        sql, params, many=False, executor=self._execute
        ^^^^^^^^^^^^^^^^^^^^^^^^^^^^^^^^^^^^^^^^^^^^^^^
    )
    ^
  File "C:\Users\donan\Desktop\POS-PROJECT\ADMIN WEB\env_boutique\Lib\site-packages\django\db\backends\utils.py", line 92, in _execute_with_wrappers
    return executor(sql, params, many, context)
  File "C:\Users\donan\Desktop\POS-PROJECT\ADMIN WEB\env_boutique\Lib\site-packages\django\db\backends\utils.py", line 100, in _execute
    with self.db.wrap_database_errors:
         ^^^^^^^^^^^^^^^^^^^^^^^^^^^^
  File "C:\Users\donan\Desktop\POS-PROJECT\ADMIN WEB\env_boutique\Lib\site-packages\django\db\utils.py", line 91, in __exit__
    raise dj_exc_value.with_traceback(traceback) from exc_value
  File "C:\Users\donan\Desktop\POS-PROJECT\ADMIN WEB\env_boutique\Lib\site-packages\django\db\backends\utils.py", line 105, in _execute
    return self.cursor.execute(sql, params)
           ~~~~~~~~~~~~~~~~~~~^^^^^^^^^^^^^
django.db.utils.ProgrammingError: column "notes" of relation "api_boutique_core_inventorycount" does not exist
LINE 1: ...ted", "total_discrepancies", "discrepancy_value", "notes") V...
                                                             ^

ERROR 2026-02-16 22:54:10,683 basehttp "POST /api/inventory-counts/ HTTP/1.1" 500 238371
