<<<<<<< HEAD
ERROR 2026-02-02 11:11:18,170 basehttp You're accessing the development server over HTTPS, but it only supports HTTP.
ERROR 2026-02-02 17:39:57,565 log Internal Server Error: /swagger/
Traceback (most recent call last):
  File "C:\Users\HP\Desktop\PROJECT\POS-PROJECT\.venv\Lib\site-packages\django\core\handlers\exception.py", line 55, in inner
    response = get_response(request)
  File "C:\Users\HP\Desktop\PROJECT\POS-PROJECT\.venv\Lib\site-packages\django\core\handlers\base.py", line 197, in _get_response
    response = wrapped_callback(request, *callback_args, **callback_kwargs)
  File "C:\Users\HP\Desktop\PROJECT\POS-PROJECT\.venv\Lib\site-packages\django\views\decorators\csrf.py", line 65, in _view_wrapper
    return view_func(request, *args, **kwargs)
  File "C:\Users\HP\Desktop\PROJECT\POS-PROJECT\.venv\Lib\site-packages\django\views\generic\base.py", line 105, in view
    return self.dispatch(request, *args, **kwargs)
           ~~~~~~~~~~~~~^^^^^^^^^^^^^^^^^^^^^^^^^^
  File "C:\Users\HP\Desktop\PROJECT\POS-PROJECT\.venv\Lib\site-packages\rest_framework\views.py", line 515, in dispatch
    response = self.handle_exception(exc)
  File "C:\Users\HP\Desktop\PROJECT\POS-PROJECT\.venv\Lib\site-packages\rest_framework\views.py", line 475, in handle_exception
    self.raise_uncaught_exception(exc)
    ~~~~~~~~~~~~~~~~~~~~~~~~~~~~~^^^^^
  File "C:\Users\HP\Desktop\PROJECT\POS-PROJECT\.venv\Lib\site-packages\rest_framework\views.py", line 486, in raise_uncaught_exception
    raise exc
  File "C:\Users\HP\Desktop\PROJECT\POS-PROJECT\.venv\Lib\site-packages\rest_framework\views.py", line 512, in dispatch
    response = handler(request, *args, **kwargs)
  File "C:\Users\HP\Desktop\PROJECT\POS-PROJECT\.venv\Lib\site-packages\drf_yasg\views.py", line 129, in get
    schema = generator.get_schema(request, self.public)
  File "C:\Users\HP\Desktop\PROJECT\POS-PROJECT\.venv\Lib\site-packages\drf_yasg\generators.py", line 337, in get_schema
    paths, prefix = self.get_paths(endpoints, components, request, public)
                    ~~~~~~~~~~~~~~^^^^^^^^^^^^^^^^^^^^^^^^^^^^^^^^^^^^^^^^
  File "C:\Users\HP\Desktop\PROJECT\POS-PROJECT\.venv\Lib\site-packages\drf_yasg\generators.py", line 561, in get_paths
    operation = self.get_operation(
        view, path, prefix, method, components, request
    )
  File "C:\Users\HP\Desktop\PROJECT\POS-PROJECT\.venv\Lib\site-packages\drf_yasg\generators.py", line 609, in get_operation
    operation = view_inspector.get_operation(operation_keys)
  File "C:\Users\HP\Desktop\PROJECT\POS-PROJECT\.venv\Lib\site-packages\drf_yasg\inspectors\view.py", line 44, in get_operation
    query = self.get_query_parameters()
  File "C:\Users\HP\Desktop\PROJECT\POS-PROJECT\.venv\Lib\site-packages\drf_yasg\inspectors\view.py", line 350, in get_query_parameters
    self.get_filter_parameters() + self.get_pagination_parameters()
    ~~~~~~~~~~~~~~~~~~~~~~~~~~^^
  File "C:\Users\HP\Desktop\PROJECT\POS-PROJECT\.venv\Lib\site-packages\drf_yasg\inspectors\base.py", line 510, in get_filter_parameters
    self.probe_inspectors(
    ~~~~~~~~~~~~~~~~~~~~~^
        self.filter_inspectors, "get_filter_parameters", filter_backend()
        ^^^^^^^^^^^^^^^^^^^^^^^^^^^^^^^^^^^^^^^^^^^^^^^^^^^^^^^^^^^^^^^^^
    )
    ^
  File "C:\Users\HP\Desktop\PROJECT\POS-PROJECT\.venv\Lib\site-packages\drf_yasg\inspectors\base.py", line 137, in probe_inspectors
    result = method(obj, **kwargs)
  File "C:\Users\HP\Desktop\PROJECT\POS-PROJECT\.venv\Lib\site-packages\drf_yasg\inspectors\query.py", line 55, in get_filter_parameters
    return self.get_filter_backend_params(filter_backend)
           ~~~~~~~~~~~~~~~~~~~~~~~~~~~~~~^^^^^^^^^^^^^^^^
  File "C:\Users\HP\Desktop\PROJECT\POS-PROJECT\.venv\Lib\site-packages\drf_yasg\inspectors\query.py", line 60, in get_filter_backend_params
    filterset_class = filter_backend.get_filterset_class(
        self.view,
        self.view.queryset,
    )
  File "C:\Users\HP\Desktop\PROJECT\POS-PROJECT\.venv\Lib\site-packages\django_filters\rest_framework\backends.py", line 49, in get_filterset_class
    class AutoFilterSet(self.filterset_base):
    ...<2 lines>...
            fields = filterset_fields
  File "C:\Users\HP\Desktop\PROJECT\POS-PROJECT\.venv\Lib\site-packages\django_filters\filterset.py", line 82, in __new__
    new_class.base_filters = new_class.get_filters()
                             ~~~~~~~~~~~~~~~~~~~~~^^
  File "C:\Users\HP\Desktop\PROJECT\POS-PROJECT\.venv\Lib\site-packages\django_filters\filterset.py", line 371, in get_filters
    raise TypeError(
    ...<2 lines>...
    )
TypeError: 'Meta.fields' must not contain non-model field names: user_type
ERROR 2026-02-02 17:39:57,596 basehttp "GET /swagger/?format=openapi HTTP/1.1" 500 180193
=======
ERROR 2026-02-02 11:28:31,795 log Internal Server Error: /api/products/
Traceback (most recent call last):
  File "C:\Users\donan\Desktop\ProjetBoutique\env_boutique\Lib\site-packages\django\core\handlers\exception.py", line 55, in inner
    response = get_response(request)
  File "C:\Users\donan\Desktop\ProjetBoutique\env_boutique\Lib\site-packages\django\core\handlers\base.py", line 197, in _get_response
    response = wrapped_callback(request, *callback_args, **callback_kwargs)
  File "C:\Users\donan\Desktop\ProjetBoutique\env_boutique\Lib\site-packages\django\views\decorators\csrf.py", line 65, in _view_wrapper
    return view_func(request, *args, **kwargs)
  File "C:\Users\donan\Desktop\ProjetBoutique\env_boutique\Lib\site-packages\rest_framework\viewsets.py", line 125, in view
    return self.dispatch(request, *args, **kwargs)
           ~~~~~~~~~~~~~^^^^^^^^^^^^^^^^^^^^^^^^^^
  File "C:\Users\donan\Desktop\ProjetBoutique\env_boutique\Lib\site-packages\rest_framework\views.py", line 515, in dispatch
    response = self.handle_exception(exc)
  File "C:\Users\donan\Desktop\ProjetBoutique\env_boutique\Lib\site-packages\rest_framework\views.py", line 475, in handle_exception
    self.raise_uncaught_exception(exc)
    ~~~~~~~~~~~~~~~~~~~~~~~~~~~~~^^^^^
  File "C:\Users\donan\Desktop\ProjetBoutique\env_boutique\Lib\site-packages\rest_framework\views.py", line 486, in raise_uncaught_exception
    raise exc
  File "C:\Users\donan\Desktop\ProjetBoutique\env_boutique\Lib\site-packages\rest_framework\views.py", line 512, in dispatch
    response = handler(request, *args, **kwargs)
  File "C:\Users\donan\Desktop\ProjetBoutique\env_boutique\Lib\site-packages\rest_framework\mixins.py", line 20, in create
    headers = self.get_success_headers(serializer.data)
                                       ^^^^^^^^^^^^^^^
  File "C:\Users\donan\Desktop\ProjetBoutique\env_boutique\Lib\site-packages\rest_framework\serializers.py", line 573, in data
    ret = super().data
          ^^^^^^^^^^^^
  File "C:\Users\donan\Desktop\ProjetBoutique\env_boutique\Lib\site-packages\rest_framework\serializers.py", line 251, in data
    self._data = self.to_representation(self.instance)
                 ~~~~~~~~~~~~~~~~~~~~~~^^^^^^^^^^^^^^^
  File "C:\Users\donan\Desktop\ProjetBoutique\env_boutique\Lib\site-packages\rest_framework\serializers.py", line 540, in to_representation
    ret[field.field_name] = field.to_representation(attribute)
                            ~~~~~~~~~~~~~~~~~~~~~~~^^^^^^^^^^^
  File "C:\Users\donan\Desktop\ProjetBoutique\env_boutique\Lib\site-packages\rest_framework\fields.py", line 1870, in to_representation
    return method(value)
  File "C:\Users\donan\Desktop\POS-PROJECT\ADMIN WEB\api_boutique_core\serializers.py", line 936, in get_margin
    if obj.cost_price and obj.base_price and obj.cost_price > 0:
       ^^^^^^^^^^^^^^
AttributeError: 'Product' object has no attribute 'cost_price'
ERROR 2026-02-02 11:28:31,804 basehttp "POST /api/products/ HTTP/1.1" 500 155805
ERROR 2026-02-02 11:30:19,803 log Internal Server Error: /api/products/
Traceback (most recent call last):
  File "C:\Users\donan\Desktop\ProjetBoutique\env_boutique\Lib\site-packages\django\core\handlers\exception.py", line 55, in inner
    response = get_response(request)
  File "C:\Users\donan\Desktop\ProjetBoutique\env_boutique\Lib\site-packages\django\core\handlers\base.py", line 197, in _get_response
    response = wrapped_callback(request, *callback_args, **callback_kwargs)
  File "C:\Users\donan\Desktop\ProjetBoutique\env_boutique\Lib\site-packages\django\views\decorators\csrf.py", line 65, in _view_wrapper
    return view_func(request, *args, **kwargs)
  File "C:\Users\donan\Desktop\ProjetBoutique\env_boutique\Lib\site-packages\rest_framework\viewsets.py", line 125, in view
    return self.dispatch(request, *args, **kwargs)
           ~~~~~~~~~~~~~^^^^^^^^^^^^^^^^^^^^^^^^^^
  File "C:\Users\donan\Desktop\ProjetBoutique\env_boutique\Lib\site-packages\rest_framework\views.py", line 515, in dispatch
    response = self.handle_exception(exc)
  File "C:\Users\donan\Desktop\ProjetBoutique\env_boutique\Lib\site-packages\rest_framework\views.py", line 475, in handle_exception
    self.raise_uncaught_exception(exc)
    ~~~~~~~~~~~~~~~~~~~~~~~~~~~~~^^^^^
  File "C:\Users\donan\Desktop\ProjetBoutique\env_boutique\Lib\site-packages\rest_framework\views.py", line 486, in raise_uncaught_exception
    raise exc
  File "C:\Users\donan\Desktop\ProjetBoutique\env_boutique\Lib\site-packages\rest_framework\views.py", line 512, in dispatch
    response = handler(request, *args, **kwargs)
  File "C:\Users\donan\Desktop\ProjetBoutique\env_boutique\Lib\site-packages\rest_framework\mixins.py", line 43, in list
    return self.get_paginated_response(serializer.data)
                                       ^^^^^^^^^^^^^^^
  File "C:\Users\donan\Desktop\ProjetBoutique\env_boutique\Lib\site-packages\rest_framework\serializers.py", line 797, in data
    ret = super().data
          ^^^^^^^^^^^^
  File "C:\Users\donan\Desktop\ProjetBoutique\env_boutique\Lib\site-packages\rest_framework\serializers.py", line 251, in data
    self._data = self.to_representation(self.instance)
                 ~~~~~~~~~~~~~~~~~~~~~~^^^^^^^^^^^^^^^
  File "C:\Users\donan\Desktop\ProjetBoutique\env_boutique\Lib\site-packages\rest_framework\serializers.py", line 716, in to_representation
    self.child.to_representation(item) for item in iterable
    ~~~~~~~~~~~~~~~~~~~~~~~~~~~~^^^^^^
  File "C:\Users\donan\Desktop\ProjetBoutique\env_boutique\Lib\site-packages\rest_framework\serializers.py", line 540, in to_representation
    ret[field.field_name] = field.to_representation(attribute)
                            ~~~~~~~~~~~~~~~~~~~~~~~^^^^^^^^^^^
  File "C:\Users\donan\Desktop\ProjetBoutique\env_boutique\Lib\site-packages\rest_framework\fields.py", line 1870, in to_representation
    return method(value)
  File "C:\Users\donan\Desktop\POS-PROJECT\ADMIN WEB\api_boutique_core\serializers.py", line 936, in get_margin
    if obj.cost_price and obj.base_price and obj.cost_price > 0:
       ^^^^^^^^^^^^^^
AttributeError: 'Product' object has no attribute 'cost_price'
ERROR 2026-02-02 11:30:19,807 basehttp "GET /api/products/ HTTP/1.1" 500 157218
ERROR 2026-02-02 11:30:22,011 log Internal Server Error: /api/products/
Traceback (most recent call last):
  File "C:\Users\donan\Desktop\ProjetBoutique\env_boutique\Lib\site-packages\django\core\handlers\exception.py", line 55, in inner
    response = get_response(request)
  File "C:\Users\donan\Desktop\ProjetBoutique\env_boutique\Lib\site-packages\django\core\handlers\base.py", line 197, in _get_response
    response = wrapped_callback(request, *callback_args, **callback_kwargs)
  File "C:\Users\donan\Desktop\ProjetBoutique\env_boutique\Lib\site-packages\django\views\decorators\csrf.py", line 65, in _view_wrapper
    return view_func(request, *args, **kwargs)
  File "C:\Users\donan\Desktop\ProjetBoutique\env_boutique\Lib\site-packages\rest_framework\viewsets.py", line 125, in view
    return self.dispatch(request, *args, **kwargs)
           ~~~~~~~~~~~~~^^^^^^^^^^^^^^^^^^^^^^^^^^
  File "C:\Users\donan\Desktop\ProjetBoutique\env_boutique\Lib\site-packages\rest_framework\views.py", line 515, in dispatch
    response = self.handle_exception(exc)
  File "C:\Users\donan\Desktop\ProjetBoutique\env_boutique\Lib\site-packages\rest_framework\views.py", line 475, in handle_exception
    self.raise_uncaught_exception(exc)
    ~~~~~~~~~~~~~~~~~~~~~~~~~~~~~^^^^^
  File "C:\Users\donan\Desktop\ProjetBoutique\env_boutique\Lib\site-packages\rest_framework\views.py", line 486, in raise_uncaught_exception
    raise exc
  File "C:\Users\donan\Desktop\ProjetBoutique\env_boutique\Lib\site-packages\rest_framework\views.py", line 512, in dispatch
    response = handler(request, *args, **kwargs)
  File "C:\Users\donan\Desktop\ProjetBoutique\env_boutique\Lib\site-packages\rest_framework\mixins.py", line 43, in list
    return self.get_paginated_response(serializer.data)
                                       ^^^^^^^^^^^^^^^
  File "C:\Users\donan\Desktop\ProjetBoutique\env_boutique\Lib\site-packages\rest_framework\serializers.py", line 797, in data
    ret = super().data
          ^^^^^^^^^^^^
  File "C:\Users\donan\Desktop\ProjetBoutique\env_boutique\Lib\site-packages\rest_framework\serializers.py", line 251, in data
    self._data = self.to_representation(self.instance)
                 ~~~~~~~~~~~~~~~~~~~~~~^^^^^^^^^^^^^^^
  File "C:\Users\donan\Desktop\ProjetBoutique\env_boutique\Lib\site-packages\rest_framework\serializers.py", line 716, in to_representation
    self.child.to_representation(item) for item in iterable
    ~~~~~~~~~~~~~~~~~~~~~~~~~~~~^^^^^^
  File "C:\Users\donan\Desktop\ProjetBoutique\env_boutique\Lib\site-packages\rest_framework\serializers.py", line 540, in to_representation
    ret[field.field_name] = field.to_representation(attribute)
                            ~~~~~~~~~~~~~~~~~~~~~~~^^^^^^^^^^^
  File "C:\Users\donan\Desktop\ProjetBoutique\env_boutique\Lib\site-packages\rest_framework\fields.py", line 1870, in to_representation
    return method(value)
  File "C:\Users\donan\Desktop\POS-PROJECT\ADMIN WEB\api_boutique_core\serializers.py", line 936, in get_margin
    if obj.cost_price and obj.base_price and obj.cost_price > 0:
       ^^^^^^^^^^^^^^
AttributeError: 'Product' object has no attribute 'cost_price'
ERROR 2026-02-02 11:30:22,015 basehttp "GET /api/products/ HTTP/1.1" 500 157218
ERROR 2026-02-02 11:30:23,545 log Internal Server Error: /api/products/
Traceback (most recent call last):
  File "C:\Users\donan\Desktop\ProjetBoutique\env_boutique\Lib\site-packages\django\core\handlers\exception.py", line 55, in inner
    response = get_response(request)
  File "C:\Users\donan\Desktop\ProjetBoutique\env_boutique\Lib\site-packages\django\core\handlers\base.py", line 197, in _get_response
    response = wrapped_callback(request, *callback_args, **callback_kwargs)
  File "C:\Users\donan\Desktop\ProjetBoutique\env_boutique\Lib\site-packages\django\views\decorators\csrf.py", line 65, in _view_wrapper
    return view_func(request, *args, **kwargs)
  File "C:\Users\donan\Desktop\ProjetBoutique\env_boutique\Lib\site-packages\rest_framework\viewsets.py", line 125, in view
    return self.dispatch(request, *args, **kwargs)
           ~~~~~~~~~~~~~^^^^^^^^^^^^^^^^^^^^^^^^^^
  File "C:\Users\donan\Desktop\ProjetBoutique\env_boutique\Lib\site-packages\rest_framework\views.py", line 515, in dispatch
    response = self.handle_exception(exc)
  File "C:\Users\donan\Desktop\ProjetBoutique\env_boutique\Lib\site-packages\rest_framework\views.py", line 475, in handle_exception
    self.raise_uncaught_exception(exc)
    ~~~~~~~~~~~~~~~~~~~~~~~~~~~~~^^^^^
  File "C:\Users\donan\Desktop\ProjetBoutique\env_boutique\Lib\site-packages\rest_framework\views.py", line 486, in raise_uncaught_exception
    raise exc
  File "C:\Users\donan\Desktop\ProjetBoutique\env_boutique\Lib\site-packages\rest_framework\views.py", line 512, in dispatch
    response = handler(request, *args, **kwargs)
  File "C:\Users\donan\Desktop\ProjetBoutique\env_boutique\Lib\site-packages\rest_framework\mixins.py", line 43, in list
    return self.get_paginated_response(serializer.data)
                                       ^^^^^^^^^^^^^^^
  File "C:\Users\donan\Desktop\ProjetBoutique\env_boutique\Lib\site-packages\rest_framework\serializers.py", line 797, in data
    ret = super().data
          ^^^^^^^^^^^^
  File "C:\Users\donan\Desktop\ProjetBoutique\env_boutique\Lib\site-packages\rest_framework\serializers.py", line 251, in data
    self._data = self.to_representation(self.instance)
                 ~~~~~~~~~~~~~~~~~~~~~~^^^^^^^^^^^^^^^
  File "C:\Users\donan\Desktop\ProjetBoutique\env_boutique\Lib\site-packages\rest_framework\serializers.py", line 716, in to_representation
    self.child.to_representation(item) for item in iterable
    ~~~~~~~~~~~~~~~~~~~~~~~~~~~~^^^^^^
  File "C:\Users\donan\Desktop\ProjetBoutique\env_boutique\Lib\site-packages\rest_framework\serializers.py", line 540, in to_representation
    ret[field.field_name] = field.to_representation(attribute)
                            ~~~~~~~~~~~~~~~~~~~~~~~^^^^^^^^^^^
  File "C:\Users\donan\Desktop\ProjetBoutique\env_boutique\Lib\site-packages\rest_framework\fields.py", line 1870, in to_representation
    return method(value)
  File "C:\Users\donan\Desktop\POS-PROJECT\ADMIN WEB\api_boutique_core\serializers.py", line 936, in get_margin
    if obj.cost_price and obj.base_price and obj.cost_price > 0:
       ^^^^^^^^^^^^^^
AttributeError: 'Product' object has no attribute 'cost_price'
ERROR 2026-02-02 11:30:23,549 basehttp "GET /api/products/ HTTP/1.1" 500 157218
ERROR 2026-02-02 11:30:25,394 log Internal Server Error: /api/products/
Traceback (most recent call last):
  File "C:\Users\donan\Desktop\ProjetBoutique\env_boutique\Lib\site-packages\django\core\handlers\exception.py", line 55, in inner
    response = get_response(request)
  File "C:\Users\donan\Desktop\ProjetBoutique\env_boutique\Lib\site-packages\django\core\handlers\base.py", line 197, in _get_response
    response = wrapped_callback(request, *callback_args, **callback_kwargs)
  File "C:\Users\donan\Desktop\ProjetBoutique\env_boutique\Lib\site-packages\django\views\decorators\csrf.py", line 65, in _view_wrapper
    return view_func(request, *args, **kwargs)
  File "C:\Users\donan\Desktop\ProjetBoutique\env_boutique\Lib\site-packages\rest_framework\viewsets.py", line 125, in view
    return self.dispatch(request, *args, **kwargs)
           ~~~~~~~~~~~~~^^^^^^^^^^^^^^^^^^^^^^^^^^
  File "C:\Users\donan\Desktop\ProjetBoutique\env_boutique\Lib\site-packages\rest_framework\views.py", line 515, in dispatch
    response = self.handle_exception(exc)
  File "C:\Users\donan\Desktop\ProjetBoutique\env_boutique\Lib\site-packages\rest_framework\views.py", line 475, in handle_exception
    self.raise_uncaught_exception(exc)
    ~~~~~~~~~~~~~~~~~~~~~~~~~~~~~^^^^^
  File "C:\Users\donan\Desktop\ProjetBoutique\env_boutique\Lib\site-packages\rest_framework\views.py", line 486, in raise_uncaught_exception
    raise exc
  File "C:\Users\donan\Desktop\ProjetBoutique\env_boutique\Lib\site-packages\rest_framework\views.py", line 512, in dispatch
    response = handler(request, *args, **kwargs)
  File "C:\Users\donan\Desktop\ProjetBoutique\env_boutique\Lib\site-packages\rest_framework\mixins.py", line 43, in list
    return self.get_paginated_response(serializer.data)
                                       ^^^^^^^^^^^^^^^
  File "C:\Users\donan\Desktop\ProjetBoutique\env_boutique\Lib\site-packages\rest_framework\serializers.py", line 797, in data
    ret = super().data
          ^^^^^^^^^^^^
  File "C:\Users\donan\Desktop\ProjetBoutique\env_boutique\Lib\site-packages\rest_framework\serializers.py", line 251, in data
    self._data = self.to_representation(self.instance)
                 ~~~~~~~~~~~~~~~~~~~~~~^^^^^^^^^^^^^^^
  File "C:\Users\donan\Desktop\ProjetBoutique\env_boutique\Lib\site-packages\rest_framework\serializers.py", line 716, in to_representation
    self.child.to_representation(item) for item in iterable
    ~~~~~~~~~~~~~~~~~~~~~~~~~~~~^^^^^^
  File "C:\Users\donan\Desktop\ProjetBoutique\env_boutique\Lib\site-packages\rest_framework\serializers.py", line 540, in to_representation
    ret[field.field_name] = field.to_representation(attribute)
                            ~~~~~~~~~~~~~~~~~~~~~~~^^^^^^^^^^^
  File "C:\Users\donan\Desktop\ProjetBoutique\env_boutique\Lib\site-packages\rest_framework\fields.py", line 1870, in to_representation
    return method(value)
  File "C:\Users\donan\Desktop\POS-PROJECT\ADMIN WEB\api_boutique_core\serializers.py", line 936, in get_margin
    if obj.cost_price and obj.base_price and obj.cost_price > 0:
       ^^^^^^^^^^^^^^
AttributeError: 'Product' object has no attribute 'cost_price'
ERROR 2026-02-02 11:30:25,398 basehttp "GET /api/products/ HTTP/1.1" 500 157218
ERROR 2026-02-02 11:31:23,838 log Internal Server Error: /api/products/
Traceback (most recent call last):
  File "C:\Users\donan\Desktop\ProjetBoutique\env_boutique\Lib\site-packages\django\core\handlers\exception.py", line 55, in inner
    response = get_response(request)
  File "C:\Users\donan\Desktop\ProjetBoutique\env_boutique\Lib\site-packages\django\core\handlers\base.py", line 197, in _get_response
    response = wrapped_callback(request, *callback_args, **callback_kwargs)
  File "C:\Users\donan\Desktop\ProjetBoutique\env_boutique\Lib\site-packages\django\views\decorators\csrf.py", line 65, in _view_wrapper
    return view_func(request, *args, **kwargs)
  File "C:\Users\donan\Desktop\ProjetBoutique\env_boutique\Lib\site-packages\rest_framework\viewsets.py", line 125, in view
    return self.dispatch(request, *args, **kwargs)
           ~~~~~~~~~~~~~^^^^^^^^^^^^^^^^^^^^^^^^^^
  File "C:\Users\donan\Desktop\ProjetBoutique\env_boutique\Lib\site-packages\rest_framework\views.py", line 515, in dispatch
    response = self.handle_exception(exc)
  File "C:\Users\donan\Desktop\ProjetBoutique\env_boutique\Lib\site-packages\rest_framework\views.py", line 475, in handle_exception
    self.raise_uncaught_exception(exc)
    ~~~~~~~~~~~~~~~~~~~~~~~~~~~~~^^^^^
  File "C:\Users\donan\Desktop\ProjetBoutique\env_boutique\Lib\site-packages\rest_framework\views.py", line 486, in raise_uncaught_exception
    raise exc
  File "C:\Users\donan\Desktop\ProjetBoutique\env_boutique\Lib\site-packages\rest_framework\views.py", line 512, in dispatch
    response = handler(request, *args, **kwargs)
  File "C:\Users\donan\Desktop\ProjetBoutique\env_boutique\Lib\site-packages\rest_framework\mixins.py", line 43, in list
    return self.get_paginated_response(serializer.data)
                                       ^^^^^^^^^^^^^^^
  File "C:\Users\donan\Desktop\ProjetBoutique\env_boutique\Lib\site-packages\rest_framework\serializers.py", line 797, in data
    ret = super().data
          ^^^^^^^^^^^^
  File "C:\Users\donan\Desktop\ProjetBoutique\env_boutique\Lib\site-packages\rest_framework\serializers.py", line 251, in data
    self._data = self.to_representation(self.instance)
                 ~~~~~~~~~~~~~~~~~~~~~~^^^^^^^^^^^^^^^
  File "C:\Users\donan\Desktop\ProjetBoutique\env_boutique\Lib\site-packages\rest_framework\serializers.py", line 716, in to_representation
    self.child.to_representation(item) for item in iterable
    ~~~~~~~~~~~~~~~~~~~~~~~~~~~~^^^^^^
  File "C:\Users\donan\Desktop\ProjetBoutique\env_boutique\Lib\site-packages\rest_framework\serializers.py", line 540, in to_representation
    ret[field.field_name] = field.to_representation(attribute)
                            ~~~~~~~~~~~~~~~~~~~~~~~^^^^^^^^^^^
  File "C:\Users\donan\Desktop\ProjetBoutique\env_boutique\Lib\site-packages\rest_framework\fields.py", line 1870, in to_representation
    return method(value)
  File "C:\Users\donan\Desktop\POS-PROJECT\ADMIN WEB\api_boutique_core\serializers.py", line 936, in get_margin
    if obj.cost_price and obj.base_price and obj.cost_price > 0:
       ^^^^^^^^^^^^^^
AttributeError: 'Product' object has no attribute 'cost_price'
ERROR 2026-02-02 11:31:23,841 basehttp "GET /api/products/ HTTP/1.1" 500 157218
ERROR 2026-02-02 11:31:25,530 log Internal Server Error: /api/products/
Traceback (most recent call last):
  File "C:\Users\donan\Desktop\ProjetBoutique\env_boutique\Lib\site-packages\django\core\handlers\exception.py", line 55, in inner
    response = get_response(request)
  File "C:\Users\donan\Desktop\ProjetBoutique\env_boutique\Lib\site-packages\django\core\handlers\base.py", line 197, in _get_response
    response = wrapped_callback(request, *callback_args, **callback_kwargs)
  File "C:\Users\donan\Desktop\ProjetBoutique\env_boutique\Lib\site-packages\django\views\decorators\csrf.py", line 65, in _view_wrapper
    return view_func(request, *args, **kwargs)
  File "C:\Users\donan\Desktop\ProjetBoutique\env_boutique\Lib\site-packages\rest_framework\viewsets.py", line 125, in view
    return self.dispatch(request, *args, **kwargs)
           ~~~~~~~~~~~~~^^^^^^^^^^^^^^^^^^^^^^^^^^
  File "C:\Users\donan\Desktop\ProjetBoutique\env_boutique\Lib\site-packages\rest_framework\views.py", line 515, in dispatch
    response = self.handle_exception(exc)
  File "C:\Users\donan\Desktop\ProjetBoutique\env_boutique\Lib\site-packages\rest_framework\views.py", line 475, in handle_exception
    self.raise_uncaught_exception(exc)
    ~~~~~~~~~~~~~~~~~~~~~~~~~~~~~^^^^^
  File "C:\Users\donan\Desktop\ProjetBoutique\env_boutique\Lib\site-packages\rest_framework\views.py", line 486, in raise_uncaught_exception
    raise exc
  File "C:\Users\donan\Desktop\ProjetBoutique\env_boutique\Lib\site-packages\rest_framework\views.py", line 512, in dispatch
    response = handler(request, *args, **kwargs)
  File "C:\Users\donan\Desktop\ProjetBoutique\env_boutique\Lib\site-packages\rest_framework\mixins.py", line 43, in list
    return self.get_paginated_response(serializer.data)
                                       ^^^^^^^^^^^^^^^
  File "C:\Users\donan\Desktop\ProjetBoutique\env_boutique\Lib\site-packages\rest_framework\serializers.py", line 797, in data
    ret = super().data
          ^^^^^^^^^^^^
  File "C:\Users\donan\Desktop\ProjetBoutique\env_boutique\Lib\site-packages\rest_framework\serializers.py", line 251, in data
    self._data = self.to_representation(self.instance)
                 ~~~~~~~~~~~~~~~~~~~~~~^^^^^^^^^^^^^^^
  File "C:\Users\donan\Desktop\ProjetBoutique\env_boutique\Lib\site-packages\rest_framework\serializers.py", line 716, in to_representation
    self.child.to_representation(item) for item in iterable
    ~~~~~~~~~~~~~~~~~~~~~~~~~~~~^^^^^^
  File "C:\Users\donan\Desktop\ProjetBoutique\env_boutique\Lib\site-packages\rest_framework\serializers.py", line 540, in to_representation
    ret[field.field_name] = field.to_representation(attribute)
                            ~~~~~~~~~~~~~~~~~~~~~~~^^^^^^^^^^^
  File "C:\Users\donan\Desktop\ProjetBoutique\env_boutique\Lib\site-packages\rest_framework\fields.py", line 1870, in to_representation
    return method(value)
  File "C:\Users\donan\Desktop\POS-PROJECT\ADMIN WEB\api_boutique_core\serializers.py", line 936, in get_margin
    if obj.cost_price and obj.base_price and obj.cost_price > 0:
       ^^^^^^^^^^^^^^
AttributeError: 'Product' object has no attribute 'cost_price'
ERROR 2026-02-02 11:31:25,534 basehttp "GET /api/products/ HTTP/1.1" 500 157218
ERROR 2026-02-02 11:31:27,225 log Internal Server Error: /api/products/
Traceback (most recent call last):
  File "C:\Users\donan\Desktop\ProjetBoutique\env_boutique\Lib\site-packages\django\core\handlers\exception.py", line 55, in inner
    response = get_response(request)
  File "C:\Users\donan\Desktop\ProjetBoutique\env_boutique\Lib\site-packages\django\core\handlers\base.py", line 197, in _get_response
    response = wrapped_callback(request, *callback_args, **callback_kwargs)
  File "C:\Users\donan\Desktop\ProjetBoutique\env_boutique\Lib\site-packages\django\views\decorators\csrf.py", line 65, in _view_wrapper
    return view_func(request, *args, **kwargs)
  File "C:\Users\donan\Desktop\ProjetBoutique\env_boutique\Lib\site-packages\rest_framework\viewsets.py", line 125, in view
    return self.dispatch(request, *args, **kwargs)
           ~~~~~~~~~~~~~^^^^^^^^^^^^^^^^^^^^^^^^^^
  File "C:\Users\donan\Desktop\ProjetBoutique\env_boutique\Lib\site-packages\rest_framework\views.py", line 515, in dispatch
    response = self.handle_exception(exc)
  File "C:\Users\donan\Desktop\ProjetBoutique\env_boutique\Lib\site-packages\rest_framework\views.py", line 475, in handle_exception
    self.raise_uncaught_exception(exc)
    ~~~~~~~~~~~~~~~~~~~~~~~~~~~~~^^^^^
  File "C:\Users\donan\Desktop\ProjetBoutique\env_boutique\Lib\site-packages\rest_framework\views.py", line 486, in raise_uncaught_exception
    raise exc
  File "C:\Users\donan\Desktop\ProjetBoutique\env_boutique\Lib\site-packages\rest_framework\views.py", line 512, in dispatch
    response = handler(request, *args, **kwargs)
  File "C:\Users\donan\Desktop\ProjetBoutique\env_boutique\Lib\site-packages\rest_framework\mixins.py", line 43, in list
    return self.get_paginated_response(serializer.data)
                                       ^^^^^^^^^^^^^^^
  File "C:\Users\donan\Desktop\ProjetBoutique\env_boutique\Lib\site-packages\rest_framework\serializers.py", line 797, in data
    ret = super().data
          ^^^^^^^^^^^^
  File "C:\Users\donan\Desktop\ProjetBoutique\env_boutique\Lib\site-packages\rest_framework\serializers.py", line 251, in data
    self._data = self.to_representation(self.instance)
                 ~~~~~~~~~~~~~~~~~~~~~~^^^^^^^^^^^^^^^
  File "C:\Users\donan\Desktop\ProjetBoutique\env_boutique\Lib\site-packages\rest_framework\serializers.py", line 716, in to_representation
    self.child.to_representation(item) for item in iterable
    ~~~~~~~~~~~~~~~~~~~~~~~~~~~~^^^^^^
  File "C:\Users\donan\Desktop\ProjetBoutique\env_boutique\Lib\site-packages\rest_framework\serializers.py", line 540, in to_representation
    ret[field.field_name] = field.to_representation(attribute)
                            ~~~~~~~~~~~~~~~~~~~~~~~^^^^^^^^^^^
  File "C:\Users\donan\Desktop\ProjetBoutique\env_boutique\Lib\site-packages\rest_framework\fields.py", line 1870, in to_representation
    return method(value)
  File "C:\Users\donan\Desktop\POS-PROJECT\ADMIN WEB\api_boutique_core\serializers.py", line 936, in get_margin
    if obj.cost_price and obj.base_price and obj.cost_price > 0:
       ^^^^^^^^^^^^^^
AttributeError: 'Product' object has no attribute 'cost_price'
ERROR 2026-02-02 11:31:27,230 basehttp "GET /api/products/ HTTP/1.1" 500 157218
ERROR 2026-02-02 11:31:29,029 log Internal Server Error: /api/products/
Traceback (most recent call last):
  File "C:\Users\donan\Desktop\ProjetBoutique\env_boutique\Lib\site-packages\django\core\handlers\exception.py", line 55, in inner
    response = get_response(request)
  File "C:\Users\donan\Desktop\ProjetBoutique\env_boutique\Lib\site-packages\django\core\handlers\base.py", line 197, in _get_response
    response = wrapped_callback(request, *callback_args, **callback_kwargs)
  File "C:\Users\donan\Desktop\ProjetBoutique\env_boutique\Lib\site-packages\django\views\decorators\csrf.py", line 65, in _view_wrapper
    return view_func(request, *args, **kwargs)
  File "C:\Users\donan\Desktop\ProjetBoutique\env_boutique\Lib\site-packages\rest_framework\viewsets.py", line 125, in view
    return self.dispatch(request, *args, **kwargs)
           ~~~~~~~~~~~~~^^^^^^^^^^^^^^^^^^^^^^^^^^
  File "C:\Users\donan\Desktop\ProjetBoutique\env_boutique\Lib\site-packages\rest_framework\views.py", line 515, in dispatch
    response = self.handle_exception(exc)
  File "C:\Users\donan\Desktop\ProjetBoutique\env_boutique\Lib\site-packages\rest_framework\views.py", line 475, in handle_exception
    self.raise_uncaught_exception(exc)
    ~~~~~~~~~~~~~~~~~~~~~~~~~~~~~^^^^^
  File "C:\Users\donan\Desktop\ProjetBoutique\env_boutique\Lib\site-packages\rest_framework\views.py", line 486, in raise_uncaught_exception
    raise exc
  File "C:\Users\donan\Desktop\ProjetBoutique\env_boutique\Lib\site-packages\rest_framework\views.py", line 512, in dispatch
    response = handler(request, *args, **kwargs)
  File "C:\Users\donan\Desktop\ProjetBoutique\env_boutique\Lib\site-packages\rest_framework\mixins.py", line 43, in list
    return self.get_paginated_response(serializer.data)
                                       ^^^^^^^^^^^^^^^
  File "C:\Users\donan\Desktop\ProjetBoutique\env_boutique\Lib\site-packages\rest_framework\serializers.py", line 797, in data
    ret = super().data
          ^^^^^^^^^^^^
  File "C:\Users\donan\Desktop\ProjetBoutique\env_boutique\Lib\site-packages\rest_framework\serializers.py", line 251, in data
    self._data = self.to_representation(self.instance)
                 ~~~~~~~~~~~~~~~~~~~~~~^^^^^^^^^^^^^^^
  File "C:\Users\donan\Desktop\ProjetBoutique\env_boutique\Lib\site-packages\rest_framework\serializers.py", line 716, in to_representation
    self.child.to_representation(item) for item in iterable
    ~~~~~~~~~~~~~~~~~~~~~~~~~~~~^^^^^^
  File "C:\Users\donan\Desktop\ProjetBoutique\env_boutique\Lib\site-packages\rest_framework\serializers.py", line 540, in to_representation
    ret[field.field_name] = field.to_representation(attribute)
                            ~~~~~~~~~~~~~~~~~~~~~~~^^^^^^^^^^^
  File "C:\Users\donan\Desktop\ProjetBoutique\env_boutique\Lib\site-packages\rest_framework\fields.py", line 1870, in to_representation
    return method(value)
  File "C:\Users\donan\Desktop\POS-PROJECT\ADMIN WEB\api_boutique_core\serializers.py", line 936, in get_margin
    if obj.cost_price and obj.base_price and obj.cost_price > 0:
       ^^^^^^^^^^^^^^
AttributeError: 'Product' object has no attribute 'cost_price'
ERROR 2026-02-02 11:31:29,035 basehttp "GET /api/products/ HTTP/1.1" 500 157218
ERROR 2026-02-02 11:31:40,975 log Internal Server Error: /api/products/
Traceback (most recent call last):
  File "C:\Users\donan\Desktop\ProjetBoutique\env_boutique\Lib\site-packages\django\core\handlers\exception.py", line 55, in inner
    response = get_response(request)
  File "C:\Users\donan\Desktop\ProjetBoutique\env_boutique\Lib\site-packages\django\core\handlers\base.py", line 197, in _get_response
    response = wrapped_callback(request, *callback_args, **callback_kwargs)
  File "C:\Users\donan\Desktop\ProjetBoutique\env_boutique\Lib\site-packages\django\views\decorators\csrf.py", line 65, in _view_wrapper
    return view_func(request, *args, **kwargs)
  File "C:\Users\donan\Desktop\ProjetBoutique\env_boutique\Lib\site-packages\rest_framework\viewsets.py", line 125, in view
    return self.dispatch(request, *args, **kwargs)
           ~~~~~~~~~~~~~^^^^^^^^^^^^^^^^^^^^^^^^^^
  File "C:\Users\donan\Desktop\ProjetBoutique\env_boutique\Lib\site-packages\rest_framework\views.py", line 515, in dispatch
    response = self.handle_exception(exc)
  File "C:\Users\donan\Desktop\ProjetBoutique\env_boutique\Lib\site-packages\rest_framework\views.py", line 475, in handle_exception
    self.raise_uncaught_exception(exc)
    ~~~~~~~~~~~~~~~~~~~~~~~~~~~~~^^^^^
  File "C:\Users\donan\Desktop\ProjetBoutique\env_boutique\Lib\site-packages\rest_framework\views.py", line 486, in raise_uncaught_exception
    raise exc
  File "C:\Users\donan\Desktop\ProjetBoutique\env_boutique\Lib\site-packages\rest_framework\views.py", line 512, in dispatch
    response = handler(request, *args, **kwargs)
  File "C:\Users\donan\Desktop\ProjetBoutique\env_boutique\Lib\site-packages\rest_framework\mixins.py", line 43, in list
    return self.get_paginated_response(serializer.data)
                                       ^^^^^^^^^^^^^^^
  File "C:\Users\donan\Desktop\ProjetBoutique\env_boutique\Lib\site-packages\rest_framework\serializers.py", line 797, in data
    ret = super().data
          ^^^^^^^^^^^^
  File "C:\Users\donan\Desktop\ProjetBoutique\env_boutique\Lib\site-packages\rest_framework\serializers.py", line 251, in data
    self._data = self.to_representation(self.instance)
                 ~~~~~~~~~~~~~~~~~~~~~~^^^^^^^^^^^^^^^
  File "C:\Users\donan\Desktop\ProjetBoutique\env_boutique\Lib\site-packages\rest_framework\serializers.py", line 716, in to_representation
    self.child.to_representation(item) for item in iterable
    ~~~~~~~~~~~~~~~~~~~~~~~~~~~~^^^^^^
  File "C:\Users\donan\Desktop\ProjetBoutique\env_boutique\Lib\site-packages\rest_framework\serializers.py", line 540, in to_representation
    ret[field.field_name] = field.to_representation(attribute)
                            ~~~~~~~~~~~~~~~~~~~~~~~^^^^^^^^^^^
  File "C:\Users\donan\Desktop\ProjetBoutique\env_boutique\Lib\site-packages\rest_framework\fields.py", line 1870, in to_representation
    return method(value)
  File "C:\Users\donan\Desktop\POS-PROJECT\ADMIN WEB\api_boutique_core\serializers.py", line 936, in get_margin
    if obj.cost_price and obj.base_price and obj.cost_price > 0:
       ^^^^^^^^^^^^^^
AttributeError: 'Product' object has no attribute 'cost_price'
ERROR 2026-02-02 11:31:40,980 basehttp "GET /api/products/?store=1 HTTP/1.1" 500 157680
ERROR 2026-02-02 11:31:43,025 log Internal Server Error: /api/products/
Traceback (most recent call last):
  File "C:\Users\donan\Desktop\ProjetBoutique\env_boutique\Lib\site-packages\django\core\handlers\exception.py", line 55, in inner
    response = get_response(request)
  File "C:\Users\donan\Desktop\ProjetBoutique\env_boutique\Lib\site-packages\django\core\handlers\base.py", line 197, in _get_response
    response = wrapped_callback(request, *callback_args, **callback_kwargs)
  File "C:\Users\donan\Desktop\ProjetBoutique\env_boutique\Lib\site-packages\django\views\decorators\csrf.py", line 65, in _view_wrapper
    return view_func(request, *args, **kwargs)
  File "C:\Users\donan\Desktop\ProjetBoutique\env_boutique\Lib\site-packages\rest_framework\viewsets.py", line 125, in view
    return self.dispatch(request, *args, **kwargs)
           ~~~~~~~~~~~~~^^^^^^^^^^^^^^^^^^^^^^^^^^
  File "C:\Users\donan\Desktop\ProjetBoutique\env_boutique\Lib\site-packages\rest_framework\views.py", line 515, in dispatch
    response = self.handle_exception(exc)
  File "C:\Users\donan\Desktop\ProjetBoutique\env_boutique\Lib\site-packages\rest_framework\views.py", line 475, in handle_exception
    self.raise_uncaught_exception(exc)
    ~~~~~~~~~~~~~~~~~~~~~~~~~~~~~^^^^^
  File "C:\Users\donan\Desktop\ProjetBoutique\env_boutique\Lib\site-packages\rest_framework\views.py", line 486, in raise_uncaught_exception
    raise exc
  File "C:\Users\donan\Desktop\ProjetBoutique\env_boutique\Lib\site-packages\rest_framework\views.py", line 512, in dispatch
    response = handler(request, *args, **kwargs)
  File "C:\Users\donan\Desktop\ProjetBoutique\env_boutique\Lib\site-packages\rest_framework\mixins.py", line 43, in list
    return self.get_paginated_response(serializer.data)
                                       ^^^^^^^^^^^^^^^
  File "C:\Users\donan\Desktop\ProjetBoutique\env_boutique\Lib\site-packages\rest_framework\serializers.py", line 797, in data
    ret = super().data
          ^^^^^^^^^^^^
  File "C:\Users\donan\Desktop\ProjetBoutique\env_boutique\Lib\site-packages\rest_framework\serializers.py", line 251, in data
    self._data = self.to_representation(self.instance)
                 ~~~~~~~~~~~~~~~~~~~~~~^^^^^^^^^^^^^^^
  File "C:\Users\donan\Desktop\ProjetBoutique\env_boutique\Lib\site-packages\rest_framework\serializers.py", line 716, in to_representation
    self.child.to_representation(item) for item in iterable
    ~~~~~~~~~~~~~~~~~~~~~~~~~~~~^^^^^^
  File "C:\Users\donan\Desktop\ProjetBoutique\env_boutique\Lib\site-packages\rest_framework\serializers.py", line 540, in to_representation
    ret[field.field_name] = field.to_representation(attribute)
                            ~~~~~~~~~~~~~~~~~~~~~~~^^^^^^^^^^^
  File "C:\Users\donan\Desktop\ProjetBoutique\env_boutique\Lib\site-packages\rest_framework\fields.py", line 1870, in to_representation
    return method(value)
  File "C:\Users\donan\Desktop\POS-PROJECT\ADMIN WEB\api_boutique_core\serializers.py", line 936, in get_margin
    if obj.cost_price and obj.base_price and obj.cost_price > 0:
       ^^^^^^^^^^^^^^
AttributeError: 'Product' object has no attribute 'cost_price'
ERROR 2026-02-02 11:31:43,029 basehttp "GET /api/products/?store=1 HTTP/1.1" 500 157680
ERROR 2026-02-02 11:31:48,125 log Internal Server Error: /api/products/
Traceback (most recent call last):
  File "C:\Users\donan\Desktop\ProjetBoutique\env_boutique\Lib\site-packages\django\core\handlers\exception.py", line 55, in inner
    response = get_response(request)
  File "C:\Users\donan\Desktop\ProjetBoutique\env_boutique\Lib\site-packages\django\core\handlers\base.py", line 197, in _get_response
    response = wrapped_callback(request, *callback_args, **callback_kwargs)
  File "C:\Users\donan\Desktop\ProjetBoutique\env_boutique\Lib\site-packages\django\views\decorators\csrf.py", line 65, in _view_wrapper
    return view_func(request, *args, **kwargs)
  File "C:\Users\donan\Desktop\ProjetBoutique\env_boutique\Lib\site-packages\rest_framework\viewsets.py", line 125, in view
    return self.dispatch(request, *args, **kwargs)
           ~~~~~~~~~~~~~^^^^^^^^^^^^^^^^^^^^^^^^^^
  File "C:\Users\donan\Desktop\ProjetBoutique\env_boutique\Lib\site-packages\rest_framework\views.py", line 515, in dispatch
    response = self.handle_exception(exc)
  File "C:\Users\donan\Desktop\ProjetBoutique\env_boutique\Lib\site-packages\rest_framework\views.py", line 475, in handle_exception
    self.raise_uncaught_exception(exc)
    ~~~~~~~~~~~~~~~~~~~~~~~~~~~~~^^^^^
  File "C:\Users\donan\Desktop\ProjetBoutique\env_boutique\Lib\site-packages\rest_framework\views.py", line 486, in raise_uncaught_exception
    raise exc
  File "C:\Users\donan\Desktop\ProjetBoutique\env_boutique\Lib\site-packages\rest_framework\views.py", line 512, in dispatch
    response = handler(request, *args, **kwargs)
  File "C:\Users\donan\Desktop\ProjetBoutique\env_boutique\Lib\site-packages\rest_framework\mixins.py", line 43, in list
    return self.get_paginated_response(serializer.data)
                                       ^^^^^^^^^^^^^^^
  File "C:\Users\donan\Desktop\ProjetBoutique\env_boutique\Lib\site-packages\rest_framework\serializers.py", line 797, in data
    ret = super().data
          ^^^^^^^^^^^^
  File "C:\Users\donan\Desktop\ProjetBoutique\env_boutique\Lib\site-packages\rest_framework\serializers.py", line 251, in data
    self._data = self.to_representation(self.instance)
                 ~~~~~~~~~~~~~~~~~~~~~~^^^^^^^^^^^^^^^
  File "C:\Users\donan\Desktop\ProjetBoutique\env_boutique\Lib\site-packages\rest_framework\serializers.py", line 716, in to_representation
    self.child.to_representation(item) for item in iterable
    ~~~~~~~~~~~~~~~~~~~~~~~~~~~~^^^^^^
  File "C:\Users\donan\Desktop\ProjetBoutique\env_boutique\Lib\site-packages\rest_framework\serializers.py", line 540, in to_representation
    ret[field.field_name] = field.to_representation(attribute)
                            ~~~~~~~~~~~~~~~~~~~~~~~^^^^^^^^^^^
  File "C:\Users\donan\Desktop\ProjetBoutique\env_boutique\Lib\site-packages\rest_framework\fields.py", line 1870, in to_representation
    return method(value)
  File "C:\Users\donan\Desktop\POS-PROJECT\ADMIN WEB\api_boutique_core\serializers.py", line 936, in get_margin
    if obj.cost_price and obj.base_price and obj.cost_price > 0:
       ^^^^^^^^^^^^^^
AttributeError: 'Product' object has no attribute 'cost_price'
ERROR 2026-02-02 11:31:48,129 basehttp "GET /api/products/ HTTP/1.1" 500 157218
ERROR 2026-02-02 11:31:49,435 log Internal Server Error: /api/products/
Traceback (most recent call last):
  File "C:\Users\donan\Desktop\ProjetBoutique\env_boutique\Lib\site-packages\django\core\handlers\exception.py", line 55, in inner
    response = get_response(request)
  File "C:\Users\donan\Desktop\ProjetBoutique\env_boutique\Lib\site-packages\django\core\handlers\base.py", line 197, in _get_response
    response = wrapped_callback(request, *callback_args, **callback_kwargs)
  File "C:\Users\donan\Desktop\ProjetBoutique\env_boutique\Lib\site-packages\django\views\decorators\csrf.py", line 65, in _view_wrapper
    return view_func(request, *args, **kwargs)
  File "C:\Users\donan\Desktop\ProjetBoutique\env_boutique\Lib\site-packages\rest_framework\viewsets.py", line 125, in view
    return self.dispatch(request, *args, **kwargs)
           ~~~~~~~~~~~~~^^^^^^^^^^^^^^^^^^^^^^^^^^
  File "C:\Users\donan\Desktop\ProjetBoutique\env_boutique\Lib\site-packages\rest_framework\views.py", line 515, in dispatch
    response = self.handle_exception(exc)
  File "C:\Users\donan\Desktop\ProjetBoutique\env_boutique\Lib\site-packages\rest_framework\views.py", line 475, in handle_exception
    self.raise_uncaught_exception(exc)
    ~~~~~~~~~~~~~~~~~~~~~~~~~~~~~^^^^^
  File "C:\Users\donan\Desktop\ProjetBoutique\env_boutique\Lib\site-packages\rest_framework\views.py", line 486, in raise_uncaught_exception
    raise exc
  File "C:\Users\donan\Desktop\ProjetBoutique\env_boutique\Lib\site-packages\rest_framework\views.py", line 512, in dispatch
    response = handler(request, *args, **kwargs)
  File "C:\Users\donan\Desktop\ProjetBoutique\env_boutique\Lib\site-packages\rest_framework\mixins.py", line 43, in list
    return self.get_paginated_response(serializer.data)
                                       ^^^^^^^^^^^^^^^
  File "C:\Users\donan\Desktop\ProjetBoutique\env_boutique\Lib\site-packages\rest_framework\serializers.py", line 797, in data
    ret = super().data
          ^^^^^^^^^^^^
  File "C:\Users\donan\Desktop\ProjetBoutique\env_boutique\Lib\site-packages\rest_framework\serializers.py", line 251, in data
    self._data = self.to_representation(self.instance)
                 ~~~~~~~~~~~~~~~~~~~~~~^^^^^^^^^^^^^^^
  File "C:\Users\donan\Desktop\ProjetBoutique\env_boutique\Lib\site-packages\rest_framework\serializers.py", line 716, in to_representation
    self.child.to_representation(item) for item in iterable
    ~~~~~~~~~~~~~~~~~~~~~~~~~~~~^^^^^^
  File "C:\Users\donan\Desktop\ProjetBoutique\env_boutique\Lib\site-packages\rest_framework\serializers.py", line 540, in to_representation
    ret[field.field_name] = field.to_representation(attribute)
                            ~~~~~~~~~~~~~~~~~~~~~~~^^^^^^^^^^^
  File "C:\Users\donan\Desktop\ProjetBoutique\env_boutique\Lib\site-packages\rest_framework\fields.py", line 1870, in to_representation
    return method(value)
  File "C:\Users\donan\Desktop\POS-PROJECT\ADMIN WEB\api_boutique_core\serializers.py", line 936, in get_margin
    if obj.cost_price and obj.base_price and obj.cost_price > 0:
       ^^^^^^^^^^^^^^
AttributeError: 'Product' object has no attribute 'cost_price'
ERROR 2026-02-02 11:31:49,439 basehttp "GET /api/products/ HTTP/1.1" 500 157218
ERROR 2026-02-02 11:31:50,788 log Internal Server Error: /api/products/
Traceback (most recent call last):
  File "C:\Users\donan\Desktop\ProjetBoutique\env_boutique\Lib\site-packages\django\core\handlers\exception.py", line 55, in inner
    response = get_response(request)
  File "C:\Users\donan\Desktop\ProjetBoutique\env_boutique\Lib\site-packages\django\core\handlers\base.py", line 197, in _get_response
    response = wrapped_callback(request, *callback_args, **callback_kwargs)
  File "C:\Users\donan\Desktop\ProjetBoutique\env_boutique\Lib\site-packages\django\views\decorators\csrf.py", line 65, in _view_wrapper
    return view_func(request, *args, **kwargs)
  File "C:\Users\donan\Desktop\ProjetBoutique\env_boutique\Lib\site-packages\rest_framework\viewsets.py", line 125, in view
    return self.dispatch(request, *args, **kwargs)
           ~~~~~~~~~~~~~^^^^^^^^^^^^^^^^^^^^^^^^^^
  File "C:\Users\donan\Desktop\ProjetBoutique\env_boutique\Lib\site-packages\rest_framework\views.py", line 515, in dispatch
    response = self.handle_exception(exc)
  File "C:\Users\donan\Desktop\ProjetBoutique\env_boutique\Lib\site-packages\rest_framework\views.py", line 475, in handle_exception
    self.raise_uncaught_exception(exc)
    ~~~~~~~~~~~~~~~~~~~~~~~~~~~~~^^^^^
  File "C:\Users\donan\Desktop\ProjetBoutique\env_boutique\Lib\site-packages\rest_framework\views.py", line 486, in raise_uncaught_exception
    raise exc
  File "C:\Users\donan\Desktop\ProjetBoutique\env_boutique\Lib\site-packages\rest_framework\views.py", line 512, in dispatch
    response = handler(request, *args, **kwargs)
  File "C:\Users\donan\Desktop\ProjetBoutique\env_boutique\Lib\site-packages\rest_framework\mixins.py", line 43, in list
    return self.get_paginated_response(serializer.data)
                                       ^^^^^^^^^^^^^^^
  File "C:\Users\donan\Desktop\ProjetBoutique\env_boutique\Lib\site-packages\rest_framework\serializers.py", line 797, in data
    ret = super().data
          ^^^^^^^^^^^^
  File "C:\Users\donan\Desktop\ProjetBoutique\env_boutique\Lib\site-packages\rest_framework\serializers.py", line 251, in data
    self._data = self.to_representation(self.instance)
                 ~~~~~~~~~~~~~~~~~~~~~~^^^^^^^^^^^^^^^
  File "C:\Users\donan\Desktop\ProjetBoutique\env_boutique\Lib\site-packages\rest_framework\serializers.py", line 716, in to_representation
    self.child.to_representation(item) for item in iterable
    ~~~~~~~~~~~~~~~~~~~~~~~~~~~~^^^^^^
  File "C:\Users\donan\Desktop\ProjetBoutique\env_boutique\Lib\site-packages\rest_framework\serializers.py", line 540, in to_representation
    ret[field.field_name] = field.to_representation(attribute)
                            ~~~~~~~~~~~~~~~~~~~~~~~^^^^^^^^^^^
  File "C:\Users\donan\Desktop\ProjetBoutique\env_boutique\Lib\site-packages\rest_framework\fields.py", line 1870, in to_representation
    return method(value)
  File "C:\Users\donan\Desktop\POS-PROJECT\ADMIN WEB\api_boutique_core\serializers.py", line 936, in get_margin
    if obj.cost_price and obj.base_price and obj.cost_price > 0:
       ^^^^^^^^^^^^^^
AttributeError: 'Product' object has no attribute 'cost_price'
ERROR 2026-02-02 11:31:50,792 basehttp "GET /api/products/ HTTP/1.1" 500 157218
ERROR 2026-02-02 11:31:52,737 log Internal Server Error: /api/products/
Traceback (most recent call last):
  File "C:\Users\donan\Desktop\ProjetBoutique\env_boutique\Lib\site-packages\django\core\handlers\exception.py", line 55, in inner
    response = get_response(request)
  File "C:\Users\donan\Desktop\ProjetBoutique\env_boutique\Lib\site-packages\django\core\handlers\base.py", line 197, in _get_response
    response = wrapped_callback(request, *callback_args, **callback_kwargs)
  File "C:\Users\donan\Desktop\ProjetBoutique\env_boutique\Lib\site-packages\django\views\decorators\csrf.py", line 65, in _view_wrapper
    return view_func(request, *args, **kwargs)
  File "C:\Users\donan\Desktop\ProjetBoutique\env_boutique\Lib\site-packages\rest_framework\viewsets.py", line 125, in view
    return self.dispatch(request, *args, **kwargs)
           ~~~~~~~~~~~~~^^^^^^^^^^^^^^^^^^^^^^^^^^
  File "C:\Users\donan\Desktop\ProjetBoutique\env_boutique\Lib\site-packages\rest_framework\views.py", line 515, in dispatch
    response = self.handle_exception(exc)
  File "C:\Users\donan\Desktop\ProjetBoutique\env_boutique\Lib\site-packages\rest_framework\views.py", line 475, in handle_exception
    self.raise_uncaught_exception(exc)
    ~~~~~~~~~~~~~~~~~~~~~~~~~~~~~^^^^^
  File "C:\Users\donan\Desktop\ProjetBoutique\env_boutique\Lib\site-packages\rest_framework\views.py", line 486, in raise_uncaught_exception
    raise exc
  File "C:\Users\donan\Desktop\ProjetBoutique\env_boutique\Lib\site-packages\rest_framework\views.py", line 512, in dispatch
    response = handler(request, *args, **kwargs)
  File "C:\Users\donan\Desktop\ProjetBoutique\env_boutique\Lib\site-packages\rest_framework\mixins.py", line 43, in list
    return self.get_paginated_response(serializer.data)
                                       ^^^^^^^^^^^^^^^
  File "C:\Users\donan\Desktop\ProjetBoutique\env_boutique\Lib\site-packages\rest_framework\serializers.py", line 797, in data
    ret = super().data
          ^^^^^^^^^^^^
  File "C:\Users\donan\Desktop\ProjetBoutique\env_boutique\Lib\site-packages\rest_framework\serializers.py", line 251, in data
    self._data = self.to_representation(self.instance)
                 ~~~~~~~~~~~~~~~~~~~~~~^^^^^^^^^^^^^^^
  File "C:\Users\donan\Desktop\ProjetBoutique\env_boutique\Lib\site-packages\rest_framework\serializers.py", line 716, in to_representation
    self.child.to_representation(item) for item in iterable
    ~~~~~~~~~~~~~~~~~~~~~~~~~~~~^^^^^^
  File "C:\Users\donan\Desktop\ProjetBoutique\env_boutique\Lib\site-packages\rest_framework\serializers.py", line 540, in to_representation
    ret[field.field_name] = field.to_representation(attribute)
                            ~~~~~~~~~~~~~~~~~~~~~~~^^^^^^^^^^^
  File "C:\Users\donan\Desktop\ProjetBoutique\env_boutique\Lib\site-packages\rest_framework\fields.py", line 1870, in to_representation
    return method(value)
  File "C:\Users\donan\Desktop\POS-PROJECT\ADMIN WEB\api_boutique_core\serializers.py", line 936, in get_margin
    if obj.cost_price and obj.base_price and obj.cost_price > 0:
       ^^^^^^^^^^^^^^
AttributeError: 'Product' object has no attribute 'cost_price'
ERROR 2026-02-02 11:31:52,741 basehttp "GET /api/products/ HTTP/1.1" 500 157218
ERROR 2026-02-02 11:31:56,376 log Internal Server Error: /api/products/
Traceback (most recent call last):
  File "C:\Users\donan\Desktop\ProjetBoutique\env_boutique\Lib\site-packages\django\core\handlers\exception.py", line 55, in inner
    response = get_response(request)
  File "C:\Users\donan\Desktop\ProjetBoutique\env_boutique\Lib\site-packages\django\core\handlers\base.py", line 197, in _get_response
    response = wrapped_callback(request, *callback_args, **callback_kwargs)
  File "C:\Users\donan\Desktop\ProjetBoutique\env_boutique\Lib\site-packages\django\views\decorators\csrf.py", line 65, in _view_wrapper
    return view_func(request, *args, **kwargs)
  File "C:\Users\donan\Desktop\ProjetBoutique\env_boutique\Lib\site-packages\rest_framework\viewsets.py", line 125, in view
    return self.dispatch(request, *args, **kwargs)
           ~~~~~~~~~~~~~^^^^^^^^^^^^^^^^^^^^^^^^^^
  File "C:\Users\donan\Desktop\ProjetBoutique\env_boutique\Lib\site-packages\rest_framework\views.py", line 515, in dispatch
    response = self.handle_exception(exc)
  File "C:\Users\donan\Desktop\ProjetBoutique\env_boutique\Lib\site-packages\rest_framework\views.py", line 475, in handle_exception
    self.raise_uncaught_exception(exc)
    ~~~~~~~~~~~~~~~~~~~~~~~~~~~~~^^^^^
  File "C:\Users\donan\Desktop\ProjetBoutique\env_boutique\Lib\site-packages\rest_framework\views.py", line 486, in raise_uncaught_exception
    raise exc
  File "C:\Users\donan\Desktop\ProjetBoutique\env_boutique\Lib\site-packages\rest_framework\views.py", line 512, in dispatch
    response = handler(request, *args, **kwargs)
  File "C:\Users\donan\Desktop\ProjetBoutique\env_boutique\Lib\site-packages\rest_framework\mixins.py", line 43, in list
    return self.get_paginated_response(serializer.data)
                                       ^^^^^^^^^^^^^^^
  File "C:\Users\donan\Desktop\ProjetBoutique\env_boutique\Lib\site-packages\rest_framework\serializers.py", line 797, in data
    ret = super().data
          ^^^^^^^^^^^^
  File "C:\Users\donan\Desktop\ProjetBoutique\env_boutique\Lib\site-packages\rest_framework\serializers.py", line 251, in data
    self._data = self.to_representation(self.instance)
                 ~~~~~~~~~~~~~~~~~~~~~~^^^^^^^^^^^^^^^
  File "C:\Users\donan\Desktop\ProjetBoutique\env_boutique\Lib\site-packages\rest_framework\serializers.py", line 716, in to_representation
    self.child.to_representation(item) for item in iterable
    ~~~~~~~~~~~~~~~~~~~~~~~~~~~~^^^^^^
  File "C:\Users\donan\Desktop\ProjetBoutique\env_boutique\Lib\site-packages\rest_framework\serializers.py", line 540, in to_representation
    ret[field.field_name] = field.to_representation(attribute)
                            ~~~~~~~~~~~~~~~~~~~~~~~^^^^^^^^^^^
  File "C:\Users\donan\Desktop\ProjetBoutique\env_boutique\Lib\site-packages\rest_framework\fields.py", line 1870, in to_representation
    return method(value)
  File "C:\Users\donan\Desktop\POS-PROJECT\ADMIN WEB\api_boutique_core\serializers.py", line 936, in get_margin
    if obj.cost_price and obj.base_price and obj.cost_price > 0:
       ^^^^^^^^^^^^^^
AttributeError: 'Product' object has no attribute 'cost_price'
ERROR 2026-02-02 11:31:56,383 basehttp "GET /api/products/ HTTP/1.1" 500 157218
ERROR 2026-02-02 11:32:13,936 log Internal Server Error: /api/products/
Traceback (most recent call last):
  File "C:\Users\donan\Desktop\ProjetBoutique\env_boutique\Lib\site-packages\django\core\handlers\exception.py", line 55, in inner
    response = get_response(request)
  File "C:\Users\donan\Desktop\ProjetBoutique\env_boutique\Lib\site-packages\django\core\handlers\base.py", line 197, in _get_response
    response = wrapped_callback(request, *callback_args, **callback_kwargs)
  File "C:\Users\donan\Desktop\ProjetBoutique\env_boutique\Lib\site-packages\django\views\decorators\csrf.py", line 65, in _view_wrapper
    return view_func(request, *args, **kwargs)
  File "C:\Users\donan\Desktop\ProjetBoutique\env_boutique\Lib\site-packages\rest_framework\viewsets.py", line 125, in view
    return self.dispatch(request, *args, **kwargs)
           ~~~~~~~~~~~~~^^^^^^^^^^^^^^^^^^^^^^^^^^
  File "C:\Users\donan\Desktop\ProjetBoutique\env_boutique\Lib\site-packages\rest_framework\views.py", line 515, in dispatch
    response = self.handle_exception(exc)
  File "C:\Users\donan\Desktop\ProjetBoutique\env_boutique\Lib\site-packages\rest_framework\views.py", line 475, in handle_exception
    self.raise_uncaught_exception(exc)
    ~~~~~~~~~~~~~~~~~~~~~~~~~~~~~^^^^^
  File "C:\Users\donan\Desktop\ProjetBoutique\env_boutique\Lib\site-packages\rest_framework\views.py", line 486, in raise_uncaught_exception
    raise exc
  File "C:\Users\donan\Desktop\ProjetBoutique\env_boutique\Lib\site-packages\rest_framework\views.py", line 512, in dispatch
    response = handler(request, *args, **kwargs)
  File "C:\Users\donan\Desktop\ProjetBoutique\env_boutique\Lib\site-packages\rest_framework\mixins.py", line 43, in list
    return self.get_paginated_response(serializer.data)
                                       ^^^^^^^^^^^^^^^
  File "C:\Users\donan\Desktop\ProjetBoutique\env_boutique\Lib\site-packages\rest_framework\serializers.py", line 797, in data
    ret = super().data
          ^^^^^^^^^^^^
  File "C:\Users\donan\Desktop\ProjetBoutique\env_boutique\Lib\site-packages\rest_framework\serializers.py", line 251, in data
    self._data = self.to_representation(self.instance)
                 ~~~~~~~~~~~~~~~~~~~~~~^^^^^^^^^^^^^^^
  File "C:\Users\donan\Desktop\ProjetBoutique\env_boutique\Lib\site-packages\rest_framework\serializers.py", line 716, in to_representation
    self.child.to_representation(item) for item in iterable
    ~~~~~~~~~~~~~~~~~~~~~~~~~~~~^^^^^^
  File "C:\Users\donan\Desktop\ProjetBoutique\env_boutique\Lib\site-packages\rest_framework\serializers.py", line 540, in to_representation
    ret[field.field_name] = field.to_representation(attribute)
                            ~~~~~~~~~~~~~~~~~~~~~~~^^^^^^^^^^^
  File "C:\Users\donan\Desktop\ProjetBoutique\env_boutique\Lib\site-packages\rest_framework\fields.py", line 1870, in to_representation
    return method(value)
  File "C:\Users\donan\Desktop\POS-PROJECT\ADMIN WEB\api_boutique_core\serializers.py", line 936, in get_margin
    if obj.cost_price and obj.base_price and obj.cost_price > 0:
       ^^^^^^^^^^^^^^
AttributeError: 'Product' object has no attribute 'cost_price'
ERROR 2026-02-02 11:32:13,942 basehttp "GET /api/products/?store=1 HTTP/1.1" 500 157680
ERROR 2026-02-02 11:32:15,697 log Internal Server Error: /api/products/
Traceback (most recent call last):
  File "C:\Users\donan\Desktop\ProjetBoutique\env_boutique\Lib\site-packages\django\core\handlers\exception.py", line 55, in inner
    response = get_response(request)
  File "C:\Users\donan\Desktop\ProjetBoutique\env_boutique\Lib\site-packages\django\core\handlers\base.py", line 197, in _get_response
    response = wrapped_callback(request, *callback_args, **callback_kwargs)
  File "C:\Users\donan\Desktop\ProjetBoutique\env_boutique\Lib\site-packages\django\views\decorators\csrf.py", line 65, in _view_wrapper
    return view_func(request, *args, **kwargs)
  File "C:\Users\donan\Desktop\ProjetBoutique\env_boutique\Lib\site-packages\rest_framework\viewsets.py", line 125, in view
    return self.dispatch(request, *args, **kwargs)
           ~~~~~~~~~~~~~^^^^^^^^^^^^^^^^^^^^^^^^^^
  File "C:\Users\donan\Desktop\ProjetBoutique\env_boutique\Lib\site-packages\rest_framework\views.py", line 515, in dispatch
    response = self.handle_exception(exc)
  File "C:\Users\donan\Desktop\ProjetBoutique\env_boutique\Lib\site-packages\rest_framework\views.py", line 475, in handle_exception
    self.raise_uncaught_exception(exc)
    ~~~~~~~~~~~~~~~~~~~~~~~~~~~~~^^^^^
  File "C:\Users\donan\Desktop\ProjetBoutique\env_boutique\Lib\site-packages\rest_framework\views.py", line 486, in raise_uncaught_exception
    raise exc
  File "C:\Users\donan\Desktop\ProjetBoutique\env_boutique\Lib\site-packages\rest_framework\views.py", line 512, in dispatch
    response = handler(request, *args, **kwargs)
  File "C:\Users\donan\Desktop\ProjetBoutique\env_boutique\Lib\site-packages\rest_framework\mixins.py", line 43, in list
    return self.get_paginated_response(serializer.data)
                                       ^^^^^^^^^^^^^^^
  File "C:\Users\donan\Desktop\ProjetBoutique\env_boutique\Lib\site-packages\rest_framework\serializers.py", line 797, in data
    ret = super().data
          ^^^^^^^^^^^^
  File "C:\Users\donan\Desktop\ProjetBoutique\env_boutique\Lib\site-packages\rest_framework\serializers.py", line 251, in data
    self._data = self.to_representation(self.instance)
                 ~~~~~~~~~~~~~~~~~~~~~~^^^^^^^^^^^^^^^
  File "C:\Users\donan\Desktop\ProjetBoutique\env_boutique\Lib\site-packages\rest_framework\serializers.py", line 716, in to_representation
    self.child.to_representation(item) for item in iterable
    ~~~~~~~~~~~~~~~~~~~~~~~~~~~~^^^^^^
  File "C:\Users\donan\Desktop\ProjetBoutique\env_boutique\Lib\site-packages\rest_framework\serializers.py", line 540, in to_representation
    ret[field.field_name] = field.to_representation(attribute)
                            ~~~~~~~~~~~~~~~~~~~~~~~^^^^^^^^^^^
  File "C:\Users\donan\Desktop\ProjetBoutique\env_boutique\Lib\site-packages\rest_framework\fields.py", line 1870, in to_representation
    return method(value)
  File "C:\Users\donan\Desktop\POS-PROJECT\ADMIN WEB\api_boutique_core\serializers.py", line 936, in get_margin
    if obj.cost_price and obj.base_price and obj.cost_price > 0:
       ^^^^^^^^^^^^^^
AttributeError: 'Product' object has no attribute 'cost_price'
ERROR 2026-02-02 11:32:15,704 basehttp "GET /api/products/?store=1 HTTP/1.1" 500 157680
ERROR 2026-02-02 11:32:17,691 log Internal Server Error: /api/products/
Traceback (most recent call last):
  File "C:\Users\donan\Desktop\ProjetBoutique\env_boutique\Lib\site-packages\django\core\handlers\exception.py", line 55, in inner
    response = get_response(request)
  File "C:\Users\donan\Desktop\ProjetBoutique\env_boutique\Lib\site-packages\django\core\handlers\base.py", line 197, in _get_response
    response = wrapped_callback(request, *callback_args, **callback_kwargs)
  File "C:\Users\donan\Desktop\ProjetBoutique\env_boutique\Lib\site-packages\django\views\decorators\csrf.py", line 65, in _view_wrapper
    return view_func(request, *args, **kwargs)
  File "C:\Users\donan\Desktop\ProjetBoutique\env_boutique\Lib\site-packages\rest_framework\viewsets.py", line 125, in view
    return self.dispatch(request, *args, **kwargs)
           ~~~~~~~~~~~~~^^^^^^^^^^^^^^^^^^^^^^^^^^
  File "C:\Users\donan\Desktop\ProjetBoutique\env_boutique\Lib\site-packages\rest_framework\views.py", line 515, in dispatch
    response = self.handle_exception(exc)
  File "C:\Users\donan\Desktop\ProjetBoutique\env_boutique\Lib\site-packages\rest_framework\views.py", line 475, in handle_exception
    self.raise_uncaught_exception(exc)
    ~~~~~~~~~~~~~~~~~~~~~~~~~~~~~^^^^^
  File "C:\Users\donan\Desktop\ProjetBoutique\env_boutique\Lib\site-packages\rest_framework\views.py", line 486, in raise_uncaught_exception
    raise exc
  File "C:\Users\donan\Desktop\ProjetBoutique\env_boutique\Lib\site-packages\rest_framework\views.py", line 512, in dispatch
    response = handler(request, *args, **kwargs)
  File "C:\Users\donan\Desktop\ProjetBoutique\env_boutique\Lib\site-packages\rest_framework\mixins.py", line 43, in list
    return self.get_paginated_response(serializer.data)
                                       ^^^^^^^^^^^^^^^
  File "C:\Users\donan\Desktop\ProjetBoutique\env_boutique\Lib\site-packages\rest_framework\serializers.py", line 797, in data
    ret = super().data
          ^^^^^^^^^^^^
  File "C:\Users\donan\Desktop\ProjetBoutique\env_boutique\Lib\site-packages\rest_framework\serializers.py", line 251, in data
    self._data = self.to_representation(self.instance)
                 ~~~~~~~~~~~~~~~~~~~~~~^^^^^^^^^^^^^^^
  File "C:\Users\donan\Desktop\ProjetBoutique\env_boutique\Lib\site-packages\rest_framework\serializers.py", line 716, in to_representation
    self.child.to_representation(item) for item in iterable
    ~~~~~~~~~~~~~~~~~~~~~~~~~~~~^^^^^^
  File "C:\Users\donan\Desktop\ProjetBoutique\env_boutique\Lib\site-packages\rest_framework\serializers.py", line 540, in to_representation
    ret[field.field_name] = field.to_representation(attribute)
                            ~~~~~~~~~~~~~~~~~~~~~~~^^^^^^^^^^^
  File "C:\Users\donan\Desktop\ProjetBoutique\env_boutique\Lib\site-packages\rest_framework\fields.py", line 1870, in to_representation
    return method(value)
  File "C:\Users\donan\Desktop\POS-PROJECT\ADMIN WEB\api_boutique_core\serializers.py", line 936, in get_margin
    if obj.cost_price and obj.base_price and obj.cost_price > 0:
       ^^^^^^^^^^^^^^
AttributeError: 'Product' object has no attribute 'cost_price'
ERROR 2026-02-02 11:32:17,695 basehttp "GET /api/products/ HTTP/1.1" 500 157218
ERROR 2026-02-02 11:32:19,258 log Internal Server Error: /api/products/
Traceback (most recent call last):
  File "C:\Users\donan\Desktop\ProjetBoutique\env_boutique\Lib\site-packages\django\core\handlers\exception.py", line 55, in inner
    response = get_response(request)
  File "C:\Users\donan\Desktop\ProjetBoutique\env_boutique\Lib\site-packages\django\core\handlers\base.py", line 197, in _get_response
    response = wrapped_callback(request, *callback_args, **callback_kwargs)
  File "C:\Users\donan\Desktop\ProjetBoutique\env_boutique\Lib\site-packages\django\views\decorators\csrf.py", line 65, in _view_wrapper
    return view_func(request, *args, **kwargs)
  File "C:\Users\donan\Desktop\ProjetBoutique\env_boutique\Lib\site-packages\rest_framework\viewsets.py", line 125, in view
    return self.dispatch(request, *args, **kwargs)
           ~~~~~~~~~~~~~^^^^^^^^^^^^^^^^^^^^^^^^^^
  File "C:\Users\donan\Desktop\ProjetBoutique\env_boutique\Lib\site-packages\rest_framework\views.py", line 515, in dispatch
    response = self.handle_exception(exc)
  File "C:\Users\donan\Desktop\ProjetBoutique\env_boutique\Lib\site-packages\rest_framework\views.py", line 475, in handle_exception
    self.raise_uncaught_exception(exc)
    ~~~~~~~~~~~~~~~~~~~~~~~~~~~~~^^^^^
  File "C:\Users\donan\Desktop\ProjetBoutique\env_boutique\Lib\site-packages\rest_framework\views.py", line 486, in raise_uncaught_exception
    raise exc
  File "C:\Users\donan\Desktop\ProjetBoutique\env_boutique\Lib\site-packages\rest_framework\views.py", line 512, in dispatch
    response = handler(request, *args, **kwargs)
  File "C:\Users\donan\Desktop\ProjetBoutique\env_boutique\Lib\site-packages\rest_framework\mixins.py", line 43, in list
    return self.get_paginated_response(serializer.data)
                                       ^^^^^^^^^^^^^^^
  File "C:\Users\donan\Desktop\ProjetBoutique\env_boutique\Lib\site-packages\rest_framework\serializers.py", line 797, in data
    ret = super().data
          ^^^^^^^^^^^^
  File "C:\Users\donan\Desktop\ProjetBoutique\env_boutique\Lib\site-packages\rest_framework\serializers.py", line 251, in data
    self._data = self.to_representation(self.instance)
                 ~~~~~~~~~~~~~~~~~~~~~~^^^^^^^^^^^^^^^
  File "C:\Users\donan\Desktop\ProjetBoutique\env_boutique\Lib\site-packages\rest_framework\serializers.py", line 716, in to_representation
    self.child.to_representation(item) for item in iterable
    ~~~~~~~~~~~~~~~~~~~~~~~~~~~~^^^^^^
  File "C:\Users\donan\Desktop\ProjetBoutique\env_boutique\Lib\site-packages\rest_framework\serializers.py", line 540, in to_representation
    ret[field.field_name] = field.to_representation(attribute)
                            ~~~~~~~~~~~~~~~~~~~~~~~^^^^^^^^^^^
  File "C:\Users\donan\Desktop\ProjetBoutique\env_boutique\Lib\site-packages\rest_framework\fields.py", line 1870, in to_representation
    return method(value)
  File "C:\Users\donan\Desktop\POS-PROJECT\ADMIN WEB\api_boutique_core\serializers.py", line 936, in get_margin
    if obj.cost_price and obj.base_price and obj.cost_price > 0:
       ^^^^^^^^^^^^^^
AttributeError: 'Product' object has no attribute 'cost_price'
ERROR 2026-02-02 11:32:19,262 basehttp "GET /api/products/ HTTP/1.1" 500 157218
ERROR 2026-02-02 11:32:21,232 log Internal Server Error: /api/products/
Traceback (most recent call last):
  File "C:\Users\donan\Desktop\ProjetBoutique\env_boutique\Lib\site-packages\django\core\handlers\exception.py", line 55, in inner
    response = get_response(request)
  File "C:\Users\donan\Desktop\ProjetBoutique\env_boutique\Lib\site-packages\django\core\handlers\base.py", line 197, in _get_response
    response = wrapped_callback(request, *callback_args, **callback_kwargs)
  File "C:\Users\donan\Desktop\ProjetBoutique\env_boutique\Lib\site-packages\django\views\decorators\csrf.py", line 65, in _view_wrapper
    return view_func(request, *args, **kwargs)
  File "C:\Users\donan\Desktop\ProjetBoutique\env_boutique\Lib\site-packages\rest_framework\viewsets.py", line 125, in view
    return self.dispatch(request, *args, **kwargs)
           ~~~~~~~~~~~~~^^^^^^^^^^^^^^^^^^^^^^^^^^
  File "C:\Users\donan\Desktop\ProjetBoutique\env_boutique\Lib\site-packages\rest_framework\views.py", line 515, in dispatch
    response = self.handle_exception(exc)
  File "C:\Users\donan\Desktop\ProjetBoutique\env_boutique\Lib\site-packages\rest_framework\views.py", line 475, in handle_exception
    self.raise_uncaught_exception(exc)
    ~~~~~~~~~~~~~~~~~~~~~~~~~~~~~^^^^^
  File "C:\Users\donan\Desktop\ProjetBoutique\env_boutique\Lib\site-packages\rest_framework\views.py", line 486, in raise_uncaught_exception
    raise exc
  File "C:\Users\donan\Desktop\ProjetBoutique\env_boutique\Lib\site-packages\rest_framework\views.py", line 512, in dispatch
    response = handler(request, *args, **kwargs)
  File "C:\Users\donan\Desktop\ProjetBoutique\env_boutique\Lib\site-packages\rest_framework\mixins.py", line 43, in list
    return self.get_paginated_response(serializer.data)
                                       ^^^^^^^^^^^^^^^
  File "C:\Users\donan\Desktop\ProjetBoutique\env_boutique\Lib\site-packages\rest_framework\serializers.py", line 797, in data
    ret = super().data
          ^^^^^^^^^^^^
  File "C:\Users\donan\Desktop\ProjetBoutique\env_boutique\Lib\site-packages\rest_framework\serializers.py", line 251, in data
    self._data = self.to_representation(self.instance)
                 ~~~~~~~~~~~~~~~~~~~~~~^^^^^^^^^^^^^^^
  File "C:\Users\donan\Desktop\ProjetBoutique\env_boutique\Lib\site-packages\rest_framework\serializers.py", line 716, in to_representation
    self.child.to_representation(item) for item in iterable
    ~~~~~~~~~~~~~~~~~~~~~~~~~~~~^^^^^^
  File "C:\Users\donan\Desktop\ProjetBoutique\env_boutique\Lib\site-packages\rest_framework\serializers.py", line 540, in to_representation
    ret[field.field_name] = field.to_representation(attribute)
                            ~~~~~~~~~~~~~~~~~~~~~~~^^^^^^^^^^^
  File "C:\Users\donan\Desktop\ProjetBoutique\env_boutique\Lib\site-packages\rest_framework\fields.py", line 1870, in to_representation
    return method(value)
  File "C:\Users\donan\Desktop\POS-PROJECT\ADMIN WEB\api_boutique_core\serializers.py", line 936, in get_margin
    if obj.cost_price and obj.base_price and obj.cost_price > 0:
       ^^^^^^^^^^^^^^
AttributeError: 'Product' object has no attribute 'cost_price'
ERROR 2026-02-02 11:32:21,236 basehttp "GET /api/products/ HTTP/1.1" 500 157218
ERROR 2026-02-02 11:32:22,949 log Internal Server Error: /api/products/
Traceback (most recent call last):
  File "C:\Users\donan\Desktop\ProjetBoutique\env_boutique\Lib\site-packages\django\core\handlers\exception.py", line 55, in inner
    response = get_response(request)
  File "C:\Users\donan\Desktop\ProjetBoutique\env_boutique\Lib\site-packages\django\core\handlers\base.py", line 197, in _get_response
    response = wrapped_callback(request, *callback_args, **callback_kwargs)
  File "C:\Users\donan\Desktop\ProjetBoutique\env_boutique\Lib\site-packages\django\views\decorators\csrf.py", line 65, in _view_wrapper
    return view_func(request, *args, **kwargs)
  File "C:\Users\donan\Desktop\ProjetBoutique\env_boutique\Lib\site-packages\rest_framework\viewsets.py", line 125, in view
    return self.dispatch(request, *args, **kwargs)
           ~~~~~~~~~~~~~^^^^^^^^^^^^^^^^^^^^^^^^^^
  File "C:\Users\donan\Desktop\ProjetBoutique\env_boutique\Lib\site-packages\rest_framework\views.py", line 515, in dispatch
    response = self.handle_exception(exc)
  File "C:\Users\donan\Desktop\ProjetBoutique\env_boutique\Lib\site-packages\rest_framework\views.py", line 475, in handle_exception
    self.raise_uncaught_exception(exc)
    ~~~~~~~~~~~~~~~~~~~~~~~~~~~~~^^^^^
  File "C:\Users\donan\Desktop\ProjetBoutique\env_boutique\Lib\site-packages\rest_framework\views.py", line 486, in raise_uncaught_exception
    raise exc
  File "C:\Users\donan\Desktop\ProjetBoutique\env_boutique\Lib\site-packages\rest_framework\views.py", line 512, in dispatch
    response = handler(request, *args, **kwargs)
  File "C:\Users\donan\Desktop\ProjetBoutique\env_boutique\Lib\site-packages\rest_framework\mixins.py", line 43, in list
    return self.get_paginated_response(serializer.data)
                                       ^^^^^^^^^^^^^^^
  File "C:\Users\donan\Desktop\ProjetBoutique\env_boutique\Lib\site-packages\rest_framework\serializers.py", line 797, in data
    ret = super().data
          ^^^^^^^^^^^^
  File "C:\Users\donan\Desktop\ProjetBoutique\env_boutique\Lib\site-packages\rest_framework\serializers.py", line 251, in data
    self._data = self.to_representation(self.instance)
                 ~~~~~~~~~~~~~~~~~~~~~~^^^^^^^^^^^^^^^
  File "C:\Users\donan\Desktop\ProjetBoutique\env_boutique\Lib\site-packages\rest_framework\serializers.py", line 716, in to_representation
    self.child.to_representation(item) for item in iterable
    ~~~~~~~~~~~~~~~~~~~~~~~~~~~~^^^^^^
  File "C:\Users\donan\Desktop\ProjetBoutique\env_boutique\Lib\site-packages\rest_framework\serializers.py", line 540, in to_representation
    ret[field.field_name] = field.to_representation(attribute)
                            ~~~~~~~~~~~~~~~~~~~~~~~^^^^^^^^^^^
  File "C:\Users\donan\Desktop\ProjetBoutique\env_boutique\Lib\site-packages\rest_framework\fields.py", line 1870, in to_representation
    return method(value)
  File "C:\Users\donan\Desktop\POS-PROJECT\ADMIN WEB\api_boutique_core\serializers.py", line 936, in get_margin
    if obj.cost_price and obj.base_price and obj.cost_price > 0:
       ^^^^^^^^^^^^^^
AttributeError: 'Product' object has no attribute 'cost_price'
ERROR 2026-02-02 11:32:22,954 basehttp "GET /api/products/ HTTP/1.1" 500 157218
ERROR 2026-02-02 11:32:44,716 log Internal Server Error: /api/products/
Traceback (most recent call last):
  File "C:\Users\donan\Desktop\ProjetBoutique\env_boutique\Lib\site-packages\django\core\handlers\exception.py", line 55, in inner
    response = get_response(request)
  File "C:\Users\donan\Desktop\ProjetBoutique\env_boutique\Lib\site-packages\django\core\handlers\base.py", line 197, in _get_response
    response = wrapped_callback(request, *callback_args, **callback_kwargs)
  File "C:\Users\donan\Desktop\ProjetBoutique\env_boutique\Lib\site-packages\django\views\decorators\csrf.py", line 65, in _view_wrapper
    return view_func(request, *args, **kwargs)
  File "C:\Users\donan\Desktop\ProjetBoutique\env_boutique\Lib\site-packages\rest_framework\viewsets.py", line 125, in view
    return self.dispatch(request, *args, **kwargs)
           ~~~~~~~~~~~~~^^^^^^^^^^^^^^^^^^^^^^^^^^
  File "C:\Users\donan\Desktop\ProjetBoutique\env_boutique\Lib\site-packages\rest_framework\views.py", line 515, in dispatch
    response = self.handle_exception(exc)
  File "C:\Users\donan\Desktop\ProjetBoutique\env_boutique\Lib\site-packages\rest_framework\views.py", line 475, in handle_exception
    self.raise_uncaught_exception(exc)
    ~~~~~~~~~~~~~~~~~~~~~~~~~~~~~^^^^^
  File "C:\Users\donan\Desktop\ProjetBoutique\env_boutique\Lib\site-packages\rest_framework\views.py", line 486, in raise_uncaught_exception
    raise exc
  File "C:\Users\donan\Desktop\ProjetBoutique\env_boutique\Lib\site-packages\rest_framework\views.py", line 512, in dispatch
    response = handler(request, *args, **kwargs)
  File "C:\Users\donan\Desktop\ProjetBoutique\env_boutique\Lib\site-packages\rest_framework\mixins.py", line 43, in list
    return self.get_paginated_response(serializer.data)
                                       ^^^^^^^^^^^^^^^
  File "C:\Users\donan\Desktop\ProjetBoutique\env_boutique\Lib\site-packages\rest_framework\serializers.py", line 797, in data
    ret = super().data
          ^^^^^^^^^^^^
  File "C:\Users\donan\Desktop\ProjetBoutique\env_boutique\Lib\site-packages\rest_framework\serializers.py", line 251, in data
    self._data = self.to_representation(self.instance)
                 ~~~~~~~~~~~~~~~~~~~~~~^^^^^^^^^^^^^^^
  File "C:\Users\donan\Desktop\ProjetBoutique\env_boutique\Lib\site-packages\rest_framework\serializers.py", line 716, in to_representation
    self.child.to_representation(item) for item in iterable
    ~~~~~~~~~~~~~~~~~~~~~~~~~~~~^^^^^^
  File "C:\Users\donan\Desktop\ProjetBoutique\env_boutique\Lib\site-packages\rest_framework\serializers.py", line 540, in to_representation
    ret[field.field_name] = field.to_representation(attribute)
                            ~~~~~~~~~~~~~~~~~~~~~~~^^^^^^^^^^^
  File "C:\Users\donan\Desktop\ProjetBoutique\env_boutique\Lib\site-packages\rest_framework\fields.py", line 1870, in to_representation
    return method(value)
  File "C:\Users\donan\Desktop\POS-PROJECT\ADMIN WEB\api_boutique_core\serializers.py", line 936, in get_margin
    if obj.cost_price and obj.base_price and obj.cost_price > 0:
       ^^^^^^^^^^^^^^
AttributeError: 'Product' object has no attribute 'cost_price'
ERROR 2026-02-02 11:32:44,720 basehttp "GET /api/products/?store=1 HTTP/1.1" 500 157680
ERROR 2026-02-02 11:32:46,410 log Internal Server Error: /api/products/
Traceback (most recent call last):
  File "C:\Users\donan\Desktop\ProjetBoutique\env_boutique\Lib\site-packages\django\core\handlers\exception.py", line 55, in inner
    response = get_response(request)
  File "C:\Users\donan\Desktop\ProjetBoutique\env_boutique\Lib\site-packages\django\core\handlers\base.py", line 197, in _get_response
    response = wrapped_callback(request, *callback_args, **callback_kwargs)
  File "C:\Users\donan\Desktop\ProjetBoutique\env_boutique\Lib\site-packages\django\views\decorators\csrf.py", line 65, in _view_wrapper
    return view_func(request, *args, **kwargs)
  File "C:\Users\donan\Desktop\ProjetBoutique\env_boutique\Lib\site-packages\rest_framework\viewsets.py", line 125, in view
    return self.dispatch(request, *args, **kwargs)
           ~~~~~~~~~~~~~^^^^^^^^^^^^^^^^^^^^^^^^^^
  File "C:\Users\donan\Desktop\ProjetBoutique\env_boutique\Lib\site-packages\rest_framework\views.py", line 515, in dispatch
    response = self.handle_exception(exc)
  File "C:\Users\donan\Desktop\ProjetBoutique\env_boutique\Lib\site-packages\rest_framework\views.py", line 475, in handle_exception
    self.raise_uncaught_exception(exc)
    ~~~~~~~~~~~~~~~~~~~~~~~~~~~~~^^^^^
  File "C:\Users\donan\Desktop\ProjetBoutique\env_boutique\Lib\site-packages\rest_framework\views.py", line 486, in raise_uncaught_exception
    raise exc
  File "C:\Users\donan\Desktop\ProjetBoutique\env_boutique\Lib\site-packages\rest_framework\views.py", line 512, in dispatch
    response = handler(request, *args, **kwargs)
  File "C:\Users\donan\Desktop\ProjetBoutique\env_boutique\Lib\site-packages\rest_framework\mixins.py", line 43, in list
    return self.get_paginated_response(serializer.data)
                                       ^^^^^^^^^^^^^^^
  File "C:\Users\donan\Desktop\ProjetBoutique\env_boutique\Lib\site-packages\rest_framework\serializers.py", line 797, in data
    ret = super().data
          ^^^^^^^^^^^^
  File "C:\Users\donan\Desktop\ProjetBoutique\env_boutique\Lib\site-packages\rest_framework\serializers.py", line 251, in data
    self._data = self.to_representation(self.instance)
                 ~~~~~~~~~~~~~~~~~~~~~~^^^^^^^^^^^^^^^
  File "C:\Users\donan\Desktop\ProjetBoutique\env_boutique\Lib\site-packages\rest_framework\serializers.py", line 716, in to_representation
    self.child.to_representation(item) for item in iterable
    ~~~~~~~~~~~~~~~~~~~~~~~~~~~~^^^^^^
  File "C:\Users\donan\Desktop\ProjetBoutique\env_boutique\Lib\site-packages\rest_framework\serializers.py", line 540, in to_representation
    ret[field.field_name] = field.to_representation(attribute)
                            ~~~~~~~~~~~~~~~~~~~~~~~^^^^^^^^^^^
  File "C:\Users\donan\Desktop\ProjetBoutique\env_boutique\Lib\site-packages\rest_framework\fields.py", line 1870, in to_representation
    return method(value)
  File "C:\Users\donan\Desktop\POS-PROJECT\ADMIN WEB\api_boutique_core\serializers.py", line 936, in get_margin
    if obj.cost_price and obj.base_price and obj.cost_price > 0:
       ^^^^^^^^^^^^^^
AttributeError: 'Product' object has no attribute 'cost_price'
ERROR 2026-02-02 11:32:46,415 basehttp "GET /api/products/?store=1 HTTP/1.1" 500 157680
ERROR 2026-02-02 11:33:51,343 log Internal Server Error: /api/products/
Traceback (most recent call last):
  File "C:\Users\donan\Desktop\ProjetBoutique\env_boutique\Lib\site-packages\django\core\handlers\exception.py", line 55, in inner
    response = get_response(request)
  File "C:\Users\donan\Desktop\ProjetBoutique\env_boutique\Lib\site-packages\django\core\handlers\base.py", line 197, in _get_response
    response = wrapped_callback(request, *callback_args, **callback_kwargs)
  File "C:\Users\donan\Desktop\ProjetBoutique\env_boutique\Lib\site-packages\django\views\decorators\csrf.py", line 65, in _view_wrapper
    return view_func(request, *args, **kwargs)
  File "C:\Users\donan\Desktop\ProjetBoutique\env_boutique\Lib\site-packages\rest_framework\viewsets.py", line 125, in view
    return self.dispatch(request, *args, **kwargs)
           ~~~~~~~~~~~~~^^^^^^^^^^^^^^^^^^^^^^^^^^
  File "C:\Users\donan\Desktop\ProjetBoutique\env_boutique\Lib\site-packages\rest_framework\views.py", line 515, in dispatch
    response = self.handle_exception(exc)
  File "C:\Users\donan\Desktop\ProjetBoutique\env_boutique\Lib\site-packages\rest_framework\views.py", line 475, in handle_exception
    self.raise_uncaught_exception(exc)
    ~~~~~~~~~~~~~~~~~~~~~~~~~~~~~^^^^^
  File "C:\Users\donan\Desktop\ProjetBoutique\env_boutique\Lib\site-packages\rest_framework\views.py", line 486, in raise_uncaught_exception
    raise exc
  File "C:\Users\donan\Desktop\ProjetBoutique\env_boutique\Lib\site-packages\rest_framework\views.py", line 512, in dispatch
    response = handler(request, *args, **kwargs)
  File "C:\Users\donan\Desktop\ProjetBoutique\env_boutique\Lib\site-packages\rest_framework\mixins.py", line 43, in list
    return self.get_paginated_response(serializer.data)
                                       ^^^^^^^^^^^^^^^
  File "C:\Users\donan\Desktop\ProjetBoutique\env_boutique\Lib\site-packages\rest_framework\serializers.py", line 797, in data
    ret = super().data
          ^^^^^^^^^^^^
  File "C:\Users\donan\Desktop\ProjetBoutique\env_boutique\Lib\site-packages\rest_framework\serializers.py", line 251, in data
    self._data = self.to_representation(self.instance)
                 ~~~~~~~~~~~~~~~~~~~~~~^^^^^^^^^^^^^^^
  File "C:\Users\donan\Desktop\ProjetBoutique\env_boutique\Lib\site-packages\rest_framework\serializers.py", line 716, in to_representation
    self.child.to_representation(item) for item in iterable
    ~~~~~~~~~~~~~~~~~~~~~~~~~~~~^^^^^^
  File "C:\Users\donan\Desktop\ProjetBoutique\env_boutique\Lib\site-packages\rest_framework\serializers.py", line 540, in to_representation
    ret[field.field_name] = field.to_representation(attribute)
                            ~~~~~~~~~~~~~~~~~~~~~~~^^^^^^^^^^^
  File "C:\Users\donan\Desktop\ProjetBoutique\env_boutique\Lib\site-packages\rest_framework\fields.py", line 1870, in to_representation
    return method(value)
  File "C:\Users\donan\Desktop\POS-PROJECT\ADMIN WEB\api_boutique_core\serializers.py", line 936, in get_margin
    if obj.cost_price and obj.base_price and obj.cost_price > 0:
       ^^^^^^^^^^^^^^
AttributeError: 'Product' object has no attribute 'cost_price'
ERROR 2026-02-02 11:33:51,346 basehttp "GET /api/products/ HTTP/1.1" 500 27859
ERROR 2026-02-02 11:49:41,693 log Internal Server Error: /api/products/
Traceback (most recent call last):
  File "C:\Users\donan\Desktop\ProjetBoutique\env_boutique\Lib\site-packages\django\core\handlers\exception.py", line 55, in inner
    response = get_response(request)
  File "C:\Users\donan\Desktop\ProjetBoutique\env_boutique\Lib\site-packages\django\core\handlers\base.py", line 197, in _get_response
    response = wrapped_callback(request, *callback_args, **callback_kwargs)
  File "C:\Users\donan\Desktop\ProjetBoutique\env_boutique\Lib\site-packages\django\views\decorators\csrf.py", line 65, in _view_wrapper
    return view_func(request, *args, **kwargs)
  File "C:\Users\donan\Desktop\ProjetBoutique\env_boutique\Lib\site-packages\rest_framework\viewsets.py", line 125, in view
    return self.dispatch(request, *args, **kwargs)
           ~~~~~~~~~~~~~^^^^^^^^^^^^^^^^^^^^^^^^^^
  File "C:\Users\donan\Desktop\ProjetBoutique\env_boutique\Lib\site-packages\rest_framework\views.py", line 515, in dispatch
    response = self.handle_exception(exc)
  File "C:\Users\donan\Desktop\ProjetBoutique\env_boutique\Lib\site-packages\rest_framework\views.py", line 475, in handle_exception
    self.raise_uncaught_exception(exc)
    ~~~~~~~~~~~~~~~~~~~~~~~~~~~~~^^^^^
  File "C:\Users\donan\Desktop\ProjetBoutique\env_boutique\Lib\site-packages\rest_framework\views.py", line 486, in raise_uncaught_exception
    raise exc
  File "C:\Users\donan\Desktop\ProjetBoutique\env_boutique\Lib\site-packages\rest_framework\views.py", line 512, in dispatch
    response = handler(request, *args, **kwargs)
  File "C:\Users\donan\Desktop\ProjetBoutique\env_boutique\Lib\site-packages\rest_framework\mixins.py", line 43, in list
    return self.get_paginated_response(serializer.data)
                                       ^^^^^^^^^^^^^^^
  File "C:\Users\donan\Desktop\ProjetBoutique\env_boutique\Lib\site-packages\rest_framework\serializers.py", line 797, in data
    ret = super().data
          ^^^^^^^^^^^^
  File "C:\Users\donan\Desktop\ProjetBoutique\env_boutique\Lib\site-packages\rest_framework\serializers.py", line 251, in data
    self._data = self.to_representation(self.instance)
                 ~~~~~~~~~~~~~~~~~~~~~~^^^^^^^^^^^^^^^
  File "C:\Users\donan\Desktop\ProjetBoutique\env_boutique\Lib\site-packages\rest_framework\serializers.py", line 716, in to_representation
    self.child.to_representation(item) for item in iterable
    ~~~~~~~~~~~~~~~~~~~~~~~~~~~~^^^^^^
  File "C:\Users\donan\Desktop\ProjetBoutique\env_boutique\Lib\site-packages\rest_framework\serializers.py", line 540, in to_representation
    ret[field.field_name] = field.to_representation(attribute)
                            ~~~~~~~~~~~~~~~~~~~~~~~^^^^^^^^^^^
  File "C:\Users\donan\Desktop\ProjetBoutique\env_boutique\Lib\site-packages\rest_framework\fields.py", line 1870, in to_representation
    return method(value)
  File "C:\Users\donan\Desktop\POS-PROJECT\ADMIN WEB\api_boutique_core\serializers.py", line 936, in get_margin
    if obj.cost_price and obj.base_price and obj.cost_price > 0:
       ^^^^^^^^^^^^^^
AttributeError: 'Product' object has no attribute 'cost_price'
ERROR 2026-02-02 11:49:41,700 basehttp "GET /api/products/ HTTP/1.1" 500 157218
ERROR 2026-02-02 11:49:43,328 log Internal Server Error: /api/products/
Traceback (most recent call last):
  File "C:\Users\donan\Desktop\ProjetBoutique\env_boutique\Lib\site-packages\django\core\handlers\exception.py", line 55, in inner
    response = get_response(request)
  File "C:\Users\donan\Desktop\ProjetBoutique\env_boutique\Lib\site-packages\django\core\handlers\base.py", line 197, in _get_response
    response = wrapped_callback(request, *callback_args, **callback_kwargs)
  File "C:\Users\donan\Desktop\ProjetBoutique\env_boutique\Lib\site-packages\django\views\decorators\csrf.py", line 65, in _view_wrapper
    return view_func(request, *args, **kwargs)
  File "C:\Users\donan\Desktop\ProjetBoutique\env_boutique\Lib\site-packages\rest_framework\viewsets.py", line 125, in view
    return self.dispatch(request, *args, **kwargs)
           ~~~~~~~~~~~~~^^^^^^^^^^^^^^^^^^^^^^^^^^
  File "C:\Users\donan\Desktop\ProjetBoutique\env_boutique\Lib\site-packages\rest_framework\views.py", line 515, in dispatch
    response = self.handle_exception(exc)
  File "C:\Users\donan\Desktop\ProjetBoutique\env_boutique\Lib\site-packages\rest_framework\views.py", line 475, in handle_exception
    self.raise_uncaught_exception(exc)
    ~~~~~~~~~~~~~~~~~~~~~~~~~~~~~^^^^^
  File "C:\Users\donan\Desktop\ProjetBoutique\env_boutique\Lib\site-packages\rest_framework\views.py", line 486, in raise_uncaught_exception
    raise exc
  File "C:\Users\donan\Desktop\ProjetBoutique\env_boutique\Lib\site-packages\rest_framework\views.py", line 512, in dispatch
    response = handler(request, *args, **kwargs)
  File "C:\Users\donan\Desktop\ProjetBoutique\env_boutique\Lib\site-packages\rest_framework\mixins.py", line 43, in list
    return self.get_paginated_response(serializer.data)
                                       ^^^^^^^^^^^^^^^
  File "C:\Users\donan\Desktop\ProjetBoutique\env_boutique\Lib\site-packages\rest_framework\serializers.py", line 797, in data
    ret = super().data
          ^^^^^^^^^^^^
  File "C:\Users\donan\Desktop\ProjetBoutique\env_boutique\Lib\site-packages\rest_framework\serializers.py", line 251, in data
    self._data = self.to_representation(self.instance)
                 ~~~~~~~~~~~~~~~~~~~~~~^^^^^^^^^^^^^^^
  File "C:\Users\donan\Desktop\ProjetBoutique\env_boutique\Lib\site-packages\rest_framework\serializers.py", line 716, in to_representation
    self.child.to_representation(item) for item in iterable
    ~~~~~~~~~~~~~~~~~~~~~~~~~~~~^^^^^^
  File "C:\Users\donan\Desktop\ProjetBoutique\env_boutique\Lib\site-packages\rest_framework\serializers.py", line 540, in to_representation
    ret[field.field_name] = field.to_representation(attribute)
                            ~~~~~~~~~~~~~~~~~~~~~~~^^^^^^^^^^^
  File "C:\Users\donan\Desktop\ProjetBoutique\env_boutique\Lib\site-packages\rest_framework\fields.py", line 1870, in to_representation
    return method(value)
  File "C:\Users\donan\Desktop\POS-PROJECT\ADMIN WEB\api_boutique_core\serializers.py", line 936, in get_margin
    if obj.cost_price and obj.base_price and obj.cost_price > 0:
       ^^^^^^^^^^^^^^
AttributeError: 'Product' object has no attribute 'cost_price'
ERROR 2026-02-02 11:49:43,333 basehttp "GET /api/products/ HTTP/1.1" 500 157218
ERROR 2026-02-02 11:49:44,807 log Internal Server Error: /api/products/
Traceback (most recent call last):
  File "C:\Users\donan\Desktop\ProjetBoutique\env_boutique\Lib\site-packages\django\core\handlers\exception.py", line 55, in inner
    response = get_response(request)
  File "C:\Users\donan\Desktop\ProjetBoutique\env_boutique\Lib\site-packages\django\core\handlers\base.py", line 197, in _get_response
    response = wrapped_callback(request, *callback_args, **callback_kwargs)
  File "C:\Users\donan\Desktop\ProjetBoutique\env_boutique\Lib\site-packages\django\views\decorators\csrf.py", line 65, in _view_wrapper
    return view_func(request, *args, **kwargs)
  File "C:\Users\donan\Desktop\ProjetBoutique\env_boutique\Lib\site-packages\rest_framework\viewsets.py", line 125, in view
    return self.dispatch(request, *args, **kwargs)
           ~~~~~~~~~~~~~^^^^^^^^^^^^^^^^^^^^^^^^^^
  File "C:\Users\donan\Desktop\ProjetBoutique\env_boutique\Lib\site-packages\rest_framework\views.py", line 515, in dispatch
    response = self.handle_exception(exc)
  File "C:\Users\donan\Desktop\ProjetBoutique\env_boutique\Lib\site-packages\rest_framework\views.py", line 475, in handle_exception
    self.raise_uncaught_exception(exc)
    ~~~~~~~~~~~~~~~~~~~~~~~~~~~~~^^^^^
  File "C:\Users\donan\Desktop\ProjetBoutique\env_boutique\Lib\site-packages\rest_framework\views.py", line 486, in raise_uncaught_exception
    raise exc
  File "C:\Users\donan\Desktop\ProjetBoutique\env_boutique\Lib\site-packages\rest_framework\views.py", line 512, in dispatch
    response = handler(request, *args, **kwargs)
  File "C:\Users\donan\Desktop\ProjetBoutique\env_boutique\Lib\site-packages\rest_framework\mixins.py", line 43, in list
    return self.get_paginated_response(serializer.data)
                                       ^^^^^^^^^^^^^^^
  File "C:\Users\donan\Desktop\ProjetBoutique\env_boutique\Lib\site-packages\rest_framework\serializers.py", line 797, in data
    ret = super().data
          ^^^^^^^^^^^^
  File "C:\Users\donan\Desktop\ProjetBoutique\env_boutique\Lib\site-packages\rest_framework\serializers.py", line 251, in data
    self._data = self.to_representation(self.instance)
                 ~~~~~~~~~~~~~~~~~~~~~~^^^^^^^^^^^^^^^
  File "C:\Users\donan\Desktop\ProjetBoutique\env_boutique\Lib\site-packages\rest_framework\serializers.py", line 716, in to_representation
    self.child.to_representation(item) for item in iterable
    ~~~~~~~~~~~~~~~~~~~~~~~~~~~~^^^^^^
  File "C:\Users\donan\Desktop\ProjetBoutique\env_boutique\Lib\site-packages\rest_framework\serializers.py", line 540, in to_representation
    ret[field.field_name] = field.to_representation(attribute)
                            ~~~~~~~~~~~~~~~~~~~~~~~^^^^^^^^^^^
  File "C:\Users\donan\Desktop\ProjetBoutique\env_boutique\Lib\site-packages\rest_framework\fields.py", line 1870, in to_representation
    return method(value)
  File "C:\Users\donan\Desktop\POS-PROJECT\ADMIN WEB\api_boutique_core\serializers.py", line 936, in get_margin
    if obj.cost_price and obj.base_price and obj.cost_price > 0:
       ^^^^^^^^^^^^^^
AttributeError: 'Product' object has no attribute 'cost_price'
ERROR 2026-02-02 11:49:44,812 basehttp "GET /api/products/ HTTP/1.1" 500 157218
ERROR 2026-02-02 11:49:46,443 log Internal Server Error: /api/products/
Traceback (most recent call last):
  File "C:\Users\donan\Desktop\ProjetBoutique\env_boutique\Lib\site-packages\django\core\handlers\exception.py", line 55, in inner
    response = get_response(request)
  File "C:\Users\donan\Desktop\ProjetBoutique\env_boutique\Lib\site-packages\django\core\handlers\base.py", line 197, in _get_response
    response = wrapped_callback(request, *callback_args, **callback_kwargs)
  File "C:\Users\donan\Desktop\ProjetBoutique\env_boutique\Lib\site-packages\django\views\decorators\csrf.py", line 65, in _view_wrapper
    return view_func(request, *args, **kwargs)
  File "C:\Users\donan\Desktop\ProjetBoutique\env_boutique\Lib\site-packages\rest_framework\viewsets.py", line 125, in view
    return self.dispatch(request, *args, **kwargs)
           ~~~~~~~~~~~~~^^^^^^^^^^^^^^^^^^^^^^^^^^
  File "C:\Users\donan\Desktop\ProjetBoutique\env_boutique\Lib\site-packages\rest_framework\views.py", line 515, in dispatch
    response = self.handle_exception(exc)
  File "C:\Users\donan\Desktop\ProjetBoutique\env_boutique\Lib\site-packages\rest_framework\views.py", line 475, in handle_exception
    self.raise_uncaught_exception(exc)
    ~~~~~~~~~~~~~~~~~~~~~~~~~~~~~^^^^^
  File "C:\Users\donan\Desktop\ProjetBoutique\env_boutique\Lib\site-packages\rest_framework\views.py", line 486, in raise_uncaught_exception
    raise exc
  File "C:\Users\donan\Desktop\ProjetBoutique\env_boutique\Lib\site-packages\rest_framework\views.py", line 512, in dispatch
    response = handler(request, *args, **kwargs)
  File "C:\Users\donan\Desktop\ProjetBoutique\env_boutique\Lib\site-packages\rest_framework\mixins.py", line 43, in list
    return self.get_paginated_response(serializer.data)
                                       ^^^^^^^^^^^^^^^
  File "C:\Users\donan\Desktop\ProjetBoutique\env_boutique\Lib\site-packages\rest_framework\serializers.py", line 797, in data
    ret = super().data
          ^^^^^^^^^^^^
  File "C:\Users\donan\Desktop\ProjetBoutique\env_boutique\Lib\site-packages\rest_framework\serializers.py", line 251, in data
    self._data = self.to_representation(self.instance)
                 ~~~~~~~~~~~~~~~~~~~~~~^^^^^^^^^^^^^^^
  File "C:\Users\donan\Desktop\ProjetBoutique\env_boutique\Lib\site-packages\rest_framework\serializers.py", line 716, in to_representation
    self.child.to_representation(item) for item in iterable
    ~~~~~~~~~~~~~~~~~~~~~~~~~~~~^^^^^^
  File "C:\Users\donan\Desktop\ProjetBoutique\env_boutique\Lib\site-packages\rest_framework\serializers.py", line 540, in to_representation
    ret[field.field_name] = field.to_representation(attribute)
                            ~~~~~~~~~~~~~~~~~~~~~~~^^^^^^^^^^^
  File "C:\Users\donan\Desktop\ProjetBoutique\env_boutique\Lib\site-packages\rest_framework\fields.py", line 1870, in to_representation
    return method(value)
  File "C:\Users\donan\Desktop\POS-PROJECT\ADMIN WEB\api_boutique_core\serializers.py", line 936, in get_margin
    if obj.cost_price and obj.base_price and obj.cost_price > 0:
       ^^^^^^^^^^^^^^
AttributeError: 'Product' object has no attribute 'cost_price'
ERROR 2026-02-02 11:49:46,448 basehttp "GET /api/products/ HTTP/1.1" 500 157218
ERROR 2026-02-02 11:52:35,503 log Internal Server Error: /api/products/
Traceback (most recent call last):
  File "C:\Users\donan\Desktop\ProjetBoutique\env_boutique\Lib\site-packages\django\core\handlers\exception.py", line 55, in inner
    response = get_response(request)
  File "C:\Users\donan\Desktop\ProjetBoutique\env_boutique\Lib\site-packages\django\core\handlers\base.py", line 197, in _get_response
    response = wrapped_callback(request, *callback_args, **callback_kwargs)
  File "C:\Users\donan\Desktop\ProjetBoutique\env_boutique\Lib\site-packages\django\views\decorators\csrf.py", line 65, in _view_wrapper
    return view_func(request, *args, **kwargs)
  File "C:\Users\donan\Desktop\ProjetBoutique\env_boutique\Lib\site-packages\rest_framework\viewsets.py", line 125, in view
    return self.dispatch(request, *args, **kwargs)
           ~~~~~~~~~~~~~^^^^^^^^^^^^^^^^^^^^^^^^^^
  File "C:\Users\donan\Desktop\ProjetBoutique\env_boutique\Lib\site-packages\rest_framework\views.py", line 515, in dispatch
    response = self.handle_exception(exc)
  File "C:\Users\donan\Desktop\ProjetBoutique\env_boutique\Lib\site-packages\rest_framework\views.py", line 475, in handle_exception
    self.raise_uncaught_exception(exc)
    ~~~~~~~~~~~~~~~~~~~~~~~~~~~~~^^^^^
  File "C:\Users\donan\Desktop\ProjetBoutique\env_boutique\Lib\site-packages\rest_framework\views.py", line 486, in raise_uncaught_exception
    raise exc
  File "C:\Users\donan\Desktop\ProjetBoutique\env_boutique\Lib\site-packages\rest_framework\views.py", line 512, in dispatch
    response = handler(request, *args, **kwargs)
  File "C:\Users\donan\Desktop\ProjetBoutique\env_boutique\Lib\site-packages\rest_framework\mixins.py", line 43, in list
    return self.get_paginated_response(serializer.data)
                                       ^^^^^^^^^^^^^^^
  File "C:\Users\donan\Desktop\ProjetBoutique\env_boutique\Lib\site-packages\rest_framework\serializers.py", line 797, in data
    ret = super().data
          ^^^^^^^^^^^^
  File "C:\Users\donan\Desktop\ProjetBoutique\env_boutique\Lib\site-packages\rest_framework\serializers.py", line 251, in data
    self._data = self.to_representation(self.instance)
                 ~~~~~~~~~~~~~~~~~~~~~~^^^^^^^^^^^^^^^
  File "C:\Users\donan\Desktop\ProjetBoutique\env_boutique\Lib\site-packages\rest_framework\serializers.py", line 716, in to_representation
    self.child.to_representation(item) for item in iterable
    ~~~~~~~~~~~~~~~~~~~~~~~~~~~~^^^^^^
  File "C:\Users\donan\Desktop\ProjetBoutique\env_boutique\Lib\site-packages\rest_framework\serializers.py", line 540, in to_representation
    ret[field.field_name] = field.to_representation(attribute)
                            ~~~~~~~~~~~~~~~~~~~~~~~^^^^^^^^^^^
  File "C:\Users\donan\Desktop\ProjetBoutique\env_boutique\Lib\site-packages\rest_framework\fields.py", line 1870, in to_representation
    return method(value)
  File "C:\Users\donan\Desktop\POS-PROJECT\ADMIN WEB\api_boutique_core\serializers.py", line 936, in get_margin
    if obj.cost_price and obj.base_price and obj.cost_price > 0:
       ^^^^^^^^^^^^^^
AttributeError: 'Product' object has no attribute 'cost_price'
ERROR 2026-02-02 11:52:35,508 basehttp "GET /api/products/ HTTP/1.1" 500 157218
ERROR 2026-02-02 11:52:37,000 log Internal Server Error: /api/products/
Traceback (most recent call last):
  File "C:\Users\donan\Desktop\ProjetBoutique\env_boutique\Lib\site-packages\django\core\handlers\exception.py", line 55, in inner
    response = get_response(request)
  File "C:\Users\donan\Desktop\ProjetBoutique\env_boutique\Lib\site-packages\django\core\handlers\base.py", line 197, in _get_response
    response = wrapped_callback(request, *callback_args, **callback_kwargs)
  File "C:\Users\donan\Desktop\ProjetBoutique\env_boutique\Lib\site-packages\django\views\decorators\csrf.py", line 65, in _view_wrapper
    return view_func(request, *args, **kwargs)
  File "C:\Users\donan\Desktop\ProjetBoutique\env_boutique\Lib\site-packages\rest_framework\viewsets.py", line 125, in view
    return self.dispatch(request, *args, **kwargs)
           ~~~~~~~~~~~~~^^^^^^^^^^^^^^^^^^^^^^^^^^
  File "C:\Users\donan\Desktop\ProjetBoutique\env_boutique\Lib\site-packages\rest_framework\views.py", line 515, in dispatch
    response = self.handle_exception(exc)
  File "C:\Users\donan\Desktop\ProjetBoutique\env_boutique\Lib\site-packages\rest_framework\views.py", line 475, in handle_exception
    self.raise_uncaught_exception(exc)
    ~~~~~~~~~~~~~~~~~~~~~~~~~~~~~^^^^^
  File "C:\Users\donan\Desktop\ProjetBoutique\env_boutique\Lib\site-packages\rest_framework\views.py", line 486, in raise_uncaught_exception
    raise exc
  File "C:\Users\donan\Desktop\ProjetBoutique\env_boutique\Lib\site-packages\rest_framework\views.py", line 512, in dispatch
    response = handler(request, *args, **kwargs)
  File "C:\Users\donan\Desktop\ProjetBoutique\env_boutique\Lib\site-packages\rest_framework\mixins.py", line 43, in list
    return self.get_paginated_response(serializer.data)
                                       ^^^^^^^^^^^^^^^
  File "C:\Users\donan\Desktop\ProjetBoutique\env_boutique\Lib\site-packages\rest_framework\serializers.py", line 797, in data
    ret = super().data
          ^^^^^^^^^^^^
  File "C:\Users\donan\Desktop\ProjetBoutique\env_boutique\Lib\site-packages\rest_framework\serializers.py", line 251, in data
    self._data = self.to_representation(self.instance)
                 ~~~~~~~~~~~~~~~~~~~~~~^^^^^^^^^^^^^^^
  File "C:\Users\donan\Desktop\ProjetBoutique\env_boutique\Lib\site-packages\rest_framework\serializers.py", line 716, in to_representation
    self.child.to_representation(item) for item in iterable
    ~~~~~~~~~~~~~~~~~~~~~~~~~~~~^^^^^^
  File "C:\Users\donan\Desktop\ProjetBoutique\env_boutique\Lib\site-packages\rest_framework\serializers.py", line 540, in to_representation
    ret[field.field_name] = field.to_representation(attribute)
                            ~~~~~~~~~~~~~~~~~~~~~~~^^^^^^^^^^^
  File "C:\Users\donan\Desktop\ProjetBoutique\env_boutique\Lib\site-packages\rest_framework\fields.py", line 1870, in to_representation
    return method(value)
  File "C:\Users\donan\Desktop\POS-PROJECT\ADMIN WEB\api_boutique_core\serializers.py", line 936, in get_margin
    if obj.cost_price and obj.base_price and obj.cost_price > 0:
       ^^^^^^^^^^^^^^
AttributeError: 'Product' object has no attribute 'cost_price'
ERROR 2026-02-02 11:52:37,004 basehttp "GET /api/products/ HTTP/1.1" 500 157218
ERROR 2026-02-02 11:52:38,449 log Internal Server Error: /api/products/
Traceback (most recent call last):
  File "C:\Users\donan\Desktop\ProjetBoutique\env_boutique\Lib\site-packages\django\core\handlers\exception.py", line 55, in inner
    response = get_response(request)
  File "C:\Users\donan\Desktop\ProjetBoutique\env_boutique\Lib\site-packages\django\core\handlers\base.py", line 197, in _get_response
    response = wrapped_callback(request, *callback_args, **callback_kwargs)
  File "C:\Users\donan\Desktop\ProjetBoutique\env_boutique\Lib\site-packages\django\views\decorators\csrf.py", line 65, in _view_wrapper
    return view_func(request, *args, **kwargs)
  File "C:\Users\donan\Desktop\ProjetBoutique\env_boutique\Lib\site-packages\rest_framework\viewsets.py", line 125, in view
    return self.dispatch(request, *args, **kwargs)
           ~~~~~~~~~~~~~^^^^^^^^^^^^^^^^^^^^^^^^^^
  File "C:\Users\donan\Desktop\ProjetBoutique\env_boutique\Lib\site-packages\rest_framework\views.py", line 515, in dispatch
    response = self.handle_exception(exc)
  File "C:\Users\donan\Desktop\ProjetBoutique\env_boutique\Lib\site-packages\rest_framework\views.py", line 475, in handle_exception
    self.raise_uncaught_exception(exc)
    ~~~~~~~~~~~~~~~~~~~~~~~~~~~~~^^^^^
  File "C:\Users\donan\Desktop\ProjetBoutique\env_boutique\Lib\site-packages\rest_framework\views.py", line 486, in raise_uncaught_exception
    raise exc
  File "C:\Users\donan\Desktop\ProjetBoutique\env_boutique\Lib\site-packages\rest_framework\views.py", line 512, in dispatch
    response = handler(request, *args, **kwargs)
  File "C:\Users\donan\Desktop\ProjetBoutique\env_boutique\Lib\site-packages\rest_framework\mixins.py", line 43, in list
    return self.get_paginated_response(serializer.data)
                                       ^^^^^^^^^^^^^^^
  File "C:\Users\donan\Desktop\ProjetBoutique\env_boutique\Lib\site-packages\rest_framework\serializers.py", line 797, in data
    ret = super().data
          ^^^^^^^^^^^^
  File "C:\Users\donan\Desktop\ProjetBoutique\env_boutique\Lib\site-packages\rest_framework\serializers.py", line 251, in data
    self._data = self.to_representation(self.instance)
                 ~~~~~~~~~~~~~~~~~~~~~~^^^^^^^^^^^^^^^
  File "C:\Users\donan\Desktop\ProjetBoutique\env_boutique\Lib\site-packages\rest_framework\serializers.py", line 716, in to_representation
    self.child.to_representation(item) for item in iterable
    ~~~~~~~~~~~~~~~~~~~~~~~~~~~~^^^^^^
  File "C:\Users\donan\Desktop\ProjetBoutique\env_boutique\Lib\site-packages\rest_framework\serializers.py", line 540, in to_representation
    ret[field.field_name] = field.to_representation(attribute)
                            ~~~~~~~~~~~~~~~~~~~~~~~^^^^^^^^^^^
  File "C:\Users\donan\Desktop\ProjetBoutique\env_boutique\Lib\site-packages\rest_framework\fields.py", line 1870, in to_representation
    return method(value)
  File "C:\Users\donan\Desktop\POS-PROJECT\ADMIN WEB\api_boutique_core\serializers.py", line 936, in get_margin
    if obj.cost_price and obj.base_price and obj.cost_price > 0:
       ^^^^^^^^^^^^^^
AttributeError: 'Product' object has no attribute 'cost_price'
ERROR 2026-02-02 11:52:38,455 basehttp "GET /api/products/ HTTP/1.1" 500 157218
ERROR 2026-02-02 11:52:39,934 log Internal Server Error: /api/products/
Traceback (most recent call last):
  File "C:\Users\donan\Desktop\ProjetBoutique\env_boutique\Lib\site-packages\django\core\handlers\exception.py", line 55, in inner
    response = get_response(request)
  File "C:\Users\donan\Desktop\ProjetBoutique\env_boutique\Lib\site-packages\django\core\handlers\base.py", line 197, in _get_response
    response = wrapped_callback(request, *callback_args, **callback_kwargs)
  File "C:\Users\donan\Desktop\ProjetBoutique\env_boutique\Lib\site-packages\django\views\decorators\csrf.py", line 65, in _view_wrapper
    return view_func(request, *args, **kwargs)
  File "C:\Users\donan\Desktop\ProjetBoutique\env_boutique\Lib\site-packages\rest_framework\viewsets.py", line 125, in view
    return self.dispatch(request, *args, **kwargs)
           ~~~~~~~~~~~~~^^^^^^^^^^^^^^^^^^^^^^^^^^
  File "C:\Users\donan\Desktop\ProjetBoutique\env_boutique\Lib\site-packages\rest_framework\views.py", line 515, in dispatch
    response = self.handle_exception(exc)
  File "C:\Users\donan\Desktop\ProjetBoutique\env_boutique\Lib\site-packages\rest_framework\views.py", line 475, in handle_exception
    self.raise_uncaught_exception(exc)
    ~~~~~~~~~~~~~~~~~~~~~~~~~~~~~^^^^^
  File "C:\Users\donan\Desktop\ProjetBoutique\env_boutique\Lib\site-packages\rest_framework\views.py", line 486, in raise_uncaught_exception
    raise exc
  File "C:\Users\donan\Desktop\ProjetBoutique\env_boutique\Lib\site-packages\rest_framework\views.py", line 512, in dispatch
    response = handler(request, *args, **kwargs)
  File "C:\Users\donan\Desktop\ProjetBoutique\env_boutique\Lib\site-packages\rest_framework\mixins.py", line 43, in list
    return self.get_paginated_response(serializer.data)
                                       ^^^^^^^^^^^^^^^
  File "C:\Users\donan\Desktop\ProjetBoutique\env_boutique\Lib\site-packages\rest_framework\serializers.py", line 797, in data
    ret = super().data
          ^^^^^^^^^^^^
  File "C:\Users\donan\Desktop\ProjetBoutique\env_boutique\Lib\site-packages\rest_framework\serializers.py", line 251, in data
    self._data = self.to_representation(self.instance)
                 ~~~~~~~~~~~~~~~~~~~~~~^^^^^^^^^^^^^^^
  File "C:\Users\donan\Desktop\ProjetBoutique\env_boutique\Lib\site-packages\rest_framework\serializers.py", line 716, in to_representation
    self.child.to_representation(item) for item in iterable
    ~~~~~~~~~~~~~~~~~~~~~~~~~~~~^^^^^^
  File "C:\Users\donan\Desktop\ProjetBoutique\env_boutique\Lib\site-packages\rest_framework\serializers.py", line 540, in to_representation
    ret[field.field_name] = field.to_representation(attribute)
                            ~~~~~~~~~~~~~~~~~~~~~~~^^^^^^^^^^^
  File "C:\Users\donan\Desktop\ProjetBoutique\env_boutique\Lib\site-packages\rest_framework\fields.py", line 1870, in to_representation
    return method(value)
  File "C:\Users\donan\Desktop\POS-PROJECT\ADMIN WEB\api_boutique_core\serializers.py", line 936, in get_margin
    if obj.cost_price and obj.base_price and obj.cost_price > 0:
       ^^^^^^^^^^^^^^
AttributeError: 'Product' object has no attribute 'cost_price'
ERROR 2026-02-02 11:52:39,938 basehttp "GET /api/products/ HTTP/1.1" 500 157218
ERROR 2026-02-02 11:57:09,042 log Internal Server Error: /api/products/
Traceback (most recent call last):
  File "C:\Users\donan\Desktop\ProjetBoutique\env_boutique\Lib\site-packages\django\core\handlers\exception.py", line 55, in inner
    response = get_response(request)
  File "C:\Users\donan\Desktop\ProjetBoutique\env_boutique\Lib\site-packages\django\core\handlers\base.py", line 197, in _get_response
    response = wrapped_callback(request, *callback_args, **callback_kwargs)
  File "C:\Users\donan\Desktop\ProjetBoutique\env_boutique\Lib\site-packages\django\views\decorators\csrf.py", line 65, in _view_wrapper
    return view_func(request, *args, **kwargs)
  File "C:\Users\donan\Desktop\ProjetBoutique\env_boutique\Lib\site-packages\rest_framework\viewsets.py", line 125, in view
    return self.dispatch(request, *args, **kwargs)
           ~~~~~~~~~~~~~^^^^^^^^^^^^^^^^^^^^^^^^^^
  File "C:\Users\donan\Desktop\ProjetBoutique\env_boutique\Lib\site-packages\rest_framework\views.py", line 515, in dispatch
    response = self.handle_exception(exc)
  File "C:\Users\donan\Desktop\ProjetBoutique\env_boutique\Lib\site-packages\rest_framework\views.py", line 475, in handle_exception
    self.raise_uncaught_exception(exc)
    ~~~~~~~~~~~~~~~~~~~~~~~~~~~~~^^^^^
  File "C:\Users\donan\Desktop\ProjetBoutique\env_boutique\Lib\site-packages\rest_framework\views.py", line 486, in raise_uncaught_exception
    raise exc
  File "C:\Users\donan\Desktop\ProjetBoutique\env_boutique\Lib\site-packages\rest_framework\views.py", line 512, in dispatch
    response = handler(request, *args, **kwargs)
  File "C:\Users\donan\Desktop\ProjetBoutique\env_boutique\Lib\site-packages\rest_framework\mixins.py", line 43, in list
    return self.get_paginated_response(serializer.data)
                                       ^^^^^^^^^^^^^^^
  File "C:\Users\donan\Desktop\ProjetBoutique\env_boutique\Lib\site-packages\rest_framework\serializers.py", line 797, in data
    ret = super().data
          ^^^^^^^^^^^^
  File "C:\Users\donan\Desktop\ProjetBoutique\env_boutique\Lib\site-packages\rest_framework\serializers.py", line 251, in data
    self._data = self.to_representation(self.instance)
                 ~~~~~~~~~~~~~~~~~~~~~~^^^^^^^^^^^^^^^
  File "C:\Users\donan\Desktop\ProjetBoutique\env_boutique\Lib\site-packages\rest_framework\serializers.py", line 716, in to_representation
    self.child.to_representation(item) for item in iterable
    ~~~~~~~~~~~~~~~~~~~~~~~~~~~~^^^^^^
  File "C:\Users\donan\Desktop\ProjetBoutique\env_boutique\Lib\site-packages\rest_framework\serializers.py", line 540, in to_representation
    ret[field.field_name] = field.to_representation(attribute)
                            ~~~~~~~~~~~~~~~~~~~~~~~^^^^^^^^^^^
  File "C:\Users\donan\Desktop\ProjetBoutique\env_boutique\Lib\site-packages\rest_framework\fields.py", line 1870, in to_representation
    return method(value)
  File "C:\Users\donan\Desktop\POS-PROJECT\ADMIN WEB\api_boutique_core\serializers.py", line 936, in get_margin
    if obj.cost_price and obj.base_price and obj.cost_price > 0:
       ^^^^^^^^^^^^^^
AttributeError: 'Product' object has no attribute 'cost_price'
ERROR 2026-02-02 11:57:09,048 basehttp "GET /api/products/ HTTP/1.1" 500 157218
ERROR 2026-02-02 11:57:10,816 log Internal Server Error: /api/products/
Traceback (most recent call last):
  File "C:\Users\donan\Desktop\ProjetBoutique\env_boutique\Lib\site-packages\django\core\handlers\exception.py", line 55, in inner
    response = get_response(request)
  File "C:\Users\donan\Desktop\ProjetBoutique\env_boutique\Lib\site-packages\django\core\handlers\base.py", line 197, in _get_response
    response = wrapped_callback(request, *callback_args, **callback_kwargs)
  File "C:\Users\donan\Desktop\ProjetBoutique\env_boutique\Lib\site-packages\django\views\decorators\csrf.py", line 65, in _view_wrapper
    return view_func(request, *args, **kwargs)
  File "C:\Users\donan\Desktop\ProjetBoutique\env_boutique\Lib\site-packages\rest_framework\viewsets.py", line 125, in view
    return self.dispatch(request, *args, **kwargs)
           ~~~~~~~~~~~~~^^^^^^^^^^^^^^^^^^^^^^^^^^
  File "C:\Users\donan\Desktop\ProjetBoutique\env_boutique\Lib\site-packages\rest_framework\views.py", line 515, in dispatch
    response = self.handle_exception(exc)
  File "C:\Users\donan\Desktop\ProjetBoutique\env_boutique\Lib\site-packages\rest_framework\views.py", line 475, in handle_exception
    self.raise_uncaught_exception(exc)
    ~~~~~~~~~~~~~~~~~~~~~~~~~~~~~^^^^^
  File "C:\Users\donan\Desktop\ProjetBoutique\env_boutique\Lib\site-packages\rest_framework\views.py", line 486, in raise_uncaught_exception
    raise exc
  File "C:\Users\donan\Desktop\ProjetBoutique\env_boutique\Lib\site-packages\rest_framework\views.py", line 512, in dispatch
    response = handler(request, *args, **kwargs)
  File "C:\Users\donan\Desktop\ProjetBoutique\env_boutique\Lib\site-packages\rest_framework\mixins.py", line 43, in list
    return self.get_paginated_response(serializer.data)
                                       ^^^^^^^^^^^^^^^
  File "C:\Users\donan\Desktop\ProjetBoutique\env_boutique\Lib\site-packages\rest_framework\serializers.py", line 797, in data
    ret = super().data
          ^^^^^^^^^^^^
  File "C:\Users\donan\Desktop\ProjetBoutique\env_boutique\Lib\site-packages\rest_framework\serializers.py", line 251, in data
    self._data = self.to_representation(self.instance)
                 ~~~~~~~~~~~~~~~~~~~~~~^^^^^^^^^^^^^^^
  File "C:\Users\donan\Desktop\ProjetBoutique\env_boutique\Lib\site-packages\rest_framework\serializers.py", line 716, in to_representation
    self.child.to_representation(item) for item in iterable
    ~~~~~~~~~~~~~~~~~~~~~~~~~~~~^^^^^^
  File "C:\Users\donan\Desktop\ProjetBoutique\env_boutique\Lib\site-packages\rest_framework\serializers.py", line 540, in to_representation
    ret[field.field_name] = field.to_representation(attribute)
                            ~~~~~~~~~~~~~~~~~~~~~~~^^^^^^^^^^^
  File "C:\Users\donan\Desktop\ProjetBoutique\env_boutique\Lib\site-packages\rest_framework\fields.py", line 1870, in to_representation
    return method(value)
  File "C:\Users\donan\Desktop\POS-PROJECT\ADMIN WEB\api_boutique_core\serializers.py", line 936, in get_margin
    if obj.cost_price and obj.base_price and obj.cost_price > 0:
       ^^^^^^^^^^^^^^
AttributeError: 'Product' object has no attribute 'cost_price'
ERROR 2026-02-02 11:57:10,820 basehttp "GET /api/products/ HTTP/1.1" 500 157218
ERROR 2026-02-02 11:57:12,298 log Internal Server Error: /api/products/
Traceback (most recent call last):
  File "C:\Users\donan\Desktop\ProjetBoutique\env_boutique\Lib\site-packages\django\core\handlers\exception.py", line 55, in inner
    response = get_response(request)
  File "C:\Users\donan\Desktop\ProjetBoutique\env_boutique\Lib\site-packages\django\core\handlers\base.py", line 197, in _get_response
    response = wrapped_callback(request, *callback_args, **callback_kwargs)
  File "C:\Users\donan\Desktop\ProjetBoutique\env_boutique\Lib\site-packages\django\views\decorators\csrf.py", line 65, in _view_wrapper
    return view_func(request, *args, **kwargs)
  File "C:\Users\donan\Desktop\ProjetBoutique\env_boutique\Lib\site-packages\rest_framework\viewsets.py", line 125, in view
    return self.dispatch(request, *args, **kwargs)
           ~~~~~~~~~~~~~^^^^^^^^^^^^^^^^^^^^^^^^^^
  File "C:\Users\donan\Desktop\ProjetBoutique\env_boutique\Lib\site-packages\rest_framework\views.py", line 515, in dispatch
    response = self.handle_exception(exc)
  File "C:\Users\donan\Desktop\ProjetBoutique\env_boutique\Lib\site-packages\rest_framework\views.py", line 475, in handle_exception
    self.raise_uncaught_exception(exc)
    ~~~~~~~~~~~~~~~~~~~~~~~~~~~~~^^^^^
  File "C:\Users\donan\Desktop\ProjetBoutique\env_boutique\Lib\site-packages\rest_framework\views.py", line 486, in raise_uncaught_exception
    raise exc
  File "C:\Users\donan\Desktop\ProjetBoutique\env_boutique\Lib\site-packages\rest_framework\views.py", line 512, in dispatch
    response = handler(request, *args, **kwargs)
  File "C:\Users\donan\Desktop\ProjetBoutique\env_boutique\Lib\site-packages\rest_framework\mixins.py", line 43, in list
    return self.get_paginated_response(serializer.data)
                                       ^^^^^^^^^^^^^^^
  File "C:\Users\donan\Desktop\ProjetBoutique\env_boutique\Lib\site-packages\rest_framework\serializers.py", line 797, in data
    ret = super().data
          ^^^^^^^^^^^^
  File "C:\Users\donan\Desktop\ProjetBoutique\env_boutique\Lib\site-packages\rest_framework\serializers.py", line 251, in data
    self._data = self.to_representation(self.instance)
                 ~~~~~~~~~~~~~~~~~~~~~~^^^^^^^^^^^^^^^
  File "C:\Users\donan\Desktop\ProjetBoutique\env_boutique\Lib\site-packages\rest_framework\serializers.py", line 716, in to_representation
    self.child.to_representation(item) for item in iterable
    ~~~~~~~~~~~~~~~~~~~~~~~~~~~~^^^^^^
  File "C:\Users\donan\Desktop\ProjetBoutique\env_boutique\Lib\site-packages\rest_framework\serializers.py", line 540, in to_representation
    ret[field.field_name] = field.to_representation(attribute)
                            ~~~~~~~~~~~~~~~~~~~~~~~^^^^^^^^^^^
  File "C:\Users\donan\Desktop\ProjetBoutique\env_boutique\Lib\site-packages\rest_framework\fields.py", line 1870, in to_representation
    return method(value)
  File "C:\Users\donan\Desktop\POS-PROJECT\ADMIN WEB\api_boutique_core\serializers.py", line 936, in get_margin
    if obj.cost_price and obj.base_price and obj.cost_price > 0:
       ^^^^^^^^^^^^^^
AttributeError: 'Product' object has no attribute 'cost_price'
ERROR 2026-02-02 11:57:12,302 basehttp "GET /api/products/ HTTP/1.1" 500 157218
ERROR 2026-02-02 11:57:13,865 log Internal Server Error: /api/products/
Traceback (most recent call last):
  File "C:\Users\donan\Desktop\ProjetBoutique\env_boutique\Lib\site-packages\django\core\handlers\exception.py", line 55, in inner
    response = get_response(request)
  File "C:\Users\donan\Desktop\ProjetBoutique\env_boutique\Lib\site-packages\django\core\handlers\base.py", line 197, in _get_response
    response = wrapped_callback(request, *callback_args, **callback_kwargs)
  File "C:\Users\donan\Desktop\ProjetBoutique\env_boutique\Lib\site-packages\django\views\decorators\csrf.py", line 65, in _view_wrapper
    return view_func(request, *args, **kwargs)
  File "C:\Users\donan\Desktop\ProjetBoutique\env_boutique\Lib\site-packages\rest_framework\viewsets.py", line 125, in view
    return self.dispatch(request, *args, **kwargs)
           ~~~~~~~~~~~~~^^^^^^^^^^^^^^^^^^^^^^^^^^
  File "C:\Users\donan\Desktop\ProjetBoutique\env_boutique\Lib\site-packages\rest_framework\views.py", line 515, in dispatch
    response = self.handle_exception(exc)
  File "C:\Users\donan\Desktop\ProjetBoutique\env_boutique\Lib\site-packages\rest_framework\views.py", line 475, in handle_exception
    self.raise_uncaught_exception(exc)
    ~~~~~~~~~~~~~~~~~~~~~~~~~~~~~^^^^^
  File "C:\Users\donan\Desktop\ProjetBoutique\env_boutique\Lib\site-packages\rest_framework\views.py", line 486, in raise_uncaught_exception
    raise exc
  File "C:\Users\donan\Desktop\ProjetBoutique\env_boutique\Lib\site-packages\rest_framework\views.py", line 512, in dispatch
    response = handler(request, *args, **kwargs)
  File "C:\Users\donan\Desktop\ProjetBoutique\env_boutique\Lib\site-packages\rest_framework\mixins.py", line 43, in list
    return self.get_paginated_response(serializer.data)
                                       ^^^^^^^^^^^^^^^
  File "C:\Users\donan\Desktop\ProjetBoutique\env_boutique\Lib\site-packages\rest_framework\serializers.py", line 797, in data
    ret = super().data
          ^^^^^^^^^^^^
  File "C:\Users\donan\Desktop\ProjetBoutique\env_boutique\Lib\site-packages\rest_framework\serializers.py", line 251, in data
    self._data = self.to_representation(self.instance)
                 ~~~~~~~~~~~~~~~~~~~~~~^^^^^^^^^^^^^^^
  File "C:\Users\donan\Desktop\ProjetBoutique\env_boutique\Lib\site-packages\rest_framework\serializers.py", line 716, in to_representation
    self.child.to_representation(item) for item in iterable
    ~~~~~~~~~~~~~~~~~~~~~~~~~~~~^^^^^^
  File "C:\Users\donan\Desktop\ProjetBoutique\env_boutique\Lib\site-packages\rest_framework\serializers.py", line 540, in to_representation
    ret[field.field_name] = field.to_representation(attribute)
                            ~~~~~~~~~~~~~~~~~~~~~~~^^^^^^^^^^^
  File "C:\Users\donan\Desktop\ProjetBoutique\env_boutique\Lib\site-packages\rest_framework\fields.py", line 1870, in to_representation
    return method(value)
  File "C:\Users\donan\Desktop\POS-PROJECT\ADMIN WEB\api_boutique_core\serializers.py", line 936, in get_margin
    if obj.cost_price and obj.base_price and obj.cost_price > 0:
       ^^^^^^^^^^^^^^
AttributeError: 'Product' object has no attribute 'cost_price'
ERROR 2026-02-02 11:57:13,869 basehttp "GET /api/products/ HTTP/1.1" 500 157218
ERROR 2026-02-02 12:45:33,568 log Internal Server Error: /api/products/
Traceback (most recent call last):
  File "C:\Users\donan\Desktop\ProjetBoutique\env_boutique\Lib\site-packages\django\core\handlers\exception.py", line 55, in inner
    response = get_response(request)
  File "C:\Users\donan\Desktop\ProjetBoutique\env_boutique\Lib\site-packages\django\core\handlers\base.py", line 197, in _get_response
    response = wrapped_callback(request, *callback_args, **callback_kwargs)
  File "C:\Users\donan\Desktop\ProjetBoutique\env_boutique\Lib\site-packages\django\views\decorators\csrf.py", line 65, in _view_wrapper
    return view_func(request, *args, **kwargs)
  File "C:\Users\donan\Desktop\ProjetBoutique\env_boutique\Lib\site-packages\rest_framework\viewsets.py", line 125, in view
    return self.dispatch(request, *args, **kwargs)
           ~~~~~~~~~~~~~^^^^^^^^^^^^^^^^^^^^^^^^^^
  File "C:\Users\donan\Desktop\ProjetBoutique\env_boutique\Lib\site-packages\rest_framework\views.py", line 515, in dispatch
    response = self.handle_exception(exc)
  File "C:\Users\donan\Desktop\ProjetBoutique\env_boutique\Lib\site-packages\rest_framework\views.py", line 475, in handle_exception
    self.raise_uncaught_exception(exc)
    ~~~~~~~~~~~~~~~~~~~~~~~~~~~~~^^^^^
  File "C:\Users\donan\Desktop\ProjetBoutique\env_boutique\Lib\site-packages\rest_framework\views.py", line 486, in raise_uncaught_exception
    raise exc
  File "C:\Users\donan\Desktop\ProjetBoutique\env_boutique\Lib\site-packages\rest_framework\views.py", line 512, in dispatch
    response = handler(request, *args, **kwargs)
  File "C:\Users\donan\Desktop\ProjetBoutique\env_boutique\Lib\site-packages\rest_framework\mixins.py", line 43, in list
    return self.get_paginated_response(serializer.data)
                                       ^^^^^^^^^^^^^^^
  File "C:\Users\donan\Desktop\ProjetBoutique\env_boutique\Lib\site-packages\rest_framework\serializers.py", line 797, in data
    ret = super().data
          ^^^^^^^^^^^^
  File "C:\Users\donan\Desktop\ProjetBoutique\env_boutique\Lib\site-packages\rest_framework\serializers.py", line 251, in data
    self._data = self.to_representation(self.instance)
                 ~~~~~~~~~~~~~~~~~~~~~~^^^^^^^^^^^^^^^
  File "C:\Users\donan\Desktop\ProjetBoutique\env_boutique\Lib\site-packages\rest_framework\serializers.py", line 716, in to_representation
    self.child.to_representation(item) for item in iterable
    ~~~~~~~~~~~~~~~~~~~~~~~~~~~~^^^^^^
  File "C:\Users\donan\Desktop\ProjetBoutique\env_boutique\Lib\site-packages\rest_framework\serializers.py", line 540, in to_representation
    ret[field.field_name] = field.to_representation(attribute)
                            ~~~~~~~~~~~~~~~~~~~~~~~^^^^^^^^^^^
  File "C:\Users\donan\Desktop\ProjetBoutique\env_boutique\Lib\site-packages\rest_framework\fields.py", line 1870, in to_representation
    return method(value)
  File "C:\Users\donan\Desktop\POS-PROJECT\ADMIN WEB\api_boutique_core\serializers.py", line 936, in get_margin
    if obj.cost_price and obj.base_price and obj.cost_price > 0:
       ^^^^^^^^^^^^^^
AttributeError: 'Product' object has no attribute 'cost_price'
ERROR 2026-02-02 12:45:33,594 basehttp "GET /api/products/ HTTP/1.1" 500 157212
ERROR 2026-02-02 12:45:35,002 log Internal Server Error: /api/products/
Traceback (most recent call last):
  File "C:\Users\donan\Desktop\ProjetBoutique\env_boutique\Lib\site-packages\django\core\handlers\exception.py", line 55, in inner
    response = get_response(request)
  File "C:\Users\donan\Desktop\ProjetBoutique\env_boutique\Lib\site-packages\django\core\handlers\base.py", line 197, in _get_response
    response = wrapped_callback(request, *callback_args, **callback_kwargs)
  File "C:\Users\donan\Desktop\ProjetBoutique\env_boutique\Lib\site-packages\django\views\decorators\csrf.py", line 65, in _view_wrapper
    return view_func(request, *args, **kwargs)
  File "C:\Users\donan\Desktop\ProjetBoutique\env_boutique\Lib\site-packages\rest_framework\viewsets.py", line 125, in view
    return self.dispatch(request, *args, **kwargs)
           ~~~~~~~~~~~~~^^^^^^^^^^^^^^^^^^^^^^^^^^
  File "C:\Users\donan\Desktop\ProjetBoutique\env_boutique\Lib\site-packages\rest_framework\views.py", line 515, in dispatch
    response = self.handle_exception(exc)
  File "C:\Users\donan\Desktop\ProjetBoutique\env_boutique\Lib\site-packages\rest_framework\views.py", line 475, in handle_exception
    self.raise_uncaught_exception(exc)
    ~~~~~~~~~~~~~~~~~~~~~~~~~~~~~^^^^^
  File "C:\Users\donan\Desktop\ProjetBoutique\env_boutique\Lib\site-packages\rest_framework\views.py", line 486, in raise_uncaught_exception
    raise exc
  File "C:\Users\donan\Desktop\ProjetBoutique\env_boutique\Lib\site-packages\rest_framework\views.py", line 512, in dispatch
    response = handler(request, *args, **kwargs)
  File "C:\Users\donan\Desktop\ProjetBoutique\env_boutique\Lib\site-packages\rest_framework\mixins.py", line 43, in list
    return self.get_paginated_response(serializer.data)
                                       ^^^^^^^^^^^^^^^
  File "C:\Users\donan\Desktop\ProjetBoutique\env_boutique\Lib\site-packages\rest_framework\serializers.py", line 797, in data
    ret = super().data
          ^^^^^^^^^^^^
  File "C:\Users\donan\Desktop\ProjetBoutique\env_boutique\Lib\site-packages\rest_framework\serializers.py", line 251, in data
    self._data = self.to_representation(self.instance)
                 ~~~~~~~~~~~~~~~~~~~~~~^^^^^^^^^^^^^^^
  File "C:\Users\donan\Desktop\ProjetBoutique\env_boutique\Lib\site-packages\rest_framework\serializers.py", line 716, in to_representation
    self.child.to_representation(item) for item in iterable
    ~~~~~~~~~~~~~~~~~~~~~~~~~~~~^^^^^^
  File "C:\Users\donan\Desktop\ProjetBoutique\env_boutique\Lib\site-packages\rest_framework\serializers.py", line 540, in to_representation
    ret[field.field_name] = field.to_representation(attribute)
                            ~~~~~~~~~~~~~~~~~~~~~~~^^^^^^^^^^^
  File "C:\Users\donan\Desktop\ProjetBoutique\env_boutique\Lib\site-packages\rest_framework\fields.py", line 1870, in to_representation
    return method(value)
  File "C:\Users\donan\Desktop\POS-PROJECT\ADMIN WEB\api_boutique_core\serializers.py", line 936, in get_margin
    if obj.cost_price and obj.base_price and obj.cost_price > 0:
       ^^^^^^^^^^^^^^
AttributeError: 'Product' object has no attribute 'cost_price'
ERROR 2026-02-02 12:45:35,015 basehttp "GET /api/products/ HTTP/1.1" 500 157212
ERROR 2026-02-02 12:45:36,553 log Internal Server Error: /api/products/
Traceback (most recent call last):
  File "C:\Users\donan\Desktop\ProjetBoutique\env_boutique\Lib\site-packages\django\core\handlers\exception.py", line 55, in inner
    response = get_response(request)
  File "C:\Users\donan\Desktop\ProjetBoutique\env_boutique\Lib\site-packages\django\core\handlers\base.py", line 197, in _get_response
    response = wrapped_callback(request, *callback_args, **callback_kwargs)
  File "C:\Users\donan\Desktop\ProjetBoutique\env_boutique\Lib\site-packages\django\views\decorators\csrf.py", line 65, in _view_wrapper
    return view_func(request, *args, **kwargs)
  File "C:\Users\donan\Desktop\ProjetBoutique\env_boutique\Lib\site-packages\rest_framework\viewsets.py", line 125, in view
    return self.dispatch(request, *args, **kwargs)
           ~~~~~~~~~~~~~^^^^^^^^^^^^^^^^^^^^^^^^^^
  File "C:\Users\donan\Desktop\ProjetBoutique\env_boutique\Lib\site-packages\rest_framework\views.py", line 515, in dispatch
    response = self.handle_exception(exc)
  File "C:\Users\donan\Desktop\ProjetBoutique\env_boutique\Lib\site-packages\rest_framework\views.py", line 475, in handle_exception
    self.raise_uncaught_exception(exc)
    ~~~~~~~~~~~~~~~~~~~~~~~~~~~~~^^^^^
  File "C:\Users\donan\Desktop\ProjetBoutique\env_boutique\Lib\site-packages\rest_framework\views.py", line 486, in raise_uncaught_exception
    raise exc
  File "C:\Users\donan\Desktop\ProjetBoutique\env_boutique\Lib\site-packages\rest_framework\views.py", line 512, in dispatch
    response = handler(request, *args, **kwargs)
  File "C:\Users\donan\Desktop\ProjetBoutique\env_boutique\Lib\site-packages\rest_framework\mixins.py", line 43, in list
    return self.get_paginated_response(serializer.data)
                                       ^^^^^^^^^^^^^^^
  File "C:\Users\donan\Desktop\ProjetBoutique\env_boutique\Lib\site-packages\rest_framework\serializers.py", line 797, in data
    ret = super().data
          ^^^^^^^^^^^^
  File "C:\Users\donan\Desktop\ProjetBoutique\env_boutique\Lib\site-packages\rest_framework\serializers.py", line 251, in data
    self._data = self.to_representation(self.instance)
                 ~~~~~~~~~~~~~~~~~~~~~~^^^^^^^^^^^^^^^
  File "C:\Users\donan\Desktop\ProjetBoutique\env_boutique\Lib\site-packages\rest_framework\serializers.py", line 716, in to_representation
    self.child.to_representation(item) for item in iterable
    ~~~~~~~~~~~~~~~~~~~~~~~~~~~~^^^^^^
  File "C:\Users\donan\Desktop\ProjetBoutique\env_boutique\Lib\site-packages\rest_framework\serializers.py", line 540, in to_representation
    ret[field.field_name] = field.to_representation(attribute)
                            ~~~~~~~~~~~~~~~~~~~~~~~^^^^^^^^^^^
  File "C:\Users\donan\Desktop\ProjetBoutique\env_boutique\Lib\site-packages\rest_framework\fields.py", line 1870, in to_representation
    return method(value)
  File "C:\Users\donan\Desktop\POS-PROJECT\ADMIN WEB\api_boutique_core\serializers.py", line 936, in get_margin
    if obj.cost_price and obj.base_price and obj.cost_price > 0:
       ^^^^^^^^^^^^^^
AttributeError: 'Product' object has no attribute 'cost_price'
ERROR 2026-02-02 12:45:36,562 basehttp "GET /api/products/ HTTP/1.1" 500 157212
ERROR 2026-02-02 12:45:37,816 log Internal Server Error: /api/products/
Traceback (most recent call last):
  File "C:\Users\donan\Desktop\ProjetBoutique\env_boutique\Lib\site-packages\django\core\handlers\exception.py", line 55, in inner
    response = get_response(request)
  File "C:\Users\donan\Desktop\ProjetBoutique\env_boutique\Lib\site-packages\django\core\handlers\base.py", line 197, in _get_response
    response = wrapped_callback(request, *callback_args, **callback_kwargs)
  File "C:\Users\donan\Desktop\ProjetBoutique\env_boutique\Lib\site-packages\django\views\decorators\csrf.py", line 65, in _view_wrapper
    return view_func(request, *args, **kwargs)
  File "C:\Users\donan\Desktop\ProjetBoutique\env_boutique\Lib\site-packages\rest_framework\viewsets.py", line 125, in view
    return self.dispatch(request, *args, **kwargs)
           ~~~~~~~~~~~~~^^^^^^^^^^^^^^^^^^^^^^^^^^
  File "C:\Users\donan\Desktop\ProjetBoutique\env_boutique\Lib\site-packages\rest_framework\views.py", line 515, in dispatch
    response = self.handle_exception(exc)
  File "C:\Users\donan\Desktop\ProjetBoutique\env_boutique\Lib\site-packages\rest_framework\views.py", line 475, in handle_exception
    self.raise_uncaught_exception(exc)
    ~~~~~~~~~~~~~~~~~~~~~~~~~~~~~^^^^^
  File "C:\Users\donan\Desktop\ProjetBoutique\env_boutique\Lib\site-packages\rest_framework\views.py", line 486, in raise_uncaught_exception
    raise exc
  File "C:\Users\donan\Desktop\ProjetBoutique\env_boutique\Lib\site-packages\rest_framework\views.py", line 512, in dispatch
    response = handler(request, *args, **kwargs)
  File "C:\Users\donan\Desktop\ProjetBoutique\env_boutique\Lib\site-packages\rest_framework\mixins.py", line 43, in list
    return self.get_paginated_response(serializer.data)
                                       ^^^^^^^^^^^^^^^
  File "C:\Users\donan\Desktop\ProjetBoutique\env_boutique\Lib\site-packages\rest_framework\serializers.py", line 797, in data
    ret = super().data
          ^^^^^^^^^^^^
  File "C:\Users\donan\Desktop\ProjetBoutique\env_boutique\Lib\site-packages\rest_framework\serializers.py", line 251, in data
    self._data = self.to_representation(self.instance)
                 ~~~~~~~~~~~~~~~~~~~~~~^^^^^^^^^^^^^^^
  File "C:\Users\donan\Desktop\ProjetBoutique\env_boutique\Lib\site-packages\rest_framework\serializers.py", line 716, in to_representation
    self.child.to_representation(item) for item in iterable
    ~~~~~~~~~~~~~~~~~~~~~~~~~~~~^^^^^^
  File "C:\Users\donan\Desktop\ProjetBoutique\env_boutique\Lib\site-packages\rest_framework\serializers.py", line 540, in to_representation
    ret[field.field_name] = field.to_representation(attribute)
                            ~~~~~~~~~~~~~~~~~~~~~~~^^^^^^^^^^^
  File "C:\Users\donan\Desktop\ProjetBoutique\env_boutique\Lib\site-packages\rest_framework\fields.py", line 1870, in to_representation
    return method(value)
  File "C:\Users\donan\Desktop\POS-PROJECT\ADMIN WEB\api_boutique_core\serializers.py", line 936, in get_margin
    if obj.cost_price and obj.base_price and obj.cost_price > 0:
       ^^^^^^^^^^^^^^
AttributeError: 'Product' object has no attribute 'cost_price'
ERROR 2026-02-02 12:45:37,824 basehttp "GET /api/products/ HTTP/1.1" 500 157212
ERROR 2026-02-02 13:00:44,072 log Internal Server Error: /api/products/
Traceback (most recent call last):
  File "C:\Users\donan\Desktop\ProjetBoutique\env_boutique\Lib\site-packages\django\core\handlers\exception.py", line 55, in inner
    response = get_response(request)
  File "C:\Users\donan\Desktop\ProjetBoutique\env_boutique\Lib\site-packages\django\core\handlers\base.py", line 197, in _get_response
    response = wrapped_callback(request, *callback_args, **callback_kwargs)
  File "C:\Users\donan\Desktop\ProjetBoutique\env_boutique\Lib\site-packages\django\views\decorators\csrf.py", line 65, in _view_wrapper
    return view_func(request, *args, **kwargs)
  File "C:\Users\donan\Desktop\ProjetBoutique\env_boutique\Lib\site-packages\rest_framework\viewsets.py", line 125, in view
    return self.dispatch(request, *args, **kwargs)
           ~~~~~~~~~~~~~^^^^^^^^^^^^^^^^^^^^^^^^^^
  File "C:\Users\donan\Desktop\ProjetBoutique\env_boutique\Lib\site-packages\rest_framework\views.py", line 515, in dispatch
    response = self.handle_exception(exc)
  File "C:\Users\donan\Desktop\ProjetBoutique\env_boutique\Lib\site-packages\rest_framework\views.py", line 475, in handle_exception
    self.raise_uncaught_exception(exc)
    ~~~~~~~~~~~~~~~~~~~~~~~~~~~~~^^^^^
  File "C:\Users\donan\Desktop\ProjetBoutique\env_boutique\Lib\site-packages\rest_framework\views.py", line 486, in raise_uncaught_exception
    raise exc
  File "C:\Users\donan\Desktop\ProjetBoutique\env_boutique\Lib\site-packages\rest_framework\views.py", line 512, in dispatch
    response = handler(request, *args, **kwargs)
  File "C:\Users\donan\Desktop\ProjetBoutique\env_boutique\Lib\site-packages\rest_framework\mixins.py", line 43, in list
    return self.get_paginated_response(serializer.data)
                                       ^^^^^^^^^^^^^^^
  File "C:\Users\donan\Desktop\ProjetBoutique\env_boutique\Lib\site-packages\rest_framework\serializers.py", line 797, in data
    ret = super().data
          ^^^^^^^^^^^^
  File "C:\Users\donan\Desktop\ProjetBoutique\env_boutique\Lib\site-packages\rest_framework\serializers.py", line 251, in data
    self._data = self.to_representation(self.instance)
                 ~~~~~~~~~~~~~~~~~~~~~~^^^^^^^^^^^^^^^
  File "C:\Users\donan\Desktop\ProjetBoutique\env_boutique\Lib\site-packages\rest_framework\serializers.py", line 716, in to_representation
    self.child.to_representation(item) for item in iterable
    ~~~~~~~~~~~~~~~~~~~~~~~~~~~~^^^^^^
  File "C:\Users\donan\Desktop\ProjetBoutique\env_boutique\Lib\site-packages\rest_framework\serializers.py", line 540, in to_representation
    ret[field.field_name] = field.to_representation(attribute)
                            ~~~~~~~~~~~~~~~~~~~~~~~^^^^^^^^^^^
  File "C:\Users\donan\Desktop\ProjetBoutique\env_boutique\Lib\site-packages\rest_framework\fields.py", line 1870, in to_representation
    return method(value)
  File "C:\Users\donan\Desktop\POS-PROJECT\ADMIN WEB\api_boutique_core\serializers.py", line 936, in get_margin
    if obj.cost_price and obj.base_price and obj.cost_price > 0:
       ^^^^^^^^^^^^^^
AttributeError: 'Product' object has no attribute 'cost_price'
ERROR 2026-02-02 13:00:44,081 basehttp "GET /api/products/ HTTP/1.1" 500 157212
ERROR 2026-02-02 13:00:45,705 log Internal Server Error: /api/products/
Traceback (most recent call last):
  File "C:\Users\donan\Desktop\ProjetBoutique\env_boutique\Lib\site-packages\django\core\handlers\exception.py", line 55, in inner
    response = get_response(request)
  File "C:\Users\donan\Desktop\ProjetBoutique\env_boutique\Lib\site-packages\django\core\handlers\base.py", line 197, in _get_response
    response = wrapped_callback(request, *callback_args, **callback_kwargs)
  File "C:\Users\donan\Desktop\ProjetBoutique\env_boutique\Lib\site-packages\django\views\decorators\csrf.py", line 65, in _view_wrapper
    return view_func(request, *args, **kwargs)
  File "C:\Users\donan\Desktop\ProjetBoutique\env_boutique\Lib\site-packages\rest_framework\viewsets.py", line 125, in view
    return self.dispatch(request, *args, **kwargs)
           ~~~~~~~~~~~~~^^^^^^^^^^^^^^^^^^^^^^^^^^
  File "C:\Users\donan\Desktop\ProjetBoutique\env_boutique\Lib\site-packages\rest_framework\views.py", line 515, in dispatch
    response = self.handle_exception(exc)
  File "C:\Users\donan\Desktop\ProjetBoutique\env_boutique\Lib\site-packages\rest_framework\views.py", line 475, in handle_exception
    self.raise_uncaught_exception(exc)
    ~~~~~~~~~~~~~~~~~~~~~~~~~~~~~^^^^^
  File "C:\Users\donan\Desktop\ProjetBoutique\env_boutique\Lib\site-packages\rest_framework\views.py", line 486, in raise_uncaught_exception
    raise exc
  File "C:\Users\donan\Desktop\ProjetBoutique\env_boutique\Lib\site-packages\rest_framework\views.py", line 512, in dispatch
    response = handler(request, *args, **kwargs)
  File "C:\Users\donan\Desktop\ProjetBoutique\env_boutique\Lib\site-packages\rest_framework\mixins.py", line 43, in list
    return self.get_paginated_response(serializer.data)
                                       ^^^^^^^^^^^^^^^
  File "C:\Users\donan\Desktop\ProjetBoutique\env_boutique\Lib\site-packages\rest_framework\serializers.py", line 797, in data
    ret = super().data
          ^^^^^^^^^^^^
  File "C:\Users\donan\Desktop\ProjetBoutique\env_boutique\Lib\site-packages\rest_framework\serializers.py", line 251, in data
    self._data = self.to_representation(self.instance)
                 ~~~~~~~~~~~~~~~~~~~~~~^^^^^^^^^^^^^^^
  File "C:\Users\donan\Desktop\ProjetBoutique\env_boutique\Lib\site-packages\rest_framework\serializers.py", line 716, in to_representation
    self.child.to_representation(item) for item in iterable
    ~~~~~~~~~~~~~~~~~~~~~~~~~~~~^^^^^^
  File "C:\Users\donan\Desktop\ProjetBoutique\env_boutique\Lib\site-packages\rest_framework\serializers.py", line 540, in to_representation
    ret[field.field_name] = field.to_representation(attribute)
                            ~~~~~~~~~~~~~~~~~~~~~~~^^^^^^^^^^^
  File "C:\Users\donan\Desktop\ProjetBoutique\env_boutique\Lib\site-packages\rest_framework\fields.py", line 1870, in to_representation
    return method(value)
  File "C:\Users\donan\Desktop\POS-PROJECT\ADMIN WEB\api_boutique_core\serializers.py", line 936, in get_margin
    if obj.cost_price and obj.base_price and obj.cost_price > 0:
       ^^^^^^^^^^^^^^
AttributeError: 'Product' object has no attribute 'cost_price'
ERROR 2026-02-02 13:00:45,712 basehttp "GET /api/products/ HTTP/1.1" 500 157212
ERROR 2026-02-02 13:00:47,576 log Internal Server Error: /api/products/
Traceback (most recent call last):
  File "C:\Users\donan\Desktop\ProjetBoutique\env_boutique\Lib\site-packages\django\core\handlers\exception.py", line 55, in inner
    response = get_response(request)
  File "C:\Users\donan\Desktop\ProjetBoutique\env_boutique\Lib\site-packages\django\core\handlers\base.py", line 197, in _get_response
    response = wrapped_callback(request, *callback_args, **callback_kwargs)
  File "C:\Users\donan\Desktop\ProjetBoutique\env_boutique\Lib\site-packages\django\views\decorators\csrf.py", line 65, in _view_wrapper
    return view_func(request, *args, **kwargs)
  File "C:\Users\donan\Desktop\ProjetBoutique\env_boutique\Lib\site-packages\rest_framework\viewsets.py", line 125, in view
    return self.dispatch(request, *args, **kwargs)
           ~~~~~~~~~~~~~^^^^^^^^^^^^^^^^^^^^^^^^^^
  File "C:\Users\donan\Desktop\ProjetBoutique\env_boutique\Lib\site-packages\rest_framework\views.py", line 515, in dispatch
    response = self.handle_exception(exc)
  File "C:\Users\donan\Desktop\ProjetBoutique\env_boutique\Lib\site-packages\rest_framework\views.py", line 475, in handle_exception
    self.raise_uncaught_exception(exc)
    ~~~~~~~~~~~~~~~~~~~~~~~~~~~~~^^^^^
  File "C:\Users\donan\Desktop\ProjetBoutique\env_boutique\Lib\site-packages\rest_framework\views.py", line 486, in raise_uncaught_exception
    raise exc
  File "C:\Users\donan\Desktop\ProjetBoutique\env_boutique\Lib\site-packages\rest_framework\views.py", line 512, in dispatch
    response = handler(request, *args, **kwargs)
  File "C:\Users\donan\Desktop\ProjetBoutique\env_boutique\Lib\site-packages\rest_framework\mixins.py", line 43, in list
    return self.get_paginated_response(serializer.data)
                                       ^^^^^^^^^^^^^^^
  File "C:\Users\donan\Desktop\ProjetBoutique\env_boutique\Lib\site-packages\rest_framework\serializers.py", line 797, in data
    ret = super().data
          ^^^^^^^^^^^^
  File "C:\Users\donan\Desktop\ProjetBoutique\env_boutique\Lib\site-packages\rest_framework\serializers.py", line 251, in data
    self._data = self.to_representation(self.instance)
                 ~~~~~~~~~~~~~~~~~~~~~~^^^^^^^^^^^^^^^
  File "C:\Users\donan\Desktop\ProjetBoutique\env_boutique\Lib\site-packages\rest_framework\serializers.py", line 716, in to_representation
    self.child.to_representation(item) for item in iterable
    ~~~~~~~~~~~~~~~~~~~~~~~~~~~~^^^^^^
  File "C:\Users\donan\Desktop\ProjetBoutique\env_boutique\Lib\site-packages\rest_framework\serializers.py", line 540, in to_representation
    ret[field.field_name] = field.to_representation(attribute)
                            ~~~~~~~~~~~~~~~~~~~~~~~^^^^^^^^^^^
  File "C:\Users\donan\Desktop\ProjetBoutique\env_boutique\Lib\site-packages\rest_framework\fields.py", line 1870, in to_representation
    return method(value)
  File "C:\Users\donan\Desktop\POS-PROJECT\ADMIN WEB\api_boutique_core\serializers.py", line 936, in get_margin
    if obj.cost_price and obj.base_price and obj.cost_price > 0:
       ^^^^^^^^^^^^^^
AttributeError: 'Product' object has no attribute 'cost_price'
ERROR 2026-02-02 13:00:47,582 basehttp "GET /api/products/ HTTP/1.1" 500 157212
ERROR 2026-02-02 13:00:49,773 log Internal Server Error: /api/products/
Traceback (most recent call last):
  File "C:\Users\donan\Desktop\ProjetBoutique\env_boutique\Lib\site-packages\django\core\handlers\exception.py", line 55, in inner
    response = get_response(request)
  File "C:\Users\donan\Desktop\ProjetBoutique\env_boutique\Lib\site-packages\django\core\handlers\base.py", line 197, in _get_response
    response = wrapped_callback(request, *callback_args, **callback_kwargs)
  File "C:\Users\donan\Desktop\ProjetBoutique\env_boutique\Lib\site-packages\django\views\decorators\csrf.py", line 65, in _view_wrapper
    return view_func(request, *args, **kwargs)
  File "C:\Users\donan\Desktop\ProjetBoutique\env_boutique\Lib\site-packages\rest_framework\viewsets.py", line 125, in view
    return self.dispatch(request, *args, **kwargs)
           ~~~~~~~~~~~~~^^^^^^^^^^^^^^^^^^^^^^^^^^
  File "C:\Users\donan\Desktop\ProjetBoutique\env_boutique\Lib\site-packages\rest_framework\views.py", line 515, in dispatch
    response = self.handle_exception(exc)
  File "C:\Users\donan\Desktop\ProjetBoutique\env_boutique\Lib\site-packages\rest_framework\views.py", line 475, in handle_exception
    self.raise_uncaught_exception(exc)
    ~~~~~~~~~~~~~~~~~~~~~~~~~~~~~^^^^^
  File "C:\Users\donan\Desktop\ProjetBoutique\env_boutique\Lib\site-packages\rest_framework\views.py", line 486, in raise_uncaught_exception
    raise exc
  File "C:\Users\donan\Desktop\ProjetBoutique\env_boutique\Lib\site-packages\rest_framework\views.py", line 512, in dispatch
    response = handler(request, *args, **kwargs)
  File "C:\Users\donan\Desktop\ProjetBoutique\env_boutique\Lib\site-packages\rest_framework\mixins.py", line 43, in list
    return self.get_paginated_response(serializer.data)
                                       ^^^^^^^^^^^^^^^
  File "C:\Users\donan\Desktop\ProjetBoutique\env_boutique\Lib\site-packages\rest_framework\serializers.py", line 797, in data
    ret = super().data
          ^^^^^^^^^^^^
  File "C:\Users\donan\Desktop\ProjetBoutique\env_boutique\Lib\site-packages\rest_framework\serializers.py", line 251, in data
    self._data = self.to_representation(self.instance)
                 ~~~~~~~~~~~~~~~~~~~~~~^^^^^^^^^^^^^^^
  File "C:\Users\donan\Desktop\ProjetBoutique\env_boutique\Lib\site-packages\rest_framework\serializers.py", line 716, in to_representation
    self.child.to_representation(item) for item in iterable
    ~~~~~~~~~~~~~~~~~~~~~~~~~~~~^^^^^^
  File "C:\Users\donan\Desktop\ProjetBoutique\env_boutique\Lib\site-packages\rest_framework\serializers.py", line 540, in to_representation
    ret[field.field_name] = field.to_representation(attribute)
                            ~~~~~~~~~~~~~~~~~~~~~~~^^^^^^^^^^^
  File "C:\Users\donan\Desktop\ProjetBoutique\env_boutique\Lib\site-packages\rest_framework\fields.py", line 1870, in to_representation
    return method(value)
  File "C:\Users\donan\Desktop\POS-PROJECT\ADMIN WEB\api_boutique_core\serializers.py", line 936, in get_margin
    if obj.cost_price and obj.base_price and obj.cost_price > 0:
       ^^^^^^^^^^^^^^
AttributeError: 'Product' object has no attribute 'cost_price'
ERROR 2026-02-02 13:00:49,779 basehttp "GET /api/products/ HTTP/1.1" 500 157212
ERROR 2026-02-02 13:01:54,477 log Internal Server Error: /api/products/
Traceback (most recent call last):
  File "C:\Users\donan\Desktop\ProjetBoutique\env_boutique\Lib\site-packages\django\core\handlers\exception.py", line 55, in inner
    response = get_response(request)
  File "C:\Users\donan\Desktop\ProjetBoutique\env_boutique\Lib\site-packages\django\core\handlers\base.py", line 197, in _get_response
    response = wrapped_callback(request, *callback_args, **callback_kwargs)
  File "C:\Users\donan\Desktop\ProjetBoutique\env_boutique\Lib\site-packages\django\views\decorators\csrf.py", line 65, in _view_wrapper
    return view_func(request, *args, **kwargs)
  File "C:\Users\donan\Desktop\ProjetBoutique\env_boutique\Lib\site-packages\rest_framework\viewsets.py", line 125, in view
    return self.dispatch(request, *args, **kwargs)
           ~~~~~~~~~~~~~^^^^^^^^^^^^^^^^^^^^^^^^^^
  File "C:\Users\donan\Desktop\ProjetBoutique\env_boutique\Lib\site-packages\rest_framework\views.py", line 515, in dispatch
    response = self.handle_exception(exc)
  File "C:\Users\donan\Desktop\ProjetBoutique\env_boutique\Lib\site-packages\rest_framework\views.py", line 475, in handle_exception
    self.raise_uncaught_exception(exc)
    ~~~~~~~~~~~~~~~~~~~~~~~~~~~~~^^^^^
  File "C:\Users\donan\Desktop\ProjetBoutique\env_boutique\Lib\site-packages\rest_framework\views.py", line 486, in raise_uncaught_exception
    raise exc
  File "C:\Users\donan\Desktop\ProjetBoutique\env_boutique\Lib\site-packages\rest_framework\views.py", line 512, in dispatch
    response = handler(request, *args, **kwargs)
  File "C:\Users\donan\Desktop\ProjetBoutique\env_boutique\Lib\site-packages\rest_framework\mixins.py", line 43, in list
    return self.get_paginated_response(serializer.data)
                                       ^^^^^^^^^^^^^^^
  File "C:\Users\donan\Desktop\ProjetBoutique\env_boutique\Lib\site-packages\rest_framework\serializers.py", line 797, in data
    ret = super().data
          ^^^^^^^^^^^^
  File "C:\Users\donan\Desktop\ProjetBoutique\env_boutique\Lib\site-packages\rest_framework\serializers.py", line 251, in data
    self._data = self.to_representation(self.instance)
                 ~~~~~~~~~~~~~~~~~~~~~~^^^^^^^^^^^^^^^
  File "C:\Users\donan\Desktop\ProjetBoutique\env_boutique\Lib\site-packages\rest_framework\serializers.py", line 716, in to_representation
    self.child.to_representation(item) for item in iterable
    ~~~~~~~~~~~~~~~~~~~~~~~~~~~~^^^^^^
  File "C:\Users\donan\Desktop\ProjetBoutique\env_boutique\Lib\site-packages\rest_framework\serializers.py", line 540, in to_representation
    ret[field.field_name] = field.to_representation(attribute)
                            ~~~~~~~~~~~~~~~~~~~~~~~^^^^^^^^^^^
  File "C:\Users\donan\Desktop\ProjetBoutique\env_boutique\Lib\site-packages\rest_framework\fields.py", line 1870, in to_representation
    return method(value)
  File "C:\Users\donan\Desktop\POS-PROJECT\ADMIN WEB\api_boutique_core\serializers.py", line 936, in get_margin
    if obj.cost_price and obj.base_price and obj.cost_price > 0:
       ^^^^^^^^^^^^^^
AttributeError: 'Product' object has no attribute 'cost_price'
ERROR 2026-02-02 13:01:54,491 basehttp "GET /api/products/ HTTP/1.1" 500 157212
ERROR 2026-02-02 13:01:56,115 log Internal Server Error: /api/products/
Traceback (most recent call last):
  File "C:\Users\donan\Desktop\ProjetBoutique\env_boutique\Lib\site-packages\django\core\handlers\exception.py", line 55, in inner
    response = get_response(request)
  File "C:\Users\donan\Desktop\ProjetBoutique\env_boutique\Lib\site-packages\django\core\handlers\base.py", line 197, in _get_response
    response = wrapped_callback(request, *callback_args, **callback_kwargs)
  File "C:\Users\donan\Desktop\ProjetBoutique\env_boutique\Lib\site-packages\django\views\decorators\csrf.py", line 65, in _view_wrapper
    return view_func(request, *args, **kwargs)
  File "C:\Users\donan\Desktop\ProjetBoutique\env_boutique\Lib\site-packages\rest_framework\viewsets.py", line 125, in view
    return self.dispatch(request, *args, **kwargs)
           ~~~~~~~~~~~~~^^^^^^^^^^^^^^^^^^^^^^^^^^
  File "C:\Users\donan\Desktop\ProjetBoutique\env_boutique\Lib\site-packages\rest_framework\views.py", line 515, in dispatch
    response = self.handle_exception(exc)
  File "C:\Users\donan\Desktop\ProjetBoutique\env_boutique\Lib\site-packages\rest_framework\views.py", line 475, in handle_exception
    self.raise_uncaught_exception(exc)
    ~~~~~~~~~~~~~~~~~~~~~~~~~~~~~^^^^^
  File "C:\Users\donan\Desktop\ProjetBoutique\env_boutique\Lib\site-packages\rest_framework\views.py", line 486, in raise_uncaught_exception
    raise exc
  File "C:\Users\donan\Desktop\ProjetBoutique\env_boutique\Lib\site-packages\rest_framework\views.py", line 512, in dispatch
    response = handler(request, *args, **kwargs)
  File "C:\Users\donan\Desktop\ProjetBoutique\env_boutique\Lib\site-packages\rest_framework\mixins.py", line 43, in list
    return self.get_paginated_response(serializer.data)
                                       ^^^^^^^^^^^^^^^
  File "C:\Users\donan\Desktop\ProjetBoutique\env_boutique\Lib\site-packages\rest_framework\serializers.py", line 797, in data
    ret = super().data
          ^^^^^^^^^^^^
  File "C:\Users\donan\Desktop\ProjetBoutique\env_boutique\Lib\site-packages\rest_framework\serializers.py", line 251, in data
    self._data = self.to_representation(self.instance)
                 ~~~~~~~~~~~~~~~~~~~~~~^^^^^^^^^^^^^^^
  File "C:\Users\donan\Desktop\ProjetBoutique\env_boutique\Lib\site-packages\rest_framework\serializers.py", line 716, in to_representation
    self.child.to_representation(item) for item in iterable
    ~~~~~~~~~~~~~~~~~~~~~~~~~~~~^^^^^^
  File "C:\Users\donan\Desktop\ProjetBoutique\env_boutique\Lib\site-packages\rest_framework\serializers.py", line 540, in to_representation
    ret[field.field_name] = field.to_representation(attribute)
                            ~~~~~~~~~~~~~~~~~~~~~~~^^^^^^^^^^^
  File "C:\Users\donan\Desktop\ProjetBoutique\env_boutique\Lib\site-packages\rest_framework\fields.py", line 1870, in to_representation
    return method(value)
  File "C:\Users\donan\Desktop\POS-PROJECT\ADMIN WEB\api_boutique_core\serializers.py", line 936, in get_margin
    if obj.cost_price and obj.base_price and obj.cost_price > 0:
       ^^^^^^^^^^^^^^
AttributeError: 'Product' object has no attribute 'cost_price'
ERROR 2026-02-02 13:01:56,121 basehttp "GET /api/products/ HTTP/1.1" 500 157212
ERROR 2026-02-02 13:01:57,767 log Internal Server Error: /api/products/
Traceback (most recent call last):
  File "C:\Users\donan\Desktop\ProjetBoutique\env_boutique\Lib\site-packages\django\core\handlers\exception.py", line 55, in inner
    response = get_response(request)
  File "C:\Users\donan\Desktop\ProjetBoutique\env_boutique\Lib\site-packages\django\core\handlers\base.py", line 197, in _get_response
    response = wrapped_callback(request, *callback_args, **callback_kwargs)
  File "C:\Users\donan\Desktop\ProjetBoutique\env_boutique\Lib\site-packages\django\views\decorators\csrf.py", line 65, in _view_wrapper
    return view_func(request, *args, **kwargs)
  File "C:\Users\donan\Desktop\ProjetBoutique\env_boutique\Lib\site-packages\rest_framework\viewsets.py", line 125, in view
    return self.dispatch(request, *args, **kwargs)
           ~~~~~~~~~~~~~^^^^^^^^^^^^^^^^^^^^^^^^^^
  File "C:\Users\donan\Desktop\ProjetBoutique\env_boutique\Lib\site-packages\rest_framework\views.py", line 515, in dispatch
    response = self.handle_exception(exc)
  File "C:\Users\donan\Desktop\ProjetBoutique\env_boutique\Lib\site-packages\rest_framework\views.py", line 475, in handle_exception
    self.raise_uncaught_exception(exc)
    ~~~~~~~~~~~~~~~~~~~~~~~~~~~~~^^^^^
  File "C:\Users\donan\Desktop\ProjetBoutique\env_boutique\Lib\site-packages\rest_framework\views.py", line 486, in raise_uncaught_exception
    raise exc
  File "C:\Users\donan\Desktop\ProjetBoutique\env_boutique\Lib\site-packages\rest_framework\views.py", line 512, in dispatch
    response = handler(request, *args, **kwargs)
  File "C:\Users\donan\Desktop\ProjetBoutique\env_boutique\Lib\site-packages\rest_framework\mixins.py", line 43, in list
    return self.get_paginated_response(serializer.data)
                                       ^^^^^^^^^^^^^^^
  File "C:\Users\donan\Desktop\ProjetBoutique\env_boutique\Lib\site-packages\rest_framework\serializers.py", line 797, in data
    ret = super().data
          ^^^^^^^^^^^^
  File "C:\Users\donan\Desktop\ProjetBoutique\env_boutique\Lib\site-packages\rest_framework\serializers.py", line 251, in data
    self._data = self.to_representation(self.instance)
                 ~~~~~~~~~~~~~~~~~~~~~~^^^^^^^^^^^^^^^
  File "C:\Users\donan\Desktop\ProjetBoutique\env_boutique\Lib\site-packages\rest_framework\serializers.py", line 716, in to_representation
    self.child.to_representation(item) for item in iterable
    ~~~~~~~~~~~~~~~~~~~~~~~~~~~~^^^^^^
  File "C:\Users\donan\Desktop\ProjetBoutique\env_boutique\Lib\site-packages\rest_framework\serializers.py", line 540, in to_representation
    ret[field.field_name] = field.to_representation(attribute)
                            ~~~~~~~~~~~~~~~~~~~~~~~^^^^^^^^^^^
  File "C:\Users\donan\Desktop\ProjetBoutique\env_boutique\Lib\site-packages\rest_framework\fields.py", line 1870, in to_representation
    return method(value)
  File "C:\Users\donan\Desktop\POS-PROJECT\ADMIN WEB\api_boutique_core\serializers.py", line 936, in get_margin
    if obj.cost_price and obj.base_price and obj.cost_price > 0:
       ^^^^^^^^^^^^^^
AttributeError: 'Product' object has no attribute 'cost_price'
ERROR 2026-02-02 13:01:57,772 basehttp "GET /api/products/ HTTP/1.1" 500 157212
ERROR 2026-02-02 13:01:59,381 log Internal Server Error: /api/products/
Traceback (most recent call last):
  File "C:\Users\donan\Desktop\ProjetBoutique\env_boutique\Lib\site-packages\django\core\handlers\exception.py", line 55, in inner
    response = get_response(request)
  File "C:\Users\donan\Desktop\ProjetBoutique\env_boutique\Lib\site-packages\django\core\handlers\base.py", line 197, in _get_response
    response = wrapped_callback(request, *callback_args, **callback_kwargs)
  File "C:\Users\donan\Desktop\ProjetBoutique\env_boutique\Lib\site-packages\django\views\decorators\csrf.py", line 65, in _view_wrapper
    return view_func(request, *args, **kwargs)
  File "C:\Users\donan\Desktop\ProjetBoutique\env_boutique\Lib\site-packages\rest_framework\viewsets.py", line 125, in view
    return self.dispatch(request, *args, **kwargs)
           ~~~~~~~~~~~~~^^^^^^^^^^^^^^^^^^^^^^^^^^
  File "C:\Users\donan\Desktop\ProjetBoutique\env_boutique\Lib\site-packages\rest_framework\views.py", line 515, in dispatch
    response = self.handle_exception(exc)
  File "C:\Users\donan\Desktop\ProjetBoutique\env_boutique\Lib\site-packages\rest_framework\views.py", line 475, in handle_exception
    self.raise_uncaught_exception(exc)
    ~~~~~~~~~~~~~~~~~~~~~~~~~~~~~^^^^^
  File "C:\Users\donan\Desktop\ProjetBoutique\env_boutique\Lib\site-packages\rest_framework\views.py", line 486, in raise_uncaught_exception
    raise exc
  File "C:\Users\donan\Desktop\ProjetBoutique\env_boutique\Lib\site-packages\rest_framework\views.py", line 512, in dispatch
    response = handler(request, *args, **kwargs)
  File "C:\Users\donan\Desktop\ProjetBoutique\env_boutique\Lib\site-packages\rest_framework\mixins.py", line 43, in list
    return self.get_paginated_response(serializer.data)
                                       ^^^^^^^^^^^^^^^
  File "C:\Users\donan\Desktop\ProjetBoutique\env_boutique\Lib\site-packages\rest_framework\serializers.py", line 797, in data
    ret = super().data
          ^^^^^^^^^^^^
  File "C:\Users\donan\Desktop\ProjetBoutique\env_boutique\Lib\site-packages\rest_framework\serializers.py", line 251, in data
    self._data = self.to_representation(self.instance)
                 ~~~~~~~~~~~~~~~~~~~~~~^^^^^^^^^^^^^^^
  File "C:\Users\donan\Desktop\ProjetBoutique\env_boutique\Lib\site-packages\rest_framework\serializers.py", line 716, in to_representation
    self.child.to_representation(item) for item in iterable
    ~~~~~~~~~~~~~~~~~~~~~~~~~~~~^^^^^^
  File "C:\Users\donan\Desktop\ProjetBoutique\env_boutique\Lib\site-packages\rest_framework\serializers.py", line 540, in to_representation
    ret[field.field_name] = field.to_representation(attribute)
                            ~~~~~~~~~~~~~~~~~~~~~~~^^^^^^^^^^^
  File "C:\Users\donan\Desktop\ProjetBoutique\env_boutique\Lib\site-packages\rest_framework\fields.py", line 1870, in to_representation
    return method(value)
  File "C:\Users\donan\Desktop\POS-PROJECT\ADMIN WEB\api_boutique_core\serializers.py", line 936, in get_margin
    if obj.cost_price and obj.base_price and obj.cost_price > 0:
       ^^^^^^^^^^^^^^
AttributeError: 'Product' object has no attribute 'cost_price'
ERROR 2026-02-02 13:01:59,389 basehttp "GET /api/products/ HTTP/1.1" 500 157212
ERROR 2026-02-02 14:57:49,896 log Internal Server Error: /api/inventory-counts/
Traceback (most recent call last):
  File "C:\Users\donan\Desktop\ProjetBoutique\env_boutique\Lib\site-packages\django\db\backends\utils.py", line 105, in _execute
    return self.cursor.execute(sql, params)
           ~~~~~~~~~~~~~~~~~~~^^^^^^^^^^^^^
psycopg2.errors.NotNullViolation: null value in column "notes" of relation "api_boutique_core_inventorycount" violates not-null constraint
DETAIL:  Failing row contains (1, 2026-02-02 14:57:48.945392+00, 2026-02-02 14:57:48.945454+00, t, {}, INV62024-0001, 2026-02-02 14:56:00+00, planned, 0, 0, 0.00, 4, 4, 4, null, null, null, null).


The above exception was the direct cause of the following exception:

Traceback (most recent call last):
  File "C:\Users\donan\Desktop\ProjetBoutique\env_boutique\Lib\site-packages\django\core\handlers\exception.py", line 55, in inner
    response = get_response(request)
  File "C:\Users\donan\Desktop\ProjetBoutique\env_boutique\Lib\site-packages\django\core\handlers\base.py", line 197, in _get_response
    response = wrapped_callback(request, *callback_args, **callback_kwargs)
  File "C:\Users\donan\Desktop\ProjetBoutique\env_boutique\Lib\site-packages\django\views\decorators\csrf.py", line 65, in _view_wrapper
    return view_func(request, *args, **kwargs)
  File "C:\Users\donan\Desktop\ProjetBoutique\env_boutique\Lib\site-packages\rest_framework\viewsets.py", line 125, in view
    return self.dispatch(request, *args, **kwargs)
           ~~~~~~~~~~~~~^^^^^^^^^^^^^^^^^^^^^^^^^^
  File "C:\Users\donan\Desktop\ProjetBoutique\env_boutique\Lib\site-packages\rest_framework\views.py", line 515, in dispatch
    response = self.handle_exception(exc)
  File "C:\Users\donan\Desktop\ProjetBoutique\env_boutique\Lib\site-packages\rest_framework\views.py", line 475, in handle_exception
    self.raise_uncaught_exception(exc)
    ~~~~~~~~~~~~~~~~~~~~~~~~~~~~~^^^^^
  File "C:\Users\donan\Desktop\ProjetBoutique\env_boutique\Lib\site-packages\rest_framework\views.py", line 486, in raise_uncaught_exception
    raise exc
  File "C:\Users\donan\Desktop\ProjetBoutique\env_boutique\Lib\site-packages\rest_framework\views.py", line 512, in dispatch
    response = handler(request, *args, **kwargs)
  File "C:\Users\donan\Desktop\ProjetBoutique\env_boutique\Lib\site-packages\rest_framework\mixins.py", line 19, in create
    self.perform_create(serializer)
    ~~~~~~~~~~~~~~~~~~~^^^^^^^^^^^^
  File "C:\Users\donan\Desktop\POS-PROJECT\ADMIN WEB\api_boutique_core\views.py", line 349, in perform_create
    serializer.save(
    ~~~~~~~~~~~~~~~^
        created_by=self.request.user if self.request.user.is_authenticated else None,
        ^^^^^^^^^^^^^^^^^^^^^^^^^^^^^^^^^^^^^^^^^^^^^^^^^^^^^^^^^^^^^^^^^^^^^^^^^^^^^
        updated_by=self.request.user if self.request.user.is_authenticated else None
        ^^^^^^^^^^^^^^^^^^^^^^^^^^^^^^^^^^^^^^^^^^^^^^^^^^^^^^^^^^^^^^^^^^^^^^^^^^^^
    )
    ^
  File "C:\Users\donan\Desktop\ProjetBoutique\env_boutique\Lib\site-packages\rest_framework\serializers.py", line 210, in save
    self.instance = self.create(validated_data)
                    ~~~~~~~~~~~^^^^^^^^^^^^^^^^
  File "C:\Users\donan\Desktop\ProjetBoutique\env_boutique\Lib\site-packages\rest_framework\serializers.py", line 991, in create
    instance = ModelClass._default_manager.create(**validated_data)
  File "C:\Users\donan\Desktop\ProjetBoutique\env_boutique\Lib\site-packages\django\db\models\manager.py", line 87, in manager_method
    return getattr(self.get_queryset(), name)(*args, **kwargs)
           ~~~~~~~~~~~~~~~~~~~~~~~~~~~~~~~~~~^^^^^^^^^^^^^^^^^
  File "C:\Users\donan\Desktop\ProjetBoutique\env_boutique\Lib\site-packages\django\db\models\query.py", line 663, in create
    obj.save(force_insert=True, using=self.db)
    ~~~~~~~~^^^^^^^^^^^^^^^^^^^^^^^^^^^^^^^^^^
  File "C:\Users\donan\Desktop\ProjetBoutique\env_boutique\Lib\site-packages\django\db\models\base.py", line 902, in save
    self.save_base(
    ~~~~~~~~~~~~~~^
        using=using,
        ^^^^^^^^^^^^
    ...<2 lines>...
        update_fields=update_fields,
        ^^^^^^^^^^^^^^^^^^^^^^^^^^^^
    )
    ^
  File "C:\Users\donan\Desktop\ProjetBoutique\env_boutique\Lib\site-packages\django\db\models\base.py", line 1008, in save_base
    updated = self._save_table(
        raw,
    ...<4 lines>...
        update_fields,
    )
  File "C:\Users\donan\Desktop\ProjetBoutique\env_boutique\Lib\site-packages\django\db\models\base.py", line 1169, in _save_table
    results = self._do_insert(
        cls._base_manager, using, fields, returning_fields, raw
    )
  File "C:\Users\donan\Desktop\ProjetBoutique\env_boutique\Lib\site-packages\django\db\models\base.py", line 1210, in _do_insert
    return manager._insert(
           ~~~~~~~~~~~~~~~^
        [self],
        ^^^^^^^
    ...<3 lines>...
        raw=raw,
        ^^^^^^^^
    )
    ^
  File "C:\Users\donan\Desktop\ProjetBoutique\env_boutique\Lib\site-packages\django\db\models\manager.py", line 87, in manager_method
    return getattr(self.get_queryset(), name)(*args, **kwargs)
           ~~~~~~~~~~~~~~~~~~~~~~~~~~~~~~~~~~^^^^^^^^^^^^^^^^^
  File "C:\Users\donan\Desktop\ProjetBoutique\env_boutique\Lib\site-packages\django\db\models\query.py", line 1868, in _insert
    return query.get_compiler(using=using).execute_sql(returning_fields)
           ~~~~~~~~~~~~~~~~~~~~~~~~~~~~~~~~~~~~~~~~~~~^^^^^^^^^^^^^^^^^^
  File "C:\Users\donan\Desktop\ProjetBoutique\env_boutique\Lib\site-packages\django\db\models\sql\compiler.py", line 1882, in execute_sql
    cursor.execute(sql, params)
    ~~~~~~~~~~~~~~^^^^^^^^^^^^^
  File "C:\Users\donan\Desktop\ProjetBoutique\env_boutique\Lib\site-packages\django\db\backends\utils.py", line 122, in execute
    return super().execute(sql, params)
           ~~~~~~~~~~~~~~~^^^^^^^^^^^^^
  File "C:\Users\donan\Desktop\ProjetBoutique\env_boutique\Lib\site-packages\django\db\backends\utils.py", line 79, in execute
    return self._execute_with_wrappers(
           ~~~~~~~~~~~~~~~~~~~~~~~~~~~^
        sql, params, many=False, executor=self._execute
        ^^^^^^^^^^^^^^^^^^^^^^^^^^^^^^^^^^^^^^^^^^^^^^^
    )
    ^
  File "C:\Users\donan\Desktop\ProjetBoutique\env_boutique\Lib\site-packages\django\db\backends\utils.py", line 92, in _execute_with_wrappers
    return executor(sql, params, many, context)
  File "C:\Users\donan\Desktop\ProjetBoutique\env_boutique\Lib\site-packages\django\db\backends\utils.py", line 100, in _execute
    with self.db.wrap_database_errors:
         ^^^^^^^^^^^^^^^^^^^^^^^^^^^^
  File "C:\Users\donan\Desktop\ProjetBoutique\env_boutique\Lib\site-packages\django\db\utils.py", line 91, in __exit__
    raise dj_exc_value.with_traceback(traceback) from exc_value
  File "C:\Users\donan\Desktop\ProjetBoutique\env_boutique\Lib\site-packages\django\db\backends\utils.py", line 105, in _execute
    return self.cursor.execute(sql, params)
           ~~~~~~~~~~~~~~~~~~~^^^^^^^^^^^^^
django.db.utils.IntegrityError: null value in column "notes" of relation "api_boutique_core_inventorycount" violates not-null constraint
DETAIL:  Failing row contains (1, 2026-02-02 14:57:48.945392+00, 2026-02-02 14:57:48.945454+00, t, {}, INV62024-0001, 2026-02-02 14:56:00+00, planned, 0, 0, 0.00, 4, 4, 4, null, null, null, null).

ERROR 2026-02-02 14:57:49,924 basehttp "POST /api/inventory-counts/ HTTP/1.1" 500 233280
ERROR 2026-02-02 15:16:28,760 log Internal Server Error: /api/inventory-counts/
Traceback (most recent call last):
  File "C:\Users\donan\Desktop\ProjetBoutique\env_boutique\Lib\site-packages\django\db\backends\utils.py", line 105, in _execute
    return self.cursor.execute(sql, params)
           ~~~~~~~~~~~~~~~~~~~^^^^^^^^^^^^^
psycopg2.errors.NotNullViolation: null value in column "notes" of relation "api_boutique_core_inventorycount" violates not-null constraint
DETAIL:  Failing row contains (2, 2026-02-02 15:16:28.020912+00, 2026-02-02 15:16:28.020952+00, t, {}, INV-2024-0001, 2026-02-02 15:15:00+00, planned, 0, 0, 0.00, 4, 4, 4, null, null, null, null).


The above exception was the direct cause of the following exception:

Traceback (most recent call last):
  File "C:\Users\donan\Desktop\ProjetBoutique\env_boutique\Lib\site-packages\django\core\handlers\exception.py", line 55, in inner
    response = get_response(request)
  File "C:\Users\donan\Desktop\ProjetBoutique\env_boutique\Lib\site-packages\django\core\handlers\base.py", line 197, in _get_response
    response = wrapped_callback(request, *callback_args, **callback_kwargs)
  File "C:\Users\donan\Desktop\ProjetBoutique\env_boutique\Lib\site-packages\django\views\decorators\csrf.py", line 65, in _view_wrapper
    return view_func(request, *args, **kwargs)
  File "C:\Users\donan\Desktop\ProjetBoutique\env_boutique\Lib\site-packages\rest_framework\viewsets.py", line 125, in view
    return self.dispatch(request, *args, **kwargs)
           ~~~~~~~~~~~~~^^^^^^^^^^^^^^^^^^^^^^^^^^
  File "C:\Users\donan\Desktop\ProjetBoutique\env_boutique\Lib\site-packages\rest_framework\views.py", line 515, in dispatch
    response = self.handle_exception(exc)
  File "C:\Users\donan\Desktop\ProjetBoutique\env_boutique\Lib\site-packages\rest_framework\views.py", line 475, in handle_exception
    self.raise_uncaught_exception(exc)
    ~~~~~~~~~~~~~~~~~~~~~~~~~~~~~^^^^^
  File "C:\Users\donan\Desktop\ProjetBoutique\env_boutique\Lib\site-packages\rest_framework\views.py", line 486, in raise_uncaught_exception
    raise exc
  File "C:\Users\donan\Desktop\ProjetBoutique\env_boutique\Lib\site-packages\rest_framework\views.py", line 512, in dispatch
    response = handler(request, *args, **kwargs)
  File "C:\Users\donan\Desktop\ProjetBoutique\env_boutique\Lib\site-packages\rest_framework\mixins.py", line 19, in create
    self.perform_create(serializer)
    ~~~~~~~~~~~~~~~~~~~^^^^^^^^^^^^
  File "C:\Users\donan\Desktop\POS-PROJECT\ADMIN WEB\api_boutique_core\views.py", line 349, in perform_create
    serializer.save(
    ~~~~~~~~~~~~~~~^
        created_by=self.request.user if self.request.user.is_authenticated else None,
        ^^^^^^^^^^^^^^^^^^^^^^^^^^^^^^^^^^^^^^^^^^^^^^^^^^^^^^^^^^^^^^^^^^^^^^^^^^^^^
        updated_by=self.request.user if self.request.user.is_authenticated else None
        ^^^^^^^^^^^^^^^^^^^^^^^^^^^^^^^^^^^^^^^^^^^^^^^^^^^^^^^^^^^^^^^^^^^^^^^^^^^^
    )
    ^
  File "C:\Users\donan\Desktop\ProjetBoutique\env_boutique\Lib\site-packages\rest_framework\serializers.py", line 210, in save
    self.instance = self.create(validated_data)
                    ~~~~~~~~~~~^^^^^^^^^^^^^^^^
  File "C:\Users\donan\Desktop\ProjetBoutique\env_boutique\Lib\site-packages\rest_framework\serializers.py", line 991, in create
    instance = ModelClass._default_manager.create(**validated_data)
  File "C:\Users\donan\Desktop\ProjetBoutique\env_boutique\Lib\site-packages\django\db\models\manager.py", line 87, in manager_method
    return getattr(self.get_queryset(), name)(*args, **kwargs)
           ~~~~~~~~~~~~~~~~~~~~~~~~~~~~~~~~~~^^^^^^^^^^^^^^^^^
  File "C:\Users\donan\Desktop\ProjetBoutique\env_boutique\Lib\site-packages\django\db\models\query.py", line 663, in create
    obj.save(force_insert=True, using=self.db)
    ~~~~~~~~^^^^^^^^^^^^^^^^^^^^^^^^^^^^^^^^^^
  File "C:\Users\donan\Desktop\ProjetBoutique\env_boutique\Lib\site-packages\django\db\models\base.py", line 902, in save
    self.save_base(
    ~~~~~~~~~~~~~~^
        using=using,
        ^^^^^^^^^^^^
    ...<2 lines>...
        update_fields=update_fields,
        ^^^^^^^^^^^^^^^^^^^^^^^^^^^^
    )
    ^
  File "C:\Users\donan\Desktop\ProjetBoutique\env_boutique\Lib\site-packages\django\db\models\base.py", line 1008, in save_base
    updated = self._save_table(
        raw,
    ...<4 lines>...
        update_fields,
    )
  File "C:\Users\donan\Desktop\ProjetBoutique\env_boutique\Lib\site-packages\django\db\models\base.py", line 1169, in _save_table
    results = self._do_insert(
        cls._base_manager, using, fields, returning_fields, raw
    )
  File "C:\Users\donan\Desktop\ProjetBoutique\env_boutique\Lib\site-packages\django\db\models\base.py", line 1210, in _do_insert
    return manager._insert(
           ~~~~~~~~~~~~~~~^
        [self],
        ^^^^^^^
    ...<3 lines>...
        raw=raw,
        ^^^^^^^^
    )
    ^
  File "C:\Users\donan\Desktop\ProjetBoutique\env_boutique\Lib\site-packages\django\db\models\manager.py", line 87, in manager_method
    return getattr(self.get_queryset(), name)(*args, **kwargs)
           ~~~~~~~~~~~~~~~~~~~~~~~~~~~~~~~~~~^^^^^^^^^^^^^^^^^
  File "C:\Users\donan\Desktop\ProjetBoutique\env_boutique\Lib\site-packages\django\db\models\query.py", line 1868, in _insert
    return query.get_compiler(using=using).execute_sql(returning_fields)
           ~~~~~~~~~~~~~~~~~~~~~~~~~~~~~~~~~~~~~~~~~~~^^^^^^^^^^^^^^^^^^
  File "C:\Users\donan\Desktop\ProjetBoutique\env_boutique\Lib\site-packages\django\db\models\sql\compiler.py", line 1882, in execute_sql
    cursor.execute(sql, params)
    ~~~~~~~~~~~~~~^^^^^^^^^^^^^
  File "C:\Users\donan\Desktop\ProjetBoutique\env_boutique\Lib\site-packages\django\db\backends\utils.py", line 122, in execute
    return super().execute(sql, params)
           ~~~~~~~~~~~~~~~^^^^^^^^^^^^^
  File "C:\Users\donan\Desktop\ProjetBoutique\env_boutique\Lib\site-packages\django\db\backends\utils.py", line 79, in execute
    return self._execute_with_wrappers(
           ~~~~~~~~~~~~~~~~~~~~~~~~~~~^
        sql, params, many=False, executor=self._execute
        ^^^^^^^^^^^^^^^^^^^^^^^^^^^^^^^^^^^^^^^^^^^^^^^
    )
    ^
  File "C:\Users\donan\Desktop\ProjetBoutique\env_boutique\Lib\site-packages\django\db\backends\utils.py", line 92, in _execute_with_wrappers
    return executor(sql, params, many, context)
  File "C:\Users\donan\Desktop\ProjetBoutique\env_boutique\Lib\site-packages\django\db\backends\utils.py", line 100, in _execute
    with self.db.wrap_database_errors:
         ^^^^^^^^^^^^^^^^^^^^^^^^^^^^
  File "C:\Users\donan\Desktop\ProjetBoutique\env_boutique\Lib\site-packages\django\db\utils.py", line 91, in __exit__
    raise dj_exc_value.with_traceback(traceback) from exc_value
  File "C:\Users\donan\Desktop\ProjetBoutique\env_boutique\Lib\site-packages\django\db\backends\utils.py", line 105, in _execute
    return self.cursor.execute(sql, params)
           ~~~~~~~~~~~~~~~~~~~^^^^^^^^^^^^^
django.db.utils.IntegrityError: null value in column "notes" of relation "api_boutique_core_inventorycount" violates not-null constraint
DETAIL:  Failing row contains (2, 2026-02-02 15:16:28.020912+00, 2026-02-02 15:16:28.020952+00, t, {}, INV-2024-0001, 2026-02-02 15:15:00+00, planned, 0, 0, 0.00, 4, 4, 4, null, null, null, null).

ERROR 2026-02-02 15:16:28,779 basehttp "POST /api/inventory-counts/ HTTP/1.1" 500 233230
ERROR 2026-02-02 15:18:03,053 log Internal Server Error: /api/inventory-counts/
Traceback (most recent call last):
  File "C:\Users\donan\Desktop\ProjetBoutique\env_boutique\Lib\site-packages\django\db\backends\utils.py", line 105, in _execute
    return self.cursor.execute(sql, params)
           ~~~~~~~~~~~~~~~~~~~^^^^^^^^^^^^^
psycopg2.errors.NotNullViolation: null value in column "notes" of relation "api_boutique_core_inventorycount" violates not-null constraint
DETAIL:  Failing row contains (3, 2026-02-02 15:18:02.48247+00, 2026-02-02 15:18:02.482514+00, t, {}, INV-2024-001, 2026-02-02 15:17:00+00, in_progress, 0, 0, 0.00, 4, 4, 4, null, null, null, null).


The above exception was the direct cause of the following exception:

Traceback (most recent call last):
  File "C:\Users\donan\Desktop\ProjetBoutique\env_boutique\Lib\site-packages\django\core\handlers\exception.py", line 55, in inner
    response = get_response(request)
  File "C:\Users\donan\Desktop\ProjetBoutique\env_boutique\Lib\site-packages\django\core\handlers\base.py", line 197, in _get_response
    response = wrapped_callback(request, *callback_args, **callback_kwargs)
  File "C:\Users\donan\Desktop\ProjetBoutique\env_boutique\Lib\site-packages\django\views\decorators\csrf.py", line 65, in _view_wrapper
    return view_func(request, *args, **kwargs)
  File "C:\Users\donan\Desktop\ProjetBoutique\env_boutique\Lib\site-packages\rest_framework\viewsets.py", line 125, in view
    return self.dispatch(request, *args, **kwargs)
           ~~~~~~~~~~~~~^^^^^^^^^^^^^^^^^^^^^^^^^^
  File "C:\Users\donan\Desktop\ProjetBoutique\env_boutique\Lib\site-packages\rest_framework\views.py", line 515, in dispatch
    response = self.handle_exception(exc)
  File "C:\Users\donan\Desktop\ProjetBoutique\env_boutique\Lib\site-packages\rest_framework\views.py", line 475, in handle_exception
    self.raise_uncaught_exception(exc)
    ~~~~~~~~~~~~~~~~~~~~~~~~~~~~~^^^^^
  File "C:\Users\donan\Desktop\ProjetBoutique\env_boutique\Lib\site-packages\rest_framework\views.py", line 486, in raise_uncaught_exception
    raise exc
  File "C:\Users\donan\Desktop\ProjetBoutique\env_boutique\Lib\site-packages\rest_framework\views.py", line 512, in dispatch
    response = handler(request, *args, **kwargs)
  File "C:\Users\donan\Desktop\ProjetBoutique\env_boutique\Lib\site-packages\rest_framework\mixins.py", line 19, in create
    self.perform_create(serializer)
    ~~~~~~~~~~~~~~~~~~~^^^^^^^^^^^^
  File "C:\Users\donan\Desktop\POS-PROJECT\ADMIN WEB\api_boutique_core\views.py", line 349, in perform_create
    serializer.save(
    ~~~~~~~~~~~~~~~^
        created_by=self.request.user if self.request.user.is_authenticated else None,
        ^^^^^^^^^^^^^^^^^^^^^^^^^^^^^^^^^^^^^^^^^^^^^^^^^^^^^^^^^^^^^^^^^^^^^^^^^^^^^
        updated_by=self.request.user if self.request.user.is_authenticated else None
        ^^^^^^^^^^^^^^^^^^^^^^^^^^^^^^^^^^^^^^^^^^^^^^^^^^^^^^^^^^^^^^^^^^^^^^^^^^^^
    )
    ^
  File "C:\Users\donan\Desktop\ProjetBoutique\env_boutique\Lib\site-packages\rest_framework\serializers.py", line 210, in save
    self.instance = self.create(validated_data)
                    ~~~~~~~~~~~^^^^^^^^^^^^^^^^
  File "C:\Users\donan\Desktop\ProjetBoutique\env_boutique\Lib\site-packages\rest_framework\serializers.py", line 991, in create
    instance = ModelClass._default_manager.create(**validated_data)
  File "C:\Users\donan\Desktop\ProjetBoutique\env_boutique\Lib\site-packages\django\db\models\manager.py", line 87, in manager_method
    return getattr(self.get_queryset(), name)(*args, **kwargs)
           ~~~~~~~~~~~~~~~~~~~~~~~~~~~~~~~~~~^^^^^^^^^^^^^^^^^
  File "C:\Users\donan\Desktop\ProjetBoutique\env_boutique\Lib\site-packages\django\db\models\query.py", line 663, in create
    obj.save(force_insert=True, using=self.db)
    ~~~~~~~~^^^^^^^^^^^^^^^^^^^^^^^^^^^^^^^^^^
  File "C:\Users\donan\Desktop\ProjetBoutique\env_boutique\Lib\site-packages\django\db\models\base.py", line 902, in save
    self.save_base(
    ~~~~~~~~~~~~~~^
        using=using,
        ^^^^^^^^^^^^
    ...<2 lines>...
        update_fields=update_fields,
        ^^^^^^^^^^^^^^^^^^^^^^^^^^^^
    )
    ^
  File "C:\Users\donan\Desktop\ProjetBoutique\env_boutique\Lib\site-packages\django\db\models\base.py", line 1008, in save_base
    updated = self._save_table(
        raw,
    ...<4 lines>...
        update_fields,
    )
  File "C:\Users\donan\Desktop\ProjetBoutique\env_boutique\Lib\site-packages\django\db\models\base.py", line 1169, in _save_table
    results = self._do_insert(
        cls._base_manager, using, fields, returning_fields, raw
    )
  File "C:\Users\donan\Desktop\ProjetBoutique\env_boutique\Lib\site-packages\django\db\models\base.py", line 1210, in _do_insert
    return manager._insert(
           ~~~~~~~~~~~~~~~^
        [self],
        ^^^^^^^
    ...<3 lines>...
        raw=raw,
        ^^^^^^^^
    )
    ^
  File "C:\Users\donan\Desktop\ProjetBoutique\env_boutique\Lib\site-packages\django\db\models\manager.py", line 87, in manager_method
    return getattr(self.get_queryset(), name)(*args, **kwargs)
           ~~~~~~~~~~~~~~~~~~~~~~~~~~~~~~~~~~^^^^^^^^^^^^^^^^^
  File "C:\Users\donan\Desktop\ProjetBoutique\env_boutique\Lib\site-packages\django\db\models\query.py", line 1868, in _insert
    return query.get_compiler(using=using).execute_sql(returning_fields)
           ~~~~~~~~~~~~~~~~~~~~~~~~~~~~~~~~~~~~~~~~~~~^^^^^^^^^^^^^^^^^^
  File "C:\Users\donan\Desktop\ProjetBoutique\env_boutique\Lib\site-packages\django\db\models\sql\compiler.py", line 1882, in execute_sql
    cursor.execute(sql, params)
    ~~~~~~~~~~~~~~^^^^^^^^^^^^^
  File "C:\Users\donan\Desktop\ProjetBoutique\env_boutique\Lib\site-packages\django\db\backends\utils.py", line 122, in execute
    return super().execute(sql, params)
           ~~~~~~~~~~~~~~~^^^^^^^^^^^^^
  File "C:\Users\donan\Desktop\ProjetBoutique\env_boutique\Lib\site-packages\django\db\backends\utils.py", line 79, in execute
    return self._execute_with_wrappers(
           ~~~~~~~~~~~~~~~~~~~~~~~~~~~^
        sql, params, many=False, executor=self._execute
        ^^^^^^^^^^^^^^^^^^^^^^^^^^^^^^^^^^^^^^^^^^^^^^^
    )
    ^
  File "C:\Users\donan\Desktop\ProjetBoutique\env_boutique\Lib\site-packages\django\db\backends\utils.py", line 92, in _execute_with_wrappers
    return executor(sql, params, many, context)
  File "C:\Users\donan\Desktop\ProjetBoutique\env_boutique\Lib\site-packages\django\db\backends\utils.py", line 100, in _execute
    with self.db.wrap_database_errors:
         ^^^^^^^^^^^^^^^^^^^^^^^^^^^^
  File "C:\Users\donan\Desktop\ProjetBoutique\env_boutique\Lib\site-packages\django\db\utils.py", line 91, in __exit__
    raise dj_exc_value.with_traceback(traceback) from exc_value
  File "C:\Users\donan\Desktop\ProjetBoutique\env_boutique\Lib\site-packages\django\db\backends\utils.py", line 105, in _execute
    return self.cursor.execute(sql, params)
           ~~~~~~~~~~~~~~~~~~~^^^^^^^^^^^^^
django.db.utils.IntegrityError: null value in column "notes" of relation "api_boutique_core_inventorycount" violates not-null constraint
DETAIL:  Failing row contains (3, 2026-02-02 15:18:02.48247+00, 2026-02-02 15:18:02.482514+00, t, {}, INV-2024-001, 2026-02-02 15:17:00+00, in_progress, 0, 0, 0.00, 4, 4, 4, null, null, null, null).

ERROR 2026-02-02 15:18:03,109 basehttp "POST /api/inventory-counts/ HTTP/1.1" 500 233307
ERROR 2026-02-02 15:39:04,711 log Internal Server Error: /api/inventory-counts/
Traceback (most recent call last):
  File "C:\Users\donan\Desktop\ProjetBoutique\env_boutique\Lib\site-packages\rest_framework\serializers.py", line 991, in create
    instance = ModelClass._default_manager.create(**validated_data)
  File "C:\Users\donan\Desktop\ProjetBoutique\env_boutique\Lib\site-packages\django\db\models\manager.py", line 87, in manager_method
    return getattr(self.get_queryset(), name)(*args, **kwargs)
           ~~~~~~~~~~~~~~~~~~~~~~~~~~~~~~~~~~^^^^^^^^^^^^^^^^^
  File "C:\Users\donan\Desktop\ProjetBoutique\env_boutique\Lib\site-packages\django\db\models\query.py", line 661, in create
    obj = self.model(**kwargs)
  File "C:\Users\donan\Desktop\ProjetBoutique\env_boutique\Lib\site-packages\django\db\models\base.py", line 569, in __init__
    raise TypeError(
    ...<2 lines>...
    )
TypeError: InventoryCount() got unexpected keyword arguments: 'notes'

During handling of the above exception, another exception occurred:

Traceback (most recent call last):
  File "C:\Users\donan\Desktop\ProjetBoutique\env_boutique\Lib\site-packages\django\core\handlers\exception.py", line 55, in inner
    response = get_response(request)
  File "C:\Users\donan\Desktop\ProjetBoutique\env_boutique\Lib\site-packages\django\core\handlers\base.py", line 197, in _get_response
    response = wrapped_callback(request, *callback_args, **callback_kwargs)
  File "C:\Users\donan\Desktop\ProjetBoutique\env_boutique\Lib\site-packages\django\views\decorators\csrf.py", line 65, in _view_wrapper
    return view_func(request, *args, **kwargs)
  File "C:\Users\donan\Desktop\ProjetBoutique\env_boutique\Lib\site-packages\rest_framework\viewsets.py", line 125, in view
    return self.dispatch(request, *args, **kwargs)
           ~~~~~~~~~~~~~^^^^^^^^^^^^^^^^^^^^^^^^^^
  File "C:\Users\donan\Desktop\ProjetBoutique\env_boutique\Lib\site-packages\rest_framework\views.py", line 515, in dispatch
    response = self.handle_exception(exc)
  File "C:\Users\donan\Desktop\ProjetBoutique\env_boutique\Lib\site-packages\rest_framework\views.py", line 475, in handle_exception
    self.raise_uncaught_exception(exc)
    ~~~~~~~~~~~~~~~~~~~~~~~~~~~~~^^^^^
  File "C:\Users\donan\Desktop\ProjetBoutique\env_boutique\Lib\site-packages\rest_framework\views.py", line 486, in raise_uncaught_exception
    raise exc
  File "C:\Users\donan\Desktop\ProjetBoutique\env_boutique\Lib\site-packages\rest_framework\views.py", line 512, in dispatch
    response = handler(request, *args, **kwargs)
  File "C:\Users\donan\Desktop\ProjetBoutique\env_boutique\Lib\site-packages\rest_framework\mixins.py", line 19, in create
    self.perform_create(serializer)
    ~~~~~~~~~~~~~~~~~~~^^^^^^^^^^^^
  File "C:\Users\donan\Desktop\POS-PROJECT\ADMIN WEB\api_boutique_core\views.py", line 349, in perform_create
    serializer.save(
    ~~~~~~~~~~~~~~~^
        created_by=self.request.user if self.request.user.is_authenticated else None,
        ^^^^^^^^^^^^^^^^^^^^^^^^^^^^^^^^^^^^^^^^^^^^^^^^^^^^^^^^^^^^^^^^^^^^^^^^^^^^^
        updated_by=self.request.user if self.request.user.is_authenticated else None
        ^^^^^^^^^^^^^^^^^^^^^^^^^^^^^^^^^^^^^^^^^^^^^^^^^^^^^^^^^^^^^^^^^^^^^^^^^^^^
    )
    ^
  File "C:\Users\donan\Desktop\ProjetBoutique\env_boutique\Lib\site-packages\rest_framework\serializers.py", line 210, in save
    self.instance = self.create(validated_data)
                    ~~~~~~~~~~~^^^^^^^^^^^^^^^^
  File "C:\Users\donan\Desktop\POS-PROJECT\ADMIN WEB\api_boutique_core\serializers.py", line 1032, in create
    return super().create(validated_data)
           ~~~~~~~~~~~~~~^^^^^^^^^^^^^^^^
  File "C:\Users\donan\Desktop\ProjetBoutique\env_boutique\Lib\site-packages\rest_framework\serializers.py", line 1010, in create
    raise TypeError(msg)
TypeError: Got a `TypeError` when calling `InventoryCount.objects.create()`. This may be because you have a writable field on the serializer class that is not a valid argument to `InventoryCount.objects.create()`. You may need to make the field read-only, or override the InventoryCountSerializer.create() method to handle this correctly.
Original exception was:
 Traceback (most recent call last):
  File "C:\Users\donan\Desktop\ProjetBoutique\env_boutique\Lib\site-packages\rest_framework\serializers.py", line 991, in create
    instance = ModelClass._default_manager.create(**validated_data)
  File "C:\Users\donan\Desktop\ProjetBoutique\env_boutique\Lib\site-packages\django\db\models\manager.py", line 87, in manager_method
    return getattr(self.get_queryset(), name)(*args, **kwargs)
           ~~~~~~~~~~~~~~~~~~~~~~~~~~~~~~~~~~^^^^^^^^^^^^^^^^^
  File "C:\Users\donan\Desktop\ProjetBoutique\env_boutique\Lib\site-packages\django\db\models\query.py", line 661, in create
    obj = self.model(**kwargs)
  File "C:\Users\donan\Desktop\ProjetBoutique\env_boutique\Lib\site-packages\django\db\models\base.py", line 569, in __init__
    raise TypeError(
    ...<2 lines>...
    )
TypeError: InventoryCount() got unexpected keyword arguments: 'notes'

ERROR 2026-02-02 15:39:04,718 basehttp "POST /api/inventory-counts/ HTTP/1.1" 500 192932
ERROR 2026-02-02 15:47:16,134 log Internal Server Error: /api/inventory-counts/
Traceback (most recent call last):
  File "C:\Users\donan\Desktop\ProjetBoutique\env_boutique\Lib\site-packages\django\db\backends\utils.py", line 105, in _execute
    return self.cursor.execute(sql, params)
           ~~~~~~~~~~~~~~~~~~~^^^^^^^^^^^^^
psycopg2.errors.NotNullViolation: null value in column "notes" of relation "api_boutique_core_inventorycount" violates not-null constraint
DETAIL:  Failing row contains (4, 2026-02-02 15:47:15.727908+00, 2026-02-02 15:47:15.727926+00, t, {}, INV-2024-001, 2026-02-02 15:17:00+00, in_progress, 0, 0, 0.00, 4, 4, 4, null, null, null, null).


The above exception was the direct cause of the following exception:

Traceback (most recent call last):
  File "C:\Users\donan\Desktop\ProjetBoutique\env_boutique\Lib\site-packages\django\core\handlers\exception.py", line 55, in inner
    response = get_response(request)
  File "C:\Users\donan\Desktop\ProjetBoutique\env_boutique\Lib\site-packages\django\core\handlers\base.py", line 197, in _get_response
    response = wrapped_callback(request, *callback_args, **callback_kwargs)
  File "C:\Users\donan\Desktop\ProjetBoutique\env_boutique\Lib\site-packages\django\views\decorators\csrf.py", line 65, in _view_wrapper
    return view_func(request, *args, **kwargs)
  File "C:\Users\donan\Desktop\ProjetBoutique\env_boutique\Lib\site-packages\rest_framework\viewsets.py", line 125, in view
    return self.dispatch(request, *args, **kwargs)
           ~~~~~~~~~~~~~^^^^^^^^^^^^^^^^^^^^^^^^^^
  File "C:\Users\donan\Desktop\ProjetBoutique\env_boutique\Lib\site-packages\rest_framework\views.py", line 515, in dispatch
    response = self.handle_exception(exc)
  File "C:\Users\donan\Desktop\ProjetBoutique\env_boutique\Lib\site-packages\rest_framework\views.py", line 475, in handle_exception
    self.raise_uncaught_exception(exc)
    ~~~~~~~~~~~~~~~~~~~~~~~~~~~~~^^^^^
  File "C:\Users\donan\Desktop\ProjetBoutique\env_boutique\Lib\site-packages\rest_framework\views.py", line 486, in raise_uncaught_exception
    raise exc
  File "C:\Users\donan\Desktop\ProjetBoutique\env_boutique\Lib\site-packages\rest_framework\views.py", line 512, in dispatch
    response = handler(request, *args, **kwargs)
  File "C:\Users\donan\Desktop\ProjetBoutique\env_boutique\Lib\site-packages\rest_framework\mixins.py", line 19, in create
    self.perform_create(serializer)
    ~~~~~~~~~~~~~~~~~~~^^^^^^^^^^^^
  File "C:\Users\donan\Desktop\POS-PROJECT\ADMIN WEB\api_boutique_core\views.py", line 349, in perform_create
    serializer.save(
    ~~~~~~~~~~~~~~~^
        created_by=self.request.user if self.request.user.is_authenticated else None,
        ^^^^^^^^^^^^^^^^^^^^^^^^^^^^^^^^^^^^^^^^^^^^^^^^^^^^^^^^^^^^^^^^^^^^^^^^^^^^^
        updated_by=self.request.user if self.request.user.is_authenticated else None
        ^^^^^^^^^^^^^^^^^^^^^^^^^^^^^^^^^^^^^^^^^^^^^^^^^^^^^^^^^^^^^^^^^^^^^^^^^^^^
    )
    ^
  File "C:\Users\donan\Desktop\ProjetBoutique\env_boutique\Lib\site-packages\rest_framework\serializers.py", line 210, in save
    self.instance = self.create(validated_data)
                    ~~~~~~~~~~~^^^^^^^^^^^^^^^^
  File "C:\Users\donan\Desktop\ProjetBoutique\env_boutique\Lib\site-packages\rest_framework\serializers.py", line 991, in create
    instance = ModelClass._default_manager.create(**validated_data)
  File "C:\Users\donan\Desktop\ProjetBoutique\env_boutique\Lib\site-packages\django\db\models\manager.py", line 87, in manager_method
    return getattr(self.get_queryset(), name)(*args, **kwargs)
           ~~~~~~~~~~~~~~~~~~~~~~~~~~~~~~~~~~^^^^^^^^^^^^^^^^^
  File "C:\Users\donan\Desktop\ProjetBoutique\env_boutique\Lib\site-packages\django\db\models\query.py", line 663, in create
    obj.save(force_insert=True, using=self.db)
    ~~~~~~~~^^^^^^^^^^^^^^^^^^^^^^^^^^^^^^^^^^
  File "C:\Users\donan\Desktop\ProjetBoutique\env_boutique\Lib\site-packages\django\db\models\base.py", line 902, in save
    self.save_base(
    ~~~~~~~~~~~~~~^
        using=using,
        ^^^^^^^^^^^^
    ...<2 lines>...
        update_fields=update_fields,
        ^^^^^^^^^^^^^^^^^^^^^^^^^^^^
    )
    ^
  File "C:\Users\donan\Desktop\ProjetBoutique\env_boutique\Lib\site-packages\django\db\models\base.py", line 1008, in save_base
    updated = self._save_table(
        raw,
    ...<4 lines>...
        update_fields,
    )
  File "C:\Users\donan\Desktop\ProjetBoutique\env_boutique\Lib\site-packages\django\db\models\base.py", line 1169, in _save_table
    results = self._do_insert(
        cls._base_manager, using, fields, returning_fields, raw
    )
  File "C:\Users\donan\Desktop\ProjetBoutique\env_boutique\Lib\site-packages\django\db\models\base.py", line 1210, in _do_insert
    return manager._insert(
           ~~~~~~~~~~~~~~~^
        [self],
        ^^^^^^^
    ...<3 lines>...
        raw=raw,
        ^^^^^^^^
    )
    ^
  File "C:\Users\donan\Desktop\ProjetBoutique\env_boutique\Lib\site-packages\django\db\models\manager.py", line 87, in manager_method
    return getattr(self.get_queryset(), name)(*args, **kwargs)
           ~~~~~~~~~~~~~~~~~~~~~~~~~~~~~~~~~~^^^^^^^^^^^^^^^^^
  File "C:\Users\donan\Desktop\ProjetBoutique\env_boutique\Lib\site-packages\django\db\models\query.py", line 1868, in _insert
    return query.get_compiler(using=using).execute_sql(returning_fields)
           ~~~~~~~~~~~~~~~~~~~~~~~~~~~~~~~~~~~~~~~~~~~^^^^^^^^^^^^^^^^^^
  File "C:\Users\donan\Desktop\ProjetBoutique\env_boutique\Lib\site-packages\django\db\models\sql\compiler.py", line 1882, in execute_sql
    cursor.execute(sql, params)
    ~~~~~~~~~~~~~~^^^^^^^^^^^^^
  File "C:\Users\donan\Desktop\ProjetBoutique\env_boutique\Lib\site-packages\django\db\backends\utils.py", line 122, in execute
    return super().execute(sql, params)
           ~~~~~~~~~~~~~~~^^^^^^^^^^^^^
  File "C:\Users\donan\Desktop\ProjetBoutique\env_boutique\Lib\site-packages\django\db\backends\utils.py", line 79, in execute
    return self._execute_with_wrappers(
           ~~~~~~~~~~~~~~~~~~~~~~~~~~~^
        sql, params, many=False, executor=self._execute
        ^^^^^^^^^^^^^^^^^^^^^^^^^^^^^^^^^^^^^^^^^^^^^^^
    )
    ^
  File "C:\Users\donan\Desktop\ProjetBoutique\env_boutique\Lib\site-packages\django\db\backends\utils.py", line 92, in _execute_with_wrappers
    return executor(sql, params, many, context)
  File "C:\Users\donan\Desktop\ProjetBoutique\env_boutique\Lib\site-packages\django\db\backends\utils.py", line 100, in _execute
    with self.db.wrap_database_errors:
         ^^^^^^^^^^^^^^^^^^^^^^^^^^^^
  File "C:\Users\donan\Desktop\ProjetBoutique\env_boutique\Lib\site-packages\django\db\utils.py", line 91, in __exit__
    raise dj_exc_value.with_traceback(traceback) from exc_value
  File "C:\Users\donan\Desktop\ProjetBoutique\env_boutique\Lib\site-packages\django\db\backends\utils.py", line 105, in _execute
    return self.cursor.execute(sql, params)
           ~~~~~~~~~~~~~~~~~~~^^^^^^^^^^^^^
django.db.utils.IntegrityError: null value in column "notes" of relation "api_boutique_core_inventorycount" violates not-null constraint
DETAIL:  Failing row contains (4, 2026-02-02 15:47:15.727908+00, 2026-02-02 15:47:15.727926+00, t, {}, INV-2024-001, 2026-02-02 15:17:00+00, in_progress, 0, 0, 0.00, 4, 4, 4, null, null, null, null).

ERROR 2026-02-02 15:47:16,147 basehttp "POST /api/inventory-counts/ HTTP/1.1" 500 233331
ERROR 2026-02-02 16:04:33,178 log Internal Server Error: /api/inventory-counts/
Traceback (most recent call last):
  File "C:\Users\donan\Desktop\ProjetBoutique\env_boutique\Lib\site-packages\rest_framework\serializers.py", line 991, in create
    instance = ModelClass._default_manager.create(**validated_data)
  File "C:\Users\donan\Desktop\ProjetBoutique\env_boutique\Lib\site-packages\django\db\models\manager.py", line 87, in manager_method
    return getattr(self.get_queryset(), name)(*args, **kwargs)
           ~~~~~~~~~~~~~~~~~~~~~~~~~~~~~~~~~~^^^^^^^^^^^^^^^^^
  File "C:\Users\donan\Desktop\ProjetBoutique\env_boutique\Lib\site-packages\django\db\models\query.py", line 661, in create
    obj = self.model(**kwargs)
  File "C:\Users\donan\Desktop\ProjetBoutique\env_boutique\Lib\site-packages\django\db\models\base.py", line 569, in __init__
    raise TypeError(
    ...<2 lines>...
    )
TypeError: InventoryCount() got unexpected keyword arguments: 'notes'

During handling of the above exception, another exception occurred:

Traceback (most recent call last):
  File "C:\Users\donan\Desktop\ProjetBoutique\env_boutique\Lib\site-packages\django\core\handlers\exception.py", line 55, in inner
    response = get_response(request)
  File "C:\Users\donan\Desktop\ProjetBoutique\env_boutique\Lib\site-packages\django\core\handlers\base.py", line 197, in _get_response
    response = wrapped_callback(request, *callback_args, **callback_kwargs)
  File "C:\Users\donan\Desktop\ProjetBoutique\env_boutique\Lib\site-packages\django\views\decorators\csrf.py", line 65, in _view_wrapper
    return view_func(request, *args, **kwargs)
  File "C:\Users\donan\Desktop\ProjetBoutique\env_boutique\Lib\site-packages\rest_framework\viewsets.py", line 125, in view
    return self.dispatch(request, *args, **kwargs)
           ~~~~~~~~~~~~~^^^^^^^^^^^^^^^^^^^^^^^^^^
  File "C:\Users\donan\Desktop\ProjetBoutique\env_boutique\Lib\site-packages\rest_framework\views.py", line 515, in dispatch
    response = self.handle_exception(exc)
  File "C:\Users\donan\Desktop\ProjetBoutique\env_boutique\Lib\site-packages\rest_framework\views.py", line 475, in handle_exception
    self.raise_uncaught_exception(exc)
    ~~~~~~~~~~~~~~~~~~~~~~~~~~~~~^^^^^
  File "C:\Users\donan\Desktop\ProjetBoutique\env_boutique\Lib\site-packages\rest_framework\views.py", line 486, in raise_uncaught_exception
    raise exc
  File "C:\Users\donan\Desktop\ProjetBoutique\env_boutique\Lib\site-packages\rest_framework\views.py", line 512, in dispatch
    response = handler(request, *args, **kwargs)
  File "C:\Users\donan\Desktop\ProjetBoutique\env_boutique\Lib\site-packages\rest_framework\mixins.py", line 19, in create
    self.perform_create(serializer)
    ~~~~~~~~~~~~~~~~~~~^^^^^^^^^^^^
  File "C:\Users\donan\Desktop\POS-PROJECT\ADMIN WEB\api_boutique_core\views.py", line 349, in perform_create
    serializer.save(
    ~~~~~~~~~~~~~~~^
        created_by=self.request.user if self.request.user.is_authenticated else None,
        ^^^^^^^^^^^^^^^^^^^^^^^^^^^^^^^^^^^^^^^^^^^^^^^^^^^^^^^^^^^^^^^^^^^^^^^^^^^^^
        updated_by=self.request.user if self.request.user.is_authenticated else None
        ^^^^^^^^^^^^^^^^^^^^^^^^^^^^^^^^^^^^^^^^^^^^^^^^^^^^^^^^^^^^^^^^^^^^^^^^^^^^
    )
    ^
  File "C:\Users\donan\Desktop\ProjetBoutique\env_boutique\Lib\site-packages\rest_framework\serializers.py", line 210, in save
    self.instance = self.create(validated_data)
                    ~~~~~~~~~~~^^^^^^^^^^^^^^^^
  File "C:\Users\donan\Desktop\POS-PROJECT\ADMIN WEB\api_boutique_core\serializers.py", line 1036, in create
    return super().create(validated_data)
           ~~~~~~~~~~~~~~^^^^^^^^^^^^^^^^
  File "C:\Users\donan\Desktop\ProjetBoutique\env_boutique\Lib\site-packages\rest_framework\serializers.py", line 1010, in create
    raise TypeError(msg)
TypeError: Got a `TypeError` when calling `InventoryCount.objects.create()`. This may be because you have a writable field on the serializer class that is not a valid argument to `InventoryCount.objects.create()`. You may need to make the field read-only, or override the InventoryCountSerializer.create() method to handle this correctly.
Original exception was:
 Traceback (most recent call last):
  File "C:\Users\donan\Desktop\ProjetBoutique\env_boutique\Lib\site-packages\rest_framework\serializers.py", line 991, in create
    instance = ModelClass._default_manager.create(**validated_data)
  File "C:\Users\donan\Desktop\ProjetBoutique\env_boutique\Lib\site-packages\django\db\models\manager.py", line 87, in manager_method
    return getattr(self.get_queryset(), name)(*args, **kwargs)
           ~~~~~~~~~~~~~~~~~~~~~~~~~~~~~~~~~~^^^^^^^^^^^^^^^^^
  File "C:\Users\donan\Desktop\ProjetBoutique\env_boutique\Lib\site-packages\django\db\models\query.py", line 661, in create
    obj = self.model(**kwargs)
  File "C:\Users\donan\Desktop\ProjetBoutique\env_boutique\Lib\site-packages\django\db\models\base.py", line 569, in __init__
    raise TypeError(
    ...<2 lines>...
    )
TypeError: InventoryCount() got unexpected keyword arguments: 'notes'

ERROR 2026-02-02 16:04:33,185 basehttp "POST /api/inventory-counts/ HTTP/1.1" 500 193070
ERROR 2026-02-02 16:07:00,779 log Internal Server Error: /api/inventory-counts/
Traceback (most recent call last):
  File "C:\Users\donan\Desktop\ProjetBoutique\env_boutique\Lib\site-packages\rest_framework\serializers.py", line 991, in create
    instance = ModelClass._default_manager.create(**validated_data)
  File "C:\Users\donan\Desktop\ProjetBoutique\env_boutique\Lib\site-packages\django\db\models\manager.py", line 87, in manager_method
    return getattr(self.get_queryset(), name)(*args, **kwargs)
           ~~~~~~~~~~~~~~~~~~~~~~~~~~~~~~~~~~^^^^^^^^^^^^^^^^^
  File "C:\Users\donan\Desktop\ProjetBoutique\env_boutique\Lib\site-packages\django\db\models\query.py", line 661, in create
    obj = self.model(**kwargs)
  File "C:\Users\donan\Desktop\ProjetBoutique\env_boutique\Lib\site-packages\django\db\models\base.py", line 569, in __init__
    raise TypeError(
    ...<2 lines>...
    )
TypeError: InventoryCount() got unexpected keyword arguments: 'notes'

During handling of the above exception, another exception occurred:

Traceback (most recent call last):
  File "C:\Users\donan\Desktop\ProjetBoutique\env_boutique\Lib\site-packages\django\core\handlers\exception.py", line 55, in inner
    response = get_response(request)
  File "C:\Users\donan\Desktop\ProjetBoutique\env_boutique\Lib\site-packages\django\core\handlers\base.py", line 197, in _get_response
    response = wrapped_callback(request, *callback_args, **callback_kwargs)
  File "C:\Users\donan\Desktop\ProjetBoutique\env_boutique\Lib\site-packages\django\views\decorators\csrf.py", line 65, in _view_wrapper
    return view_func(request, *args, **kwargs)
  File "C:\Users\donan\Desktop\ProjetBoutique\env_boutique\Lib\site-packages\rest_framework\viewsets.py", line 125, in view
    return self.dispatch(request, *args, **kwargs)
           ~~~~~~~~~~~~~^^^^^^^^^^^^^^^^^^^^^^^^^^
  File "C:\Users\donan\Desktop\ProjetBoutique\env_boutique\Lib\site-packages\rest_framework\views.py", line 515, in dispatch
    response = self.handle_exception(exc)
  File "C:\Users\donan\Desktop\ProjetBoutique\env_boutique\Lib\site-packages\rest_framework\views.py", line 475, in handle_exception
    self.raise_uncaught_exception(exc)
    ~~~~~~~~~~~~~~~~~~~~~~~~~~~~~^^^^^
  File "C:\Users\donan\Desktop\ProjetBoutique\env_boutique\Lib\site-packages\rest_framework\views.py", line 486, in raise_uncaught_exception
    raise exc
  File "C:\Users\donan\Desktop\ProjetBoutique\env_boutique\Lib\site-packages\rest_framework\views.py", line 512, in dispatch
    response = handler(request, *args, **kwargs)
  File "C:\Users\donan\Desktop\ProjetBoutique\env_boutique\Lib\site-packages\rest_framework\mixins.py", line 19, in create
    self.perform_create(serializer)
    ~~~~~~~~~~~~~~~~~~~^^^^^^^^^^^^
  File "C:\Users\donan\Desktop\POS-PROJECT\ADMIN WEB\api_boutique_core\views.py", line 349, in perform_create
    serializer.save(
    ~~~~~~~~~~~~~~~^
        created_by=self.request.user if self.request.user.is_authenticated else None,
        ^^^^^^^^^^^^^^^^^^^^^^^^^^^^^^^^^^^^^^^^^^^^^^^^^^^^^^^^^^^^^^^^^^^^^^^^^^^^^
        updated_by=self.request.user if self.request.user.is_authenticated else None
        ^^^^^^^^^^^^^^^^^^^^^^^^^^^^^^^^^^^^^^^^^^^^^^^^^^^^^^^^^^^^^^^^^^^^^^^^^^^^
    )
    ^
  File "C:\Users\donan\Desktop\ProjetBoutique\env_boutique\Lib\site-packages\rest_framework\serializers.py", line 210, in save
    self.instance = self.create(validated_data)
                    ~~~~~~~~~~~^^^^^^^^^^^^^^^^
  File "C:\Users\donan\Desktop\POS-PROJECT\ADMIN WEB\api_boutique_core\serializers.py", line 1132, in create
    return super().create(validated_data)
           ~~~~~~~~~~~~~~^^^^^^^^^^^^^^^^
  File "C:\Users\donan\Desktop\ProjetBoutique\env_boutique\Lib\site-packages\rest_framework\serializers.py", line 1010, in create
    raise TypeError(msg)
TypeError: Got a `TypeError` when calling `InventoryCount.objects.create()`. This may be because you have a writable field on the serializer class that is not a valid argument to `InventoryCount.objects.create()`. You may need to make the field read-only, or override the InventoryCountSerializer.create() method to handle this correctly.
Original exception was:
 Traceback (most recent call last):
  File "C:\Users\donan\Desktop\ProjetBoutique\env_boutique\Lib\site-packages\rest_framework\serializers.py", line 991, in create
    instance = ModelClass._default_manager.create(**validated_data)
  File "C:\Users\donan\Desktop\ProjetBoutique\env_boutique\Lib\site-packages\django\db\models\manager.py", line 87, in manager_method
    return getattr(self.get_queryset(), name)(*args, **kwargs)
           ~~~~~~~~~~~~~~~~~~~~~~~~~~~~~~~~~~^^^^^^^^^^^^^^^^^
  File "C:\Users\donan\Desktop\ProjetBoutique\env_boutique\Lib\site-packages\django\db\models\query.py", line 661, in create
    obj = self.model(**kwargs)
  File "C:\Users\donan\Desktop\ProjetBoutique\env_boutique\Lib\site-packages\django\db\models\base.py", line 569, in __init__
    raise TypeError(
    ...<2 lines>...
    )
TypeError: InventoryCount() got unexpected keyword arguments: 'notes'

ERROR 2026-02-02 16:07:00,787 basehttp "POST /api/inventory-counts/ HTTP/1.1" 500 194628
ERROR 2026-02-02 16:10:36,483 log Internal Server Error: /api/inventory-counts/
Traceback (most recent call last):
  File "C:\Users\donan\Desktop\ProjetBoutique\env_boutique\Lib\site-packages\django\db\backends\utils.py", line 105, in _execute
    return self.cursor.execute(sql, params)
           ~~~~~~~~~~~~~~~~~~~^^^^^^^^^^^^^
psycopg2.errors.NotNullViolation: null value in column "notes" of relation "api_boutique_core_inventorycount" violates not-null constraint
DETAIL:  Failing row contains (5, 2026-02-02 16:10:35.961998+00, 2026-02-02 16:10:35.962019+00, t, {}, INV-2024-001, 2026-02-02 15:17:00+00, in_progress, 0, 0, 0.00, 4, 4, 4, null, null, null, null).


The above exception was the direct cause of the following exception:

Traceback (most recent call last):
  File "C:\Users\donan\Desktop\ProjetBoutique\env_boutique\Lib\site-packages\django\core\handlers\exception.py", line 55, in inner
    response = get_response(request)
  File "C:\Users\donan\Desktop\ProjetBoutique\env_boutique\Lib\site-packages\django\core\handlers\base.py", line 197, in _get_response
    response = wrapped_callback(request, *callback_args, **callback_kwargs)
  File "C:\Users\donan\Desktop\ProjetBoutique\env_boutique\Lib\site-packages\django\views\decorators\csrf.py", line 65, in _view_wrapper
    return view_func(request, *args, **kwargs)
  File "C:\Users\donan\Desktop\ProjetBoutique\env_boutique\Lib\site-packages\rest_framework\viewsets.py", line 125, in view
    return self.dispatch(request, *args, **kwargs)
           ~~~~~~~~~~~~~^^^^^^^^^^^^^^^^^^^^^^^^^^
  File "C:\Users\donan\Desktop\ProjetBoutique\env_boutique\Lib\site-packages\rest_framework\views.py", line 515, in dispatch
    response = self.handle_exception(exc)
  File "C:\Users\donan\Desktop\ProjetBoutique\env_boutique\Lib\site-packages\rest_framework\views.py", line 475, in handle_exception
    self.raise_uncaught_exception(exc)
    ~~~~~~~~~~~~~~~~~~~~~~~~~~~~~^^^^^
  File "C:\Users\donan\Desktop\ProjetBoutique\env_boutique\Lib\site-packages\rest_framework\views.py", line 486, in raise_uncaught_exception
    raise exc
  File "C:\Users\donan\Desktop\ProjetBoutique\env_boutique\Lib\site-packages\rest_framework\views.py", line 512, in dispatch
    response = handler(request, *args, **kwargs)
  File "C:\Users\donan\Desktop\ProjetBoutique\env_boutique\Lib\site-packages\rest_framework\mixins.py", line 19, in create
    self.perform_create(serializer)
    ~~~~~~~~~~~~~~~~~~~^^^^^^^^^^^^
  File "C:\Users\donan\Desktop\POS-PROJECT\ADMIN WEB\api_boutique_core\views.py", line 349, in perform_create
    serializer.save(
    ~~~~~~~~~~~~~~~^
        created_by=self.request.user if self.request.user.is_authenticated else None,
        ^^^^^^^^^^^^^^^^^^^^^^^^^^^^^^^^^^^^^^^^^^^^^^^^^^^^^^^^^^^^^^^^^^^^^^^^^^^^^
        updated_by=self.request.user if self.request.user.is_authenticated else None
        ^^^^^^^^^^^^^^^^^^^^^^^^^^^^^^^^^^^^^^^^^^^^^^^^^^^^^^^^^^^^^^^^^^^^^^^^^^^^
    )
    ^
  File "C:\Users\donan\Desktop\ProjetBoutique\env_boutique\Lib\site-packages\rest_framework\serializers.py", line 210, in save
    self.instance = self.create(validated_data)
                    ~~~~~~~~~~~^^^^^^^^^^^^^^^^
  File "C:\Users\donan\Desktop\ProjetBoutique\env_boutique\Lib\site-packages\rest_framework\serializers.py", line 991, in create
    instance = ModelClass._default_manager.create(**validated_data)
  File "C:\Users\donan\Desktop\ProjetBoutique\env_boutique\Lib\site-packages\django\db\models\manager.py", line 87, in manager_method
    return getattr(self.get_queryset(), name)(*args, **kwargs)
           ~~~~~~~~~~~~~~~~~~~~~~~~~~~~~~~~~~^^^^^^^^^^^^^^^^^
  File "C:\Users\donan\Desktop\ProjetBoutique\env_boutique\Lib\site-packages\django\db\models\query.py", line 663, in create
    obj.save(force_insert=True, using=self.db)
    ~~~~~~~~^^^^^^^^^^^^^^^^^^^^^^^^^^^^^^^^^^
  File "C:\Users\donan\Desktop\ProjetBoutique\env_boutique\Lib\site-packages\django\db\models\base.py", line 902, in save
    self.save_base(
    ~~~~~~~~~~~~~~^
        using=using,
        ^^^^^^^^^^^^
    ...<2 lines>...
        update_fields=update_fields,
        ^^^^^^^^^^^^^^^^^^^^^^^^^^^^
    )
    ^
  File "C:\Users\donan\Desktop\ProjetBoutique\env_boutique\Lib\site-packages\django\db\models\base.py", line 1008, in save_base
    updated = self._save_table(
        raw,
    ...<4 lines>...
        update_fields,
    )
  File "C:\Users\donan\Desktop\ProjetBoutique\env_boutique\Lib\site-packages\django\db\models\base.py", line 1169, in _save_table
    results = self._do_insert(
        cls._base_manager, using, fields, returning_fields, raw
    )
  File "C:\Users\donan\Desktop\ProjetBoutique\env_boutique\Lib\site-packages\django\db\models\base.py", line 1210, in _do_insert
    return manager._insert(
           ~~~~~~~~~~~~~~~^
        [self],
        ^^^^^^^
    ...<3 lines>...
        raw=raw,
        ^^^^^^^^
    )
    ^
  File "C:\Users\donan\Desktop\ProjetBoutique\env_boutique\Lib\site-packages\django\db\models\manager.py", line 87, in manager_method
    return getattr(self.get_queryset(), name)(*args, **kwargs)
           ~~~~~~~~~~~~~~~~~~~~~~~~~~~~~~~~~~^^^^^^^^^^^^^^^^^
  File "C:\Users\donan\Desktop\ProjetBoutique\env_boutique\Lib\site-packages\django\db\models\query.py", line 1868, in _insert
    return query.get_compiler(using=using).execute_sql(returning_fields)
           ~~~~~~~~~~~~~~~~~~~~~~~~~~~~~~~~~~~~~~~~~~~^^^^^^^^^^^^^^^^^^
  File "C:\Users\donan\Desktop\ProjetBoutique\env_boutique\Lib\site-packages\django\db\models\sql\compiler.py", line 1882, in execute_sql
    cursor.execute(sql, params)
    ~~~~~~~~~~~~~~^^^^^^^^^^^^^
  File "C:\Users\donan\Desktop\ProjetBoutique\env_boutique\Lib\site-packages\django\db\backends\utils.py", line 122, in execute
    return super().execute(sql, params)
           ~~~~~~~~~~~~~~~^^^^^^^^^^^^^
  File "C:\Users\donan\Desktop\ProjetBoutique\env_boutique\Lib\site-packages\django\db\backends\utils.py", line 79, in execute
    return self._execute_with_wrappers(
           ~~~~~~~~~~~~~~~~~~~~~~~~~~~^
        sql, params, many=False, executor=self._execute
        ^^^^^^^^^^^^^^^^^^^^^^^^^^^^^^^^^^^^^^^^^^^^^^^
    )
    ^
  File "C:\Users\donan\Desktop\ProjetBoutique\env_boutique\Lib\site-packages\django\db\backends\utils.py", line 92, in _execute_with_wrappers
    return executor(sql, params, many, context)
  File "C:\Users\donan\Desktop\ProjetBoutique\env_boutique\Lib\site-packages\django\db\backends\utils.py", line 100, in _execute
    with self.db.wrap_database_errors:
         ^^^^^^^^^^^^^^^^^^^^^^^^^^^^
  File "C:\Users\donan\Desktop\ProjetBoutique\env_boutique\Lib\site-packages\django\db\utils.py", line 91, in __exit__
    raise dj_exc_value.with_traceback(traceback) from exc_value
  File "C:\Users\donan\Desktop\ProjetBoutique\env_boutique\Lib\site-packages\django\db\backends\utils.py", line 105, in _execute
    return self.cursor.execute(sql, params)
           ~~~~~~~~~~~~~~~~~~~^^^^^^^^^^^^^
django.db.utils.IntegrityError: null value in column "notes" of relation "api_boutique_core_inventorycount" violates not-null constraint
DETAIL:  Failing row contains (5, 2026-02-02 16:10:35.961998+00, 2026-02-02 16:10:35.962019+00, t, {}, INV-2024-001, 2026-02-02 15:17:00+00, in_progress, 0, 0, 0.00, 4, 4, 4, null, null, null, null).

ERROR 2026-02-02 16:10:36,493 basehttp "POST /api/inventory-counts/ HTTP/1.1" 500 233787
ERROR 2026-02-02 16:18:34,569 log Internal Server Error: /api/inventory-counts/
Traceback (most recent call last):
  File "C:\Users\donan\Desktop\ProjetBoutique\env_boutique\Lib\site-packages\django\db\backends\utils.py", line 105, in _execute
    return self.cursor.execute(sql, params)
           ~~~~~~~~~~~~~~~~~~~^^^^^^^^^^^^^
psycopg2.errors.NotNullViolation: null value in column "notes" of relation "api_boutique_core_inventorycount" violates not-null constraint
DETAIL:  Failing row contains (6, 2026-02-02 16:18:34.107841+00, 2026-02-02 16:18:34.10786+00, t, {}, INV-2024-001, 2026-02-02 16:17:00+00, planned, 0, 0, 0.00, 4, 4, 5, null, null, null, null).


The above exception was the direct cause of the following exception:

Traceback (most recent call last):
  File "C:\Users\donan\Desktop\ProjetBoutique\env_boutique\Lib\site-packages\django\core\handlers\exception.py", line 55, in inner
    response = get_response(request)
  File "C:\Users\donan\Desktop\ProjetBoutique\env_boutique\Lib\site-packages\django\core\handlers\base.py", line 197, in _get_response
    response = wrapped_callback(request, *callback_args, **callback_kwargs)
  File "C:\Users\donan\Desktop\ProjetBoutique\env_boutique\Lib\site-packages\django\views\decorators\csrf.py", line 65, in _view_wrapper
    return view_func(request, *args, **kwargs)
  File "C:\Users\donan\Desktop\ProjetBoutique\env_boutique\Lib\site-packages\rest_framework\viewsets.py", line 125, in view
    return self.dispatch(request, *args, **kwargs)
           ~~~~~~~~~~~~~^^^^^^^^^^^^^^^^^^^^^^^^^^
  File "C:\Users\donan\Desktop\ProjetBoutique\env_boutique\Lib\site-packages\rest_framework\views.py", line 515, in dispatch
    response = self.handle_exception(exc)
  File "C:\Users\donan\Desktop\ProjetBoutique\env_boutique\Lib\site-packages\rest_framework\views.py", line 475, in handle_exception
    self.raise_uncaught_exception(exc)
    ~~~~~~~~~~~~~~~~~~~~~~~~~~~~~^^^^^
  File "C:\Users\donan\Desktop\ProjetBoutique\env_boutique\Lib\site-packages\rest_framework\views.py", line 486, in raise_uncaught_exception
    raise exc
  File "C:\Users\donan\Desktop\ProjetBoutique\env_boutique\Lib\site-packages\rest_framework\views.py", line 512, in dispatch
    response = handler(request, *args, **kwargs)
  File "C:\Users\donan\Desktop\ProjetBoutique\env_boutique\Lib\site-packages\rest_framework\mixins.py", line 19, in create
    self.perform_create(serializer)
    ~~~~~~~~~~~~~~~~~~~^^^^^^^^^^^^
  File "C:\Users\donan\Desktop\POS-PROJECT\ADMIN WEB\api_boutique_core\views.py", line 349, in perform_create
    serializer.save(
    ~~~~~~~~~~~~~~~^
        created_by=self.request.user if self.request.user.is_authenticated else None,
        ^^^^^^^^^^^^^^^^^^^^^^^^^^^^^^^^^^^^^^^^^^^^^^^^^^^^^^^^^^^^^^^^^^^^^^^^^^^^^
        updated_by=self.request.user if self.request.user.is_authenticated else None
        ^^^^^^^^^^^^^^^^^^^^^^^^^^^^^^^^^^^^^^^^^^^^^^^^^^^^^^^^^^^^^^^^^^^^^^^^^^^^
    )
    ^
  File "C:\Users\donan\Desktop\ProjetBoutique\env_boutique\Lib\site-packages\rest_framework\serializers.py", line 210, in save
    self.instance = self.create(validated_data)
                    ~~~~~~~~~~~^^^^^^^^^^^^^^^^
  File "C:\Users\donan\Desktop\ProjetBoutique\env_boutique\Lib\site-packages\rest_framework\serializers.py", line 991, in create
    instance = ModelClass._default_manager.create(**validated_data)
  File "C:\Users\donan\Desktop\ProjetBoutique\env_boutique\Lib\site-packages\django\db\models\manager.py", line 87, in manager_method
    return getattr(self.get_queryset(), name)(*args, **kwargs)
           ~~~~~~~~~~~~~~~~~~~~~~~~~~~~~~~~~~^^^^^^^^^^^^^^^^^
  File "C:\Users\donan\Desktop\ProjetBoutique\env_boutique\Lib\site-packages\django\db\models\query.py", line 663, in create
    obj.save(force_insert=True, using=self.db)
    ~~~~~~~~^^^^^^^^^^^^^^^^^^^^^^^^^^^^^^^^^^
  File "C:\Users\donan\Desktop\ProjetBoutique\env_boutique\Lib\site-packages\django\db\models\base.py", line 902, in save
    self.save_base(
    ~~~~~~~~~~~~~~^
        using=using,
        ^^^^^^^^^^^^
    ...<2 lines>...
        update_fields=update_fields,
        ^^^^^^^^^^^^^^^^^^^^^^^^^^^^
    )
    ^
  File "C:\Users\donan\Desktop\ProjetBoutique\env_boutique\Lib\site-packages\django\db\models\base.py", line 1008, in save_base
    updated = self._save_table(
        raw,
    ...<4 lines>...
        update_fields,
    )
  File "C:\Users\donan\Desktop\ProjetBoutique\env_boutique\Lib\site-packages\django\db\models\base.py", line 1169, in _save_table
    results = self._do_insert(
        cls._base_manager, using, fields, returning_fields, raw
    )
  File "C:\Users\donan\Desktop\ProjetBoutique\env_boutique\Lib\site-packages\django\db\models\base.py", line 1210, in _do_insert
    return manager._insert(
           ~~~~~~~~~~~~~~~^
        [self],
        ^^^^^^^
    ...<3 lines>...
        raw=raw,
        ^^^^^^^^
    )
    ^
  File "C:\Users\donan\Desktop\ProjetBoutique\env_boutique\Lib\site-packages\django\db\models\manager.py", line 87, in manager_method
    return getattr(self.get_queryset(), name)(*args, **kwargs)
           ~~~~~~~~~~~~~~~~~~~~~~~~~~~~~~~~~~^^^^^^^^^^^^^^^^^
  File "C:\Users\donan\Desktop\ProjetBoutique\env_boutique\Lib\site-packages\django\db\models\query.py", line 1868, in _insert
    return query.get_compiler(using=using).execute_sql(returning_fields)
           ~~~~~~~~~~~~~~~~~~~~~~~~~~~~~~~~~~~~~~~~~~~^^^^^^^^^^^^^^^^^^
  File "C:\Users\donan\Desktop\ProjetBoutique\env_boutique\Lib\site-packages\django\db\models\sql\compiler.py", line 1882, in execute_sql
    cursor.execute(sql, params)
    ~~~~~~~~~~~~~~^^^^^^^^^^^^^
  File "C:\Users\donan\Desktop\ProjetBoutique\env_boutique\Lib\site-packages\django\db\backends\utils.py", line 122, in execute
    return super().execute(sql, params)
           ~~~~~~~~~~~~~~~^^^^^^^^^^^^^
  File "C:\Users\donan\Desktop\ProjetBoutique\env_boutique\Lib\site-packages\django\db\backends\utils.py", line 79, in execute
    return self._execute_with_wrappers(
           ~~~~~~~~~~~~~~~~~~~~~~~~~~~^
        sql, params, many=False, executor=self._execute
        ^^^^^^^^^^^^^^^^^^^^^^^^^^^^^^^^^^^^^^^^^^^^^^^
    )
    ^
  File "C:\Users\donan\Desktop\ProjetBoutique\env_boutique\Lib\site-packages\django\db\backends\utils.py", line 92, in _execute_with_wrappers
    return executor(sql, params, many, context)
  File "C:\Users\donan\Desktop\ProjetBoutique\env_boutique\Lib\site-packages\django\db\backends\utils.py", line 100, in _execute
    with self.db.wrap_database_errors:
         ^^^^^^^^^^^^^^^^^^^^^^^^^^^^
  File "C:\Users\donan\Desktop\ProjetBoutique\env_boutique\Lib\site-packages\django\db\utils.py", line 91, in __exit__
    raise dj_exc_value.with_traceback(traceback) from exc_value
  File "C:\Users\donan\Desktop\ProjetBoutique\env_boutique\Lib\site-packages\django\db\backends\utils.py", line 105, in _execute
    return self.cursor.execute(sql, params)
           ~~~~~~~~~~~~~~~~~~~^^^^^^^^^^^^^
django.db.utils.IntegrityError: null value in column "notes" of relation "api_boutique_core_inventorycount" violates not-null constraint
DETAIL:  Failing row contains (6, 2026-02-02 16:18:34.107841+00, 2026-02-02 16:18:34.10786+00, t, {}, INV-2024-001, 2026-02-02 16:17:00+00, planned, 0, 0, 0.00, 4, 4, 5, null, null, null, null).

ERROR 2026-02-02 16:18:34,579 basehttp "POST /api/inventory-counts/ HTTP/1.1" 500 233221
ERROR 2026-02-02 16:20:28,799 log Internal Server Error: /api/inventory-counts/
Traceback (most recent call last):
  File "C:\Users\donan\Desktop\ProjetBoutique\env_boutique\Lib\site-packages\django\db\backends\utils.py", line 105, in _execute
    return self.cursor.execute(sql, params)
           ~~~~~~~~~~~~~~~~~~~^^^^^^^^^^^^^
psycopg2.errors.NotNullViolation: null value in column "notes" of relation "api_boutique_core_inventorycount" violates not-null constraint
DETAIL:  Failing row contains (7, 2026-02-02 16:20:28.16831+00, 2026-02-02 16:20:28.168349+00, t, {}, INV-2024-0012, 2026-02-02 16:19:00+00, in_progress, 0, 0, 0.00, 4, 4, 4, null, null, null, null).


The above exception was the direct cause of the following exception:

Traceback (most recent call last):
  File "C:\Users\donan\Desktop\ProjetBoutique\env_boutique\Lib\site-packages\django\core\handlers\exception.py", line 55, in inner
    response = get_response(request)
  File "C:\Users\donan\Desktop\ProjetBoutique\env_boutique\Lib\site-packages\django\core\handlers\base.py", line 197, in _get_response
    response = wrapped_callback(request, *callback_args, **callback_kwargs)
  File "C:\Users\donan\Desktop\ProjetBoutique\env_boutique\Lib\site-packages\django\views\decorators\csrf.py", line 65, in _view_wrapper
    return view_func(request, *args, **kwargs)
  File "C:\Users\donan\Desktop\ProjetBoutique\env_boutique\Lib\site-packages\rest_framework\viewsets.py", line 125, in view
    return self.dispatch(request, *args, **kwargs)
           ~~~~~~~~~~~~~^^^^^^^^^^^^^^^^^^^^^^^^^^
  File "C:\Users\donan\Desktop\ProjetBoutique\env_boutique\Lib\site-packages\rest_framework\views.py", line 515, in dispatch
    response = self.handle_exception(exc)
  File "C:\Users\donan\Desktop\ProjetBoutique\env_boutique\Lib\site-packages\rest_framework\views.py", line 475, in handle_exception
    self.raise_uncaught_exception(exc)
    ~~~~~~~~~~~~~~~~~~~~~~~~~~~~~^^^^^
  File "C:\Users\donan\Desktop\ProjetBoutique\env_boutique\Lib\site-packages\rest_framework\views.py", line 486, in raise_uncaught_exception
    raise exc
  File "C:\Users\donan\Desktop\ProjetBoutique\env_boutique\Lib\site-packages\rest_framework\views.py", line 512, in dispatch
    response = handler(request, *args, **kwargs)
  File "C:\Users\donan\Desktop\ProjetBoutique\env_boutique\Lib\site-packages\rest_framework\mixins.py", line 19, in create
    self.perform_create(serializer)
    ~~~~~~~~~~~~~~~~~~~^^^^^^^^^^^^
  File "C:\Users\donan\Desktop\POS-PROJECT\ADMIN WEB\api_boutique_core\views.py", line 349, in perform_create
    serializer.save(
    ~~~~~~~~~~~~~~~^
        created_by=self.request.user if self.request.user.is_authenticated else None,
        ^^^^^^^^^^^^^^^^^^^^^^^^^^^^^^^^^^^^^^^^^^^^^^^^^^^^^^^^^^^^^^^^^^^^^^^^^^^^^
        updated_by=self.request.user if self.request.user.is_authenticated else None
        ^^^^^^^^^^^^^^^^^^^^^^^^^^^^^^^^^^^^^^^^^^^^^^^^^^^^^^^^^^^^^^^^^^^^^^^^^^^^
    )
    ^
  File "C:\Users\donan\Desktop\ProjetBoutique\env_boutique\Lib\site-packages\rest_framework\serializers.py", line 210, in save
    self.instance = self.create(validated_data)
                    ~~~~~~~~~~~^^^^^^^^^^^^^^^^
  File "C:\Users\donan\Desktop\ProjetBoutique\env_boutique\Lib\site-packages\rest_framework\serializers.py", line 991, in create
    instance = ModelClass._default_manager.create(**validated_data)
  File "C:\Users\donan\Desktop\ProjetBoutique\env_boutique\Lib\site-packages\django\db\models\manager.py", line 87, in manager_method
    return getattr(self.get_queryset(), name)(*args, **kwargs)
           ~~~~~~~~~~~~~~~~~~~~~~~~~~~~~~~~~~^^^^^^^^^^^^^^^^^
  File "C:\Users\donan\Desktop\ProjetBoutique\env_boutique\Lib\site-packages\django\db\models\query.py", line 663, in create
    obj.save(force_insert=True, using=self.db)
    ~~~~~~~~^^^^^^^^^^^^^^^^^^^^^^^^^^^^^^^^^^
  File "C:\Users\donan\Desktop\ProjetBoutique\env_boutique\Lib\site-packages\django\db\models\base.py", line 902, in save
    self.save_base(
    ~~~~~~~~~~~~~~^
        using=using,
        ^^^^^^^^^^^^
    ...<2 lines>...
        update_fields=update_fields,
        ^^^^^^^^^^^^^^^^^^^^^^^^^^^^
    )
    ^
  File "C:\Users\donan\Desktop\ProjetBoutique\env_boutique\Lib\site-packages\django\db\models\base.py", line 1008, in save_base
    updated = self._save_table(
        raw,
    ...<4 lines>...
        update_fields,
    )
  File "C:\Users\donan\Desktop\ProjetBoutique\env_boutique\Lib\site-packages\django\db\models\base.py", line 1169, in _save_table
    results = self._do_insert(
        cls._base_manager, using, fields, returning_fields, raw
    )
  File "C:\Users\donan\Desktop\ProjetBoutique\env_boutique\Lib\site-packages\django\db\models\base.py", line 1210, in _do_insert
    return manager._insert(
           ~~~~~~~~~~~~~~~^
        [self],
        ^^^^^^^
    ...<3 lines>...
        raw=raw,
        ^^^^^^^^
    )
    ^
  File "C:\Users\donan\Desktop\ProjetBoutique\env_boutique\Lib\site-packages\django\db\models\manager.py", line 87, in manager_method
    return getattr(self.get_queryset(), name)(*args, **kwargs)
           ~~~~~~~~~~~~~~~~~~~~~~~~~~~~~~~~~~^^^^^^^^^^^^^^^^^
  File "C:\Users\donan\Desktop\ProjetBoutique\env_boutique\Lib\site-packages\django\db\models\query.py", line 1868, in _insert
    return query.get_compiler(using=using).execute_sql(returning_fields)
           ~~~~~~~~~~~~~~~~~~~~~~~~~~~~~~~~~~~~~~~~~~~^^^^^^^^^^^^^^^^^^
  File "C:\Users\donan\Desktop\ProjetBoutique\env_boutique\Lib\site-packages\django\db\models\sql\compiler.py", line 1882, in execute_sql
    cursor.execute(sql, params)
    ~~~~~~~~~~~~~~^^^^^^^^^^^^^
  File "C:\Users\donan\Desktop\ProjetBoutique\env_boutique\Lib\site-packages\django\db\backends\utils.py", line 122, in execute
    return super().execute(sql, params)
           ~~~~~~~~~~~~~~~^^^^^^^^^^^^^
  File "C:\Users\donan\Desktop\ProjetBoutique\env_boutique\Lib\site-packages\django\db\backends\utils.py", line 79, in execute
    return self._execute_with_wrappers(
           ~~~~~~~~~~~~~~~~~~~~~~~~~~~^
        sql, params, many=False, executor=self._execute
        ^^^^^^^^^^^^^^^^^^^^^^^^^^^^^^^^^^^^^^^^^^^^^^^
    )
    ^
  File "C:\Users\donan\Desktop\ProjetBoutique\env_boutique\Lib\site-packages\django\db\backends\utils.py", line 92, in _execute_with_wrappers
    return executor(sql, params, many, context)
  File "C:\Users\donan\Desktop\ProjetBoutique\env_boutique\Lib\site-packages\django\db\backends\utils.py", line 100, in _execute
    with self.db.wrap_database_errors:
         ^^^^^^^^^^^^^^^^^^^^^^^^^^^^
  File "C:\Users\donan\Desktop\ProjetBoutique\env_boutique\Lib\site-packages\django\db\utils.py", line 91, in __exit__
    raise dj_exc_value.with_traceback(traceback) from exc_value
  File "C:\Users\donan\Desktop\ProjetBoutique\env_boutique\Lib\site-packages\django\db\backends\utils.py", line 105, in _execute
    return self.cursor.execute(sql, params)
           ~~~~~~~~~~~~~~~~~~~^^^^^^^^^^^^^
django.db.utils.IntegrityError: null value in column "notes" of relation "api_boutique_core_inventorycount" violates not-null constraint
DETAIL:  Failing row contains (7, 2026-02-02 16:20:28.16831+00, 2026-02-02 16:20:28.168349+00, t, {}, INV-2024-0012, 2026-02-02 16:19:00+00, in_progress, 0, 0, 0.00, 4, 4, 4, null, null, null, null).

ERROR 2026-02-02 16:20:28,808 basehttp "POST /api/inventory-counts/ HTTP/1.1" 500 233346
ERROR 2026-02-02 16:33:16,778 log Internal Server Error: /api/inventory-counts/
Traceback (most recent call last):
  File "C:\Users\donan\Desktop\ProjetBoutique\env_boutique\Lib\site-packages\django\db\backends\utils.py", line 105, in _execute
    return self.cursor.execute(sql, params)
           ~~~~~~~~~~~~~~~~~~~^^^^^^^^^^^^^
psycopg2.errors.NotNullViolation: null value in column "notes" of relation "api_boutique_core_inventorycount" violates not-null constraint
DETAIL:  Failing row contains (8, 2026-02-02 16:33:16.290573+00, 2026-02-02 16:33:16.290599+00, t, {}, INVI-2024-001, 2026-02-02 16:26:00+00, in_progress, 0, 0, 0.00, 4, 4, 5, null, null, null, null).


The above exception was the direct cause of the following exception:

Traceback (most recent call last):
  File "C:\Users\donan\Desktop\ProjetBoutique\env_boutique\Lib\site-packages\django\core\handlers\exception.py", line 55, in inner
    response = get_response(request)
  File "C:\Users\donan\Desktop\ProjetBoutique\env_boutique\Lib\site-packages\django\core\handlers\base.py", line 197, in _get_response
    response = wrapped_callback(request, *callback_args, **callback_kwargs)
  File "C:\Users\donan\Desktop\ProjetBoutique\env_boutique\Lib\site-packages\django\views\decorators\csrf.py", line 65, in _view_wrapper
    return view_func(request, *args, **kwargs)
  File "C:\Users\donan\Desktop\ProjetBoutique\env_boutique\Lib\site-packages\rest_framework\viewsets.py", line 125, in view
    return self.dispatch(request, *args, **kwargs)
           ~~~~~~~~~~~~~^^^^^^^^^^^^^^^^^^^^^^^^^^
  File "C:\Users\donan\Desktop\ProjetBoutique\env_boutique\Lib\site-packages\rest_framework\views.py", line 515, in dispatch
    response = self.handle_exception(exc)
  File "C:\Users\donan\Desktop\ProjetBoutique\env_boutique\Lib\site-packages\rest_framework\views.py", line 475, in handle_exception
    self.raise_uncaught_exception(exc)
    ~~~~~~~~~~~~~~~~~~~~~~~~~~~~~^^^^^
  File "C:\Users\donan\Desktop\ProjetBoutique\env_boutique\Lib\site-packages\rest_framework\views.py", line 486, in raise_uncaught_exception
    raise exc
  File "C:\Users\donan\Desktop\ProjetBoutique\env_boutique\Lib\site-packages\rest_framework\views.py", line 512, in dispatch
    response = handler(request, *args, **kwargs)
  File "C:\Users\donan\Desktop\ProjetBoutique\env_boutique\Lib\site-packages\rest_framework\mixins.py", line 19, in create
    self.perform_create(serializer)
    ~~~~~~~~~~~~~~~~~~~^^^^^^^^^^^^
  File "C:\Users\donan\Desktop\POS-PROJECT\ADMIN WEB\api_boutique_core\views.py", line 349, in perform_create
    serializer.save(
    ~~~~~~~~~~~~~~~^
        created_by=self.request.user if self.request.user.is_authenticated else None,
        ^^^^^^^^^^^^^^^^^^^^^^^^^^^^^^^^^^^^^^^^^^^^^^^^^^^^^^^^^^^^^^^^^^^^^^^^^^^^^
        updated_by=self.request.user if self.request.user.is_authenticated else None
        ^^^^^^^^^^^^^^^^^^^^^^^^^^^^^^^^^^^^^^^^^^^^^^^^^^^^^^^^^^^^^^^^^^^^^^^^^^^^
    )
    ^
  File "C:\Users\donan\Desktop\ProjetBoutique\env_boutique\Lib\site-packages\rest_framework\serializers.py", line 210, in save
    self.instance = self.create(validated_data)
                    ~~~~~~~~~~~^^^^^^^^^^^^^^^^
  File "C:\Users\donan\Desktop\ProjetBoutique\env_boutique\Lib\site-packages\rest_framework\serializers.py", line 991, in create
    instance = ModelClass._default_manager.create(**validated_data)
  File "C:\Users\donan\Desktop\ProjetBoutique\env_boutique\Lib\site-packages\django\db\models\manager.py", line 87, in manager_method
    return getattr(self.get_queryset(), name)(*args, **kwargs)
           ~~~~~~~~~~~~~~~~~~~~~~~~~~~~~~~~~~^^^^^^^^^^^^^^^^^
  File "C:\Users\donan\Desktop\ProjetBoutique\env_boutique\Lib\site-packages\django\db\models\query.py", line 663, in create
    obj.save(force_insert=True, using=self.db)
    ~~~~~~~~^^^^^^^^^^^^^^^^^^^^^^^^^^^^^^^^^^
  File "C:\Users\donan\Desktop\ProjetBoutique\env_boutique\Lib\site-packages\django\db\models\base.py", line 902, in save
    self.save_base(
    ~~~~~~~~~~~~~~^
        using=using,
        ^^^^^^^^^^^^
    ...<2 lines>...
        update_fields=update_fields,
        ^^^^^^^^^^^^^^^^^^^^^^^^^^^^
    )
    ^
  File "C:\Users\donan\Desktop\ProjetBoutique\env_boutique\Lib\site-packages\django\db\models\base.py", line 1008, in save_base
    updated = self._save_table(
        raw,
    ...<4 lines>...
        update_fields,
    )
  File "C:\Users\donan\Desktop\ProjetBoutique\env_boutique\Lib\site-packages\django\db\models\base.py", line 1169, in _save_table
    results = self._do_insert(
        cls._base_manager, using, fields, returning_fields, raw
    )
  File "C:\Users\donan\Desktop\ProjetBoutique\env_boutique\Lib\site-packages\django\db\models\base.py", line 1210, in _do_insert
    return manager._insert(
           ~~~~~~~~~~~~~~~^
        [self],
        ^^^^^^^
    ...<3 lines>...
        raw=raw,
        ^^^^^^^^
    )
    ^
  File "C:\Users\donan\Desktop\ProjetBoutique\env_boutique\Lib\site-packages\django\db\models\manager.py", line 87, in manager_method
    return getattr(self.get_queryset(), name)(*args, **kwargs)
           ~~~~~~~~~~~~~~~~~~~~~~~~~~~~~~~~~~^^^^^^^^^^^^^^^^^
  File "C:\Users\donan\Desktop\ProjetBoutique\env_boutique\Lib\site-packages\django\db\models\query.py", line 1868, in _insert
    return query.get_compiler(using=using).execute_sql(returning_fields)
           ~~~~~~~~~~~~~~~~~~~~~~~~~~~~~~~~~~~~~~~~~~~^^^^^^^^^^^^^^^^^^
  File "C:\Users\donan\Desktop\ProjetBoutique\env_boutique\Lib\site-packages\django\db\models\sql\compiler.py", line 1882, in execute_sql
    cursor.execute(sql, params)
    ~~~~~~~~~~~~~~^^^^^^^^^^^^^
  File "C:\Users\donan\Desktop\ProjetBoutique\env_boutique\Lib\site-packages\django\db\backends\utils.py", line 122, in execute
    return super().execute(sql, params)
           ~~~~~~~~~~~~~~~^^^^^^^^^^^^^
  File "C:\Users\donan\Desktop\ProjetBoutique\env_boutique\Lib\site-packages\django\db\backends\utils.py", line 79, in execute
    return self._execute_with_wrappers(
           ~~~~~~~~~~~~~~~~~~~~~~~~~~~^
        sql, params, many=False, executor=self._execute
        ^^^^^^^^^^^^^^^^^^^^^^^^^^^^^^^^^^^^^^^^^^^^^^^
    )
    ^
  File "C:\Users\donan\Desktop\ProjetBoutique\env_boutique\Lib\site-packages\django\db\backends\utils.py", line 92, in _execute_with_wrappers
    return executor(sql, params, many, context)
  File "C:\Users\donan\Desktop\ProjetBoutique\env_boutique\Lib\site-packages\django\db\backends\utils.py", line 100, in _execute
    with self.db.wrap_database_errors:
         ^^^^^^^^^^^^^^^^^^^^^^^^^^^^
  File "C:\Users\donan\Desktop\ProjetBoutique\env_boutique\Lib\site-packages\django\db\utils.py", line 91, in __exit__
    raise dj_exc_value.with_traceback(traceback) from exc_value
  File "C:\Users\donan\Desktop\ProjetBoutique\env_boutique\Lib\site-packages\django\db\backends\utils.py", line 105, in _execute
    return self.cursor.execute(sql, params)
           ~~~~~~~~~~~~~~~~~~~^^^^^^^^^^^^^
django.db.utils.IntegrityError: null value in column "notes" of relation "api_boutique_core_inventorycount" violates not-null constraint
DETAIL:  Failing row contains (8, 2026-02-02 16:33:16.290573+00, 2026-02-02 16:33:16.290599+00, t, {}, INVI-2024-001, 2026-02-02 16:26:00+00, in_progress, 0, 0, 0.00, 4, 4, 5, null, null, null, null).

ERROR 2026-02-02 16:33:16,790 basehttp "POST /api/inventory-counts/ HTTP/1.1" 500 233356
ERROR 2026-02-02 16:45:11,923 log Internal Server Error: /api/inventory-counts/
Traceback (most recent call last):
  File "C:\Users\donan\Desktop\ProjetBoutique\env_boutique\Lib\site-packages\rest_framework\serializers.py", line 991, in create
    instance = ModelClass._default_manager.create(**validated_data)
  File "C:\Users\donan\Desktop\ProjetBoutique\env_boutique\Lib\site-packages\django\db\models\manager.py", line 87, in manager_method
    return getattr(self.get_queryset(), name)(*args, **kwargs)
           ~~~~~~~~~~~~~~~~~~~~~~~~~~~~~~~~~~^^^^^^^^^^^^^^^^^
  File "C:\Users\donan\Desktop\ProjetBoutique\env_boutique\Lib\site-packages\django\db\models\query.py", line 661, in create
    obj = self.model(**kwargs)
  File "C:\Users\donan\Desktop\ProjetBoutique\env_boutique\Lib\site-packages\django\db\models\base.py", line 569, in __init__
    raise TypeError(
    ...<2 lines>...
    )
TypeError: InventoryCount() got unexpected keyword arguments: 'notes'

During handling of the above exception, another exception occurred:

Traceback (most recent call last):
  File "C:\Users\donan\Desktop\ProjetBoutique\env_boutique\Lib\site-packages\django\core\handlers\exception.py", line 55, in inner
    response = get_response(request)
  File "C:\Users\donan\Desktop\ProjetBoutique\env_boutique\Lib\site-packages\django\core\handlers\base.py", line 197, in _get_response
    response = wrapped_callback(request, *callback_args, **callback_kwargs)
  File "C:\Users\donan\Desktop\ProjetBoutique\env_boutique\Lib\site-packages\django\views\decorators\csrf.py", line 65, in _view_wrapper
    return view_func(request, *args, **kwargs)
  File "C:\Users\donan\Desktop\ProjetBoutique\env_boutique\Lib\site-packages\rest_framework\viewsets.py", line 125, in view
    return self.dispatch(request, *args, **kwargs)
           ~~~~~~~~~~~~~^^^^^^^^^^^^^^^^^^^^^^^^^^
  File "C:\Users\donan\Desktop\ProjetBoutique\env_boutique\Lib\site-packages\rest_framework\views.py", line 515, in dispatch
    response = self.handle_exception(exc)
  File "C:\Users\donan\Desktop\ProjetBoutique\env_boutique\Lib\site-packages\rest_framework\views.py", line 475, in handle_exception
    self.raise_uncaught_exception(exc)
    ~~~~~~~~~~~~~~~~~~~~~~~~~~~~~^^^^^
  File "C:\Users\donan\Desktop\ProjetBoutique\env_boutique\Lib\site-packages\rest_framework\views.py", line 486, in raise_uncaught_exception
    raise exc
  File "C:\Users\donan\Desktop\ProjetBoutique\env_boutique\Lib\site-packages\rest_framework\views.py", line 512, in dispatch
    response = handler(request, *args, **kwargs)
  File "C:\Users\donan\Desktop\ProjetBoutique\env_boutique\Lib\site-packages\rest_framework\mixins.py", line 19, in create
    self.perform_create(serializer)
    ~~~~~~~~~~~~~~~~~~~^^^^^^^^^^^^
  File "C:\Users\donan\Desktop\POS-PROJECT\ADMIN WEB\api_boutique_core\views.py", line 349, in perform_create
    serializer.save(
    ~~~~~~~~~~~~~~~^
        created_by=self.request.user if self.request.user.is_authenticated else None,
        ^^^^^^^^^^^^^^^^^^^^^^^^^^^^^^^^^^^^^^^^^^^^^^^^^^^^^^^^^^^^^^^^^^^^^^^^^^^^^
        updated_by=self.request.user if self.request.user.is_authenticated else None
        ^^^^^^^^^^^^^^^^^^^^^^^^^^^^^^^^^^^^^^^^^^^^^^^^^^^^^^^^^^^^^^^^^^^^^^^^^^^^
    )
    ^
  File "C:\Users\donan\Desktop\ProjetBoutique\env_boutique\Lib\site-packages\rest_framework\serializers.py", line 210, in save
    self.instance = self.create(validated_data)
                    ~~~~~~~~~~~^^^^^^^^^^^^^^^^
  File "C:\Users\donan\Desktop\ProjetBoutique\env_boutique\Lib\site-packages\rest_framework\serializers.py", line 1010, in create
    raise TypeError(msg)
TypeError: Got a `TypeError` when calling `InventoryCount.objects.create()`. This may be because you have a writable field on the serializer class that is not a valid argument to `InventoryCount.objects.create()`. You may need to make the field read-only, or override the InventoryCountSerializer.create() method to handle this correctly.
Original exception was:
 Traceback (most recent call last):
  File "C:\Users\donan\Desktop\ProjetBoutique\env_boutique\Lib\site-packages\rest_framework\serializers.py", line 991, in create
    instance = ModelClass._default_manager.create(**validated_data)
  File "C:\Users\donan\Desktop\ProjetBoutique\env_boutique\Lib\site-packages\django\db\models\manager.py", line 87, in manager_method
    return getattr(self.get_queryset(), name)(*args, **kwargs)
           ~~~~~~~~~~~~~~~~~~~~~~~~~~~~~~~~~~^^^^^^^^^^^^^^^^^
  File "C:\Users\donan\Desktop\ProjetBoutique\env_boutique\Lib\site-packages\django\db\models\query.py", line 661, in create
    obj = self.model(**kwargs)
  File "C:\Users\donan\Desktop\ProjetBoutique\env_boutique\Lib\site-packages\django\db\models\base.py", line 569, in __init__
    raise TypeError(
    ...<2 lines>...
    )
TypeError: InventoryCount() got unexpected keyword arguments: 'notes'

ERROR 2026-02-02 16:45:11,930 basehttp "POST /api/inventory-counts/ HTTP/1.1" 500 184680
ERROR 2026-02-02 16:47:10,230 log Internal Server Error: /api/inventory-counts/
Traceback (most recent call last):
  File "C:\Users\donan\Desktop\ProjetBoutique\env_boutique\Lib\site-packages\django\db\backends\utils.py", line 105, in _execute
    return self.cursor.execute(sql, params)
           ~~~~~~~~~~~~~~~~~~~^^^^^^^^^^^^^
psycopg2.errors.NotNullViolation: null value in column "notes" of relation "api_boutique_core_inventorycount" violates not-null constraint
DETAIL:  Failing row contains (9, 2026-02-02 16:47:09.793386+00, 2026-02-02 16:47:09.793409+00, t, {}, INVI-2024-001, 2026-02-02 16:26:00+00, in_progress, 0, 0, 0.00, 4, 4, 5, null, null, null, null).


The above exception was the direct cause of the following exception:

Traceback (most recent call last):
  File "C:\Users\donan\Desktop\ProjetBoutique\env_boutique\Lib\site-packages\django\core\handlers\exception.py", line 55, in inner
    response = get_response(request)
  File "C:\Users\donan\Desktop\ProjetBoutique\env_boutique\Lib\site-packages\django\core\handlers\base.py", line 197, in _get_response
    response = wrapped_callback(request, *callback_args, **callback_kwargs)
  File "C:\Users\donan\Desktop\ProjetBoutique\env_boutique\Lib\site-packages\django\views\decorators\csrf.py", line 65, in _view_wrapper
    return view_func(request, *args, **kwargs)
  File "C:\Users\donan\Desktop\ProjetBoutique\env_boutique\Lib\site-packages\rest_framework\viewsets.py", line 125, in view
    return self.dispatch(request, *args, **kwargs)
           ~~~~~~~~~~~~~^^^^^^^^^^^^^^^^^^^^^^^^^^
  File "C:\Users\donan\Desktop\ProjetBoutique\env_boutique\Lib\site-packages\rest_framework\views.py", line 515, in dispatch
    response = self.handle_exception(exc)
  File "C:\Users\donan\Desktop\ProjetBoutique\env_boutique\Lib\site-packages\rest_framework\views.py", line 475, in handle_exception
    self.raise_uncaught_exception(exc)
    ~~~~~~~~~~~~~~~~~~~~~~~~~~~~~^^^^^
  File "C:\Users\donan\Desktop\ProjetBoutique\env_boutique\Lib\site-packages\rest_framework\views.py", line 486, in raise_uncaught_exception
    raise exc
  File "C:\Users\donan\Desktop\ProjetBoutique\env_boutique\Lib\site-packages\rest_framework\views.py", line 512, in dispatch
    response = handler(request, *args, **kwargs)
  File "C:\Users\donan\Desktop\ProjetBoutique\env_boutique\Lib\site-packages\rest_framework\mixins.py", line 19, in create
    self.perform_create(serializer)
    ~~~~~~~~~~~~~~~~~~~^^^^^^^^^^^^
  File "C:\Users\donan\Desktop\POS-PROJECT\ADMIN WEB\api_boutique_core\views.py", line 349, in perform_create
    serializer.save(
    ~~~~~~~~~~~~~~~^
        created_by=self.request.user if self.request.user.is_authenticated else None,
        ^^^^^^^^^^^^^^^^^^^^^^^^^^^^^^^^^^^^^^^^^^^^^^^^^^^^^^^^^^^^^^^^^^^^^^^^^^^^^
        updated_by=self.request.user if self.request.user.is_authenticated else None
        ^^^^^^^^^^^^^^^^^^^^^^^^^^^^^^^^^^^^^^^^^^^^^^^^^^^^^^^^^^^^^^^^^^^^^^^^^^^^
    )
    ^
  File "C:\Users\donan\Desktop\ProjetBoutique\env_boutique\Lib\site-packages\rest_framework\serializers.py", line 210, in save
    self.instance = self.create(validated_data)
                    ~~~~~~~~~~~^^^^^^^^^^^^^^^^
  File "C:\Users\donan\Desktop\ProjetBoutique\env_boutique\Lib\site-packages\rest_framework\serializers.py", line 991, in create
    instance = ModelClass._default_manager.create(**validated_data)
  File "C:\Users\donan\Desktop\ProjetBoutique\env_boutique\Lib\site-packages\django\db\models\manager.py", line 87, in manager_method
    return getattr(self.get_queryset(), name)(*args, **kwargs)
           ~~~~~~~~~~~~~~~~~~~~~~~~~~~~~~~~~~^^^^^^^^^^^^^^^^^
  File "C:\Users\donan\Desktop\ProjetBoutique\env_boutique\Lib\site-packages\django\db\models\query.py", line 663, in create
    obj.save(force_insert=True, using=self.db)
    ~~~~~~~~^^^^^^^^^^^^^^^^^^^^^^^^^^^^^^^^^^
  File "C:\Users\donan\Desktop\ProjetBoutique\env_boutique\Lib\site-packages\django\db\models\base.py", line 902, in save
    self.save_base(
    ~~~~~~~~~~~~~~^
        using=using,
        ^^^^^^^^^^^^
    ...<2 lines>...
        update_fields=update_fields,
        ^^^^^^^^^^^^^^^^^^^^^^^^^^^^
    )
    ^
  File "C:\Users\donan\Desktop\ProjetBoutique\env_boutique\Lib\site-packages\django\db\models\base.py", line 1008, in save_base
    updated = self._save_table(
        raw,
    ...<4 lines>...
        update_fields,
    )
  File "C:\Users\donan\Desktop\ProjetBoutique\env_boutique\Lib\site-packages\django\db\models\base.py", line 1169, in _save_table
    results = self._do_insert(
        cls._base_manager, using, fields, returning_fields, raw
    )
  File "C:\Users\donan\Desktop\ProjetBoutique\env_boutique\Lib\site-packages\django\db\models\base.py", line 1210, in _do_insert
    return manager._insert(
           ~~~~~~~~~~~~~~~^
        [self],
        ^^^^^^^
    ...<3 lines>...
        raw=raw,
        ^^^^^^^^
    )
    ^
  File "C:\Users\donan\Desktop\ProjetBoutique\env_boutique\Lib\site-packages\django\db\models\manager.py", line 87, in manager_method
    return getattr(self.get_queryset(), name)(*args, **kwargs)
           ~~~~~~~~~~~~~~~~~~~~~~~~~~~~~~~~~~^^^^^^^^^^^^^^^^^
  File "C:\Users\donan\Desktop\ProjetBoutique\env_boutique\Lib\site-packages\django\db\models\query.py", line 1868, in _insert
    return query.get_compiler(using=using).execute_sql(returning_fields)
           ~~~~~~~~~~~~~~~~~~~~~~~~~~~~~~~~~~~~~~~~~~~^^^^^^^^^^^^^^^^^^
  File "C:\Users\donan\Desktop\ProjetBoutique\env_boutique\Lib\site-packages\django\db\models\sql\compiler.py", line 1882, in execute_sql
    cursor.execute(sql, params)
    ~~~~~~~~~~~~~~^^^^^^^^^^^^^
  File "C:\Users\donan\Desktop\ProjetBoutique\env_boutique\Lib\site-packages\django\db\backends\utils.py", line 122, in execute
    return super().execute(sql, params)
           ~~~~~~~~~~~~~~~^^^^^^^^^^^^^
  File "C:\Users\donan\Desktop\ProjetBoutique\env_boutique\Lib\site-packages\django\db\backends\utils.py", line 79, in execute
    return self._execute_with_wrappers(
           ~~~~~~~~~~~~~~~~~~~~~~~~~~~^
        sql, params, many=False, executor=self._execute
        ^^^^^^^^^^^^^^^^^^^^^^^^^^^^^^^^^^^^^^^^^^^^^^^
    )
    ^
  File "C:\Users\donan\Desktop\ProjetBoutique\env_boutique\Lib\site-packages\django\db\backends\utils.py", line 92, in _execute_with_wrappers
    return executor(sql, params, many, context)
  File "C:\Users\donan\Desktop\ProjetBoutique\env_boutique\Lib\site-packages\django\db\backends\utils.py", line 100, in _execute
    with self.db.wrap_database_errors:
         ^^^^^^^^^^^^^^^^^^^^^^^^^^^^
  File "C:\Users\donan\Desktop\ProjetBoutique\env_boutique\Lib\site-packages\django\db\utils.py", line 91, in __exit__
    raise dj_exc_value.with_traceback(traceback) from exc_value
  File "C:\Users\donan\Desktop\ProjetBoutique\env_boutique\Lib\site-packages\django\db\backends\utils.py", line 105, in _execute
    return self.cursor.execute(sql, params)
           ~~~~~~~~~~~~~~~~~~~^^^^^^^^^^^^^
django.db.utils.IntegrityError: null value in column "notes" of relation "api_boutique_core_inventorycount" violates not-null constraint
DETAIL:  Failing row contains (9, 2026-02-02 16:47:09.793386+00, 2026-02-02 16:47:09.793409+00, t, {}, INVI-2024-001, 2026-02-02 16:26:00+00, in_progress, 0, 0, 0.00, 4, 4, 5, null, null, null, null).

ERROR 2026-02-02 16:47:10,243 basehttp "POST /api/inventory-counts/ HTTP/1.1" 500 233342
ERROR 2026-02-02 16:51:04,267 log Internal Server Error: /api/inventory-counts/
Traceback (most recent call last):
  File "C:\Users\donan\Desktop\ProjetBoutique\env_boutique\Lib\site-packages\django\db\backends\utils.py", line 105, in _execute
    return self.cursor.execute(sql, params)
           ~~~~~~~~~~~~~~~~~~~^^^^^^^^^^^^^
psycopg2.errors.NotNullViolation: null value in column "notes" of relation "api_boutique_core_inventorycount" violates not-null constraint
DETAIL:  Failing row contains (10, 2026-02-02 16:51:03.852836+00, 2026-02-02 16:51:03.852854+00, t, {}, INVI-2024-001, 2026-02-02 16:26:00+00, in_progress, 0, 0, 0.00, 4, 4, 5, null, null, null, null).


The above exception was the direct cause of the following exception:

Traceback (most recent call last):
  File "C:\Users\donan\Desktop\ProjetBoutique\env_boutique\Lib\site-packages\django\core\handlers\exception.py", line 55, in inner
    response = get_response(request)
  File "C:\Users\donan\Desktop\ProjetBoutique\env_boutique\Lib\site-packages\django\core\handlers\base.py", line 197, in _get_response
    response = wrapped_callback(request, *callback_args, **callback_kwargs)
  File "C:\Users\donan\Desktop\ProjetBoutique\env_boutique\Lib\site-packages\django\views\decorators\csrf.py", line 65, in _view_wrapper
    return view_func(request, *args, **kwargs)
  File "C:\Users\donan\Desktop\ProjetBoutique\env_boutique\Lib\site-packages\rest_framework\viewsets.py", line 125, in view
    return self.dispatch(request, *args, **kwargs)
           ~~~~~~~~~~~~~^^^^^^^^^^^^^^^^^^^^^^^^^^
  File "C:\Users\donan\Desktop\ProjetBoutique\env_boutique\Lib\site-packages\rest_framework\views.py", line 515, in dispatch
    response = self.handle_exception(exc)
  File "C:\Users\donan\Desktop\ProjetBoutique\env_boutique\Lib\site-packages\rest_framework\views.py", line 475, in handle_exception
    self.raise_uncaught_exception(exc)
    ~~~~~~~~~~~~~~~~~~~~~~~~~~~~~^^^^^
  File "C:\Users\donan\Desktop\ProjetBoutique\env_boutique\Lib\site-packages\rest_framework\views.py", line 486, in raise_uncaught_exception
    raise exc
  File "C:\Users\donan\Desktop\ProjetBoutique\env_boutique\Lib\site-packages\rest_framework\views.py", line 512, in dispatch
    response = handler(request, *args, **kwargs)
  File "C:\Users\donan\Desktop\ProjetBoutique\env_boutique\Lib\site-packages\rest_framework\mixins.py", line 19, in create
    self.perform_create(serializer)
    ~~~~~~~~~~~~~~~~~~~^^^^^^^^^^^^
  File "C:\Users\donan\Desktop\POS-PROJECT\ADMIN WEB\api_boutique_core\views.py", line 349, in perform_create
    serializer.save(
    ~~~~~~~~~~~~~~~^
        created_by=self.request.user if self.request.user.is_authenticated else None,
        ^^^^^^^^^^^^^^^^^^^^^^^^^^^^^^^^^^^^^^^^^^^^^^^^^^^^^^^^^^^^^^^^^^^^^^^^^^^^^
        updated_by=self.request.user if self.request.user.is_authenticated else None
        ^^^^^^^^^^^^^^^^^^^^^^^^^^^^^^^^^^^^^^^^^^^^^^^^^^^^^^^^^^^^^^^^^^^^^^^^^^^^
    )
    ^
  File "C:\Users\donan\Desktop\ProjetBoutique\env_boutique\Lib\site-packages\rest_framework\serializers.py", line 210, in save
    self.instance = self.create(validated_data)
                    ~~~~~~~~~~~^^^^^^^^^^^^^^^^
  File "C:\Users\donan\Desktop\ProjetBoutique\env_boutique\Lib\site-packages\rest_framework\serializers.py", line 991, in create
    instance = ModelClass._default_manager.create(**validated_data)
  File "C:\Users\donan\Desktop\ProjetBoutique\env_boutique\Lib\site-packages\django\db\models\manager.py", line 87, in manager_method
    return getattr(self.get_queryset(), name)(*args, **kwargs)
           ~~~~~~~~~~~~~~~~~~~~~~~~~~~~~~~~~~^^^^^^^^^^^^^^^^^
  File "C:\Users\donan\Desktop\ProjetBoutique\env_boutique\Lib\site-packages\django\db\models\query.py", line 663, in create
    obj.save(force_insert=True, using=self.db)
    ~~~~~~~~^^^^^^^^^^^^^^^^^^^^^^^^^^^^^^^^^^
  File "C:\Users\donan\Desktop\ProjetBoutique\env_boutique\Lib\site-packages\django\db\models\base.py", line 902, in save
    self.save_base(
    ~~~~~~~~~~~~~~^
        using=using,
        ^^^^^^^^^^^^
    ...<2 lines>...
        update_fields=update_fields,
        ^^^^^^^^^^^^^^^^^^^^^^^^^^^^
    )
    ^
  File "C:\Users\donan\Desktop\ProjetBoutique\env_boutique\Lib\site-packages\django\db\models\base.py", line 1008, in save_base
    updated = self._save_table(
        raw,
    ...<4 lines>...
        update_fields,
    )
  File "C:\Users\donan\Desktop\ProjetBoutique\env_boutique\Lib\site-packages\django\db\models\base.py", line 1169, in _save_table
    results = self._do_insert(
        cls._base_manager, using, fields, returning_fields, raw
    )
  File "C:\Users\donan\Desktop\ProjetBoutique\env_boutique\Lib\site-packages\django\db\models\base.py", line 1210, in _do_insert
    return manager._insert(
           ~~~~~~~~~~~~~~~^
        [self],
        ^^^^^^^
    ...<3 lines>...
        raw=raw,
        ^^^^^^^^
    )
    ^
  File "C:\Users\donan\Desktop\ProjetBoutique\env_boutique\Lib\site-packages\django\db\models\manager.py", line 87, in manager_method
    return getattr(self.get_queryset(), name)(*args, **kwargs)
           ~~~~~~~~~~~~~~~~~~~~~~~~~~~~~~~~~~^^^^^^^^^^^^^^^^^
  File "C:\Users\donan\Desktop\ProjetBoutique\env_boutique\Lib\site-packages\django\db\models\query.py", line 1868, in _insert
    return query.get_compiler(using=using).execute_sql(returning_fields)
           ~~~~~~~~~~~~~~~~~~~~~~~~~~~~~~~~~~~~~~~~~~~^^^^^^^^^^^^^^^^^^
  File "C:\Users\donan\Desktop\ProjetBoutique\env_boutique\Lib\site-packages\django\db\models\sql\compiler.py", line 1882, in execute_sql
    cursor.execute(sql, params)
    ~~~~~~~~~~~~~~^^^^^^^^^^^^^
  File "C:\Users\donan\Desktop\ProjetBoutique\env_boutique\Lib\site-packages\django\db\backends\utils.py", line 122, in execute
    return super().execute(sql, params)
           ~~~~~~~~~~~~~~~^^^^^^^^^^^^^
  File "C:\Users\donan\Desktop\ProjetBoutique\env_boutique\Lib\site-packages\django\db\backends\utils.py", line 79, in execute
    return self._execute_with_wrappers(
           ~~~~~~~~~~~~~~~~~~~~~~~~~~~^
        sql, params, many=False, executor=self._execute
        ^^^^^^^^^^^^^^^^^^^^^^^^^^^^^^^^^^^^^^^^^^^^^^^
    )
    ^
  File "C:\Users\donan\Desktop\ProjetBoutique\env_boutique\Lib\site-packages\django\db\backends\utils.py", line 92, in _execute_with_wrappers
    return executor(sql, params, many, context)
  File "C:\Users\donan\Desktop\ProjetBoutique\env_boutique\Lib\site-packages\django\db\backends\utils.py", line 100, in _execute
    with self.db.wrap_database_errors:
         ^^^^^^^^^^^^^^^^^^^^^^^^^^^^
  File "C:\Users\donan\Desktop\ProjetBoutique\env_boutique\Lib\site-packages\django\db\utils.py", line 91, in __exit__
    raise dj_exc_value.with_traceback(traceback) from exc_value
  File "C:\Users\donan\Desktop\ProjetBoutique\env_boutique\Lib\site-packages\django\db\backends\utils.py", line 105, in _execute
    return self.cursor.execute(sql, params)
           ~~~~~~~~~~~~~~~~~~~^^^^^^^^^^^^^
django.db.utils.IntegrityError: null value in column "notes" of relation "api_boutique_core_inventorycount" violates not-null constraint
DETAIL:  Failing row contains (10, 2026-02-02 16:51:03.852836+00, 2026-02-02 16:51:03.852854+00, t, {}, INVI-2024-001, 2026-02-02 16:26:00+00, in_progress, 0, 0, 0.00, 4, 4, 5, null, null, null, null).

ERROR 2026-02-02 16:51:04,277 basehttp "POST /api/inventory-counts/ HTTP/1.1" 500 233352
ERROR 2026-02-02 17:03:05,917 log Internal Server Error: /api/inventory-counts/
Traceback (most recent call last):
  File "C:\Users\donan\Desktop\ProjetBoutique\env_boutique\Lib\site-packages\django\db\backends\utils.py", line 105, in _execute
    return self.cursor.execute(sql, params)
           ~~~~~~~~~~~~~~~~~~~^^^^^^^^^^^^^
psycopg2.errors.NotNullViolation: null value in column "notes" of relation "api_boutique_core_inventorycount" violates not-null constraint
DETAIL:  Failing row contains (11, 2026-02-02 17:03:05.515181+00, 2026-02-02 17:03:05.515199+00, t, {}, INVI-2024-001, 2026-02-02 16:26:00+00, in_progress, 0, 0, 0.00, 4, 4, 5, null, null, null, null).


The above exception was the direct cause of the following exception:

Traceback (most recent call last):
  File "C:\Users\donan\Desktop\ProjetBoutique\env_boutique\Lib\site-packages\django\core\handlers\exception.py", line 55, in inner
    response = get_response(request)
  File "C:\Users\donan\Desktop\ProjetBoutique\env_boutique\Lib\site-packages\django\core\handlers\base.py", line 197, in _get_response
    response = wrapped_callback(request, *callback_args, **callback_kwargs)
  File "C:\Users\donan\Desktop\ProjetBoutique\env_boutique\Lib\site-packages\django\views\decorators\csrf.py", line 65, in _view_wrapper
    return view_func(request, *args, **kwargs)
  File "C:\Users\donan\Desktop\ProjetBoutique\env_boutique\Lib\site-packages\rest_framework\viewsets.py", line 125, in view
    return self.dispatch(request, *args, **kwargs)
           ~~~~~~~~~~~~~^^^^^^^^^^^^^^^^^^^^^^^^^^
  File "C:\Users\donan\Desktop\ProjetBoutique\env_boutique\Lib\site-packages\rest_framework\views.py", line 515, in dispatch
    response = self.handle_exception(exc)
  File "C:\Users\donan\Desktop\ProjetBoutique\env_boutique\Lib\site-packages\rest_framework\views.py", line 475, in handle_exception
    self.raise_uncaught_exception(exc)
    ~~~~~~~~~~~~~~~~~~~~~~~~~~~~~^^^^^
  File "C:\Users\donan\Desktop\ProjetBoutique\env_boutique\Lib\site-packages\rest_framework\views.py", line 486, in raise_uncaught_exception
    raise exc
  File "C:\Users\donan\Desktop\ProjetBoutique\env_boutique\Lib\site-packages\rest_framework\views.py", line 512, in dispatch
    response = handler(request, *args, **kwargs)
  File "C:\Users\donan\Desktop\ProjetBoutique\env_boutique\Lib\site-packages\rest_framework\mixins.py", line 19, in create
    self.perform_create(serializer)
    ~~~~~~~~~~~~~~~~~~~^^^^^^^^^^^^
  File "C:\Users\donan\Desktop\POS-PROJECT\ADMIN WEB\api_boutique_core\views.py", line 349, in perform_create
    serializer.save(
    ~~~~~~~~~~~~~~~^
        created_by=self.request.user if self.request.user.is_authenticated else None,
        ^^^^^^^^^^^^^^^^^^^^^^^^^^^^^^^^^^^^^^^^^^^^^^^^^^^^^^^^^^^^^^^^^^^^^^^^^^^^^
        updated_by=self.request.user if self.request.user.is_authenticated else None
        ^^^^^^^^^^^^^^^^^^^^^^^^^^^^^^^^^^^^^^^^^^^^^^^^^^^^^^^^^^^^^^^^^^^^^^^^^^^^
    )
    ^
  File "C:\Users\donan\Desktop\ProjetBoutique\env_boutique\Lib\site-packages\rest_framework\serializers.py", line 210, in save
    self.instance = self.create(validated_data)
                    ~~~~~~~~~~~^^^^^^^^^^^^^^^^
  File "C:\Users\donan\Desktop\ProjetBoutique\env_boutique\Lib\site-packages\rest_framework\serializers.py", line 991, in create
    instance = ModelClass._default_manager.create(**validated_data)
  File "C:\Users\donan\Desktop\ProjetBoutique\env_boutique\Lib\site-packages\django\db\models\manager.py", line 87, in manager_method
    return getattr(self.get_queryset(), name)(*args, **kwargs)
           ~~~~~~~~~~~~~~~~~~~~~~~~~~~~~~~~~~^^^^^^^^^^^^^^^^^
  File "C:\Users\donan\Desktop\ProjetBoutique\env_boutique\Lib\site-packages\django\db\models\query.py", line 663, in create
    obj.save(force_insert=True, using=self.db)
    ~~~~~~~~^^^^^^^^^^^^^^^^^^^^^^^^^^^^^^^^^^
  File "C:\Users\donan\Desktop\ProjetBoutique\env_boutique\Lib\site-packages\django\db\models\base.py", line 902, in save
    self.save_base(
    ~~~~~~~~~~~~~~^
        using=using,
        ^^^^^^^^^^^^
    ...<2 lines>...
        update_fields=update_fields,
        ^^^^^^^^^^^^^^^^^^^^^^^^^^^^
    )
    ^
  File "C:\Users\donan\Desktop\ProjetBoutique\env_boutique\Lib\site-packages\django\db\models\base.py", line 1008, in save_base
    updated = self._save_table(
        raw,
    ...<4 lines>...
        update_fields,
    )
  File "C:\Users\donan\Desktop\ProjetBoutique\env_boutique\Lib\site-packages\django\db\models\base.py", line 1169, in _save_table
    results = self._do_insert(
        cls._base_manager, using, fields, returning_fields, raw
    )
  File "C:\Users\donan\Desktop\ProjetBoutique\env_boutique\Lib\site-packages\django\db\models\base.py", line 1210, in _do_insert
    return manager._insert(
           ~~~~~~~~~~~~~~~^
        [self],
        ^^^^^^^
    ...<3 lines>...
        raw=raw,
        ^^^^^^^^
    )
    ^
  File "C:\Users\donan\Desktop\ProjetBoutique\env_boutique\Lib\site-packages\django\db\models\manager.py", line 87, in manager_method
    return getattr(self.get_queryset(), name)(*args, **kwargs)
           ~~~~~~~~~~~~~~~~~~~~~~~~~~~~~~~~~~^^^^^^^^^^^^^^^^^
  File "C:\Users\donan\Desktop\ProjetBoutique\env_boutique\Lib\site-packages\django\db\models\query.py", line 1868, in _insert
    return query.get_compiler(using=using).execute_sql(returning_fields)
           ~~~~~~~~~~~~~~~~~~~~~~~~~~~~~~~~~~~~~~~~~~~^^^^^^^^^^^^^^^^^^
  File "C:\Users\donan\Desktop\ProjetBoutique\env_boutique\Lib\site-packages\django\db\models\sql\compiler.py", line 1882, in execute_sql
    cursor.execute(sql, params)
    ~~~~~~~~~~~~~~^^^^^^^^^^^^^
  File "C:\Users\donan\Desktop\ProjetBoutique\env_boutique\Lib\site-packages\django\db\backends\utils.py", line 122, in execute
    return super().execute(sql, params)
           ~~~~~~~~~~~~~~~^^^^^^^^^^^^^
  File "C:\Users\donan\Desktop\ProjetBoutique\env_boutique\Lib\site-packages\django\db\backends\utils.py", line 79, in execute
    return self._execute_with_wrappers(
           ~~~~~~~~~~~~~~~~~~~~~~~~~~~^
        sql, params, many=False, executor=self._execute
        ^^^^^^^^^^^^^^^^^^^^^^^^^^^^^^^^^^^^^^^^^^^^^^^
    )
    ^
  File "C:\Users\donan\Desktop\ProjetBoutique\env_boutique\Lib\site-packages\django\db\backends\utils.py", line 92, in _execute_with_wrappers
    return executor(sql, params, many, context)
  File "C:\Users\donan\Desktop\ProjetBoutique\env_boutique\Lib\site-packages\django\db\backends\utils.py", line 100, in _execute
    with self.db.wrap_database_errors:
         ^^^^^^^^^^^^^^^^^^^^^^^^^^^^
  File "C:\Users\donan\Desktop\ProjetBoutique\env_boutique\Lib\site-packages\django\db\utils.py", line 91, in __exit__
    raise dj_exc_value.with_traceback(traceback) from exc_value
  File "C:\Users\donan\Desktop\ProjetBoutique\env_boutique\Lib\site-packages\django\db\backends\utils.py", line 105, in _execute
    return self.cursor.execute(sql, params)
           ~~~~~~~~~~~~~~~~~~~^^^^^^^^^^^^^
django.db.utils.IntegrityError: null value in column "notes" of relation "api_boutique_core_inventorycount" violates not-null constraint
DETAIL:  Failing row contains (11, 2026-02-02 17:03:05.515181+00, 2026-02-02 17:03:05.515199+00, t, {}, INVI-2024-001, 2026-02-02 16:26:00+00, in_progress, 0, 0, 0.00, 4, 4, 5, null, null, null, null).

ERROR 2026-02-02 17:03:05,927 basehttp "POST /api/inventory-counts/ HTTP/1.1" 500 234750
ERROR 2026-02-03 11:02:52,758 log Internal Server Error: /api/supplies/
Traceback (most recent call last):
  File "C:\Users\donan\Desktop\ProjetBoutique\env_boutique\Lib\site-packages\django\db\backends\base\base.py", line 279, in ensure_connection
    self.connect()
    ~~~~~~~~~~~~^^
  File "C:\Users\donan\Desktop\ProjetBoutique\env_boutique\Lib\site-packages\django\utils\asyncio.py", line 26, in inner
    return func(*args, **kwargs)
  File "C:\Users\donan\Desktop\ProjetBoutique\env_boutique\Lib\site-packages\django\db\backends\base\base.py", line 256, in connect
    self.connection = self.get_new_connection(conn_params)
                      ~~~~~~~~~~~~~~~~~~~~~~~^^^^^^^^^^^^^
  File "C:\Users\donan\Desktop\ProjetBoutique\env_boutique\Lib\site-packages\django\utils\asyncio.py", line 26, in inner
    return func(*args, **kwargs)
  File "C:\Users\donan\Desktop\ProjetBoutique\env_boutique\Lib\site-packages\django\db\backends\postgresql\base.py", line 332, in get_new_connection
    connection = self.Database.connect(**conn_params)
  File "C:\Users\donan\Desktop\ProjetBoutique\env_boutique\Lib\site-packages\psycopg2\__init__.py", line 135, in connect
    conn = _connect(dsn, connection_factory=connection_factory, **kwasync)
psycopg2.OperationalError: connection to server at "aws-1-eu-west-1.pooler.supabase.com" (54.247.26.119), port 5432 failed: FATAL:  MaxClientsInSessionMode: max clients reached - in Session mode max clients are limited to pool_size


The above exception was the direct cause of the following exception:

Traceback (most recent call last):
  File "C:\Users\donan\Desktop\ProjetBoutique\env_boutique\Lib\site-packages\django\core\handlers\exception.py", line 55, in inner
    response = get_response(request)
  File "C:\Users\donan\Desktop\ProjetBoutique\env_boutique\Lib\site-packages\django\core\handlers\base.py", line 197, in _get_response
    response = wrapped_callback(request, *callback_args, **callback_kwargs)
  File "C:\Users\donan\Desktop\ProjetBoutique\env_boutique\Lib\site-packages\django\views\decorators\csrf.py", line 65, in _view_wrapper
    return view_func(request, *args, **kwargs)
  File "C:\Users\donan\Desktop\ProjetBoutique\env_boutique\Lib\site-packages\rest_framework\viewsets.py", line 125, in view
    return self.dispatch(request, *args, **kwargs)
           ~~~~~~~~~~~~~^^^^^^^^^^^^^^^^^^^^^^^^^^
  File "C:\Users\donan\Desktop\ProjetBoutique\env_boutique\Lib\site-packages\rest_framework\views.py", line 515, in dispatch
    response = self.handle_exception(exc)
  File "C:\Users\donan\Desktop\ProjetBoutique\env_boutique\Lib\site-packages\rest_framework\views.py", line 475, in handle_exception
    self.raise_uncaught_exception(exc)
    ~~~~~~~~~~~~~~~~~~~~~~~~~~~~~^^^^^
  File "C:\Users\donan\Desktop\ProjetBoutique\env_boutique\Lib\site-packages\rest_framework\views.py", line 486, in raise_uncaught_exception
    raise exc
  File "C:\Users\donan\Desktop\ProjetBoutique\env_boutique\Lib\site-packages\rest_framework\views.py", line 503, in dispatch
    self.initial(request, *args, **kwargs)
    ~~~~~~~~~~~~^^^^^^^^^^^^^^^^^^^^^^^^^^
  File "C:\Users\donan\Desktop\ProjetBoutique\env_boutique\Lib\site-packages\rest_framework\views.py", line 420, in initial
    self.perform_authentication(request)
    ~~~~~~~~~~~~~~~~~~~~~~~~~~~^^^^^^^^^
  File "C:\Users\donan\Desktop\ProjetBoutique\env_boutique\Lib\site-packages\rest_framework\views.py", line 330, in perform_authentication
    request.user
  File "C:\Users\donan\Desktop\ProjetBoutique\env_boutique\Lib\site-packages\rest_framework\request.py", line 232, in user
    self._authenticate()
    ~~~~~~~~~~~~~~~~~~^^
  File "C:\Users\donan\Desktop\ProjetBoutique\env_boutique\Lib\site-packages\rest_framework\request.py", line 385, in _authenticate
    user_auth_tuple = authenticator.authenticate(self)
  File "C:\Users\donan\Desktop\ProjetBoutique\env_boutique\Lib\site-packages\rest_framework_simplejwt\authentication.py", line 51, in authenticate
    return self.get_user(validated_token), validated_token
           ~~~~~~~~~~~~~^^^^^^^^^^^^^^^^^
  File "C:\Users\donan\Desktop\ProjetBoutique\env_boutique\Lib\site-packages\rest_framework_simplejwt\authentication.py", line 132, in get_user
    user = self.user_model.objects.get(**{api_settings.USER_ID_FIELD: user_id})
  File "C:\Users\donan\Desktop\ProjetBoutique\env_boutique\Lib\site-packages\django\db\models\manager.py", line 87, in manager_method
    return getattr(self.get_queryset(), name)(*args, **kwargs)
           ~~~~~~~~~~~~~~~~~~~~~~~~~~~~~~~~~~^^^^^^^^^^^^^^^^^
  File "C:\Users\donan\Desktop\ProjetBoutique\env_boutique\Lib\site-packages\django\db\models\query.py", line 629, in get
    num = len(clone)
  File "C:\Users\donan\Desktop\ProjetBoutique\env_boutique\Lib\site-packages\django\db\models\query.py", line 366, in __len__
    self._fetch_all()
    ~~~~~~~~~~~~~~~^^
  File "C:\Users\donan\Desktop\ProjetBoutique\env_boutique\Lib\site-packages\django\db\models\query.py", line 1949, in _fetch_all
    self._result_cache = list(self._iterable_class(self))
                         ~~~~^^^^^^^^^^^^^^^^^^^^^^^^^^^^
  File "C:\Users\donan\Desktop\ProjetBoutique\env_boutique\Lib\site-packages\django\db\models\query.py", line 91, in __iter__
    results = compiler.execute_sql(
        chunked_fetch=self.chunked_fetch, chunk_size=self.chunk_size
    )
  File "C:\Users\donan\Desktop\ProjetBoutique\env_boutique\Lib\site-packages\django\db\models\sql\compiler.py", line 1621, in execute_sql
    cursor = self.connection.cursor()
  File "C:\Users\donan\Desktop\ProjetBoutique\env_boutique\Lib\site-packages\django\utils\asyncio.py", line 26, in inner
    return func(*args, **kwargs)
  File "C:\Users\donan\Desktop\ProjetBoutique\env_boutique\Lib\site-packages\django\db\backends\base\base.py", line 320, in cursor
    return self._cursor()
           ~~~~~~~~~~~~^^
  File "C:\Users\donan\Desktop\ProjetBoutique\env_boutique\Lib\site-packages\django\db\backends\base\base.py", line 296, in _cursor
    self.ensure_connection()
    ~~~~~~~~~~~~~~~~~~~~~~^^
  File "C:\Users\donan\Desktop\ProjetBoutique\env_boutique\Lib\site-packages\django\utils\asyncio.py", line 26, in inner
    return func(*args, **kwargs)
  File "C:\Users\donan\Desktop\ProjetBoutique\env_boutique\Lib\site-packages\django\db\backends\base\base.py", line 278, in ensure_connection
    with self.wrap_database_errors:
         ^^^^^^^^^^^^^^^^^^^^^^^^^
  File "C:\Users\donan\Desktop\ProjetBoutique\env_boutique\Lib\site-packages\django\db\utils.py", line 91, in __exit__
    raise dj_exc_value.with_traceback(traceback) from exc_value
  File "C:\Users\donan\Desktop\ProjetBoutique\env_boutique\Lib\site-packages\django\db\backends\base\base.py", line 279, in ensure_connection
    self.connect()
    ~~~~~~~~~~~~^^
  File "C:\Users\donan\Desktop\ProjetBoutique\env_boutique\Lib\site-packages\django\utils\asyncio.py", line 26, in inner
    return func(*args, **kwargs)
  File "C:\Users\donan\Desktop\ProjetBoutique\env_boutique\Lib\site-packages\django\db\backends\base\base.py", line 256, in connect
    self.connection = self.get_new_connection(conn_params)
                      ~~~~~~~~~~~~~~~~~~~~~~~^^^^^^^^^^^^^
  File "C:\Users\donan\Desktop\ProjetBoutique\env_boutique\Lib\site-packages\django\utils\asyncio.py", line 26, in inner
    return func(*args, **kwargs)
  File "C:\Users\donan\Desktop\ProjetBoutique\env_boutique\Lib\site-packages\django\db\backends\postgresql\base.py", line 332, in get_new_connection
    connection = self.Database.connect(**conn_params)
  File "C:\Users\donan\Desktop\ProjetBoutique\env_boutique\Lib\site-packages\psycopg2\__init__.py", line 135, in connect
    conn = _connect(dsn, connection_factory=connection_factory, **kwasync)
django.db.utils.OperationalError: connection to server at "aws-1-eu-west-1.pooler.supabase.com" (54.247.26.119), port 5432 failed: FATAL:  MaxClientsInSessionMode: max clients reached - in Session mode max clients are limited to pool_size

ERROR 2026-02-03 11:02:52,759 log Internal Server Error: /api/suppliers/
Traceback (most recent call last):
  File "C:\Users\donan\Desktop\ProjetBoutique\env_boutique\Lib\site-packages\django\db\backends\base\base.py", line 279, in ensure_connection
    self.connect()
    ~~~~~~~~~~~~^^
  File "C:\Users\donan\Desktop\ProjetBoutique\env_boutique\Lib\site-packages\django\utils\asyncio.py", line 26, in inner
    return func(*args, **kwargs)
  File "C:\Users\donan\Desktop\ProjetBoutique\env_boutique\Lib\site-packages\django\db\backends\base\base.py", line 256, in connect
    self.connection = self.get_new_connection(conn_params)
                      ~~~~~~~~~~~~~~~~~~~~~~~^^^^^^^^^^^^^
  File "C:\Users\donan\Desktop\ProjetBoutique\env_boutique\Lib\site-packages\django\utils\asyncio.py", line 26, in inner
    return func(*args, **kwargs)
  File "C:\Users\donan\Desktop\ProjetBoutique\env_boutique\Lib\site-packages\django\db\backends\postgresql\base.py", line 332, in get_new_connection
    connection = self.Database.connect(**conn_params)
  File "C:\Users\donan\Desktop\ProjetBoutique\env_boutique\Lib\site-packages\psycopg2\__init__.py", line 135, in connect
    conn = _connect(dsn, connection_factory=connection_factory, **kwasync)
psycopg2.OperationalError: connection to server at "aws-1-eu-west-1.pooler.supabase.com" (54.247.26.119), port 5432 failed: FATAL:  MaxClientsInSessionMode: max clients reached - in Session mode max clients are limited to pool_size


The above exception was the direct cause of the following exception:

Traceback (most recent call last):
  File "C:\Users\donan\Desktop\ProjetBoutique\env_boutique\Lib\site-packages\django\core\handlers\exception.py", line 55, in inner
    response = get_response(request)
  File "C:\Users\donan\Desktop\ProjetBoutique\env_boutique\Lib\site-packages\django\core\handlers\base.py", line 197, in _get_response
    response = wrapped_callback(request, *callback_args, **callback_kwargs)
  File "C:\Users\donan\Desktop\ProjetBoutique\env_boutique\Lib\site-packages\django\views\decorators\csrf.py", line 65, in _view_wrapper
    return view_func(request, *args, **kwargs)
  File "C:\Users\donan\Desktop\ProjetBoutique\env_boutique\Lib\site-packages\rest_framework\viewsets.py", line 125, in view
    return self.dispatch(request, *args, **kwargs)
           ~~~~~~~~~~~~~^^^^^^^^^^^^^^^^^^^^^^^^^^
  File "C:\Users\donan\Desktop\ProjetBoutique\env_boutique\Lib\site-packages\rest_framework\views.py", line 515, in dispatch
    response = self.handle_exception(exc)
  File "C:\Users\donan\Desktop\ProjetBoutique\env_boutique\Lib\site-packages\rest_framework\views.py", line 475, in handle_exception
    self.raise_uncaught_exception(exc)
    ~~~~~~~~~~~~~~~~~~~~~~~~~~~~~^^^^^
  File "C:\Users\donan\Desktop\ProjetBoutique\env_boutique\Lib\site-packages\rest_framework\views.py", line 486, in raise_uncaught_exception
    raise exc
  File "C:\Users\donan\Desktop\ProjetBoutique\env_boutique\Lib\site-packages\rest_framework\views.py", line 503, in dispatch
    self.initial(request, *args, **kwargs)
    ~~~~~~~~~~~~^^^^^^^^^^^^^^^^^^^^^^^^^^
  File "C:\Users\donan\Desktop\ProjetBoutique\env_boutique\Lib\site-packages\rest_framework\views.py", line 420, in initial
    self.perform_authentication(request)
    ~~~~~~~~~~~~~~~~~~~~~~~~~~~^^^^^^^^^
  File "C:\Users\donan\Desktop\ProjetBoutique\env_boutique\Lib\site-packages\rest_framework\views.py", line 330, in perform_authentication
    request.user
  File "C:\Users\donan\Desktop\ProjetBoutique\env_boutique\Lib\site-packages\rest_framework\request.py", line 232, in user
    self._authenticate()
    ~~~~~~~~~~~~~~~~~~^^
  File "C:\Users\donan\Desktop\ProjetBoutique\env_boutique\Lib\site-packages\rest_framework\request.py", line 385, in _authenticate
    user_auth_tuple = authenticator.authenticate(self)
  File "C:\Users\donan\Desktop\ProjetBoutique\env_boutique\Lib\site-packages\rest_framework_simplejwt\authentication.py", line 51, in authenticate
    return self.get_user(validated_token), validated_token
           ~~~~~~~~~~~~~^^^^^^^^^^^^^^^^^
  File "C:\Users\donan\Desktop\ProjetBoutique\env_boutique\Lib\site-packages\rest_framework_simplejwt\authentication.py", line 132, in get_user
    user = self.user_model.objects.get(**{api_settings.USER_ID_FIELD: user_id})
  File "C:\Users\donan\Desktop\ProjetBoutique\env_boutique\Lib\site-packages\django\db\models\manager.py", line 87, in manager_method
    return getattr(self.get_queryset(), name)(*args, **kwargs)
           ~~~~~~~~~~~~~~~~~~~~~~~~~~~~~~~~~~^^^^^^^^^^^^^^^^^
  File "C:\Users\donan\Desktop\ProjetBoutique\env_boutique\Lib\site-packages\django\db\models\query.py", line 629, in get
    num = len(clone)
  File "C:\Users\donan\Desktop\ProjetBoutique\env_boutique\Lib\site-packages\django\db\models\query.py", line 366, in __len__
    self._fetch_all()
    ~~~~~~~~~~~~~~~^^
  File "C:\Users\donan\Desktop\ProjetBoutique\env_boutique\Lib\site-packages\django\db\models\query.py", line 1949, in _fetch_all
    self._result_cache = list(self._iterable_class(self))
                         ~~~~^^^^^^^^^^^^^^^^^^^^^^^^^^^^
  File "C:\Users\donan\Desktop\ProjetBoutique\env_boutique\Lib\site-packages\django\db\models\query.py", line 91, in __iter__
    results = compiler.execute_sql(
        chunked_fetch=self.chunked_fetch, chunk_size=self.chunk_size
    )
  File "C:\Users\donan\Desktop\ProjetBoutique\env_boutique\Lib\site-packages\django\db\models\sql\compiler.py", line 1621, in execute_sql
    cursor = self.connection.cursor()
  File "C:\Users\donan\Desktop\ProjetBoutique\env_boutique\Lib\site-packages\django\utils\asyncio.py", line 26, in inner
    return func(*args, **kwargs)
  File "C:\Users\donan\Desktop\ProjetBoutique\env_boutique\Lib\site-packages\django\db\backends\base\base.py", line 320, in cursor
    return self._cursor()
           ~~~~~~~~~~~~^^
  File "C:\Users\donan\Desktop\ProjetBoutique\env_boutique\Lib\site-packages\django\db\backends\base\base.py", line 296, in _cursor
    self.ensure_connection()
    ~~~~~~~~~~~~~~~~~~~~~~^^
  File "C:\Users\donan\Desktop\ProjetBoutique\env_boutique\Lib\site-packages\django\utils\asyncio.py", line 26, in inner
    return func(*args, **kwargs)
  File "C:\Users\donan\Desktop\ProjetBoutique\env_boutique\Lib\site-packages\django\db\backends\base\base.py", line 278, in ensure_connection
    with self.wrap_database_errors:
         ^^^^^^^^^^^^^^^^^^^^^^^^^
  File "C:\Users\donan\Desktop\ProjetBoutique\env_boutique\Lib\site-packages\django\db\utils.py", line 91, in __exit__
    raise dj_exc_value.with_traceback(traceback) from exc_value
  File "C:\Users\donan\Desktop\ProjetBoutique\env_boutique\Lib\site-packages\django\db\backends\base\base.py", line 279, in ensure_connection
    self.connect()
    ~~~~~~~~~~~~^^
  File "C:\Users\donan\Desktop\ProjetBoutique\env_boutique\Lib\site-packages\django\utils\asyncio.py", line 26, in inner
    return func(*args, **kwargs)
  File "C:\Users\donan\Desktop\ProjetBoutique\env_boutique\Lib\site-packages\django\db\backends\base\base.py", line 256, in connect
    self.connection = self.get_new_connection(conn_params)
                      ~~~~~~~~~~~~~~~~~~~~~~~^^^^^^^^^^^^^
  File "C:\Users\donan\Desktop\ProjetBoutique\env_boutique\Lib\site-packages\django\utils\asyncio.py", line 26, in inner
    return func(*args, **kwargs)
  File "C:\Users\donan\Desktop\ProjetBoutique\env_boutique\Lib\site-packages\django\db\backends\postgresql\base.py", line 332, in get_new_connection
    connection = self.Database.connect(**conn_params)
  File "C:\Users\donan\Desktop\ProjetBoutique\env_boutique\Lib\site-packages\psycopg2\__init__.py", line 135, in connect
    conn = _connect(dsn, connection_factory=connection_factory, **kwasync)
django.db.utils.OperationalError: connection to server at "aws-1-eu-west-1.pooler.supabase.com" (54.247.26.119), port 5432 failed: FATAL:  MaxClientsInSessionMode: max clients reached - in Session mode max clients are limited to pool_size

ERROR 2026-02-03 11:02:52,778 basehttp "GET /api/supplies/ HTTP/1.1" 500 237483
ERROR 2026-02-03 11:02:52,782 basehttp "GET /api/suppliers/ HTTP/1.1" 500 237532
ERROR 2026-02-03 11:02:52,849 log Internal Server Error: /api/stores/
Traceback (most recent call last):
  File "C:\Users\donan\Desktop\ProjetBoutique\env_boutique\Lib\site-packages\django\db\backends\base\base.py", line 279, in ensure_connection
    self.connect()
    ~~~~~~~~~~~~^^
  File "C:\Users\donan\Desktop\ProjetBoutique\env_boutique\Lib\site-packages\django\utils\asyncio.py", line 26, in inner
    return func(*args, **kwargs)
  File "C:\Users\donan\Desktop\ProjetBoutique\env_boutique\Lib\site-packages\django\db\backends\base\base.py", line 256, in connect
    self.connection = self.get_new_connection(conn_params)
                      ~~~~~~~~~~~~~~~~~~~~~~~^^^^^^^^^^^^^
  File "C:\Users\donan\Desktop\ProjetBoutique\env_boutique\Lib\site-packages\django\utils\asyncio.py", line 26, in inner
    return func(*args, **kwargs)
  File "C:\Users\donan\Desktop\ProjetBoutique\env_boutique\Lib\site-packages\django\db\backends\postgresql\base.py", line 332, in get_new_connection
    connection = self.Database.connect(**conn_params)
  File "C:\Users\donan\Desktop\ProjetBoutique\env_boutique\Lib\site-packages\psycopg2\__init__.py", line 135, in connect
    conn = _connect(dsn, connection_factory=connection_factory, **kwasync)
psycopg2.OperationalError: connection to server at "aws-1-eu-west-1.pooler.supabase.com" (54.247.26.119), port 5432 failed: FATAL:  MaxClientsInSessionMode: max clients reached - in Session mode max clients are limited to pool_size


The above exception was the direct cause of the following exception:

Traceback (most recent call last):
  File "C:\Users\donan\Desktop\ProjetBoutique\env_boutique\Lib\site-packages\django\core\handlers\exception.py", line 55, in inner
    response = get_response(request)
  File "C:\Users\donan\Desktop\ProjetBoutique\env_boutique\Lib\site-packages\django\core\handlers\base.py", line 197, in _get_response
    response = wrapped_callback(request, *callback_args, **callback_kwargs)
  File "C:\Users\donan\Desktop\ProjetBoutique\env_boutique\Lib\site-packages\django\views\decorators\csrf.py", line 65, in _view_wrapper
    return view_func(request, *args, **kwargs)
  File "C:\Users\donan\Desktop\ProjetBoutique\env_boutique\Lib\site-packages\rest_framework\viewsets.py", line 125, in view
    return self.dispatch(request, *args, **kwargs)
           ~~~~~~~~~~~~~^^^^^^^^^^^^^^^^^^^^^^^^^^
  File "C:\Users\donan\Desktop\ProjetBoutique\env_boutique\Lib\site-packages\rest_framework\views.py", line 515, in dispatch
    response = self.handle_exception(exc)
  File "C:\Users\donan\Desktop\ProjetBoutique\env_boutique\Lib\site-packages\rest_framework\views.py", line 475, in handle_exception
    self.raise_uncaught_exception(exc)
    ~~~~~~~~~~~~~~~~~~~~~~~~~~~~~^^^^^
  File "C:\Users\donan\Desktop\ProjetBoutique\env_boutique\Lib\site-packages\rest_framework\views.py", line 486, in raise_uncaught_exception
    raise exc
  File "C:\Users\donan\Desktop\ProjetBoutique\env_boutique\Lib\site-packages\rest_framework\views.py", line 503, in dispatch
    self.initial(request, *args, **kwargs)
    ~~~~~~~~~~~~^^^^^^^^^^^^^^^^^^^^^^^^^^
  File "C:\Users\donan\Desktop\ProjetBoutique\env_boutique\Lib\site-packages\rest_framework\views.py", line 420, in initial
    self.perform_authentication(request)
    ~~~~~~~~~~~~~~~~~~~~~~~~~~~^^^^^^^^^
  File "C:\Users\donan\Desktop\ProjetBoutique\env_boutique\Lib\site-packages\rest_framework\views.py", line 330, in perform_authentication
    request.user
  File "C:\Users\donan\Desktop\ProjetBoutique\env_boutique\Lib\site-packages\rest_framework\request.py", line 232, in user
    self._authenticate()
    ~~~~~~~~~~~~~~~~~~^^
  File "C:\Users\donan\Desktop\ProjetBoutique\env_boutique\Lib\site-packages\rest_framework\request.py", line 385, in _authenticate
    user_auth_tuple = authenticator.authenticate(self)
  File "C:\Users\donan\Desktop\ProjetBoutique\env_boutique\Lib\site-packages\rest_framework_simplejwt\authentication.py", line 51, in authenticate
    return self.get_user(validated_token), validated_token
           ~~~~~~~~~~~~~^^^^^^^^^^^^^^^^^
  File "C:\Users\donan\Desktop\ProjetBoutique\env_boutique\Lib\site-packages\rest_framework_simplejwt\authentication.py", line 132, in get_user
    user = self.user_model.objects.get(**{api_settings.USER_ID_FIELD: user_id})
  File "C:\Users\donan\Desktop\ProjetBoutique\env_boutique\Lib\site-packages\django\db\models\manager.py", line 87, in manager_method
    return getattr(self.get_queryset(), name)(*args, **kwargs)
           ~~~~~~~~~~~~~~~~~~~~~~~~~~~~~~~~~~^^^^^^^^^^^^^^^^^
  File "C:\Users\donan\Desktop\ProjetBoutique\env_boutique\Lib\site-packages\django\db\models\query.py", line 629, in get
    num = len(clone)
  File "C:\Users\donan\Desktop\ProjetBoutique\env_boutique\Lib\site-packages\django\db\models\query.py", line 366, in __len__
    self._fetch_all()
    ~~~~~~~~~~~~~~~^^
  File "C:\Users\donan\Desktop\ProjetBoutique\env_boutique\Lib\site-packages\django\db\models\query.py", line 1949, in _fetch_all
    self._result_cache = list(self._iterable_class(self))
                         ~~~~^^^^^^^^^^^^^^^^^^^^^^^^^^^^
  File "C:\Users\donan\Desktop\ProjetBoutique\env_boutique\Lib\site-packages\django\db\models\query.py", line 91, in __iter__
    results = compiler.execute_sql(
        chunked_fetch=self.chunked_fetch, chunk_size=self.chunk_size
    )
  File "C:\Users\donan\Desktop\ProjetBoutique\env_boutique\Lib\site-packages\django\db\models\sql\compiler.py", line 1621, in execute_sql
    cursor = self.connection.cursor()
  File "C:\Users\donan\Desktop\ProjetBoutique\env_boutique\Lib\site-packages\django\utils\asyncio.py", line 26, in inner
    return func(*args, **kwargs)
  File "C:\Users\donan\Desktop\ProjetBoutique\env_boutique\Lib\site-packages\django\db\backends\base\base.py", line 320, in cursor
    return self._cursor()
           ~~~~~~~~~~~~^^
  File "C:\Users\donan\Desktop\ProjetBoutique\env_boutique\Lib\site-packages\django\db\backends\base\base.py", line 296, in _cursor
    self.ensure_connection()
    ~~~~~~~~~~~~~~~~~~~~~~^^
  File "C:\Users\donan\Desktop\ProjetBoutique\env_boutique\Lib\site-packages\django\utils\asyncio.py", line 26, in inner
    return func(*args, **kwargs)
  File "C:\Users\donan\Desktop\ProjetBoutique\env_boutique\Lib\site-packages\django\db\backends\base\base.py", line 278, in ensure_connection
    with self.wrap_database_errors:
         ^^^^^^^^^^^^^^^^^^^^^^^^^
  File "C:\Users\donan\Desktop\ProjetBoutique\env_boutique\Lib\site-packages\django\db\utils.py", line 91, in __exit__
    raise dj_exc_value.with_traceback(traceback) from exc_value
  File "C:\Users\donan\Desktop\ProjetBoutique\env_boutique\Lib\site-packages\django\db\backends\base\base.py", line 279, in ensure_connection
    self.connect()
    ~~~~~~~~~~~~^^
  File "C:\Users\donan\Desktop\ProjetBoutique\env_boutique\Lib\site-packages\django\utils\asyncio.py", line 26, in inner
    return func(*args, **kwargs)
  File "C:\Users\donan\Desktop\ProjetBoutique\env_boutique\Lib\site-packages\django\db\backends\base\base.py", line 256, in connect
    self.connection = self.get_new_connection(conn_params)
                      ~~~~~~~~~~~~~~~~~~~~~~~^^^^^^^^^^^^^
  File "C:\Users\donan\Desktop\ProjetBoutique\env_boutique\Lib\site-packages\django\utils\asyncio.py", line 26, in inner
    return func(*args, **kwargs)
  File "C:\Users\donan\Desktop\ProjetBoutique\env_boutique\Lib\site-packages\django\db\backends\postgresql\base.py", line 332, in get_new_connection
    connection = self.Database.connect(**conn_params)
  File "C:\Users\donan\Desktop\ProjetBoutique\env_boutique\Lib\site-packages\psycopg2\__init__.py", line 135, in connect
    conn = _connect(dsn, connection_factory=connection_factory, **kwasync)
django.db.utils.OperationalError: connection to server at "aws-1-eu-west-1.pooler.supabase.com" (54.247.26.119), port 5432 failed: FATAL:  MaxClientsInSessionMode: max clients reached - in Session mode max clients are limited to pool_size

ERROR 2026-02-03 11:02:52,856 basehttp "GET /api/stores/ HTTP/1.1" 500 237427
>>>>>>> ef83f47918598aa4a434844f36e6dbf67e38b753
