ERROR 2026-03-09 10:15:11,428 log Internal Server Error: /api/stocks/
Traceback (most recent call last):
  File "C:\Users\donan\Desktop\POS-PROJECT\ADMIN WEB\env_boutique\Lib\site-packages\django\db\backends\base\base.py", line 279, in ensure_connection
    self.connect()
    ~~~~~~~~~~~~^^
  File "C:\Users\donan\Desktop\POS-PROJECT\ADMIN WEB\env_boutique\Lib\site-packages\django\utils\asyncio.py", line 26, in inner
    return func(*args, **kwargs)
  File "C:\Users\donan\Desktop\POS-PROJECT\ADMIN WEB\env_boutique\Lib\site-packages\django\db\backends\base\base.py", line 256, in connect
    self.connection = self.get_new_connection(conn_params)
                      ~~~~~~~~~~~~~~~~~~~~~~~^^^^^^^^^^^^^
  File "C:\Users\donan\Desktop\POS-PROJECT\ADMIN WEB\env_boutique\Lib\site-packages\django\utils\asyncio.py", line 26, in inner
    return func(*args, **kwargs)
  File "C:\Users\donan\Desktop\POS-PROJECT\ADMIN WEB\env_boutique\Lib\site-packages\django\db\backends\postgresql\base.py", line 332, in get_new_connection
    connection = self.Database.connect(**conn_params)
  File "C:\Users\donan\Desktop\POS-PROJECT\ADMIN WEB\env_boutique\Lib\site-packages\psycopg2\__init__.py", line 135, in connect
    conn = _connect(dsn, connection_factory=connection_factory, **kwasync)
psycopg2.OperationalError: could not translate host name "aws-1-eu-west-1.pooler.supabase.com" to address: Name or service not known


The above exception was the direct cause of the following exception:

Traceback (most recent call last):
  File "C:\Users\donan\Desktop\POS-PROJECT\ADMIN WEB\env_boutique\Lib\site-packages\django\core\handlers\exception.py", line 55, in inner
    response = get_response(request)
  File "C:\Users\donan\Desktop\POS-PROJECT\ADMIN WEB\env_boutique\Lib\site-packages\django\core\handlers\base.py", line 197, in _get_response
    response = wrapped_callback(request, *callback_args, **callback_kwargs)
  File "C:\Users\donan\Desktop\POS-PROJECT\ADMIN WEB\env_boutique\Lib\site-packages\django\views\decorators\csrf.py", line 65, in _view_wrapper
    return view_func(request, *args, **kwargs)
  File "C:\Users\donan\Desktop\POS-PROJECT\ADMIN WEB\env_boutique\Lib\site-packages\rest_framework\viewsets.py", line 125, in view
    return self.dispatch(request, *args, **kwargs)
           ~~~~~~~~~~~~~^^^^^^^^^^^^^^^^^^^^^^^^^^
  File "C:\Users\donan\Desktop\POS-PROJECT\ADMIN WEB\env_boutique\Lib\site-packages\rest_framework\views.py", line 515, in dispatch
    response = self.handle_exception(exc)
  File "C:\Users\donan\Desktop\POS-PROJECT\ADMIN WEB\env_boutique\Lib\site-packages\rest_framework\views.py", line 475, in handle_exception
    self.raise_uncaught_exception(exc)
    ~~~~~~~~~~~~~~~~~~~~~~~~~~~~~^^^^^
  File "C:\Users\donan\Desktop\POS-PROJECT\ADMIN WEB\env_boutique\Lib\site-packages\rest_framework\views.py", line 486, in raise_uncaught_exception
    raise exc
  File "C:\Users\donan\Desktop\POS-PROJECT\ADMIN WEB\env_boutique\Lib\site-packages\rest_framework\views.py", line 503, in dispatch
    self.initial(request, *args, **kwargs)
    ~~~~~~~~~~~~^^^^^^^^^^^^^^^^^^^^^^^^^^
  File "C:\Users\donan\Desktop\POS-PROJECT\ADMIN WEB\env_boutique\Lib\site-packages\rest_framework\views.py", line 420, in initial
    self.perform_authentication(request)
    ~~~~~~~~~~~~~~~~~~~~~~~~~~~^^^^^^^^^
  File "C:\Users\donan\Desktop\POS-PROJECT\ADMIN WEB\env_boutique\Lib\site-packages\rest_framework\views.py", line 330, in perform_authentication
    request.user
  File "C:\Users\donan\Desktop\POS-PROJECT\ADMIN WEB\env_boutique\Lib\site-packages\rest_framework\request.py", line 232, in user
    self._authenticate()
    ~~~~~~~~~~~~~~~~~~^^
  File "C:\Users\donan\Desktop\POS-PROJECT\ADMIN WEB\env_boutique\Lib\site-packages\rest_framework\request.py", line 385, in _authenticate
    user_auth_tuple = authenticator.authenticate(self)
  File "C:\Users\donan\Desktop\POS-PROJECT\ADMIN WEB\env_boutique\Lib\site-packages\rest_framework_simplejwt\authentication.py", line 51, in authenticate
    return self.get_user(validated_token), validated_token
           ~~~~~~~~~~~~~^^^^^^^^^^^^^^^^^
  File "C:\Users\donan\Desktop\POS-PROJECT\ADMIN WEB\env_boutique\Lib\site-packages\rest_framework_simplejwt\authentication.py", line 132, in get_user
    user = self.user_model.objects.get(**{api_settings.USER_ID_FIELD: user_id})
  File "C:\Users\donan\Desktop\POS-PROJECT\ADMIN WEB\env_boutique\Lib\site-packages\django\db\models\manager.py", line 87, in manager_method
    return getattr(self.get_queryset(), name)(*args, **kwargs)
           ~~~~~~~~~~~~~~~~~~~~~~~~~~~~~~~~~~^^^^^^^^^^^^^^^^^
  File "C:\Users\donan\Desktop\POS-PROJECT\ADMIN WEB\env_boutique\Lib\site-packages\django\db\models\query.py", line 629, in get
    num = len(clone)
  File "C:\Users\donan\Desktop\POS-PROJECT\ADMIN WEB\env_boutique\Lib\site-packages\django\db\models\query.py", line 366, in __len__
    self._fetch_all()
    ~~~~~~~~~~~~~~~^^
  File "C:\Users\donan\Desktop\POS-PROJECT\ADMIN WEB\env_boutique\Lib\site-packages\django\db\models\query.py", line 1949, in _fetch_all
    self._result_cache = list(self._iterable_class(self))
                         ~~~~^^^^^^^^^^^^^^^^^^^^^^^^^^^^
  File "C:\Users\donan\Desktop\POS-PROJECT\ADMIN WEB\env_boutique\Lib\site-packages\django\db\models\query.py", line 91, in __iter__
    results = compiler.execute_sql(
        chunked_fetch=self.chunked_fetch, chunk_size=self.chunk_size
    )
  File "C:\Users\donan\Desktop\POS-PROJECT\ADMIN WEB\env_boutique\Lib\site-packages\django\db\models\sql\compiler.py", line 1621, in execute_sql
    cursor = self.connection.cursor()
  File "C:\Users\donan\Desktop\POS-PROJECT\ADMIN WEB\env_boutique\Lib\site-packages\django\utils\asyncio.py", line 26, in inner
    return func(*args, **kwargs)
  File "C:\Users\donan\Desktop\POS-PROJECT\ADMIN WEB\env_boutique\Lib\site-packages\django\db\backends\base\base.py", line 320, in cursor
    return self._cursor()
           ~~~~~~~~~~~~^^
  File "C:\Users\donan\Desktop\POS-PROJECT\ADMIN WEB\env_boutique\Lib\site-packages\django\db\backends\base\base.py", line 296, in _cursor
    self.ensure_connection()
    ~~~~~~~~~~~~~~~~~~~~~~^^
  File "C:\Users\donan\Desktop\POS-PROJECT\ADMIN WEB\env_boutique\Lib\site-packages\django\utils\asyncio.py", line 26, in inner
    return func(*args, **kwargs)
  File "C:\Users\donan\Desktop\POS-PROJECT\ADMIN WEB\env_boutique\Lib\site-packages\django\db\backends\base\base.py", line 278, in ensure_connection
    with self.wrap_database_errors:
         ^^^^^^^^^^^^^^^^^^^^^^^^^
  File "C:\Users\donan\Desktop\POS-PROJECT\ADMIN WEB\env_boutique\Lib\site-packages\django\db\utils.py", line 91, in __exit__
    raise dj_exc_value.with_traceback(traceback) from exc_value
  File "C:\Users\donan\Desktop\POS-PROJECT\ADMIN WEB\env_boutique\Lib\site-packages\django\db\backends\base\base.py", line 279, in ensure_connection
    self.connect()
    ~~~~~~~~~~~~^^
  File "C:\Users\donan\Desktop\POS-PROJECT\ADMIN WEB\env_boutique\Lib\site-packages\django\utils\asyncio.py", line 26, in inner
    return func(*args, **kwargs)
  File "C:\Users\donan\Desktop\POS-PROJECT\ADMIN WEB\env_boutique\Lib\site-packages\django\db\backends\base\base.py", line 256, in connect
    self.connection = self.get_new_connection(conn_params)
                      ~~~~~~~~~~~~~~~~~~~~~~~^^^^^^^^^^^^^
  File "C:\Users\donan\Desktop\POS-PROJECT\ADMIN WEB\env_boutique\Lib\site-packages\django\utils\asyncio.py", line 26, in inner
    return func(*args, **kwargs)
  File "C:\Users\donan\Desktop\POS-PROJECT\ADMIN WEB\env_boutique\Lib\site-packages\django\db\backends\postgresql\base.py", line 332, in get_new_connection
    connection = self.Database.connect(**conn_params)
  File "C:\Users\donan\Desktop\POS-PROJECT\ADMIN WEB\env_boutique\Lib\site-packages\psycopg2\__init__.py", line 135, in connect
    conn = _connect(dsn, connection_factory=connection_factory, **kwasync)
django.db.utils.OperationalError: could not translate host name "aws-1-eu-west-1.pooler.supabase.com" to address: Name or service not known

ERROR 2026-03-09 10:15:11,443 log Internal Server Error: /api/stores/
Traceback (most recent call last):
  File "C:\Users\donan\Desktop\POS-PROJECT\ADMIN WEB\env_boutique\Lib\site-packages\django\db\backends\base\base.py", line 279, in ensure_connection
    self.connect()
    ~~~~~~~~~~~~^^
  File "C:\Users\donan\Desktop\POS-PROJECT\ADMIN WEB\env_boutique\Lib\site-packages\django\utils\asyncio.py", line 26, in inner
    return func(*args, **kwargs)
  File "C:\Users\donan\Desktop\POS-PROJECT\ADMIN WEB\env_boutique\Lib\site-packages\django\db\backends\base\base.py", line 256, in connect
    self.connection = self.get_new_connection(conn_params)
                      ~~~~~~~~~~~~~~~~~~~~~~~^^^^^^^^^^^^^
  File "C:\Users\donan\Desktop\POS-PROJECT\ADMIN WEB\env_boutique\Lib\site-packages\django\utils\asyncio.py", line 26, in inner
    return func(*args, **kwargs)
  File "C:\Users\donan\Desktop\POS-PROJECT\ADMIN WEB\env_boutique\Lib\site-packages\django\db\backends\postgresql\base.py", line 332, in get_new_connection
    connection = self.Database.connect(**conn_params)
  File "C:\Users\donan\Desktop\POS-PROJECT\ADMIN WEB\env_boutique\Lib\site-packages\psycopg2\__init__.py", line 135, in connect
    conn = _connect(dsn, connection_factory=connection_factory, **kwasync)
psycopg2.OperationalError: could not translate host name "aws-1-eu-west-1.pooler.supabase.com" to address: Name or service not known


The above exception was the direct cause of the following exception:

Traceback (most recent call last):
  File "C:\Users\donan\Desktop\POS-PROJECT\ADMIN WEB\env_boutique\Lib\site-packages\django\core\handlers\exception.py", line 55, in inner
    response = get_response(request)
  File "C:\Users\donan\Desktop\POS-PROJECT\ADMIN WEB\env_boutique\Lib\site-packages\django\core\handlers\base.py", line 197, in _get_response
    response = wrapped_callback(request, *callback_args, **callback_kwargs)
  File "C:\Users\donan\Desktop\POS-PROJECT\ADMIN WEB\env_boutique\Lib\site-packages\django\views\decorators\csrf.py", line 65, in _view_wrapper
    return view_func(request, *args, **kwargs)
  File "C:\Users\donan\Desktop\POS-PROJECT\ADMIN WEB\env_boutique\Lib\site-packages\rest_framework\viewsets.py", line 125, in view
    return self.dispatch(request, *args, **kwargs)
           ~~~~~~~~~~~~~^^^^^^^^^^^^^^^^^^^^^^^^^^
  File "C:\Users\donan\Desktop\POS-PROJECT\ADMIN WEB\env_boutique\Lib\site-packages\rest_framework\views.py", line 515, in dispatch
    response = self.handle_exception(exc)
  File "C:\Users\donan\Desktop\POS-PROJECT\ADMIN WEB\env_boutique\Lib\site-packages\rest_framework\views.py", line 475, in handle_exception
    self.raise_uncaught_exception(exc)
    ~~~~~~~~~~~~~~~~~~~~~~~~~~~~~^^^^^
  File "C:\Users\donan\Desktop\POS-PROJECT\ADMIN WEB\env_boutique\Lib\site-packages\rest_framework\views.py", line 486, in raise_uncaught_exception
    raise exc
  File "C:\Users\donan\Desktop\POS-PROJECT\ADMIN WEB\env_boutique\Lib\site-packages\rest_framework\views.py", line 503, in dispatch
    self.initial(request, *args, **kwargs)
    ~~~~~~~~~~~~^^^^^^^^^^^^^^^^^^^^^^^^^^
  File "C:\Users\donan\Desktop\POS-PROJECT\ADMIN WEB\env_boutique\Lib\site-packages\rest_framework\views.py", line 420, in initial
    self.perform_authentication(request)
    ~~~~~~~~~~~~~~~~~~~~~~~~~~~^^^^^^^^^
  File "C:\Users\donan\Desktop\POS-PROJECT\ADMIN WEB\env_boutique\Lib\site-packages\rest_framework\views.py", line 330, in perform_authentication
    request.user
  File "C:\Users\donan\Desktop\POS-PROJECT\ADMIN WEB\env_boutique\Lib\site-packages\rest_framework\request.py", line 232, in user
    self._authenticate()
    ~~~~~~~~~~~~~~~~~~^^
  File "C:\Users\donan\Desktop\POS-PROJECT\ADMIN WEB\env_boutique\Lib\site-packages\rest_framework\request.py", line 385, in _authenticate
    user_auth_tuple = authenticator.authenticate(self)
  File "C:\Users\donan\Desktop\POS-PROJECT\ADMIN WEB\env_boutique\Lib\site-packages\rest_framework_simplejwt\authentication.py", line 51, in authenticate
    return self.get_user(validated_token), validated_token
           ~~~~~~~~~~~~~^^^^^^^^^^^^^^^^^
  File "C:\Users\donan\Desktop\POS-PROJECT\ADMIN WEB\env_boutique\Lib\site-packages\rest_framework_simplejwt\authentication.py", line 132, in get_user
    user = self.user_model.objects.get(**{api_settings.USER_ID_FIELD: user_id})
  File "C:\Users\donan\Desktop\POS-PROJECT\ADMIN WEB\env_boutique\Lib\site-packages\django\db\models\manager.py", line 87, in manager_method
    return getattr(self.get_queryset(), name)(*args, **kwargs)
           ~~~~~~~~~~~~~~~~~~~~~~~~~~~~~~~~~~^^^^^^^^^^^^^^^^^
  File "C:\Users\donan\Desktop\POS-PROJECT\ADMIN WEB\env_boutique\Lib\site-packages\django\db\models\query.py", line 629, in get
    num = len(clone)
  File "C:\Users\donan\Desktop\POS-PROJECT\ADMIN WEB\env_boutique\Lib\site-packages\django\db\models\query.py", line 366, in __len__
    self._fetch_all()
    ~~~~~~~~~~~~~~~^^
  File "C:\Users\donan\Desktop\POS-PROJECT\ADMIN WEB\env_boutique\Lib\site-packages\django\db\models\query.py", line 1949, in _fetch_all
    self._result_cache = list(self._iterable_class(self))
                         ~~~~^^^^^^^^^^^^^^^^^^^^^^^^^^^^
  File "C:\Users\donan\Desktop\POS-PROJECT\ADMIN WEB\env_boutique\Lib\site-packages\django\db\models\query.py", line 91, in __iter__
    results = compiler.execute_sql(
        chunked_fetch=self.chunked_fetch, chunk_size=self.chunk_size
    )
  File "C:\Users\donan\Desktop\POS-PROJECT\ADMIN WEB\env_boutique\Lib\site-packages\django\db\models\sql\compiler.py", line 1621, in execute_sql
    cursor = self.connection.cursor()
  File "C:\Users\donan\Desktop\POS-PROJECT\ADMIN WEB\env_boutique\Lib\site-packages\django\utils\asyncio.py", line 26, in inner
    return func(*args, **kwargs)
  File "C:\Users\donan\Desktop\POS-PROJECT\ADMIN WEB\env_boutique\Lib\site-packages\django\db\backends\base\base.py", line 320, in cursor
    return self._cursor()
           ~~~~~~~~~~~~^^
  File "C:\Users\donan\Desktop\POS-PROJECT\ADMIN WEB\env_boutique\Lib\site-packages\django\db\backends\base\base.py", line 296, in _cursor
    self.ensure_connection()
    ~~~~~~~~~~~~~~~~~~~~~~^^
  File "C:\Users\donan\Desktop\POS-PROJECT\ADMIN WEB\env_boutique\Lib\site-packages\django\utils\asyncio.py", line 26, in inner
    return func(*args, **kwargs)
  File "C:\Users\donan\Desktop\POS-PROJECT\ADMIN WEB\env_boutique\Lib\site-packages\django\db\backends\base\base.py", line 278, in ensure_connection
    with self.wrap_database_errors:
         ^^^^^^^^^^^^^^^^^^^^^^^^^
  File "C:\Users\donan\Desktop\POS-PROJECT\ADMIN WEB\env_boutique\Lib\site-packages\django\db\utils.py", line 91, in __exit__
    raise dj_exc_value.with_traceback(traceback) from exc_value
  File "C:\Users\donan\Desktop\POS-PROJECT\ADMIN WEB\env_boutique\Lib\site-packages\django\db\backends\base\base.py", line 279, in ensure_connection
    self.connect()
    ~~~~~~~~~~~~^^
  File "C:\Users\donan\Desktop\POS-PROJECT\ADMIN WEB\env_boutique\Lib\site-packages\django\utils\asyncio.py", line 26, in inner
    return func(*args, **kwargs)
  File "C:\Users\donan\Desktop\POS-PROJECT\ADMIN WEB\env_boutique\Lib\site-packages\django\db\backends\base\base.py", line 256, in connect
    self.connection = self.get_new_connection(conn_params)
                      ~~~~~~~~~~~~~~~~~~~~~~~^^^^^^^^^^^^^
  File "C:\Users\donan\Desktop\POS-PROJECT\ADMIN WEB\env_boutique\Lib\site-packages\django\utils\asyncio.py", line 26, in inner
    return func(*args, **kwargs)
  File "C:\Users\donan\Desktop\POS-PROJECT\ADMIN WEB\env_boutique\Lib\site-packages\django\db\backends\postgresql\base.py", line 332, in get_new_connection
    connection = self.Database.connect(**conn_params)
  File "C:\Users\donan\Desktop\POS-PROJECT\ADMIN WEB\env_boutique\Lib\site-packages\psycopg2\__init__.py", line 135, in connect
    conn = _connect(dsn, connection_factory=connection_factory, **kwasync)
django.db.utils.OperationalError: could not translate host name "aws-1-eu-west-1.pooler.supabase.com" to address: Name or service not known

ERROR 2026-03-09 10:15:11,447 log Internal Server Error: /api/stocks/
Traceback (most recent call last):
  File "C:\Users\donan\Desktop\POS-PROJECT\ADMIN WEB\env_boutique\Lib\site-packages\django\db\backends\base\base.py", line 279, in ensure_connection
    self.connect()
    ~~~~~~~~~~~~^^
  File "C:\Users\donan\Desktop\POS-PROJECT\ADMIN WEB\env_boutique\Lib\site-packages\django\utils\asyncio.py", line 26, in inner
    return func(*args, **kwargs)
  File "C:\Users\donan\Desktop\POS-PROJECT\ADMIN WEB\env_boutique\Lib\site-packages\django\db\backends\base\base.py", line 256, in connect
    self.connection = self.get_new_connection(conn_params)
                      ~~~~~~~~~~~~~~~~~~~~~~~^^^^^^^^^^^^^
  File "C:\Users\donan\Desktop\POS-PROJECT\ADMIN WEB\env_boutique\Lib\site-packages\django\utils\asyncio.py", line 26, in inner
    return func(*args, **kwargs)
  File "C:\Users\donan\Desktop\POS-PROJECT\ADMIN WEB\env_boutique\Lib\site-packages\django\db\backends\postgresql\base.py", line 332, in get_new_connection
    connection = self.Database.connect(**conn_params)
  File "C:\Users\donan\Desktop\POS-PROJECT\ADMIN WEB\env_boutique\Lib\site-packages\psycopg2\__init__.py", line 135, in connect
    conn = _connect(dsn, connection_factory=connection_factory, **kwasync)
psycopg2.OperationalError: could not translate host name "aws-1-eu-west-1.pooler.supabase.com" to address: Name or service not known


The above exception was the direct cause of the following exception:

Traceback (most recent call last):
  File "C:\Users\donan\Desktop\POS-PROJECT\ADMIN WEB\env_boutique\Lib\site-packages\django\core\handlers\exception.py", line 55, in inner
    response = get_response(request)
  File "C:\Users\donan\Desktop\POS-PROJECT\ADMIN WEB\env_boutique\Lib\site-packages\django\core\handlers\base.py", line 197, in _get_response
    response = wrapped_callback(request, *callback_args, **callback_kwargs)
  File "C:\Users\donan\Desktop\POS-PROJECT\ADMIN WEB\env_boutique\Lib\site-packages\django\views\decorators\csrf.py", line 65, in _view_wrapper
    return view_func(request, *args, **kwargs)
  File "C:\Users\donan\Desktop\POS-PROJECT\ADMIN WEB\env_boutique\Lib\site-packages\rest_framework\viewsets.py", line 125, in view
    return self.dispatch(request, *args, **kwargs)
           ~~~~~~~~~~~~~^^^^^^^^^^^^^^^^^^^^^^^^^^
  File "C:\Users\donan\Desktop\POS-PROJECT\ADMIN WEB\env_boutique\Lib\site-packages\rest_framework\views.py", line 515, in dispatch
    response = self.handle_exception(exc)
  File "C:\Users\donan\Desktop\POS-PROJECT\ADMIN WEB\env_boutique\Lib\site-packages\rest_framework\views.py", line 475, in handle_exception
    self.raise_uncaught_exception(exc)
    ~~~~~~~~~~~~~~~~~~~~~~~~~~~~~^^^^^
  File "C:\Users\donan\Desktop\POS-PROJECT\ADMIN WEB\env_boutique\Lib\site-packages\rest_framework\views.py", line 486, in raise_uncaught_exception
    raise exc
  File "C:\Users\donan\Desktop\POS-PROJECT\ADMIN WEB\env_boutique\Lib\site-packages\rest_framework\views.py", line 503, in dispatch
    self.initial(request, *args, **kwargs)
    ~~~~~~~~~~~~^^^^^^^^^^^^^^^^^^^^^^^^^^
  File "C:\Users\donan\Desktop\POS-PROJECT\ADMIN WEB\env_boutique\Lib\site-packages\rest_framework\views.py", line 420, in initial
    self.perform_authentication(request)
    ~~~~~~~~~~~~~~~~~~~~~~~~~~~^^^^^^^^^
  File "C:\Users\donan\Desktop\POS-PROJECT\ADMIN WEB\env_boutique\Lib\site-packages\rest_framework\views.py", line 330, in perform_authentication
    request.user
  File "C:\Users\donan\Desktop\POS-PROJECT\ADMIN WEB\env_boutique\Lib\site-packages\rest_framework\request.py", line 232, in user
    self._authenticate()
    ~~~~~~~~~~~~~~~~~~^^
  File "C:\Users\donan\Desktop\POS-PROJECT\ADMIN WEB\env_boutique\Lib\site-packages\rest_framework\request.py", line 385, in _authenticate
    user_auth_tuple = authenticator.authenticate(self)
  File "C:\Users\donan\Desktop\POS-PROJECT\ADMIN WEB\env_boutique\Lib\site-packages\rest_framework_simplejwt\authentication.py", line 51, in authenticate
    return self.get_user(validated_token), validated_token
           ~~~~~~~~~~~~~^^^^^^^^^^^^^^^^^
  File "C:\Users\donan\Desktop\POS-PROJECT\ADMIN WEB\env_boutique\Lib\site-packages\rest_framework_simplejwt\authentication.py", line 132, in get_user
    user = self.user_model.objects.get(**{api_settings.USER_ID_FIELD: user_id})
  File "C:\Users\donan\Desktop\POS-PROJECT\ADMIN WEB\env_boutique\Lib\site-packages\django\db\models\manager.py", line 87, in manager_method
    return getattr(self.get_queryset(), name)(*args, **kwargs)
           ~~~~~~~~~~~~~~~~~~~~~~~~~~~~~~~~~~^^^^^^^^^^^^^^^^^
  File "C:\Users\donan\Desktop\POS-PROJECT\ADMIN WEB\env_boutique\Lib\site-packages\django\db\models\query.py", line 629, in get
    num = len(clone)
  File "C:\Users\donan\Desktop\POS-PROJECT\ADMIN WEB\env_boutique\Lib\site-packages\django\db\models\query.py", line 366, in __len__
    self._fetch_all()
    ~~~~~~~~~~~~~~~^^
  File "C:\Users\donan\Desktop\POS-PROJECT\ADMIN WEB\env_boutique\Lib\site-packages\django\db\models\query.py", line 1949, in _fetch_all
    self._result_cache = list(self._iterable_class(self))
                         ~~~~^^^^^^^^^^^^^^^^^^^^^^^^^^^^
  File "C:\Users\donan\Desktop\POS-PROJECT\ADMIN WEB\env_boutique\Lib\site-packages\django\db\models\query.py", line 91, in __iter__
    results = compiler.execute_sql(
        chunked_fetch=self.chunked_fetch, chunk_size=self.chunk_size
    )
  File "C:\Users\donan\Desktop\POS-PROJECT\ADMIN WEB\env_boutique\Lib\site-packages\django\db\models\sql\compiler.py", line 1621, in execute_sql
    cursor = self.connection.cursor()
  File "C:\Users\donan\Desktop\POS-PROJECT\ADMIN WEB\env_boutique\Lib\site-packages\django\utils\asyncio.py", line 26, in inner
    return func(*args, **kwargs)
  File "C:\Users\donan\Desktop\POS-PROJECT\ADMIN WEB\env_boutique\Lib\site-packages\django\db\backends\base\base.py", line 320, in cursor
    return self._cursor()
           ~~~~~~~~~~~~^^
  File "C:\Users\donan\Desktop\POS-PROJECT\ADMIN WEB\env_boutique\Lib\site-packages\django\db\backends\base\base.py", line 296, in _cursor
    self.ensure_connection()
    ~~~~~~~~~~~~~~~~~~~~~~^^
  File "C:\Users\donan\Desktop\POS-PROJECT\ADMIN WEB\env_boutique\Lib\site-packages\django\utils\asyncio.py", line 26, in inner
    return func(*args, **kwargs)
  File "C:\Users\donan\Desktop\POS-PROJECT\ADMIN WEB\env_boutique\Lib\site-packages\django\db\backends\base\base.py", line 278, in ensure_connection
    with self.wrap_database_errors:
         ^^^^^^^^^^^^^^^^^^^^^^^^^
  File "C:\Users\donan\Desktop\POS-PROJECT\ADMIN WEB\env_boutique\Lib\site-packages\django\db\utils.py", line 91, in __exit__
    raise dj_exc_value.with_traceback(traceback) from exc_value
  File "C:\Users\donan\Desktop\POS-PROJECT\ADMIN WEB\env_boutique\Lib\site-packages\django\db\backends\base\base.py", line 279, in ensure_connection
    self.connect()
    ~~~~~~~~~~~~^^
  File "C:\Users\donan\Desktop\POS-PROJECT\ADMIN WEB\env_boutique\Lib\site-packages\django\utils\asyncio.py", line 26, in inner
    return func(*args, **kwargs)
  File "C:\Users\donan\Desktop\POS-PROJECT\ADMIN WEB\env_boutique\Lib\site-packages\django\db\backends\base\base.py", line 256, in connect
    self.connection = self.get_new_connection(conn_params)
                      ~~~~~~~~~~~~~~~~~~~~~~~^^^^^^^^^^^^^
  File "C:\Users\donan\Desktop\POS-PROJECT\ADMIN WEB\env_boutique\Lib\site-packages\django\utils\asyncio.py", line 26, in inner
    return func(*args, **kwargs)
  File "C:\Users\donan\Desktop\POS-PROJECT\ADMIN WEB\env_boutique\Lib\site-packages\django\db\backends\postgresql\base.py", line 332, in get_new_connection
    connection = self.Database.connect(**conn_params)
  File "C:\Users\donan\Desktop\POS-PROJECT\ADMIN WEB\env_boutique\Lib\site-packages\psycopg2\__init__.py", line 135, in connect
    conn = _connect(dsn, connection_factory=connection_factory, **kwasync)
django.db.utils.OperationalError: could not translate host name "aws-1-eu-west-1.pooler.supabase.com" to address: Name or service not known

ERROR 2026-03-09 10:15:11,448 log Internal Server Error: /api/stocks/
Traceback (most recent call last):
  File "C:\Users\donan\Desktop\POS-PROJECT\ADMIN WEB\env_boutique\Lib\site-packages\django\db\backends\base\base.py", line 279, in ensure_connection
    self.connect()
    ~~~~~~~~~~~~^^
  File "C:\Users\donan\Desktop\POS-PROJECT\ADMIN WEB\env_boutique\Lib\site-packages\django\utils\asyncio.py", line 26, in inner
    return func(*args, **kwargs)
  File "C:\Users\donan\Desktop\POS-PROJECT\ADMIN WEB\env_boutique\Lib\site-packages\django\db\backends\base\base.py", line 256, in connect
    self.connection = self.get_new_connection(conn_params)
                      ~~~~~~~~~~~~~~~~~~~~~~~^^^^^^^^^^^^^
  File "C:\Users\donan\Desktop\POS-PROJECT\ADMIN WEB\env_boutique\Lib\site-packages\django\utils\asyncio.py", line 26, in inner
    return func(*args, **kwargs)
  File "C:\Users\donan\Desktop\POS-PROJECT\ADMIN WEB\env_boutique\Lib\site-packages\django\db\backends\postgresql\base.py", line 332, in get_new_connection
    connection = self.Database.connect(**conn_params)
  File "C:\Users\donan\Desktop\POS-PROJECT\ADMIN WEB\env_boutique\Lib\site-packages\psycopg2\__init__.py", line 135, in connect
    conn = _connect(dsn, connection_factory=connection_factory, **kwasync)
psycopg2.OperationalError: could not translate host name "aws-1-eu-west-1.pooler.supabase.com" to address: Name or service not known


The above exception was the direct cause of the following exception:

Traceback (most recent call last):
  File "C:\Users\donan\Desktop\POS-PROJECT\ADMIN WEB\env_boutique\Lib\site-packages\django\core\handlers\exception.py", line 55, in inner
    response = get_response(request)
  File "C:\Users\donan\Desktop\POS-PROJECT\ADMIN WEB\env_boutique\Lib\site-packages\django\core\handlers\base.py", line 197, in _get_response
    response = wrapped_callback(request, *callback_args, **callback_kwargs)
  File "C:\Users\donan\Desktop\POS-PROJECT\ADMIN WEB\env_boutique\Lib\site-packages\django\views\decorators\csrf.py", line 65, in _view_wrapper
    return view_func(request, *args, **kwargs)
  File "C:\Users\donan\Desktop\POS-PROJECT\ADMIN WEB\env_boutique\Lib\site-packages\rest_framework\viewsets.py", line 125, in view
    return self.dispatch(request, *args, **kwargs)
           ~~~~~~~~~~~~~^^^^^^^^^^^^^^^^^^^^^^^^^^
  File "C:\Users\donan\Desktop\POS-PROJECT\ADMIN WEB\env_boutique\Lib\site-packages\rest_framework\views.py", line 515, in dispatch
    response = self.handle_exception(exc)
  File "C:\Users\donan\Desktop\POS-PROJECT\ADMIN WEB\env_boutique\Lib\site-packages\rest_framework\views.py", line 475, in handle_exception
    self.raise_uncaught_exception(exc)
    ~~~~~~~~~~~~~~~~~~~~~~~~~~~~~^^^^^
  File "C:\Users\donan\Desktop\POS-PROJECT\ADMIN WEB\env_boutique\Lib\site-packages\rest_framework\views.py", line 486, in raise_uncaught_exception
    raise exc
  File "C:\Users\donan\Desktop\POS-PROJECT\ADMIN WEB\env_boutique\Lib\site-packages\rest_framework\views.py", line 503, in dispatch
    self.initial(request, *args, **kwargs)
    ~~~~~~~~~~~~^^^^^^^^^^^^^^^^^^^^^^^^^^
  File "C:\Users\donan\Desktop\POS-PROJECT\ADMIN WEB\env_boutique\Lib\site-packages\rest_framework\views.py", line 420, in initial
    self.perform_authentication(request)
    ~~~~~~~~~~~~~~~~~~~~~~~~~~~^^^^^^^^^
  File "C:\Users\donan\Desktop\POS-PROJECT\ADMIN WEB\env_boutique\Lib\site-packages\rest_framework\views.py", line 330, in perform_authentication
    request.user
  File "C:\Users\donan\Desktop\POS-PROJECT\ADMIN WEB\env_boutique\Lib\site-packages\rest_framework\request.py", line 232, in user
    self._authenticate()
    ~~~~~~~~~~~~~~~~~~^^
  File "C:\Users\donan\Desktop\POS-PROJECT\ADMIN WEB\env_boutique\Lib\site-packages\rest_framework\request.py", line 385, in _authenticate
    user_auth_tuple = authenticator.authenticate(self)
  File "C:\Users\donan\Desktop\POS-PROJECT\ADMIN WEB\env_boutique\Lib\site-packages\rest_framework_simplejwt\authentication.py", line 51, in authenticate
    return self.get_user(validated_token), validated_token
           ~~~~~~~~~~~~~^^^^^^^^^^^^^^^^^
  File "C:\Users\donan\Desktop\POS-PROJECT\ADMIN WEB\env_boutique\Lib\site-packages\rest_framework_simplejwt\authentication.py", line 132, in get_user
    user = self.user_model.objects.get(**{api_settings.USER_ID_FIELD: user_id})
  File "C:\Users\donan\Desktop\POS-PROJECT\ADMIN WEB\env_boutique\Lib\site-packages\django\db\models\manager.py", line 87, in manager_method
    return getattr(self.get_queryset(), name)(*args, **kwargs)
           ~~~~~~~~~~~~~~~~~~~~~~~~~~~~~~~~~~^^^^^^^^^^^^^^^^^
  File "C:\Users\donan\Desktop\POS-PROJECT\ADMIN WEB\env_boutique\Lib\site-packages\django\db\models\query.py", line 629, in get
    num = len(clone)
  File "C:\Users\donan\Desktop\POS-PROJECT\ADMIN WEB\env_boutique\Lib\site-packages\django\db\models\query.py", line 366, in __len__
    self._fetch_all()
    ~~~~~~~~~~~~~~~^^
  File "C:\Users\donan\Desktop\POS-PROJECT\ADMIN WEB\env_boutique\Lib\site-packages\django\db\models\query.py", line 1949, in _fetch_all
    self._result_cache = list(self._iterable_class(self))
                         ~~~~^^^^^^^^^^^^^^^^^^^^^^^^^^^^
  File "C:\Users\donan\Desktop\POS-PROJECT\ADMIN WEB\env_boutique\Lib\site-packages\django\db\models\query.py", line 91, in __iter__
    results = compiler.execute_sql(
        chunked_fetch=self.chunked_fetch, chunk_size=self.chunk_size
    )
  File "C:\Users\donan\Desktop\POS-PROJECT\ADMIN WEB\env_boutique\Lib\site-packages\django\db\models\sql\compiler.py", line 1621, in execute_sql
    cursor = self.connection.cursor()
  File "C:\Users\donan\Desktop\POS-PROJECT\ADMIN WEB\env_boutique\Lib\site-packages\django\utils\asyncio.py", line 26, in inner
    return func(*args, **kwargs)
  File "C:\Users\donan\Desktop\POS-PROJECT\ADMIN WEB\env_boutique\Lib\site-packages\django\db\backends\base\base.py", line 320, in cursor
    return self._cursor()
           ~~~~~~~~~~~~^^
  File "C:\Users\donan\Desktop\POS-PROJECT\ADMIN WEB\env_boutique\Lib\site-packages\django\db\backends\base\base.py", line 296, in _cursor
    self.ensure_connection()
    ~~~~~~~~~~~~~~~~~~~~~~^^
  File "C:\Users\donan\Desktop\POS-PROJECT\ADMIN WEB\env_boutique\Lib\site-packages\django\utils\asyncio.py", line 26, in inner
    return func(*args, **kwargs)
  File "C:\Users\donan\Desktop\POS-PROJECT\ADMIN WEB\env_boutique\Lib\site-packages\django\db\backends\base\base.py", line 278, in ensure_connection
    with self.wrap_database_errors:
         ^^^^^^^^^^^^^^^^^^^^^^^^^
  File "C:\Users\donan\Desktop\POS-PROJECT\ADMIN WEB\env_boutique\Lib\site-packages\django\db\utils.py", line 91, in __exit__
    raise dj_exc_value.with_traceback(traceback) from exc_value
  File "C:\Users\donan\Desktop\POS-PROJECT\ADMIN WEB\env_boutique\Lib\site-packages\django\db\backends\base\base.py", line 279, in ensure_connection
    self.connect()
    ~~~~~~~~~~~~^^
  File "C:\Users\donan\Desktop\POS-PROJECT\ADMIN WEB\env_boutique\Lib\site-packages\django\utils\asyncio.py", line 26, in inner
    return func(*args, **kwargs)
  File "C:\Users\donan\Desktop\POS-PROJECT\ADMIN WEB\env_boutique\Lib\site-packages\django\db\backends\base\base.py", line 256, in connect
    self.connection = self.get_new_connection(conn_params)
                      ~~~~~~~~~~~~~~~~~~~~~~~^^^^^^^^^^^^^
  File "C:\Users\donan\Desktop\POS-PROJECT\ADMIN WEB\env_boutique\Lib\site-packages\django\utils\asyncio.py", line 26, in inner
    return func(*args, **kwargs)
  File "C:\Users\donan\Desktop\POS-PROJECT\ADMIN WEB\env_boutique\Lib\site-packages\django\db\backends\postgresql\base.py", line 332, in get_new_connection
    connection = self.Database.connect(**conn_params)
  File "C:\Users\donan\Desktop\POS-PROJECT\ADMIN WEB\env_boutique\Lib\site-packages\psycopg2\__init__.py", line 135, in connect
    conn = _connect(dsn, connection_factory=connection_factory, **kwasync)
django.db.utils.OperationalError: could not translate host name "aws-1-eu-west-1.pooler.supabase.com" to address: Name or service not known

ERROR 2026-03-09 10:15:11,448 log Internal Server Error: /api/stocks/
Traceback (most recent call last):
  File "C:\Users\donan\Desktop\POS-PROJECT\ADMIN WEB\env_boutique\Lib\site-packages\django\db\backends\base\base.py", line 279, in ensure_connection
    self.connect()
    ~~~~~~~~~~~~^^
  File "C:\Users\donan\Desktop\POS-PROJECT\ADMIN WEB\env_boutique\Lib\site-packages\django\utils\asyncio.py", line 26, in inner
    return func(*args, **kwargs)
  File "C:\Users\donan\Desktop\POS-PROJECT\ADMIN WEB\env_boutique\Lib\site-packages\django\db\backends\base\base.py", line 256, in connect
    self.connection = self.get_new_connection(conn_params)
                      ~~~~~~~~~~~~~~~~~~~~~~~^^^^^^^^^^^^^
  File "C:\Users\donan\Desktop\POS-PROJECT\ADMIN WEB\env_boutique\Lib\site-packages\django\utils\asyncio.py", line 26, in inner
    return func(*args, **kwargs)
  File "C:\Users\donan\Desktop\POS-PROJECT\ADMIN WEB\env_boutique\Lib\site-packages\django\db\backends\postgresql\base.py", line 332, in get_new_connection
    connection = self.Database.connect(**conn_params)
  File "C:\Users\donan\Desktop\POS-PROJECT\ADMIN WEB\env_boutique\Lib\site-packages\psycopg2\__init__.py", line 135, in connect
    conn = _connect(dsn, connection_factory=connection_factory, **kwasync)
psycopg2.OperationalError: could not translate host name "aws-1-eu-west-1.pooler.supabase.com" to address: Name or service not known


The above exception was the direct cause of the following exception:

Traceback (most recent call last):
  File "C:\Users\donan\Desktop\POS-PROJECT\ADMIN WEB\env_boutique\Lib\site-packages\django\core\handlers\exception.py", line 55, in inner
    response = get_response(request)
  File "C:\Users\donan\Desktop\POS-PROJECT\ADMIN WEB\env_boutique\Lib\site-packages\django\core\handlers\base.py", line 197, in _get_response
    response = wrapped_callback(request, *callback_args, **callback_kwargs)
  File "C:\Users\donan\Desktop\POS-PROJECT\ADMIN WEB\env_boutique\Lib\site-packages\django\views\decorators\csrf.py", line 65, in _view_wrapper
    return view_func(request, *args, **kwargs)
  File "C:\Users\donan\Desktop\POS-PROJECT\ADMIN WEB\env_boutique\Lib\site-packages\rest_framework\viewsets.py", line 125, in view
    return self.dispatch(request, *args, **kwargs)
           ~~~~~~~~~~~~~^^^^^^^^^^^^^^^^^^^^^^^^^^
  File "C:\Users\donan\Desktop\POS-PROJECT\ADMIN WEB\env_boutique\Lib\site-packages\rest_framework\views.py", line 515, in dispatch
    response = self.handle_exception(exc)
  File "C:\Users\donan\Desktop\POS-PROJECT\ADMIN WEB\env_boutique\Lib\site-packages\rest_framework\views.py", line 475, in handle_exception
    self.raise_uncaught_exception(exc)
    ~~~~~~~~~~~~~~~~~~~~~~~~~~~~~^^^^^
  File "C:\Users\donan\Desktop\POS-PROJECT\ADMIN WEB\env_boutique\Lib\site-packages\rest_framework\views.py", line 486, in raise_uncaught_exception
    raise exc
  File "C:\Users\donan\Desktop\POS-PROJECT\ADMIN WEB\env_boutique\Lib\site-packages\rest_framework\views.py", line 503, in dispatch
    self.initial(request, *args, **kwargs)
    ~~~~~~~~~~~~^^^^^^^^^^^^^^^^^^^^^^^^^^
  File "C:\Users\donan\Desktop\POS-PROJECT\ADMIN WEB\env_boutique\Lib\site-packages\rest_framework\views.py", line 420, in initial
    self.perform_authentication(request)
    ~~~~~~~~~~~~~~~~~~~~~~~~~~~^^^^^^^^^
  File "C:\Users\donan\Desktop\POS-PROJECT\ADMIN WEB\env_boutique\Lib\site-packages\rest_framework\views.py", line 330, in perform_authentication
    request.user
  File "C:\Users\donan\Desktop\POS-PROJECT\ADMIN WEB\env_boutique\Lib\site-packages\rest_framework\request.py", line 232, in user
    self._authenticate()
    ~~~~~~~~~~~~~~~~~~^^
  File "C:\Users\donan\Desktop\POS-PROJECT\ADMIN WEB\env_boutique\Lib\site-packages\rest_framework\request.py", line 385, in _authenticate
    user_auth_tuple = authenticator.authenticate(self)
  File "C:\Users\donan\Desktop\POS-PROJECT\ADMIN WEB\env_boutique\Lib\site-packages\rest_framework_simplejwt\authentication.py", line 51, in authenticate
    return self.get_user(validated_token), validated_token
           ~~~~~~~~~~~~~^^^^^^^^^^^^^^^^^
  File "C:\Users\donan\Desktop\POS-PROJECT\ADMIN WEB\env_boutique\Lib\site-packages\rest_framework_simplejwt\authentication.py", line 132, in get_user
    user = self.user_model.objects.get(**{api_settings.USER_ID_FIELD: user_id})
  File "C:\Users\donan\Desktop\POS-PROJECT\ADMIN WEB\env_boutique\Lib\site-packages\django\db\models\manager.py", line 87, in manager_method
    return getattr(self.get_queryset(), name)(*args, **kwargs)
           ~~~~~~~~~~~~~~~~~~~~~~~~~~~~~~~~~~^^^^^^^^^^^^^^^^^
  File "C:\Users\donan\Desktop\POS-PROJECT\ADMIN WEB\env_boutique\Lib\site-packages\django\db\models\query.py", line 629, in get
    num = len(clone)
  File "C:\Users\donan\Desktop\POS-PROJECT\ADMIN WEB\env_boutique\Lib\site-packages\django\db\models\query.py", line 366, in __len__
    self._fetch_all()
    ~~~~~~~~~~~~~~~^^
  File "C:\Users\donan\Desktop\POS-PROJECT\ADMIN WEB\env_boutique\Lib\site-packages\django\db\models\query.py", line 1949, in _fetch_all
    self._result_cache = list(self._iterable_class(self))
                         ~~~~^^^^^^^^^^^^^^^^^^^^^^^^^^^^
  File "C:\Users\donan\Desktop\POS-PROJECT\ADMIN WEB\env_boutique\Lib\site-packages\django\db\models\query.py", line 91, in __iter__
    results = compiler.execute_sql(
        chunked_fetch=self.chunked_fetch, chunk_size=self.chunk_size
    )
  File "C:\Users\donan\Desktop\POS-PROJECT\ADMIN WEB\env_boutique\Lib\site-packages\django\db\models\sql\compiler.py", line 1621, in execute_sql
    cursor = self.connection.cursor()
  File "C:\Users\donan\Desktop\POS-PROJECT\ADMIN WEB\env_boutique\Lib\site-packages\django\utils\asyncio.py", line 26, in inner
    return func(*args, **kwargs)
  File "C:\Users\donan\Desktop\POS-PROJECT\ADMIN WEB\env_boutique\Lib\site-packages\django\db\backends\base\base.py", line 320, in cursor
    return self._cursor()
           ~~~~~~~~~~~~^^
  File "C:\Users\donan\Desktop\POS-PROJECT\ADMIN WEB\env_boutique\Lib\site-packages\django\db\backends\base\base.py", line 296, in _cursor
    self.ensure_connection()
    ~~~~~~~~~~~~~~~~~~~~~~^^
  File "C:\Users\donan\Desktop\POS-PROJECT\ADMIN WEB\env_boutique\Lib\site-packages\django\utils\asyncio.py", line 26, in inner
    return func(*args, **kwargs)
  File "C:\Users\donan\Desktop\POS-PROJECT\ADMIN WEB\env_boutique\Lib\site-packages\django\db\backends\base\base.py", line 278, in ensure_connection
    with self.wrap_database_errors:
         ^^^^^^^^^^^^^^^^^^^^^^^^^
  File "C:\Users\donan\Desktop\POS-PROJECT\ADMIN WEB\env_boutique\Lib\site-packages\django\db\utils.py", line 91, in __exit__
    raise dj_exc_value.with_traceback(traceback) from exc_value
  File "C:\Users\donan\Desktop\POS-PROJECT\ADMIN WEB\env_boutique\Lib\site-packages\django\db\backends\base\base.py", line 279, in ensure_connection
    self.connect()
    ~~~~~~~~~~~~^^
  File "C:\Users\donan\Desktop\POS-PROJECT\ADMIN WEB\env_boutique\Lib\site-packages\django\utils\asyncio.py", line 26, in inner
    return func(*args, **kwargs)
  File "C:\Users\donan\Desktop\POS-PROJECT\ADMIN WEB\env_boutique\Lib\site-packages\django\db\backends\base\base.py", line 256, in connect
    self.connection = self.get_new_connection(conn_params)
                      ~~~~~~~~~~~~~~~~~~~~~~~^^^^^^^^^^^^^
  File "C:\Users\donan\Desktop\POS-PROJECT\ADMIN WEB\env_boutique\Lib\site-packages\django\utils\asyncio.py", line 26, in inner
    return func(*args, **kwargs)
  File "C:\Users\donan\Desktop\POS-PROJECT\ADMIN WEB\env_boutique\Lib\site-packages\django\db\backends\postgresql\base.py", line 332, in get_new_connection
    connection = self.Database.connect(**conn_params)
  File "C:\Users\donan\Desktop\POS-PROJECT\ADMIN WEB\env_boutique\Lib\site-packages\psycopg2\__init__.py", line 135, in connect
    conn = _connect(dsn, connection_factory=connection_factory, **kwasync)
django.db.utils.OperationalError: could not translate host name "aws-1-eu-west-1.pooler.supabase.com" to address: Name or service not known

ERROR 2026-03-09 10:15:11,448 log Internal Server Error: /api/stores/
Traceback (most recent call last):
  File "C:\Users\donan\Desktop\POS-PROJECT\ADMIN WEB\env_boutique\Lib\site-packages\django\db\backends\base\base.py", line 279, in ensure_connection
    self.connect()
    ~~~~~~~~~~~~^^
  File "C:\Users\donan\Desktop\POS-PROJECT\ADMIN WEB\env_boutique\Lib\site-packages\django\utils\asyncio.py", line 26, in inner
    return func(*args, **kwargs)
  File "C:\Users\donan\Desktop\POS-PROJECT\ADMIN WEB\env_boutique\Lib\site-packages\django\db\backends\base\base.py", line 256, in connect
    self.connection = self.get_new_connection(conn_params)
                      ~~~~~~~~~~~~~~~~~~~~~~~^^^^^^^^^^^^^
  File "C:\Users\donan\Desktop\POS-PROJECT\ADMIN WEB\env_boutique\Lib\site-packages\django\utils\asyncio.py", line 26, in inner
    return func(*args, **kwargs)
  File "C:\Users\donan\Desktop\POS-PROJECT\ADMIN WEB\env_boutique\Lib\site-packages\django\db\backends\postgresql\base.py", line 332, in get_new_connection
    connection = self.Database.connect(**conn_params)
  File "C:\Users\donan\Desktop\POS-PROJECT\ADMIN WEB\env_boutique\Lib\site-packages\psycopg2\__init__.py", line 135, in connect
    conn = _connect(dsn, connection_factory=connection_factory, **kwasync)
psycopg2.OperationalError: could not translate host name "aws-1-eu-west-1.pooler.supabase.com" to address: Name or service not known


The above exception was the direct cause of the following exception:

Traceback (most recent call last):
  File "C:\Users\donan\Desktop\POS-PROJECT\ADMIN WEB\env_boutique\Lib\site-packages\django\core\handlers\exception.py", line 55, in inner
    response = get_response(request)
  File "C:\Users\donan\Desktop\POS-PROJECT\ADMIN WEB\env_boutique\Lib\site-packages\django\core\handlers\base.py", line 197, in _get_response
    response = wrapped_callback(request, *callback_args, **callback_kwargs)
  File "C:\Users\donan\Desktop\POS-PROJECT\ADMIN WEB\env_boutique\Lib\site-packages\django\views\decorators\csrf.py", line 65, in _view_wrapper
    return view_func(request, *args, **kwargs)
  File "C:\Users\donan\Desktop\POS-PROJECT\ADMIN WEB\env_boutique\Lib\site-packages\rest_framework\viewsets.py", line 125, in view
    return self.dispatch(request, *args, **kwargs)
           ~~~~~~~~~~~~~^^^^^^^^^^^^^^^^^^^^^^^^^^
  File "C:\Users\donan\Desktop\POS-PROJECT\ADMIN WEB\env_boutique\Lib\site-packages\rest_framework\views.py", line 515, in dispatch
    response = self.handle_exception(exc)
  File "C:\Users\donan\Desktop\POS-PROJECT\ADMIN WEB\env_boutique\Lib\site-packages\rest_framework\views.py", line 475, in handle_exception
    self.raise_uncaught_exception(exc)
    ~~~~~~~~~~~~~~~~~~~~~~~~~~~~~^^^^^
  File "C:\Users\donan\Desktop\POS-PROJECT\ADMIN WEB\env_boutique\Lib\site-packages\rest_framework\views.py", line 486, in raise_uncaught_exception
    raise exc
  File "C:\Users\donan\Desktop\POS-PROJECT\ADMIN WEB\env_boutique\Lib\site-packages\rest_framework\views.py", line 503, in dispatch
    self.initial(request, *args, **kwargs)
    ~~~~~~~~~~~~^^^^^^^^^^^^^^^^^^^^^^^^^^
  File "C:\Users\donan\Desktop\POS-PROJECT\ADMIN WEB\env_boutique\Lib\site-packages\rest_framework\views.py", line 420, in initial
    self.perform_authentication(request)
    ~~~~~~~~~~~~~~~~~~~~~~~~~~~^^^^^^^^^
  File "C:\Users\donan\Desktop\POS-PROJECT\ADMIN WEB\env_boutique\Lib\site-packages\rest_framework\views.py", line 330, in perform_authentication
    request.user
  File "C:\Users\donan\Desktop\POS-PROJECT\ADMIN WEB\env_boutique\Lib\site-packages\rest_framework\request.py", line 232, in user
    self._authenticate()
    ~~~~~~~~~~~~~~~~~~^^
  File "C:\Users\donan\Desktop\POS-PROJECT\ADMIN WEB\env_boutique\Lib\site-packages\rest_framework\request.py", line 385, in _authenticate
    user_auth_tuple = authenticator.authenticate(self)
  File "C:\Users\donan\Desktop\POS-PROJECT\ADMIN WEB\env_boutique\Lib\site-packages\rest_framework_simplejwt\authentication.py", line 51, in authenticate
    return self.get_user(validated_token), validated_token
           ~~~~~~~~~~~~~^^^^^^^^^^^^^^^^^
  File "C:\Users\donan\Desktop\POS-PROJECT\ADMIN WEB\env_boutique\Lib\site-packages\rest_framework_simplejwt\authentication.py", line 132, in get_user
    user = self.user_model.objects.get(**{api_settings.USER_ID_FIELD: user_id})
  File "C:\Users\donan\Desktop\POS-PROJECT\ADMIN WEB\env_boutique\Lib\site-packages\django\db\models\manager.py", line 87, in manager_method
    return getattr(self.get_queryset(), name)(*args, **kwargs)
           ~~~~~~~~~~~~~~~~~~~~~~~~~~~~~~~~~~^^^^^^^^^^^^^^^^^
  File "C:\Users\donan\Desktop\POS-PROJECT\ADMIN WEB\env_boutique\Lib\site-packages\django\db\models\query.py", line 629, in get
    num = len(clone)
  File "C:\Users\donan\Desktop\POS-PROJECT\ADMIN WEB\env_boutique\Lib\site-packages\django\db\models\query.py", line 366, in __len__
    self._fetch_all()
    ~~~~~~~~~~~~~~~^^
  File "C:\Users\donan\Desktop\POS-PROJECT\ADMIN WEB\env_boutique\Lib\site-packages\django\db\models\query.py", line 1949, in _fetch_all
    self._result_cache = list(self._iterable_class(self))
                         ~~~~^^^^^^^^^^^^^^^^^^^^^^^^^^^^
  File "C:\Users\donan\Desktop\POS-PROJECT\ADMIN WEB\env_boutique\Lib\site-packages\django\db\models\query.py", line 91, in __iter__
    results = compiler.execute_sql(
        chunked_fetch=self.chunked_fetch, chunk_size=self.chunk_size
    )
  File "C:\Users\donan\Desktop\POS-PROJECT\ADMIN WEB\env_boutique\Lib\site-packages\django\db\models\sql\compiler.py", line 1621, in execute_sql
    cursor = self.connection.cursor()
  File "C:\Users\donan\Desktop\POS-PROJECT\ADMIN WEB\env_boutique\Lib\site-packages\django\utils\asyncio.py", line 26, in inner
    return func(*args, **kwargs)
  File "C:\Users\donan\Desktop\POS-PROJECT\ADMIN WEB\env_boutique\Lib\site-packages\django\db\backends\base\base.py", line 320, in cursor
    return self._cursor()
           ~~~~~~~~~~~~^^
  File "C:\Users\donan\Desktop\POS-PROJECT\ADMIN WEB\env_boutique\Lib\site-packages\django\db\backends\base\base.py", line 296, in _cursor
    self.ensure_connection()
    ~~~~~~~~~~~~~~~~~~~~~~^^
  File "C:\Users\donan\Desktop\POS-PROJECT\ADMIN WEB\env_boutique\Lib\site-packages\django\utils\asyncio.py", line 26, in inner
    return func(*args, **kwargs)
  File "C:\Users\donan\Desktop\POS-PROJECT\ADMIN WEB\env_boutique\Lib\site-packages\django\db\backends\base\base.py", line 278, in ensure_connection
    with self.wrap_database_errors:
         ^^^^^^^^^^^^^^^^^^^^^^^^^
  File "C:\Users\donan\Desktop\POS-PROJECT\ADMIN WEB\env_boutique\Lib\site-packages\django\db\utils.py", line 91, in __exit__
    raise dj_exc_value.with_traceback(traceback) from exc_value
  File "C:\Users\donan\Desktop\POS-PROJECT\ADMIN WEB\env_boutique\Lib\site-packages\django\db\backends\base\base.py", line 279, in ensure_connection
    self.connect()
    ~~~~~~~~~~~~^^
  File "C:\Users\donan\Desktop\POS-PROJECT\ADMIN WEB\env_boutique\Lib\site-packages\django\utils\asyncio.py", line 26, in inner
    return func(*args, **kwargs)
  File "C:\Users\donan\Desktop\POS-PROJECT\ADMIN WEB\env_boutique\Lib\site-packages\django\db\backends\base\base.py", line 256, in connect
    self.connection = self.get_new_connection(conn_params)
                      ~~~~~~~~~~~~~~~~~~~~~~~^^^^^^^^^^^^^
  File "C:\Users\donan\Desktop\POS-PROJECT\ADMIN WEB\env_boutique\Lib\site-packages\django\utils\asyncio.py", line 26, in inner
    return func(*args, **kwargs)
  File "C:\Users\donan\Desktop\POS-PROJECT\ADMIN WEB\env_boutique\Lib\site-packages\django\db\backends\postgresql\base.py", line 332, in get_new_connection
    connection = self.Database.connect(**conn_params)
  File "C:\Users\donan\Desktop\POS-PROJECT\ADMIN WEB\env_boutique\Lib\site-packages\psycopg2\__init__.py", line 135, in connect
    conn = _connect(dsn, connection_factory=connection_factory, **kwasync)
django.db.utils.OperationalError: could not translate host name "aws-1-eu-west-1.pooler.supabase.com" to address: Name or service not known

ERROR 2026-03-09 10:15:11,475 basehttp "GET /api/stocks/?params%5Bexpand%5D=product,store,warehouse&params%5Bpage_size%5D=100 HTTP/1.1" 500 243824
ERROR 2026-03-09 10:15:11,482 basehttp "GET /api/stores/ HTTP/1.1" 500 242175
ERROR 2026-03-09 10:15:11,494 basehttp "GET /api/stocks/?params%5Bexpand%5D=product,store,warehouse&params%5Bpage_size%5D=1000 HTTP/1.1" 500 243841
ERROR 2026-03-09 10:15:11,502 basehttp "GET /api/stocks/?params%5Bexpand%5D=product,store,warehouse&params%5Bpage_size%5D=100 HTTP/1.1" 500 243824
ERROR 2026-03-09 10:15:11,510 basehttp "GET /api/stocks/?params%5Bexpand%5D=product,store,warehouse&params%5Bpage_size%5D=1000 HTTP/1.1" 500 243841
ERROR 2026-03-09 10:15:11,517 basehttp "GET /api/stores/ HTTP/1.1" 500 242175
ERROR 2026-03-09 10:15:23,110 log Internal Server Error: /api/stores/
Traceback (most recent call last):
  File "C:\Users\donan\Desktop\POS-PROJECT\ADMIN WEB\env_boutique\Lib\site-packages\django\db\backends\base\base.py", line 279, in ensure_connection
    self.connect()
    ~~~~~~~~~~~~^^
  File "C:\Users\donan\Desktop\POS-PROJECT\ADMIN WEB\env_boutique\Lib\site-packages\django\utils\asyncio.py", line 26, in inner
    return func(*args, **kwargs)
  File "C:\Users\donan\Desktop\POS-PROJECT\ADMIN WEB\env_boutique\Lib\site-packages\django\db\backends\base\base.py", line 256, in connect
    self.connection = self.get_new_connection(conn_params)
                      ~~~~~~~~~~~~~~~~~~~~~~~^^^^^^^^^^^^^
  File "C:\Users\donan\Desktop\POS-PROJECT\ADMIN WEB\env_boutique\Lib\site-packages\django\utils\asyncio.py", line 26, in inner
    return func(*args, **kwargs)
  File "C:\Users\donan\Desktop\POS-PROJECT\ADMIN WEB\env_boutique\Lib\site-packages\django\db\backends\postgresql\base.py", line 332, in get_new_connection
    connection = self.Database.connect(**conn_params)
  File "C:\Users\donan\Desktop\POS-PROJECT\ADMIN WEB\env_boutique\Lib\site-packages\psycopg2\__init__.py", line 135, in connect
    conn = _connect(dsn, connection_factory=connection_factory, **kwasync)
psycopg2.OperationalError: could not translate host name "aws-1-eu-west-1.pooler.supabase.com" to address: Name or service not known


The above exception was the direct cause of the following exception:

Traceback (most recent call last):
  File "C:\Users\donan\Desktop\POS-PROJECT\ADMIN WEB\env_boutique\Lib\site-packages\django\core\handlers\exception.py", line 55, in inner
    response = get_response(request)
  File "C:\Users\donan\Desktop\POS-PROJECT\ADMIN WEB\env_boutique\Lib\site-packages\django\core\handlers\base.py", line 197, in _get_response
    response = wrapped_callback(request, *callback_args, **callback_kwargs)
  File "C:\Users\donan\Desktop\POS-PROJECT\ADMIN WEB\env_boutique\Lib\site-packages\django\views\decorators\csrf.py", line 65, in _view_wrapper
    return view_func(request, *args, **kwargs)
  File "C:\Users\donan\Desktop\POS-PROJECT\ADMIN WEB\env_boutique\Lib\site-packages\rest_framework\viewsets.py", line 125, in view
    return self.dispatch(request, *args, **kwargs)
           ~~~~~~~~~~~~~^^^^^^^^^^^^^^^^^^^^^^^^^^
  File "C:\Users\donan\Desktop\POS-PROJECT\ADMIN WEB\env_boutique\Lib\site-packages\rest_framework\views.py", line 515, in dispatch
    response = self.handle_exception(exc)
  File "C:\Users\donan\Desktop\POS-PROJECT\ADMIN WEB\env_boutique\Lib\site-packages\rest_framework\views.py", line 475, in handle_exception
    self.raise_uncaught_exception(exc)
    ~~~~~~~~~~~~~~~~~~~~~~~~~~~~~^^^^^
  File "C:\Users\donan\Desktop\POS-PROJECT\ADMIN WEB\env_boutique\Lib\site-packages\rest_framework\views.py", line 486, in raise_uncaught_exception
    raise exc
  File "C:\Users\donan\Desktop\POS-PROJECT\ADMIN WEB\env_boutique\Lib\site-packages\rest_framework\views.py", line 503, in dispatch
    self.initial(request, *args, **kwargs)
    ~~~~~~~~~~~~^^^^^^^^^^^^^^^^^^^^^^^^^^
  File "C:\Users\donan\Desktop\POS-PROJECT\ADMIN WEB\env_boutique\Lib\site-packages\rest_framework\views.py", line 420, in initial
    self.perform_authentication(request)
    ~~~~~~~~~~~~~~~~~~~~~~~~~~~^^^^^^^^^
  File "C:\Users\donan\Desktop\POS-PROJECT\ADMIN WEB\env_boutique\Lib\site-packages\rest_framework\views.py", line 330, in perform_authentication
    request.user
  File "C:\Users\donan\Desktop\POS-PROJECT\ADMIN WEB\env_boutique\Lib\site-packages\rest_framework\request.py", line 232, in user
    self._authenticate()
    ~~~~~~~~~~~~~~~~~~^^
  File "C:\Users\donan\Desktop\POS-PROJECT\ADMIN WEB\env_boutique\Lib\site-packages\rest_framework\request.py", line 385, in _authenticate
    user_auth_tuple = authenticator.authenticate(self)
  File "C:\Users\donan\Desktop\POS-PROJECT\ADMIN WEB\env_boutique\Lib\site-packages\rest_framework_simplejwt\authentication.py", line 51, in authenticate
    return self.get_user(validated_token), validated_token
           ~~~~~~~~~~~~~^^^^^^^^^^^^^^^^^
  File "C:\Users\donan\Desktop\POS-PROJECT\ADMIN WEB\env_boutique\Lib\site-packages\rest_framework_simplejwt\authentication.py", line 132, in get_user
    user = self.user_model.objects.get(**{api_settings.USER_ID_FIELD: user_id})
  File "C:\Users\donan\Desktop\POS-PROJECT\ADMIN WEB\env_boutique\Lib\site-packages\django\db\models\manager.py", line 87, in manager_method
    return getattr(self.get_queryset(), name)(*args, **kwargs)
           ~~~~~~~~~~~~~~~~~~~~~~~~~~~~~~~~~~^^^^^^^^^^^^^^^^^
  File "C:\Users\donan\Desktop\POS-PROJECT\ADMIN WEB\env_boutique\Lib\site-packages\django\db\models\query.py", line 629, in get
    num = len(clone)
  File "C:\Users\donan\Desktop\POS-PROJECT\ADMIN WEB\env_boutique\Lib\site-packages\django\db\models\query.py", line 366, in __len__
    self._fetch_all()
    ~~~~~~~~~~~~~~~^^
  File "C:\Users\donan\Desktop\POS-PROJECT\ADMIN WEB\env_boutique\Lib\site-packages\django\db\models\query.py", line 1949, in _fetch_all
    self._result_cache = list(self._iterable_class(self))
                         ~~~~^^^^^^^^^^^^^^^^^^^^^^^^^^^^
  File "C:\Users\donan\Desktop\POS-PROJECT\ADMIN WEB\env_boutique\Lib\site-packages\django\db\models\query.py", line 91, in __iter__
    results = compiler.execute_sql(
        chunked_fetch=self.chunked_fetch, chunk_size=self.chunk_size
    )
  File "C:\Users\donan\Desktop\POS-PROJECT\ADMIN WEB\env_boutique\Lib\site-packages\django\db\models\sql\compiler.py", line 1621, in execute_sql
    cursor = self.connection.cursor()
  File "C:\Users\donan\Desktop\POS-PROJECT\ADMIN WEB\env_boutique\Lib\site-packages\django\utils\asyncio.py", line 26, in inner
    return func(*args, **kwargs)
  File "C:\Users\donan\Desktop\POS-PROJECT\ADMIN WEB\env_boutique\Lib\site-packages\django\db\backends\base\base.py", line 320, in cursor
    return self._cursor()
           ~~~~~~~~~~~~^^
  File "C:\Users\donan\Desktop\POS-PROJECT\ADMIN WEB\env_boutique\Lib\site-packages\django\db\backends\base\base.py", line 296, in _cursor
    self.ensure_connection()
    ~~~~~~~~~~~~~~~~~~~~~~^^
  File "C:\Users\donan\Desktop\POS-PROJECT\ADMIN WEB\env_boutique\Lib\site-packages\django\utils\asyncio.py", line 26, in inner
    return func(*args, **kwargs)
  File "C:\Users\donan\Desktop\POS-PROJECT\ADMIN WEB\env_boutique\Lib\site-packages\django\db\backends\base\base.py", line 278, in ensure_connection
    with self.wrap_database_errors:
         ^^^^^^^^^^^^^^^^^^^^^^^^^
  File "C:\Users\donan\Desktop\POS-PROJECT\ADMIN WEB\env_boutique\Lib\site-packages\django\db\utils.py", line 91, in __exit__
    raise dj_exc_value.with_traceback(traceback) from exc_value
  File "C:\Users\donan\Desktop\POS-PROJECT\ADMIN WEB\env_boutique\Lib\site-packages\django\db\backends\base\base.py", line 279, in ensure_connection
    self.connect()
    ~~~~~~~~~~~~^^
  File "C:\Users\donan\Desktop\POS-PROJECT\ADMIN WEB\env_boutique\Lib\site-packages\django\utils\asyncio.py", line 26, in inner
    return func(*args, **kwargs)
  File "C:\Users\donan\Desktop\POS-PROJECT\ADMIN WEB\env_boutique\Lib\site-packages\django\db\backends\base\base.py", line 256, in connect
    self.connection = self.get_new_connection(conn_params)
                      ~~~~~~~~~~~~~~~~~~~~~~~^^^^^^^^^^^^^
  File "C:\Users\donan\Desktop\POS-PROJECT\ADMIN WEB\env_boutique\Lib\site-packages\django\utils\asyncio.py", line 26, in inner
    return func(*args, **kwargs)
  File "C:\Users\donan\Desktop\POS-PROJECT\ADMIN WEB\env_boutique\Lib\site-packages\django\db\backends\postgresql\base.py", line 332, in get_new_connection
    connection = self.Database.connect(**conn_params)
  File "C:\Users\donan\Desktop\POS-PROJECT\ADMIN WEB\env_boutique\Lib\site-packages\psycopg2\__init__.py", line 135, in connect
    conn = _connect(dsn, connection_factory=connection_factory, **kwasync)
django.db.utils.OperationalError: could not translate host name "aws-1-eu-west-1.pooler.supabase.com" to address: Name or service not known

ERROR 2026-03-09 10:15:23,117 basehttp "GET /api/stores/ HTTP/1.1" 500 242175
ERROR 2026-03-09 10:15:23,177 log Internal Server Error: /api/stores/
Traceback (most recent call last):
  File "C:\Users\donan\Desktop\POS-PROJECT\ADMIN WEB\env_boutique\Lib\site-packages\django\db\backends\base\base.py", line 279, in ensure_connection
    self.connect()
    ~~~~~~~~~~~~^^
  File "C:\Users\donan\Desktop\POS-PROJECT\ADMIN WEB\env_boutique\Lib\site-packages\django\utils\asyncio.py", line 26, in inner
    return func(*args, **kwargs)
  File "C:\Users\donan\Desktop\POS-PROJECT\ADMIN WEB\env_boutique\Lib\site-packages\django\db\backends\base\base.py", line 256, in connect
    self.connection = self.get_new_connection(conn_params)
                      ~~~~~~~~~~~~~~~~~~~~~~~^^^^^^^^^^^^^
  File "C:\Users\donan\Desktop\POS-PROJECT\ADMIN WEB\env_boutique\Lib\site-packages\django\utils\asyncio.py", line 26, in inner
    return func(*args, **kwargs)
  File "C:\Users\donan\Desktop\POS-PROJECT\ADMIN WEB\env_boutique\Lib\site-packages\django\db\backends\postgresql\base.py", line 332, in get_new_connection
    connection = self.Database.connect(**conn_params)
  File "C:\Users\donan\Desktop\POS-PROJECT\ADMIN WEB\env_boutique\Lib\site-packages\psycopg2\__init__.py", line 135, in connect
    conn = _connect(dsn, connection_factory=connection_factory, **kwasync)
psycopg2.OperationalError: could not translate host name "aws-1-eu-west-1.pooler.supabase.com" to address: Name or service not known


The above exception was the direct cause of the following exception:

Traceback (most recent call last):
  File "C:\Users\donan\Desktop\POS-PROJECT\ADMIN WEB\env_boutique\Lib\site-packages\django\core\handlers\exception.py", line 55, in inner
    response = get_response(request)
  File "C:\Users\donan\Desktop\POS-PROJECT\ADMIN WEB\env_boutique\Lib\site-packages\django\core\handlers\base.py", line 197, in _get_response
    response = wrapped_callback(request, *callback_args, **callback_kwargs)
  File "C:\Users\donan\Desktop\POS-PROJECT\ADMIN WEB\env_boutique\Lib\site-packages\django\views\decorators\csrf.py", line 65, in _view_wrapper
    return view_func(request, *args, **kwargs)
  File "C:\Users\donan\Desktop\POS-PROJECT\ADMIN WEB\env_boutique\Lib\site-packages\rest_framework\viewsets.py", line 125, in view
    return self.dispatch(request, *args, **kwargs)
           ~~~~~~~~~~~~~^^^^^^^^^^^^^^^^^^^^^^^^^^
  File "C:\Users\donan\Desktop\POS-PROJECT\ADMIN WEB\env_boutique\Lib\site-packages\rest_framework\views.py", line 515, in dispatch
    response = self.handle_exception(exc)
  File "C:\Users\donan\Desktop\POS-PROJECT\ADMIN WEB\env_boutique\Lib\site-packages\rest_framework\views.py", line 475, in handle_exception
    self.raise_uncaught_exception(exc)
    ~~~~~~~~~~~~~~~~~~~~~~~~~~~~~^^^^^
  File "C:\Users\donan\Desktop\POS-PROJECT\ADMIN WEB\env_boutique\Lib\site-packages\rest_framework\views.py", line 486, in raise_uncaught_exception
    raise exc
  File "C:\Users\donan\Desktop\POS-PROJECT\ADMIN WEB\env_boutique\Lib\site-packages\rest_framework\views.py", line 503, in dispatch
    self.initial(request, *args, **kwargs)
    ~~~~~~~~~~~~^^^^^^^^^^^^^^^^^^^^^^^^^^
  File "C:\Users\donan\Desktop\POS-PROJECT\ADMIN WEB\env_boutique\Lib\site-packages\rest_framework\views.py", line 420, in initial
    self.perform_authentication(request)
    ~~~~~~~~~~~~~~~~~~~~~~~~~~~^^^^^^^^^
  File "C:\Users\donan\Desktop\POS-PROJECT\ADMIN WEB\env_boutique\Lib\site-packages\rest_framework\views.py", line 330, in perform_authentication
    request.user
  File "C:\Users\donan\Desktop\POS-PROJECT\ADMIN WEB\env_boutique\Lib\site-packages\rest_framework\request.py", line 232, in user
    self._authenticate()
    ~~~~~~~~~~~~~~~~~~^^
  File "C:\Users\donan\Desktop\POS-PROJECT\ADMIN WEB\env_boutique\Lib\site-packages\rest_framework\request.py", line 385, in _authenticate
    user_auth_tuple = authenticator.authenticate(self)
  File "C:\Users\donan\Desktop\POS-PROJECT\ADMIN WEB\env_boutique\Lib\site-packages\rest_framework_simplejwt\authentication.py", line 51, in authenticate
    return self.get_user(validated_token), validated_token
           ~~~~~~~~~~~~~^^^^^^^^^^^^^^^^^
  File "C:\Users\donan\Desktop\POS-PROJECT\ADMIN WEB\env_boutique\Lib\site-packages\rest_framework_simplejwt\authentication.py", line 132, in get_user
    user = self.user_model.objects.get(**{api_settings.USER_ID_FIELD: user_id})
  File "C:\Users\donan\Desktop\POS-PROJECT\ADMIN WEB\env_boutique\Lib\site-packages\django\db\models\manager.py", line 87, in manager_method
    return getattr(self.get_queryset(), name)(*args, **kwargs)
           ~~~~~~~~~~~~~~~~~~~~~~~~~~~~~~~~~~^^^^^^^^^^^^^^^^^
  File "C:\Users\donan\Desktop\POS-PROJECT\ADMIN WEB\env_boutique\Lib\site-packages\django\db\models\query.py", line 629, in get
    num = len(clone)
  File "C:\Users\donan\Desktop\POS-PROJECT\ADMIN WEB\env_boutique\Lib\site-packages\django\db\models\query.py", line 366, in __len__
    self._fetch_all()
    ~~~~~~~~~~~~~~~^^
  File "C:\Users\donan\Desktop\POS-PROJECT\ADMIN WEB\env_boutique\Lib\site-packages\django\db\models\query.py", line 1949, in _fetch_all
    self._result_cache = list(self._iterable_class(self))
                         ~~~~^^^^^^^^^^^^^^^^^^^^^^^^^^^^
  File "C:\Users\donan\Desktop\POS-PROJECT\ADMIN WEB\env_boutique\Lib\site-packages\django\db\models\query.py", line 91, in __iter__
    results = compiler.execute_sql(
        chunked_fetch=self.chunked_fetch, chunk_size=self.chunk_size
    )
  File "C:\Users\donan\Desktop\POS-PROJECT\ADMIN WEB\env_boutique\Lib\site-packages\django\db\models\sql\compiler.py", line 1621, in execute_sql
    cursor = self.connection.cursor()
  File "C:\Users\donan\Desktop\POS-PROJECT\ADMIN WEB\env_boutique\Lib\site-packages\django\utils\asyncio.py", line 26, in inner
    return func(*args, **kwargs)
  File "C:\Users\donan\Desktop\POS-PROJECT\ADMIN WEB\env_boutique\Lib\site-packages\django\db\backends\base\base.py", line 320, in cursor
    return self._cursor()
           ~~~~~~~~~~~~^^
  File "C:\Users\donan\Desktop\POS-PROJECT\ADMIN WEB\env_boutique\Lib\site-packages\django\db\backends\base\base.py", line 296, in _cursor
    self.ensure_connection()
    ~~~~~~~~~~~~~~~~~~~~~~^^
  File "C:\Users\donan\Desktop\POS-PROJECT\ADMIN WEB\env_boutique\Lib\site-packages\django\utils\asyncio.py", line 26, in inner
    return func(*args, **kwargs)
  File "C:\Users\donan\Desktop\POS-PROJECT\ADMIN WEB\env_boutique\Lib\site-packages\django\db\backends\base\base.py", line 278, in ensure_connection
    with self.wrap_database_errors:
         ^^^^^^^^^^^^^^^^^^^^^^^^^
  File "C:\Users\donan\Desktop\POS-PROJECT\ADMIN WEB\env_boutique\Lib\site-packages\django\db\utils.py", line 91, in __exit__
    raise dj_exc_value.with_traceback(traceback) from exc_value
  File "C:\Users\donan\Desktop\POS-PROJECT\ADMIN WEB\env_boutique\Lib\site-packages\django\db\backends\base\base.py", line 279, in ensure_connection
    self.connect()
    ~~~~~~~~~~~~^^
  File "C:\Users\donan\Desktop\POS-PROJECT\ADMIN WEB\env_boutique\Lib\site-packages\django\utils\asyncio.py", line 26, in inner
    return func(*args, **kwargs)
  File "C:\Users\donan\Desktop\POS-PROJECT\ADMIN WEB\env_boutique\Lib\site-packages\django\db\backends\base\base.py", line 256, in connect
    self.connection = self.get_new_connection(conn_params)
                      ~~~~~~~~~~~~~~~~~~~~~~~^^^^^^^^^^^^^
  File "C:\Users\donan\Desktop\POS-PROJECT\ADMIN WEB\env_boutique\Lib\site-packages\django\utils\asyncio.py", line 26, in inner
    return func(*args, **kwargs)
  File "C:\Users\donan\Desktop\POS-PROJECT\ADMIN WEB\env_boutique\Lib\site-packages\django\db\backends\postgresql\base.py", line 332, in get_new_connection
    connection = self.Database.connect(**conn_params)
  File "C:\Users\donan\Desktop\POS-PROJECT\ADMIN WEB\env_boutique\Lib\site-packages\psycopg2\__init__.py", line 135, in connect
    conn = _connect(dsn, connection_factory=connection_factory, **kwasync)
django.db.utils.OperationalError: could not translate host name "aws-1-eu-west-1.pooler.supabase.com" to address: Name or service not known

ERROR 2026-03-09 10:15:23,184 basehttp "GET /api/stores/ HTTP/1.1" 500 242175
ERROR 2026-03-09 10:15:23,266 log Internal Server Error: /api/stores/
Traceback (most recent call last):
  File "C:\Users\donan\Desktop\POS-PROJECT\ADMIN WEB\env_boutique\Lib\site-packages\django\db\backends\base\base.py", line 279, in ensure_connection
    self.connect()
    ~~~~~~~~~~~~^^
  File "C:\Users\donan\Desktop\POS-PROJECT\ADMIN WEB\env_boutique\Lib\site-packages\django\utils\asyncio.py", line 26, in inner
    return func(*args, **kwargs)
  File "C:\Users\donan\Desktop\POS-PROJECT\ADMIN WEB\env_boutique\Lib\site-packages\django\db\backends\base\base.py", line 256, in connect
    self.connection = self.get_new_connection(conn_params)
                      ~~~~~~~~~~~~~~~~~~~~~~~^^^^^^^^^^^^^
  File "C:\Users\donan\Desktop\POS-PROJECT\ADMIN WEB\env_boutique\Lib\site-packages\django\utils\asyncio.py", line 26, in inner
    return func(*args, **kwargs)
  File "C:\Users\donan\Desktop\POS-PROJECT\ADMIN WEB\env_boutique\Lib\site-packages\django\db\backends\postgresql\base.py", line 332, in get_new_connection
    connection = self.Database.connect(**conn_params)
  File "C:\Users\donan\Desktop\POS-PROJECT\ADMIN WEB\env_boutique\Lib\site-packages\psycopg2\__init__.py", line 135, in connect
    conn = _connect(dsn, connection_factory=connection_factory, **kwasync)
psycopg2.OperationalError: could not translate host name "aws-1-eu-west-1.pooler.supabase.com" to address: Name or service not known


The above exception was the direct cause of the following exception:

Traceback (most recent call last):
  File "C:\Users\donan\Desktop\POS-PROJECT\ADMIN WEB\env_boutique\Lib\site-packages\django\core\handlers\exception.py", line 55, in inner
    response = get_response(request)
  File "C:\Users\donan\Desktop\POS-PROJECT\ADMIN WEB\env_boutique\Lib\site-packages\django\core\handlers\base.py", line 197, in _get_response
    response = wrapped_callback(request, *callback_args, **callback_kwargs)
  File "C:\Users\donan\Desktop\POS-PROJECT\ADMIN WEB\env_boutique\Lib\site-packages\django\views\decorators\csrf.py", line 65, in _view_wrapper
    return view_func(request, *args, **kwargs)
  File "C:\Users\donan\Desktop\POS-PROJECT\ADMIN WEB\env_boutique\Lib\site-packages\rest_framework\viewsets.py", line 125, in view
    return self.dispatch(request, *args, **kwargs)
           ~~~~~~~~~~~~~^^^^^^^^^^^^^^^^^^^^^^^^^^
  File "C:\Users\donan\Desktop\POS-PROJECT\ADMIN WEB\env_boutique\Lib\site-packages\rest_framework\views.py", line 515, in dispatch
    response = self.handle_exception(exc)
  File "C:\Users\donan\Desktop\POS-PROJECT\ADMIN WEB\env_boutique\Lib\site-packages\rest_framework\views.py", line 475, in handle_exception
    self.raise_uncaught_exception(exc)
    ~~~~~~~~~~~~~~~~~~~~~~~~~~~~~^^^^^
  File "C:\Users\donan\Desktop\POS-PROJECT\ADMIN WEB\env_boutique\Lib\site-packages\rest_framework\views.py", line 486, in raise_uncaught_exception
    raise exc
  File "C:\Users\donan\Desktop\POS-PROJECT\ADMIN WEB\env_boutique\Lib\site-packages\rest_framework\views.py", line 503, in dispatch
    self.initial(request, *args, **kwargs)
    ~~~~~~~~~~~~^^^^^^^^^^^^^^^^^^^^^^^^^^
  File "C:\Users\donan\Desktop\POS-PROJECT\ADMIN WEB\env_boutique\Lib\site-packages\rest_framework\views.py", line 420, in initial
    self.perform_authentication(request)
    ~~~~~~~~~~~~~~~~~~~~~~~~~~~^^^^^^^^^
  File "C:\Users\donan\Desktop\POS-PROJECT\ADMIN WEB\env_boutique\Lib\site-packages\rest_framework\views.py", line 330, in perform_authentication
    request.user
  File "C:\Users\donan\Desktop\POS-PROJECT\ADMIN WEB\env_boutique\Lib\site-packages\rest_framework\request.py", line 232, in user
    self._authenticate()
    ~~~~~~~~~~~~~~~~~~^^
  File "C:\Users\donan\Desktop\POS-PROJECT\ADMIN WEB\env_boutique\Lib\site-packages\rest_framework\request.py", line 385, in _authenticate
    user_auth_tuple = authenticator.authenticate(self)
  File "C:\Users\donan\Desktop\POS-PROJECT\ADMIN WEB\env_boutique\Lib\site-packages\rest_framework_simplejwt\authentication.py", line 51, in authenticate
    return self.get_user(validated_token), validated_token
           ~~~~~~~~~~~~~^^^^^^^^^^^^^^^^^
  File "C:\Users\donan\Desktop\POS-PROJECT\ADMIN WEB\env_boutique\Lib\site-packages\rest_framework_simplejwt\authentication.py", line 132, in get_user
    user = self.user_model.objects.get(**{api_settings.USER_ID_FIELD: user_id})
  File "C:\Users\donan\Desktop\POS-PROJECT\ADMIN WEB\env_boutique\Lib\site-packages\django\db\models\manager.py", line 87, in manager_method
    return getattr(self.get_queryset(), name)(*args, **kwargs)
           ~~~~~~~~~~~~~~~~~~~~~~~~~~~~~~~~~~^^^^^^^^^^^^^^^^^
  File "C:\Users\donan\Desktop\POS-PROJECT\ADMIN WEB\env_boutique\Lib\site-packages\django\db\models\query.py", line 629, in get
    num = len(clone)
  File "C:\Users\donan\Desktop\POS-PROJECT\ADMIN WEB\env_boutique\Lib\site-packages\django\db\models\query.py", line 366, in __len__
    self._fetch_all()
    ~~~~~~~~~~~~~~~^^
  File "C:\Users\donan\Desktop\POS-PROJECT\ADMIN WEB\env_boutique\Lib\site-packages\django\db\models\query.py", line 1949, in _fetch_all
    self._result_cache = list(self._iterable_class(self))
                         ~~~~^^^^^^^^^^^^^^^^^^^^^^^^^^^^
  File "C:\Users\donan\Desktop\POS-PROJECT\ADMIN WEB\env_boutique\Lib\site-packages\django\db\models\query.py", line 91, in __iter__
    results = compiler.execute_sql(
        chunked_fetch=self.chunked_fetch, chunk_size=self.chunk_size
    )
  File "C:\Users\donan\Desktop\POS-PROJECT\ADMIN WEB\env_boutique\Lib\site-packages\django\db\models\sql\compiler.py", line 1621, in execute_sql
    cursor = self.connection.cursor()
  File "C:\Users\donan\Desktop\POS-PROJECT\ADMIN WEB\env_boutique\Lib\site-packages\django\utils\asyncio.py", line 26, in inner
    return func(*args, **kwargs)
  File "C:\Users\donan\Desktop\POS-PROJECT\ADMIN WEB\env_boutique\Lib\site-packages\django\db\backends\base\base.py", line 320, in cursor
    return self._cursor()
           ~~~~~~~~~~~~^^
  File "C:\Users\donan\Desktop\POS-PROJECT\ADMIN WEB\env_boutique\Lib\site-packages\django\db\backends\base\base.py", line 296, in _cursor
    self.ensure_connection()
    ~~~~~~~~~~~~~~~~~~~~~~^^
  File "C:\Users\donan\Desktop\POS-PROJECT\ADMIN WEB\env_boutique\Lib\site-packages\django\utils\asyncio.py", line 26, in inner
    return func(*args, **kwargs)
  File "C:\Users\donan\Desktop\POS-PROJECT\ADMIN WEB\env_boutique\Lib\site-packages\django\db\backends\base\base.py", line 278, in ensure_connection
    with self.wrap_database_errors:
         ^^^^^^^^^^^^^^^^^^^^^^^^^
  File "C:\Users\donan\Desktop\POS-PROJECT\ADMIN WEB\env_boutique\Lib\site-packages\django\db\utils.py", line 91, in __exit__
    raise dj_exc_value.with_traceback(traceback) from exc_value
  File "C:\Users\donan\Desktop\POS-PROJECT\ADMIN WEB\env_boutique\Lib\site-packages\django\db\backends\base\base.py", line 279, in ensure_connection
    self.connect()
    ~~~~~~~~~~~~^^
  File "C:\Users\donan\Desktop\POS-PROJECT\ADMIN WEB\env_boutique\Lib\site-packages\django\utils\asyncio.py", line 26, in inner
    return func(*args, **kwargs)
  File "C:\Users\donan\Desktop\POS-PROJECT\ADMIN WEB\env_boutique\Lib\site-packages\django\db\backends\base\base.py", line 256, in connect
    self.connection = self.get_new_connection(conn_params)
                      ~~~~~~~~~~~~~~~~~~~~~~~^^^^^^^^^^^^^
  File "C:\Users\donan\Desktop\POS-PROJECT\ADMIN WEB\env_boutique\Lib\site-packages\django\utils\asyncio.py", line 26, in inner
    return func(*args, **kwargs)
  File "C:\Users\donan\Desktop\POS-PROJECT\ADMIN WEB\env_boutique\Lib\site-packages\django\db\backends\postgresql\base.py", line 332, in get_new_connection
    connection = self.Database.connect(**conn_params)
  File "C:\Users\donan\Desktop\POS-PROJECT\ADMIN WEB\env_boutique\Lib\site-packages\psycopg2\__init__.py", line 135, in connect
    conn = _connect(dsn, connection_factory=connection_factory, **kwasync)
django.db.utils.OperationalError: could not translate host name "aws-1-eu-west-1.pooler.supabase.com" to address: Name or service not known

ERROR 2026-03-09 10:15:23,273 basehttp "GET /api/stores/ HTTP/1.1" 500 242175
ERROR 2026-03-09 10:15:23,329 log Internal Server Error: /api/employees/
Traceback (most recent call last):
  File "C:\Users\donan\Desktop\POS-PROJECT\ADMIN WEB\env_boutique\Lib\site-packages\django\db\backends\base\base.py", line 279, in ensure_connection
    self.connect()
    ~~~~~~~~~~~~^^
  File "C:\Users\donan\Desktop\POS-PROJECT\ADMIN WEB\env_boutique\Lib\site-packages\django\utils\asyncio.py", line 26, in inner
    return func(*args, **kwargs)
  File "C:\Users\donan\Desktop\POS-PROJECT\ADMIN WEB\env_boutique\Lib\site-packages\django\db\backends\base\base.py", line 256, in connect
    self.connection = self.get_new_connection(conn_params)
                      ~~~~~~~~~~~~~~~~~~~~~~~^^^^^^^^^^^^^
  File "C:\Users\donan\Desktop\POS-PROJECT\ADMIN WEB\env_boutique\Lib\site-packages\django\utils\asyncio.py", line 26, in inner
    return func(*args, **kwargs)
  File "C:\Users\donan\Desktop\POS-PROJECT\ADMIN WEB\env_boutique\Lib\site-packages\django\db\backends\postgresql\base.py", line 332, in get_new_connection
    connection = self.Database.connect(**conn_params)
  File "C:\Users\donan\Desktop\POS-PROJECT\ADMIN WEB\env_boutique\Lib\site-packages\psycopg2\__init__.py", line 135, in connect
    conn = _connect(dsn, connection_factory=connection_factory, **kwasync)
psycopg2.OperationalError: could not translate host name "aws-1-eu-west-1.pooler.supabase.com" to address: Name or service not known


The above exception was the direct cause of the following exception:

Traceback (most recent call last):
  File "C:\Users\donan\Desktop\POS-PROJECT\ADMIN WEB\env_boutique\Lib\site-packages\django\core\handlers\exception.py", line 55, in inner
    response = get_response(request)
  File "C:\Users\donan\Desktop\POS-PROJECT\ADMIN WEB\env_boutique\Lib\site-packages\django\core\handlers\base.py", line 197, in _get_response
    response = wrapped_callback(request, *callback_args, **callback_kwargs)
  File "C:\Users\donan\Desktop\POS-PROJECT\ADMIN WEB\env_boutique\Lib\site-packages\django\views\decorators\csrf.py", line 65, in _view_wrapper
    return view_func(request, *args, **kwargs)
  File "C:\Users\donan\Desktop\POS-PROJECT\ADMIN WEB\env_boutique\Lib\site-packages\rest_framework\viewsets.py", line 125, in view
    return self.dispatch(request, *args, **kwargs)
           ~~~~~~~~~~~~~^^^^^^^^^^^^^^^^^^^^^^^^^^
  File "C:\Users\donan\Desktop\POS-PROJECT\ADMIN WEB\env_boutique\Lib\site-packages\rest_framework\views.py", line 515, in dispatch
    response = self.handle_exception(exc)
  File "C:\Users\donan\Desktop\POS-PROJECT\ADMIN WEB\env_boutique\Lib\site-packages\rest_framework\views.py", line 475, in handle_exception
    self.raise_uncaught_exception(exc)
    ~~~~~~~~~~~~~~~~~~~~~~~~~~~~~^^^^^
  File "C:\Users\donan\Desktop\POS-PROJECT\ADMIN WEB\env_boutique\Lib\site-packages\rest_framework\views.py", line 486, in raise_uncaught_exception
    raise exc
  File "C:\Users\donan\Desktop\POS-PROJECT\ADMIN WEB\env_boutique\Lib\site-packages\rest_framework\views.py", line 503, in dispatch
    self.initial(request, *args, **kwargs)
    ~~~~~~~~~~~~^^^^^^^^^^^^^^^^^^^^^^^^^^
  File "C:\Users\donan\Desktop\POS-PROJECT\ADMIN WEB\env_boutique\Lib\site-packages\rest_framework\views.py", line 420, in initial
    self.perform_authentication(request)
    ~~~~~~~~~~~~~~~~~~~~~~~~~~~^^^^^^^^^
  File "C:\Users\donan\Desktop\POS-PROJECT\ADMIN WEB\env_boutique\Lib\site-packages\rest_framework\views.py", line 330, in perform_authentication
    request.user
  File "C:\Users\donan\Desktop\POS-PROJECT\ADMIN WEB\env_boutique\Lib\site-packages\rest_framework\request.py", line 232, in user
    self._authenticate()
    ~~~~~~~~~~~~~~~~~~^^
  File "C:\Users\donan\Desktop\POS-PROJECT\ADMIN WEB\env_boutique\Lib\site-packages\rest_framework\request.py", line 385, in _authenticate
    user_auth_tuple = authenticator.authenticate(self)
  File "C:\Users\donan\Desktop\POS-PROJECT\ADMIN WEB\env_boutique\Lib\site-packages\rest_framework_simplejwt\authentication.py", line 51, in authenticate
    return self.get_user(validated_token), validated_token
           ~~~~~~~~~~~~~^^^^^^^^^^^^^^^^^
  File "C:\Users\donan\Desktop\POS-PROJECT\ADMIN WEB\env_boutique\Lib\site-packages\rest_framework_simplejwt\authentication.py", line 132, in get_user
    user = self.user_model.objects.get(**{api_settings.USER_ID_FIELD: user_id})
  File "C:\Users\donan\Desktop\POS-PROJECT\ADMIN WEB\env_boutique\Lib\site-packages\django\db\models\manager.py", line 87, in manager_method
    return getattr(self.get_queryset(), name)(*args, **kwargs)
           ~~~~~~~~~~~~~~~~~~~~~~~~~~~~~~~~~~^^^^^^^^^^^^^^^^^
  File "C:\Users\donan\Desktop\POS-PROJECT\ADMIN WEB\env_boutique\Lib\site-packages\django\db\models\query.py", line 629, in get
    num = len(clone)
  File "C:\Users\donan\Desktop\POS-PROJECT\ADMIN WEB\env_boutique\Lib\site-packages\django\db\models\query.py", line 366, in __len__
    self._fetch_all()
    ~~~~~~~~~~~~~~~^^
  File "C:\Users\donan\Desktop\POS-PROJECT\ADMIN WEB\env_boutique\Lib\site-packages\django\db\models\query.py", line 1949, in _fetch_all
    self._result_cache = list(self._iterable_class(self))
                         ~~~~^^^^^^^^^^^^^^^^^^^^^^^^^^^^
  File "C:\Users\donan\Desktop\POS-PROJECT\ADMIN WEB\env_boutique\Lib\site-packages\django\db\models\query.py", line 91, in __iter__
    results = compiler.execute_sql(
        chunked_fetch=self.chunked_fetch, chunk_size=self.chunk_size
    )
  File "C:\Users\donan\Desktop\POS-PROJECT\ADMIN WEB\env_boutique\Lib\site-packages\django\db\models\sql\compiler.py", line 1621, in execute_sql
    cursor = self.connection.cursor()
  File "C:\Users\donan\Desktop\POS-PROJECT\ADMIN WEB\env_boutique\Lib\site-packages\django\utils\asyncio.py", line 26, in inner
    return func(*args, **kwargs)
  File "C:\Users\donan\Desktop\POS-PROJECT\ADMIN WEB\env_boutique\Lib\site-packages\django\db\backends\base\base.py", line 320, in cursor
    return self._cursor()
           ~~~~~~~~~~~~^^
  File "C:\Users\donan\Desktop\POS-PROJECT\ADMIN WEB\env_boutique\Lib\site-packages\django\db\backends\base\base.py", line 296, in _cursor
    self.ensure_connection()
    ~~~~~~~~~~~~~~~~~~~~~~^^
  File "C:\Users\donan\Desktop\POS-PROJECT\ADMIN WEB\env_boutique\Lib\site-packages\django\utils\asyncio.py", line 26, in inner
    return func(*args, **kwargs)
  File "C:\Users\donan\Desktop\POS-PROJECT\ADMIN WEB\env_boutique\Lib\site-packages\django\db\backends\base\base.py", line 278, in ensure_connection
    with self.wrap_database_errors:
         ^^^^^^^^^^^^^^^^^^^^^^^^^
  File "C:\Users\donan\Desktop\POS-PROJECT\ADMIN WEB\env_boutique\Lib\site-packages\django\db\utils.py", line 91, in __exit__
    raise dj_exc_value.with_traceback(traceback) from exc_value
  File "C:\Users\donan\Desktop\POS-PROJECT\ADMIN WEB\env_boutique\Lib\site-packages\django\db\backends\base\base.py", line 279, in ensure_connection
    self.connect()
    ~~~~~~~~~~~~^^
  File "C:\Users\donan\Desktop\POS-PROJECT\ADMIN WEB\env_boutique\Lib\site-packages\django\utils\asyncio.py", line 26, in inner
    return func(*args, **kwargs)
  File "C:\Users\donan\Desktop\POS-PROJECT\ADMIN WEB\env_boutique\Lib\site-packages\django\db\backends\base\base.py", line 256, in connect
    self.connection = self.get_new_connection(conn_params)
                      ~~~~~~~~~~~~~~~~~~~~~~~^^^^^^^^^^^^^
  File "C:\Users\donan\Desktop\POS-PROJECT\ADMIN WEB\env_boutique\Lib\site-packages\django\utils\asyncio.py", line 26, in inner
    return func(*args, **kwargs)
  File "C:\Users\donan\Desktop\POS-PROJECT\ADMIN WEB\env_boutique\Lib\site-packages\django\db\backends\postgresql\base.py", line 332, in get_new_connection
    connection = self.Database.connect(**conn_params)
  File "C:\Users\donan\Desktop\POS-PROJECT\ADMIN WEB\env_boutique\Lib\site-packages\psycopg2\__init__.py", line 135, in connect
    conn = _connect(dsn, connection_factory=connection_factory, **kwasync)
django.db.utils.OperationalError: could not translate host name "aws-1-eu-west-1.pooler.supabase.com" to address: Name or service not known

ERROR 2026-03-09 10:15:23,350 basehttp "GET /api/employees/ HTTP/1.1" 500 242280
ERROR 2026-03-09 10:15:23,410 log Internal Server Error: /api/sales/
Traceback (most recent call last):
  File "C:\Users\donan\Desktop\POS-PROJECT\ADMIN WEB\env_boutique\Lib\site-packages\django\db\backends\base\base.py", line 279, in ensure_connection
    self.connect()
    ~~~~~~~~~~~~^^
  File "C:\Users\donan\Desktop\POS-PROJECT\ADMIN WEB\env_boutique\Lib\site-packages\django\utils\asyncio.py", line 26, in inner
    return func(*args, **kwargs)
  File "C:\Users\donan\Desktop\POS-PROJECT\ADMIN WEB\env_boutique\Lib\site-packages\django\db\backends\base\base.py", line 256, in connect
    self.connection = self.get_new_connection(conn_params)
                      ~~~~~~~~~~~~~~~~~~~~~~~^^^^^^^^^^^^^
  File "C:\Users\donan\Desktop\POS-PROJECT\ADMIN WEB\env_boutique\Lib\site-packages\django\utils\asyncio.py", line 26, in inner
    return func(*args, **kwargs)
  File "C:\Users\donan\Desktop\POS-PROJECT\ADMIN WEB\env_boutique\Lib\site-packages\django\db\backends\postgresql\base.py", line 332, in get_new_connection
    connection = self.Database.connect(**conn_params)
  File "C:\Users\donan\Desktop\POS-PROJECT\ADMIN WEB\env_boutique\Lib\site-packages\psycopg2\__init__.py", line 135, in connect
    conn = _connect(dsn, connection_factory=connection_factory, **kwasync)
psycopg2.OperationalError: could not translate host name "aws-1-eu-west-1.pooler.supabase.com" to address: Name or service not known


The above exception was the direct cause of the following exception:

Traceback (most recent call last):
  File "C:\Users\donan\Desktop\POS-PROJECT\ADMIN WEB\env_boutique\Lib\site-packages\django\core\handlers\exception.py", line 55, in inner
    response = get_response(request)
  File "C:\Users\donan\Desktop\POS-PROJECT\ADMIN WEB\env_boutique\Lib\site-packages\django\core\handlers\base.py", line 197, in _get_response
    response = wrapped_callback(request, *callback_args, **callback_kwargs)
  File "C:\Users\donan\Desktop\POS-PROJECT\ADMIN WEB\env_boutique\Lib\site-packages\django\views\decorators\csrf.py", line 65, in _view_wrapper
    return view_func(request, *args, **kwargs)
  File "C:\Users\donan\Desktop\POS-PROJECT\ADMIN WEB\env_boutique\Lib\site-packages\rest_framework\viewsets.py", line 125, in view
    return self.dispatch(request, *args, **kwargs)
           ~~~~~~~~~~~~~^^^^^^^^^^^^^^^^^^^^^^^^^^
  File "C:\Users\donan\Desktop\POS-PROJECT\ADMIN WEB\env_boutique\Lib\site-packages\rest_framework\views.py", line 515, in dispatch
    response = self.handle_exception(exc)
  File "C:\Users\donan\Desktop\POS-PROJECT\ADMIN WEB\env_boutique\Lib\site-packages\rest_framework\views.py", line 475, in handle_exception
    self.raise_uncaught_exception(exc)
    ~~~~~~~~~~~~~~~~~~~~~~~~~~~~~^^^^^
  File "C:\Users\donan\Desktop\POS-PROJECT\ADMIN WEB\env_boutique\Lib\site-packages\rest_framework\views.py", line 486, in raise_uncaught_exception
    raise exc
  File "C:\Users\donan\Desktop\POS-PROJECT\ADMIN WEB\env_boutique\Lib\site-packages\rest_framework\views.py", line 503, in dispatch
    self.initial(request, *args, **kwargs)
    ~~~~~~~~~~~~^^^^^^^^^^^^^^^^^^^^^^^^^^
  File "C:\Users\donan\Desktop\POS-PROJECT\ADMIN WEB\env_boutique\Lib\site-packages\rest_framework\views.py", line 420, in initial
    self.perform_authentication(request)
    ~~~~~~~~~~~~~~~~~~~~~~~~~~~^^^^^^^^^
  File "C:\Users\donan\Desktop\POS-PROJECT\ADMIN WEB\env_boutique\Lib\site-packages\rest_framework\views.py", line 330, in perform_authentication
    request.user
  File "C:\Users\donan\Desktop\POS-PROJECT\ADMIN WEB\env_boutique\Lib\site-packages\rest_framework\request.py", line 232, in user
    self._authenticate()
    ~~~~~~~~~~~~~~~~~~^^
  File "C:\Users\donan\Desktop\POS-PROJECT\ADMIN WEB\env_boutique\Lib\site-packages\rest_framework\request.py", line 385, in _authenticate
    user_auth_tuple = authenticator.authenticate(self)
  File "C:\Users\donan\Desktop\POS-PROJECT\ADMIN WEB\env_boutique\Lib\site-packages\rest_framework_simplejwt\authentication.py", line 51, in authenticate
    return self.get_user(validated_token), validated_token
           ~~~~~~~~~~~~~^^^^^^^^^^^^^^^^^
  File "C:\Users\donan\Desktop\POS-PROJECT\ADMIN WEB\env_boutique\Lib\site-packages\rest_framework_simplejwt\authentication.py", line 132, in get_user
    user = self.user_model.objects.get(**{api_settings.USER_ID_FIELD: user_id})
  File "C:\Users\donan\Desktop\POS-PROJECT\ADMIN WEB\env_boutique\Lib\site-packages\django\db\models\manager.py", line 87, in manager_method
    return getattr(self.get_queryset(), name)(*args, **kwargs)
           ~~~~~~~~~~~~~~~~~~~~~~~~~~~~~~~~~~^^^^^^^^^^^^^^^^^
  File "C:\Users\donan\Desktop\POS-PROJECT\ADMIN WEB\env_boutique\Lib\site-packages\django\db\models\query.py", line 629, in get
    num = len(clone)
  File "C:\Users\donan\Desktop\POS-PROJECT\ADMIN WEB\env_boutique\Lib\site-packages\django\db\models\query.py", line 366, in __len__
    self._fetch_all()
    ~~~~~~~~~~~~~~~^^
  File "C:\Users\donan\Desktop\POS-PROJECT\ADMIN WEB\env_boutique\Lib\site-packages\django\db\models\query.py", line 1949, in _fetch_all
    self._result_cache = list(self._iterable_class(self))
                         ~~~~^^^^^^^^^^^^^^^^^^^^^^^^^^^^
  File "C:\Users\donan\Desktop\POS-PROJECT\ADMIN WEB\env_boutique\Lib\site-packages\django\db\models\query.py", line 91, in __iter__
    results = compiler.execute_sql(
        chunked_fetch=self.chunked_fetch, chunk_size=self.chunk_size
    )
  File "C:\Users\donan\Desktop\POS-PROJECT\ADMIN WEB\env_boutique\Lib\site-packages\django\db\models\sql\compiler.py", line 1621, in execute_sql
    cursor = self.connection.cursor()
  File "C:\Users\donan\Desktop\POS-PROJECT\ADMIN WEB\env_boutique\Lib\site-packages\django\utils\asyncio.py", line 26, in inner
    return func(*args, **kwargs)
  File "C:\Users\donan\Desktop\POS-PROJECT\ADMIN WEB\env_boutique\Lib\site-packages\django\db\backends\base\base.py", line 320, in cursor
    return self._cursor()
           ~~~~~~~~~~~~^^
  File "C:\Users\donan\Desktop\POS-PROJECT\ADMIN WEB\env_boutique\Lib\site-packages\django\db\backends\base\base.py", line 296, in _cursor
    self.ensure_connection()
    ~~~~~~~~~~~~~~~~~~~~~~^^
  File "C:\Users\donan\Desktop\POS-PROJECT\ADMIN WEB\env_boutique\Lib\site-packages\django\utils\asyncio.py", line 26, in inner
    return func(*args, **kwargs)
  File "C:\Users\donan\Desktop\POS-PROJECT\ADMIN WEB\env_boutique\Lib\site-packages\django\db\backends\base\base.py", line 278, in ensure_connection
    with self.wrap_database_errors:
         ^^^^^^^^^^^^^^^^^^^^^^^^^
  File "C:\Users\donan\Desktop\POS-PROJECT\ADMIN WEB\env_boutique\Lib\site-packages\django\db\utils.py", line 91, in __exit__
    raise dj_exc_value.with_traceback(traceback) from exc_value
  File "C:\Users\donan\Desktop\POS-PROJECT\ADMIN WEB\env_boutique\Lib\site-packages\django\db\backends\base\base.py", line 279, in ensure_connection
    self.connect()
    ~~~~~~~~~~~~^^
  File "C:\Users\donan\Desktop\POS-PROJECT\ADMIN WEB\env_boutique\Lib\site-packages\django\utils\asyncio.py", line 26, in inner
    return func(*args, **kwargs)
  File "C:\Users\donan\Desktop\POS-PROJECT\ADMIN WEB\env_boutique\Lib\site-packages\django\db\backends\base\base.py", line 256, in connect
    self.connection = self.get_new_connection(conn_params)
                      ~~~~~~~~~~~~~~~~~~~~~~~^^^^^^^^^^^^^
  File "C:\Users\donan\Desktop\POS-PROJECT\ADMIN WEB\env_boutique\Lib\site-packages\django\utils\asyncio.py", line 26, in inner
    return func(*args, **kwargs)
  File "C:\Users\donan\Desktop\POS-PROJECT\ADMIN WEB\env_boutique\Lib\site-packages\django\db\backends\postgresql\base.py", line 332, in get_new_connection
    connection = self.Database.connect(**conn_params)
  File "C:\Users\donan\Desktop\POS-PROJECT\ADMIN WEB\env_boutique\Lib\site-packages\psycopg2\__init__.py", line 135, in connect
    conn = _connect(dsn, connection_factory=connection_factory, **kwasync)
django.db.utils.OperationalError: could not translate host name "aws-1-eu-west-1.pooler.supabase.com" to address: Name or service not known

ERROR 2026-03-09 10:15:23,429 basehttp "GET /api/sales/ HTTP/1.1" 500 242140
ERROR 2026-03-09 10:15:23,499 log Internal Server Error: /api/products/
Traceback (most recent call last):
  File "C:\Users\donan\Desktop\POS-PROJECT\ADMIN WEB\env_boutique\Lib\site-packages\django\db\backends\base\base.py", line 279, in ensure_connection
    self.connect()
    ~~~~~~~~~~~~^^
  File "C:\Users\donan\Desktop\POS-PROJECT\ADMIN WEB\env_boutique\Lib\site-packages\django\utils\asyncio.py", line 26, in inner
    return func(*args, **kwargs)
  File "C:\Users\donan\Desktop\POS-PROJECT\ADMIN WEB\env_boutique\Lib\site-packages\django\db\backends\base\base.py", line 256, in connect
    self.connection = self.get_new_connection(conn_params)
                      ~~~~~~~~~~~~~~~~~~~~~~~^^^^^^^^^^^^^
  File "C:\Users\donan\Desktop\POS-PROJECT\ADMIN WEB\env_boutique\Lib\site-packages\django\utils\asyncio.py", line 26, in inner
    return func(*args, **kwargs)
  File "C:\Users\donan\Desktop\POS-PROJECT\ADMIN WEB\env_boutique\Lib\site-packages\django\db\backends\postgresql\base.py", line 332, in get_new_connection
    connection = self.Database.connect(**conn_params)
  File "C:\Users\donan\Desktop\POS-PROJECT\ADMIN WEB\env_boutique\Lib\site-packages\psycopg2\__init__.py", line 135, in connect
    conn = _connect(dsn, connection_factory=connection_factory, **kwasync)
psycopg2.OperationalError: could not translate host name "aws-1-eu-west-1.pooler.supabase.com" to address: Name or service not known


The above exception was the direct cause of the following exception:

Traceback (most recent call last):
  File "C:\Users\donan\Desktop\POS-PROJECT\ADMIN WEB\env_boutique\Lib\site-packages\django\core\handlers\exception.py", line 55, in inner
    response = get_response(request)
  File "C:\Users\donan\Desktop\POS-PROJECT\ADMIN WEB\env_boutique\Lib\site-packages\django\core\handlers\base.py", line 197, in _get_response
    response = wrapped_callback(request, *callback_args, **callback_kwargs)
  File "C:\Users\donan\Desktop\POS-PROJECT\ADMIN WEB\env_boutique\Lib\site-packages\django\views\decorators\csrf.py", line 65, in _view_wrapper
    return view_func(request, *args, **kwargs)
  File "C:\Users\donan\Desktop\POS-PROJECT\ADMIN WEB\env_boutique\Lib\site-packages\rest_framework\viewsets.py", line 125, in view
    return self.dispatch(request, *args, **kwargs)
           ~~~~~~~~~~~~~^^^^^^^^^^^^^^^^^^^^^^^^^^
  File "C:\Users\donan\Desktop\POS-PROJECT\ADMIN WEB\env_boutique\Lib\site-packages\rest_framework\views.py", line 515, in dispatch
    response = self.handle_exception(exc)
  File "C:\Users\donan\Desktop\POS-PROJECT\ADMIN WEB\env_boutique\Lib\site-packages\rest_framework\views.py", line 475, in handle_exception
    self.raise_uncaught_exception(exc)
    ~~~~~~~~~~~~~~~~~~~~~~~~~~~~~^^^^^
  File "C:\Users\donan\Desktop\POS-PROJECT\ADMIN WEB\env_boutique\Lib\site-packages\rest_framework\views.py", line 486, in raise_uncaught_exception
    raise exc
  File "C:\Users\donan\Desktop\POS-PROJECT\ADMIN WEB\env_boutique\Lib\site-packages\rest_framework\views.py", line 503, in dispatch
    self.initial(request, *args, **kwargs)
    ~~~~~~~~~~~~^^^^^^^^^^^^^^^^^^^^^^^^^^
  File "C:\Users\donan\Desktop\POS-PROJECT\ADMIN WEB\env_boutique\Lib\site-packages\rest_framework\views.py", line 420, in initial
    self.perform_authentication(request)
    ~~~~~~~~~~~~~~~~~~~~~~~~~~~^^^^^^^^^
  File "C:\Users\donan\Desktop\POS-PROJECT\ADMIN WEB\env_boutique\Lib\site-packages\rest_framework\views.py", line 330, in perform_authentication
    request.user
  File "C:\Users\donan\Desktop\POS-PROJECT\ADMIN WEB\env_boutique\Lib\site-packages\rest_framework\request.py", line 232, in user
    self._authenticate()
    ~~~~~~~~~~~~~~~~~~^^
  File "C:\Users\donan\Desktop\POS-PROJECT\ADMIN WEB\env_boutique\Lib\site-packages\rest_framework\request.py", line 385, in _authenticate
    user_auth_tuple = authenticator.authenticate(self)
  File "C:\Users\donan\Desktop\POS-PROJECT\ADMIN WEB\env_boutique\Lib\site-packages\rest_framework_simplejwt\authentication.py", line 51, in authenticate
    return self.get_user(validated_token), validated_token
           ~~~~~~~~~~~~~^^^^^^^^^^^^^^^^^
  File "C:\Users\donan\Desktop\POS-PROJECT\ADMIN WEB\env_boutique\Lib\site-packages\rest_framework_simplejwt\authentication.py", line 132, in get_user
    user = self.user_model.objects.get(**{api_settings.USER_ID_FIELD: user_id})
  File "C:\Users\donan\Desktop\POS-PROJECT\ADMIN WEB\env_boutique\Lib\site-packages\django\db\models\manager.py", line 87, in manager_method
    return getattr(self.get_queryset(), name)(*args, **kwargs)
           ~~~~~~~~~~~~~~~~~~~~~~~~~~~~~~~~~~^^^^^^^^^^^^^^^^^
  File "C:\Users\donan\Desktop\POS-PROJECT\ADMIN WEB\env_boutique\Lib\site-packages\django\db\models\query.py", line 629, in get
    num = len(clone)
  File "C:\Users\donan\Desktop\POS-PROJECT\ADMIN WEB\env_boutique\Lib\site-packages\django\db\models\query.py", line 366, in __len__
    self._fetch_all()
    ~~~~~~~~~~~~~~~^^
  File "C:\Users\donan\Desktop\POS-PROJECT\ADMIN WEB\env_boutique\Lib\site-packages\django\db\models\query.py", line 1949, in _fetch_all
    self._result_cache = list(self._iterable_class(self))
                         ~~~~^^^^^^^^^^^^^^^^^^^^^^^^^^^^
  File "C:\Users\donan\Desktop\POS-PROJECT\ADMIN WEB\env_boutique\Lib\site-packages\django\db\models\query.py", line 91, in __iter__
    results = compiler.execute_sql(
        chunked_fetch=self.chunked_fetch, chunk_size=self.chunk_size
    )
  File "C:\Users\donan\Desktop\POS-PROJECT\ADMIN WEB\env_boutique\Lib\site-packages\django\db\models\sql\compiler.py", line 1621, in execute_sql
    cursor = self.connection.cursor()
  File "C:\Users\donan\Desktop\POS-PROJECT\ADMIN WEB\env_boutique\Lib\site-packages\django\utils\asyncio.py", line 26, in inner
    return func(*args, **kwargs)
  File "C:\Users\donan\Desktop\POS-PROJECT\ADMIN WEB\env_boutique\Lib\site-packages\django\db\backends\base\base.py", line 320, in cursor
    return self._cursor()
           ~~~~~~~~~~~~^^
  File "C:\Users\donan\Desktop\POS-PROJECT\ADMIN WEB\env_boutique\Lib\site-packages\django\db\backends\base\base.py", line 296, in _cursor
    self.ensure_connection()
    ~~~~~~~~~~~~~~~~~~~~~~^^
  File "C:\Users\donan\Desktop\POS-PROJECT\ADMIN WEB\env_boutique\Lib\site-packages\django\utils\asyncio.py", line 26, in inner
    return func(*args, **kwargs)
  File "C:\Users\donan\Desktop\POS-PROJECT\ADMIN WEB\env_boutique\Lib\site-packages\django\db\backends\base\base.py", line 278, in ensure_connection
    with self.wrap_database_errors:
         ^^^^^^^^^^^^^^^^^^^^^^^^^
  File "C:\Users\donan\Desktop\POS-PROJECT\ADMIN WEB\env_boutique\Lib\site-packages\django\db\utils.py", line 91, in __exit__
    raise dj_exc_value.with_traceback(traceback) from exc_value
  File "C:\Users\donan\Desktop\POS-PROJECT\ADMIN WEB\env_boutique\Lib\site-packages\django\db\backends\base\base.py", line 279, in ensure_connection
    self.connect()
    ~~~~~~~~~~~~^^
  File "C:\Users\donan\Desktop\POS-PROJECT\ADMIN WEB\env_boutique\Lib\site-packages\django\utils\asyncio.py", line 26, in inner
    return func(*args, **kwargs)
  File "C:\Users\donan\Desktop\POS-PROJECT\ADMIN WEB\env_boutique\Lib\site-packages\django\db\backends\base\base.py", line 256, in connect
    self.connection = self.get_new_connection(conn_params)
                      ~~~~~~~~~~~~~~~~~~~~~~~^^^^^^^^^^^^^
  File "C:\Users\donan\Desktop\POS-PROJECT\ADMIN WEB\env_boutique\Lib\site-packages\django\utils\asyncio.py", line 26, in inner
    return func(*args, **kwargs)
  File "C:\Users\donan\Desktop\POS-PROJECT\ADMIN WEB\env_boutique\Lib\site-packages\django\db\backends\postgresql\base.py", line 332, in get_new_connection
    connection = self.Database.connect(**conn_params)
  File "C:\Users\donan\Desktop\POS-PROJECT\ADMIN WEB\env_boutique\Lib\site-packages\psycopg2\__init__.py", line 135, in connect
    conn = _connect(dsn, connection_factory=connection_factory, **kwasync)
django.db.utils.OperationalError: could not translate host name "aws-1-eu-west-1.pooler.supabase.com" to address: Name or service not known

ERROR 2026-03-09 10:15:23,522 basehttp "GET /api/products/ HTTP/1.1" 500 242245
ERROR 2026-03-09 10:15:23,611 log Internal Server Error: /api/orders/
Traceback (most recent call last):
  File "C:\Users\donan\Desktop\POS-PROJECT\ADMIN WEB\env_boutique\Lib\site-packages\django\db\backends\base\base.py", line 279, in ensure_connection
    self.connect()
    ~~~~~~~~~~~~^^
  File "C:\Users\donan\Desktop\POS-PROJECT\ADMIN WEB\env_boutique\Lib\site-packages\django\utils\asyncio.py", line 26, in inner
    return func(*args, **kwargs)
  File "C:\Users\donan\Desktop\POS-PROJECT\ADMIN WEB\env_boutique\Lib\site-packages\django\db\backends\base\base.py", line 256, in connect
    self.connection = self.get_new_connection(conn_params)
                      ~~~~~~~~~~~~~~~~~~~~~~~^^^^^^^^^^^^^
  File "C:\Users\donan\Desktop\POS-PROJECT\ADMIN WEB\env_boutique\Lib\site-packages\django\utils\asyncio.py", line 26, in inner
    return func(*args, **kwargs)
  File "C:\Users\donan\Desktop\POS-PROJECT\ADMIN WEB\env_boutique\Lib\site-packages\django\db\backends\postgresql\base.py", line 332, in get_new_connection
    connection = self.Database.connect(**conn_params)
  File "C:\Users\donan\Desktop\POS-PROJECT\ADMIN WEB\env_boutique\Lib\site-packages\psycopg2\__init__.py", line 135, in connect
    conn = _connect(dsn, connection_factory=connection_factory, **kwasync)
psycopg2.OperationalError: could not translate host name "aws-1-eu-west-1.pooler.supabase.com" to address: Name or service not known


The above exception was the direct cause of the following exception:

Traceback (most recent call last):
  File "C:\Users\donan\Desktop\POS-PROJECT\ADMIN WEB\env_boutique\Lib\site-packages\django\core\handlers\exception.py", line 55, in inner
    response = get_response(request)
  File "C:\Users\donan\Desktop\POS-PROJECT\ADMIN WEB\env_boutique\Lib\site-packages\django\core\handlers\base.py", line 197, in _get_response
    response = wrapped_callback(request, *callback_args, **callback_kwargs)
  File "C:\Users\donan\Desktop\POS-PROJECT\ADMIN WEB\env_boutique\Lib\site-packages\django\views\decorators\csrf.py", line 65, in _view_wrapper
    return view_func(request, *args, **kwargs)
  File "C:\Users\donan\Desktop\POS-PROJECT\ADMIN WEB\env_boutique\Lib\site-packages\rest_framework\viewsets.py", line 125, in view
    return self.dispatch(request, *args, **kwargs)
           ~~~~~~~~~~~~~^^^^^^^^^^^^^^^^^^^^^^^^^^
  File "C:\Users\donan\Desktop\POS-PROJECT\ADMIN WEB\env_boutique\Lib\site-packages\rest_framework\views.py", line 515, in dispatch
    response = self.handle_exception(exc)
  File "C:\Users\donan\Desktop\POS-PROJECT\ADMIN WEB\env_boutique\Lib\site-packages\rest_framework\views.py", line 475, in handle_exception
    self.raise_uncaught_exception(exc)
    ~~~~~~~~~~~~~~~~~~~~~~~~~~~~~^^^^^
  File "C:\Users\donan\Desktop\POS-PROJECT\ADMIN WEB\env_boutique\Lib\site-packages\rest_framework\views.py", line 486, in raise_uncaught_exception
    raise exc
  File "C:\Users\donan\Desktop\POS-PROJECT\ADMIN WEB\env_boutique\Lib\site-packages\rest_framework\views.py", line 503, in dispatch
    self.initial(request, *args, **kwargs)
    ~~~~~~~~~~~~^^^^^^^^^^^^^^^^^^^^^^^^^^
  File "C:\Users\donan\Desktop\POS-PROJECT\ADMIN WEB\env_boutique\Lib\site-packages\rest_framework\views.py", line 420, in initial
    self.perform_authentication(request)
    ~~~~~~~~~~~~~~~~~~~~~~~~~~~^^^^^^^^^
  File "C:\Users\donan\Desktop\POS-PROJECT\ADMIN WEB\env_boutique\Lib\site-packages\rest_framework\views.py", line 330, in perform_authentication
    request.user
  File "C:\Users\donan\Desktop\POS-PROJECT\ADMIN WEB\env_boutique\Lib\site-packages\rest_framework\request.py", line 232, in user
    self._authenticate()
    ~~~~~~~~~~~~~~~~~~^^
  File "C:\Users\donan\Desktop\POS-PROJECT\ADMIN WEB\env_boutique\Lib\site-packages\rest_framework\request.py", line 385, in _authenticate
    user_auth_tuple = authenticator.authenticate(self)
  File "C:\Users\donan\Desktop\POS-PROJECT\ADMIN WEB\env_boutique\Lib\site-packages\rest_framework_simplejwt\authentication.py", line 51, in authenticate
    return self.get_user(validated_token), validated_token
           ~~~~~~~~~~~~~^^^^^^^^^^^^^^^^^
  File "C:\Users\donan\Desktop\POS-PROJECT\ADMIN WEB\env_boutique\Lib\site-packages\rest_framework_simplejwt\authentication.py", line 132, in get_user
    user = self.user_model.objects.get(**{api_settings.USER_ID_FIELD: user_id})
  File "C:\Users\donan\Desktop\POS-PROJECT\ADMIN WEB\env_boutique\Lib\site-packages\django\db\models\manager.py", line 87, in manager_method
    return getattr(self.get_queryset(), name)(*args, **kwargs)
           ~~~~~~~~~~~~~~~~~~~~~~~~~~~~~~~~~~^^^^^^^^^^^^^^^^^
  File "C:\Users\donan\Desktop\POS-PROJECT\ADMIN WEB\env_boutique\Lib\site-packages\django\db\models\query.py", line 629, in get
    num = len(clone)
  File "C:\Users\donan\Desktop\POS-PROJECT\ADMIN WEB\env_boutique\Lib\site-packages\django\db\models\query.py", line 366, in __len__
    self._fetch_all()
    ~~~~~~~~~~~~~~~^^
  File "C:\Users\donan\Desktop\POS-PROJECT\ADMIN WEB\env_boutique\Lib\site-packages\django\db\models\query.py", line 1949, in _fetch_all
    self._result_cache = list(self._iterable_class(self))
                         ~~~~^^^^^^^^^^^^^^^^^^^^^^^^^^^^
  File "C:\Users\donan\Desktop\POS-PROJECT\ADMIN WEB\env_boutique\Lib\site-packages\django\db\models\query.py", line 91, in __iter__
    results = compiler.execute_sql(
        chunked_fetch=self.chunked_fetch, chunk_size=self.chunk_size
    )
  File "C:\Users\donan\Desktop\POS-PROJECT\ADMIN WEB\env_boutique\Lib\site-packages\django\db\models\sql\compiler.py", line 1621, in execute_sql
    cursor = self.connection.cursor()
  File "C:\Users\donan\Desktop\POS-PROJECT\ADMIN WEB\env_boutique\Lib\site-packages\django\utils\asyncio.py", line 26, in inner
    return func(*args, **kwargs)
  File "C:\Users\donan\Desktop\POS-PROJECT\ADMIN WEB\env_boutique\Lib\site-packages\django\db\backends\base\base.py", line 320, in cursor
    return self._cursor()
           ~~~~~~~~~~~~^^
  File "C:\Users\donan\Desktop\POS-PROJECT\ADMIN WEB\env_boutique\Lib\site-packages\django\db\backends\base\base.py", line 296, in _cursor
    self.ensure_connection()
    ~~~~~~~~~~~~~~~~~~~~~~^^
  File "C:\Users\donan\Desktop\POS-PROJECT\ADMIN WEB\env_boutique\Lib\site-packages\django\utils\asyncio.py", line 26, in inner
    return func(*args, **kwargs)
  File "C:\Users\donan\Desktop\POS-PROJECT\ADMIN WEB\env_boutique\Lib\site-packages\django\db\backends\base\base.py", line 278, in ensure_connection
    with self.wrap_database_errors:
         ^^^^^^^^^^^^^^^^^^^^^^^^^
  File "C:\Users\donan\Desktop\POS-PROJECT\ADMIN WEB\env_boutique\Lib\site-packages\django\db\utils.py", line 91, in __exit__
    raise dj_exc_value.with_traceback(traceback) from exc_value
  File "C:\Users\donan\Desktop\POS-PROJECT\ADMIN WEB\env_boutique\Lib\site-packages\django\db\backends\base\base.py", line 279, in ensure_connection
    self.connect()
    ~~~~~~~~~~~~^^
  File "C:\Users\donan\Desktop\POS-PROJECT\ADMIN WEB\env_boutique\Lib\site-packages\django\utils\asyncio.py", line 26, in inner
    return func(*args, **kwargs)
  File "C:\Users\donan\Desktop\POS-PROJECT\ADMIN WEB\env_boutique\Lib\site-packages\django\db\backends\base\base.py", line 256, in connect
    self.connection = self.get_new_connection(conn_params)
                      ~~~~~~~~~~~~~~~~~~~~~~~^^^^^^^^^^^^^
  File "C:\Users\donan\Desktop\POS-PROJECT\ADMIN WEB\env_boutique\Lib\site-packages\django\utils\asyncio.py", line 26, in inner
    return func(*args, **kwargs)
  File "C:\Users\donan\Desktop\POS-PROJECT\ADMIN WEB\env_boutique\Lib\site-packages\django\db\backends\postgresql\base.py", line 332, in get_new_connection
    connection = self.Database.connect(**conn_params)
  File "C:\Users\donan\Desktop\POS-PROJECT\ADMIN WEB\env_boutique\Lib\site-packages\psycopg2\__init__.py", line 135, in connect
    conn = _connect(dsn, connection_factory=connection_factory, **kwasync)
django.db.utils.OperationalError: could not translate host name "aws-1-eu-west-1.pooler.supabase.com" to address: Name or service not known

ERROR 2026-03-09 10:15:23,650 log Internal Server Error: /api/stores/
Traceback (most recent call last):
  File "C:\Users\donan\Desktop\POS-PROJECT\ADMIN WEB\env_boutique\Lib\site-packages\django\db\backends\base\base.py", line 279, in ensure_connection
    self.connect()
    ~~~~~~~~~~~~^^
  File "C:\Users\donan\Desktop\POS-PROJECT\ADMIN WEB\env_boutique\Lib\site-packages\django\utils\asyncio.py", line 26, in inner
    return func(*args, **kwargs)
  File "C:\Users\donan\Desktop\POS-PROJECT\ADMIN WEB\env_boutique\Lib\site-packages\django\db\backends\base\base.py", line 256, in connect
    self.connection = self.get_new_connection(conn_params)
                      ~~~~~~~~~~~~~~~~~~~~~~~^^^^^^^^^^^^^
  File "C:\Users\donan\Desktop\POS-PROJECT\ADMIN WEB\env_boutique\Lib\site-packages\django\utils\asyncio.py", line 26, in inner
    return func(*args, **kwargs)
  File "C:\Users\donan\Desktop\POS-PROJECT\ADMIN WEB\env_boutique\Lib\site-packages\django\db\backends\postgresql\base.py", line 332, in get_new_connection
    connection = self.Database.connect(**conn_params)
  File "C:\Users\donan\Desktop\POS-PROJECT\ADMIN WEB\env_boutique\Lib\site-packages\psycopg2\__init__.py", line 135, in connect
    conn = _connect(dsn, connection_factory=connection_factory, **kwasync)
psycopg2.OperationalError: could not translate host name "aws-1-eu-west-1.pooler.supabase.com" to address: Name or service not known


The above exception was the direct cause of the following exception:

Traceback (most recent call last):
  File "C:\Users\donan\Desktop\POS-PROJECT\ADMIN WEB\env_boutique\Lib\site-packages\django\core\handlers\exception.py", line 55, in inner
    response = get_response(request)
  File "C:\Users\donan\Desktop\POS-PROJECT\ADMIN WEB\env_boutique\Lib\site-packages\django\core\handlers\base.py", line 197, in _get_response
    response = wrapped_callback(request, *callback_args, **callback_kwargs)
  File "C:\Users\donan\Desktop\POS-PROJECT\ADMIN WEB\env_boutique\Lib\site-packages\django\views\decorators\csrf.py", line 65, in _view_wrapper
    return view_func(request, *args, **kwargs)
  File "C:\Users\donan\Desktop\POS-PROJECT\ADMIN WEB\env_boutique\Lib\site-packages\rest_framework\viewsets.py", line 125, in view
    return self.dispatch(request, *args, **kwargs)
           ~~~~~~~~~~~~~^^^^^^^^^^^^^^^^^^^^^^^^^^
  File "C:\Users\donan\Desktop\POS-PROJECT\ADMIN WEB\env_boutique\Lib\site-packages\rest_framework\views.py", line 515, in dispatch
    response = self.handle_exception(exc)
  File "C:\Users\donan\Desktop\POS-PROJECT\ADMIN WEB\env_boutique\Lib\site-packages\rest_framework\views.py", line 475, in handle_exception
    self.raise_uncaught_exception(exc)
    ~~~~~~~~~~~~~~~~~~~~~~~~~~~~~^^^^^
  File "C:\Users\donan\Desktop\POS-PROJECT\ADMIN WEB\env_boutique\Lib\site-packages\rest_framework\views.py", line 486, in raise_uncaught_exception
    raise exc
  File "C:\Users\donan\Desktop\POS-PROJECT\ADMIN WEB\env_boutique\Lib\site-packages\rest_framework\views.py", line 503, in dispatch
    self.initial(request, *args, **kwargs)
    ~~~~~~~~~~~~^^^^^^^^^^^^^^^^^^^^^^^^^^
  File "C:\Users\donan\Desktop\POS-PROJECT\ADMIN WEB\env_boutique\Lib\site-packages\rest_framework\views.py", line 420, in initial
    self.perform_authentication(request)
    ~~~~~~~~~~~~~~~~~~~~~~~~~~~^^^^^^^^^
  File "C:\Users\donan\Desktop\POS-PROJECT\ADMIN WEB\env_boutique\Lib\site-packages\rest_framework\views.py", line 330, in perform_authentication
    request.user
  File "C:\Users\donan\Desktop\POS-PROJECT\ADMIN WEB\env_boutique\Lib\site-packages\rest_framework\request.py", line 232, in user
    self._authenticate()
    ~~~~~~~~~~~~~~~~~~^^
  File "C:\Users\donan\Desktop\POS-PROJECT\ADMIN WEB\env_boutique\Lib\site-packages\rest_framework\request.py", line 385, in _authenticate
    user_auth_tuple = authenticator.authenticate(self)
  File "C:\Users\donan\Desktop\POS-PROJECT\ADMIN WEB\env_boutique\Lib\site-packages\rest_framework_simplejwt\authentication.py", line 51, in authenticate
    return self.get_user(validated_token), validated_token
           ~~~~~~~~~~~~~^^^^^^^^^^^^^^^^^
  File "C:\Users\donan\Desktop\POS-PROJECT\ADMIN WEB\env_boutique\Lib\site-packages\rest_framework_simplejwt\authentication.py", line 132, in get_user
    user = self.user_model.objects.get(**{api_settings.USER_ID_FIELD: user_id})
  File "C:\Users\donan\Desktop\POS-PROJECT\ADMIN WEB\env_boutique\Lib\site-packages\django\db\models\manager.py", line 87, in manager_method
    return getattr(self.get_queryset(), name)(*args, **kwargs)
           ~~~~~~~~~~~~~~~~~~~~~~~~~~~~~~~~~~^^^^^^^^^^^^^^^^^
  File "C:\Users\donan\Desktop\POS-PROJECT\ADMIN WEB\env_boutique\Lib\site-packages\django\db\models\query.py", line 629, in get
    num = len(clone)
  File "C:\Users\donan\Desktop\POS-PROJECT\ADMIN WEB\env_boutique\Lib\site-packages\django\db\models\query.py", line 366, in __len__
    self._fetch_all()
    ~~~~~~~~~~~~~~~^^
  File "C:\Users\donan\Desktop\POS-PROJECT\ADMIN WEB\env_boutique\Lib\site-packages\django\db\models\query.py", line 1949, in _fetch_all
    self._result_cache = list(self._iterable_class(self))
                         ~~~~^^^^^^^^^^^^^^^^^^^^^^^^^^^^
  File "C:\Users\donan\Desktop\POS-PROJECT\ADMIN WEB\env_boutique\Lib\site-packages\django\db\models\query.py", line 91, in __iter__
    results = compiler.execute_sql(
        chunked_fetch=self.chunked_fetch, chunk_size=self.chunk_size
    )
  File "C:\Users\donan\Desktop\POS-PROJECT\ADMIN WEB\env_boutique\Lib\site-packages\django\db\models\sql\compiler.py", line 1621, in execute_sql
    cursor = self.connection.cursor()
  File "C:\Users\donan\Desktop\POS-PROJECT\ADMIN WEB\env_boutique\Lib\site-packages\django\utils\asyncio.py", line 26, in inner
    return func(*args, **kwargs)
  File "C:\Users\donan\Desktop\POS-PROJECT\ADMIN WEB\env_boutique\Lib\site-packages\django\db\backends\base\base.py", line 320, in cursor
    return self._cursor()
           ~~~~~~~~~~~~^^
  File "C:\Users\donan\Desktop\POS-PROJECT\ADMIN WEB\env_boutique\Lib\site-packages\django\db\backends\base\base.py", line 296, in _cursor
    self.ensure_connection()
    ~~~~~~~~~~~~~~~~~~~~~~^^
  File "C:\Users\donan\Desktop\POS-PROJECT\ADMIN WEB\env_boutique\Lib\site-packages\django\utils\asyncio.py", line 26, in inner
    return func(*args, **kwargs)
  File "C:\Users\donan\Desktop\POS-PROJECT\ADMIN WEB\env_boutique\Lib\site-packages\django\db\backends\base\base.py", line 278, in ensure_connection
    with self.wrap_database_errors:
         ^^^^^^^^^^^^^^^^^^^^^^^^^
  File "C:\Users\donan\Desktop\POS-PROJECT\ADMIN WEB\env_boutique\Lib\site-packages\django\db\utils.py", line 91, in __exit__
    raise dj_exc_value.with_traceback(traceback) from exc_value
  File "C:\Users\donan\Desktop\POS-PROJECT\ADMIN WEB\env_boutique\Lib\site-packages\django\db\backends\base\base.py", line 279, in ensure_connection
    self.connect()
    ~~~~~~~~~~~~^^
  File "C:\Users\donan\Desktop\POS-PROJECT\ADMIN WEB\env_boutique\Lib\site-packages\django\utils\asyncio.py", line 26, in inner
    return func(*args, **kwargs)
  File "C:\Users\donan\Desktop\POS-PROJECT\ADMIN WEB\env_boutique\Lib\site-packages\django\db\backends\base\base.py", line 256, in connect
    self.connection = self.get_new_connection(conn_params)
                      ~~~~~~~~~~~~~~~~~~~~~~~^^^^^^^^^^^^^
  File "C:\Users\donan\Desktop\POS-PROJECT\ADMIN WEB\env_boutique\Lib\site-packages\django\utils\asyncio.py", line 26, in inner
    return func(*args, **kwargs)
  File "C:\Users\donan\Desktop\POS-PROJECT\ADMIN WEB\env_boutique\Lib\site-packages\django\db\backends\postgresql\base.py", line 332, in get_new_connection
    connection = self.Database.connect(**conn_params)
  File "C:\Users\donan\Desktop\POS-PROJECT\ADMIN WEB\env_boutique\Lib\site-packages\psycopg2\__init__.py", line 135, in connect
    conn = _connect(dsn, connection_factory=connection_factory, **kwasync)
django.db.utils.OperationalError: could not translate host name "aws-1-eu-west-1.pooler.supabase.com" to address: Name or service not known

ERROR 2026-03-09 10:15:23,880 log Internal Server Error: /api/employees/
Traceback (most recent call last):
  File "C:\Users\donan\Desktop\POS-PROJECT\ADMIN WEB\env_boutique\Lib\site-packages\django\db\backends\base\base.py", line 279, in ensure_connection
    self.connect()
    ~~~~~~~~~~~~^^
  File "C:\Users\donan\Desktop\POS-PROJECT\ADMIN WEB\env_boutique\Lib\site-packages\django\utils\asyncio.py", line 26, in inner
    return func(*args, **kwargs)
  File "C:\Users\donan\Desktop\POS-PROJECT\ADMIN WEB\env_boutique\Lib\site-packages\django\db\backends\base\base.py", line 256, in connect
    self.connection = self.get_new_connection(conn_params)
                      ~~~~~~~~~~~~~~~~~~~~~~~^^^^^^^^^^^^^
  File "C:\Users\donan\Desktop\POS-PROJECT\ADMIN WEB\env_boutique\Lib\site-packages\django\utils\asyncio.py", line 26, in inner
    return func(*args, **kwargs)
  File "C:\Users\donan\Desktop\POS-PROJECT\ADMIN WEB\env_boutique\Lib\site-packages\django\db\backends\postgresql\base.py", line 332, in get_new_connection
    connection = self.Database.connect(**conn_params)
  File "C:\Users\donan\Desktop\POS-PROJECT\ADMIN WEB\env_boutique\Lib\site-packages\psycopg2\__init__.py", line 135, in connect
    conn = _connect(dsn, connection_factory=connection_factory, **kwasync)
psycopg2.OperationalError: could not translate host name "aws-1-eu-west-1.pooler.supabase.com" to address: Name or service not known


The above exception was the direct cause of the following exception:

Traceback (most recent call last):
  File "C:\Users\donan\Desktop\POS-PROJECT\ADMIN WEB\env_boutique\Lib\site-packages\django\core\handlers\exception.py", line 55, in inner
    response = get_response(request)
  File "C:\Users\donan\Desktop\POS-PROJECT\ADMIN WEB\env_boutique\Lib\site-packages\django\core\handlers\base.py", line 197, in _get_response
    response = wrapped_callback(request, *callback_args, **callback_kwargs)
  File "C:\Users\donan\Desktop\POS-PROJECT\ADMIN WEB\env_boutique\Lib\site-packages\django\views\decorators\csrf.py", line 65, in _view_wrapper
    return view_func(request, *args, **kwargs)
  File "C:\Users\donan\Desktop\POS-PROJECT\ADMIN WEB\env_boutique\Lib\site-packages\rest_framework\viewsets.py", line 125, in view
    return self.dispatch(request, *args, **kwargs)
           ~~~~~~~~~~~~~^^^^^^^^^^^^^^^^^^^^^^^^^^
  File "C:\Users\donan\Desktop\POS-PROJECT\ADMIN WEB\env_boutique\Lib\site-packages\rest_framework\views.py", line 515, in dispatch
    response = self.handle_exception(exc)
  File "C:\Users\donan\Desktop\POS-PROJECT\ADMIN WEB\env_boutique\Lib\site-packages\rest_framework\views.py", line 475, in handle_exception
    self.raise_uncaught_exception(exc)
    ~~~~~~~~~~~~~~~~~~~~~~~~~~~~~^^^^^
  File "C:\Users\donan\Desktop\POS-PROJECT\ADMIN WEB\env_boutique\Lib\site-packages\rest_framework\views.py", line 486, in raise_uncaught_exception
    raise exc
  File "C:\Users\donan\Desktop\POS-PROJECT\ADMIN WEB\env_boutique\Lib\site-packages\rest_framework\views.py", line 503, in dispatch
    self.initial(request, *args, **kwargs)
    ~~~~~~~~~~~~^^^^^^^^^^^^^^^^^^^^^^^^^^
  File "C:\Users\donan\Desktop\POS-PROJECT\ADMIN WEB\env_boutique\Lib\site-packages\rest_framework\views.py", line 420, in initial
    self.perform_authentication(request)
    ~~~~~~~~~~~~~~~~~~~~~~~~~~~^^^^^^^^^
  File "C:\Users\donan\Desktop\POS-PROJECT\ADMIN WEB\env_boutique\Lib\site-packages\rest_framework\views.py", line 330, in perform_authentication
    request.user
  File "C:\Users\donan\Desktop\POS-PROJECT\ADMIN WEB\env_boutique\Lib\site-packages\rest_framework\request.py", line 232, in user
    self._authenticate()
    ~~~~~~~~~~~~~~~~~~^^
  File "C:\Users\donan\Desktop\POS-PROJECT\ADMIN WEB\env_boutique\Lib\site-packages\rest_framework\request.py", line 385, in _authenticate
    user_auth_tuple = authenticator.authenticate(self)
  File "C:\Users\donan\Desktop\POS-PROJECT\ADMIN WEB\env_boutique\Lib\site-packages\rest_framework_simplejwt\authentication.py", line 51, in authenticate
    return self.get_user(validated_token), validated_token
           ~~~~~~~~~~~~~^^^^^^^^^^^^^^^^^
  File "C:\Users\donan\Desktop\POS-PROJECT\ADMIN WEB\env_boutique\Lib\site-packages\rest_framework_simplejwt\authentication.py", line 132, in get_user
    user = self.user_model.objects.get(**{api_settings.USER_ID_FIELD: user_id})
  File "C:\Users\donan\Desktop\POS-PROJECT\ADMIN WEB\env_boutique\Lib\site-packages\django\db\models\manager.py", line 87, in manager_method
    return getattr(self.get_queryset(), name)(*args, **kwargs)
           ~~~~~~~~~~~~~~~~~~~~~~~~~~~~~~~~~~^^^^^^^^^^^^^^^^^
  File "C:\Users\donan\Desktop\POS-PROJECT\ADMIN WEB\env_boutique\Lib\site-packages\django\db\models\query.py", line 629, in get
    num = len(clone)
  File "C:\Users\donan\Desktop\POS-PROJECT\ADMIN WEB\env_boutique\Lib\site-packages\django\db\models\query.py", line 366, in __len__
    self._fetch_all()
    ~~~~~~~~~~~~~~~^^
  File "C:\Users\donan\Desktop\POS-PROJECT\ADMIN WEB\env_boutique\Lib\site-packages\django\db\models\query.py", line 1949, in _fetch_all
    self._result_cache = list(self._iterable_class(self))
                         ~~~~^^^^^^^^^^^^^^^^^^^^^^^^^^^^
  File "C:\Users\donan\Desktop\POS-PROJECT\ADMIN WEB\env_boutique\Lib\site-packages\django\db\models\query.py", line 91, in __iter__
    results = compiler.execute_sql(
        chunked_fetch=self.chunked_fetch, chunk_size=self.chunk_size
    )
  File "C:\Users\donan\Desktop\POS-PROJECT\ADMIN WEB\env_boutique\Lib\site-packages\django\db\models\sql\compiler.py", line 1621, in execute_sql
    cursor = self.connection.cursor()
  File "C:\Users\donan\Desktop\POS-PROJECT\ADMIN WEB\env_boutique\Lib\site-packages\django\utils\asyncio.py", line 26, in inner
    return func(*args, **kwargs)
  File "C:\Users\donan\Desktop\POS-PROJECT\ADMIN WEB\env_boutique\Lib\site-packages\django\db\backends\base\base.py", line 320, in cursor
    return self._cursor()
           ~~~~~~~~~~~~^^
  File "C:\Users\donan\Desktop\POS-PROJECT\ADMIN WEB\env_boutique\Lib\site-packages\django\db\backends\base\base.py", line 296, in _cursor
    self.ensure_connection()
    ~~~~~~~~~~~~~~~~~~~~~~^^
  File "C:\Users\donan\Desktop\POS-PROJECT\ADMIN WEB\env_boutique\Lib\site-packages\django\utils\asyncio.py", line 26, in inner
    return func(*args, **kwargs)
  File "C:\Users\donan\Desktop\POS-PROJECT\ADMIN WEB\env_boutique\Lib\site-packages\django\db\backends\base\base.py", line 278, in ensure_connection
    with self.wrap_database_errors:
         ^^^^^^^^^^^^^^^^^^^^^^^^^
  File "C:\Users\donan\Desktop\POS-PROJECT\ADMIN WEB\env_boutique\Lib\site-packages\django\db\utils.py", line 91, in __exit__
    raise dj_exc_value.with_traceback(traceback) from exc_value
  File "C:\Users\donan\Desktop\POS-PROJECT\ADMIN WEB\env_boutique\Lib\site-packages\django\db\backends\base\base.py", line 279, in ensure_connection
    self.connect()
    ~~~~~~~~~~~~^^
  File "C:\Users\donan\Desktop\POS-PROJECT\ADMIN WEB\env_boutique\Lib\site-packages\django\utils\asyncio.py", line 26, in inner
    return func(*args, **kwargs)
  File "C:\Users\donan\Desktop\POS-PROJECT\ADMIN WEB\env_boutique\Lib\site-packages\django\db\backends\base\base.py", line 256, in connect
    self.connection = self.get_new_connection(conn_params)
                      ~~~~~~~~~~~~~~~~~~~~~~~^^^^^^^^^^^^^
  File "C:\Users\donan\Desktop\POS-PROJECT\ADMIN WEB\env_boutique\Lib\site-packages\django\utils\asyncio.py", line 26, in inner
    return func(*args, **kwargs)
  File "C:\Users\donan\Desktop\POS-PROJECT\ADMIN WEB\env_boutique\Lib\site-packages\django\db\backends\postgresql\base.py", line 332, in get_new_connection
    connection = self.Database.connect(**conn_params)
  File "C:\Users\donan\Desktop\POS-PROJECT\ADMIN WEB\env_boutique\Lib\site-packages\psycopg2\__init__.py", line 135, in connect
    conn = _connect(dsn, connection_factory=connection_factory, **kwasync)
django.db.utils.OperationalError: could not translate host name "aws-1-eu-west-1.pooler.supabase.com" to address: Name or service not known

ERROR 2026-03-09 10:15:23,904 log Internal Server Error: /api/sales/
Traceback (most recent call last):
  File "C:\Users\donan\Desktop\POS-PROJECT\ADMIN WEB\env_boutique\Lib\site-packages\django\db\backends\base\base.py", line 279, in ensure_connection
    self.connect()
    ~~~~~~~~~~~~^^
  File "C:\Users\donan\Desktop\POS-PROJECT\ADMIN WEB\env_boutique\Lib\site-packages\django\utils\asyncio.py", line 26, in inner
    return func(*args, **kwargs)
  File "C:\Users\donan\Desktop\POS-PROJECT\ADMIN WEB\env_boutique\Lib\site-packages\django\db\backends\base\base.py", line 256, in connect
    self.connection = self.get_new_connection(conn_params)
                      ~~~~~~~~~~~~~~~~~~~~~~~^^^^^^^^^^^^^
  File "C:\Users\donan\Desktop\POS-PROJECT\ADMIN WEB\env_boutique\Lib\site-packages\django\utils\asyncio.py", line 26, in inner
    return func(*args, **kwargs)
  File "C:\Users\donan\Desktop\POS-PROJECT\ADMIN WEB\env_boutique\Lib\site-packages\django\db\backends\postgresql\base.py", line 332, in get_new_connection
    connection = self.Database.connect(**conn_params)
  File "C:\Users\donan\Desktop\POS-PROJECT\ADMIN WEB\env_boutique\Lib\site-packages\psycopg2\__init__.py", line 135, in connect
    conn = _connect(dsn, connection_factory=connection_factory, **kwasync)
psycopg2.OperationalError: could not translate host name "aws-1-eu-west-1.pooler.supabase.com" to address: Name or service not known


The above exception was the direct cause of the following exception:

Traceback (most recent call last):
  File "C:\Users\donan\Desktop\POS-PROJECT\ADMIN WEB\env_boutique\Lib\site-packages\django\core\handlers\exception.py", line 55, in inner
    response = get_response(request)
  File "C:\Users\donan\Desktop\POS-PROJECT\ADMIN WEB\env_boutique\Lib\site-packages\django\core\handlers\base.py", line 197, in _get_response
    response = wrapped_callback(request, *callback_args, **callback_kwargs)
  File "C:\Users\donan\Desktop\POS-PROJECT\ADMIN WEB\env_boutique\Lib\site-packages\django\views\decorators\csrf.py", line 65, in _view_wrapper
    return view_func(request, *args, **kwargs)
  File "C:\Users\donan\Desktop\POS-PROJECT\ADMIN WEB\env_boutique\Lib\site-packages\rest_framework\viewsets.py", line 125, in view
    return self.dispatch(request, *args, **kwargs)
           ~~~~~~~~~~~~~^^^^^^^^^^^^^^^^^^^^^^^^^^
  File "C:\Users\donan\Desktop\POS-PROJECT\ADMIN WEB\env_boutique\Lib\site-packages\rest_framework\views.py", line 515, in dispatch
    response = self.handle_exception(exc)
  File "C:\Users\donan\Desktop\POS-PROJECT\ADMIN WEB\env_boutique\Lib\site-packages\rest_framework\views.py", line 475, in handle_exception
    self.raise_uncaught_exception(exc)
    ~~~~~~~~~~~~~~~~~~~~~~~~~~~~~^^^^^
  File "C:\Users\donan\Desktop\POS-PROJECT\ADMIN WEB\env_boutique\Lib\site-packages\rest_framework\views.py", line 486, in raise_uncaught_exception
    raise exc
  File "C:\Users\donan\Desktop\POS-PROJECT\ADMIN WEB\env_boutique\Lib\site-packages\rest_framework\views.py", line 503, in dispatch
    self.initial(request, *args, **kwargs)
    ~~~~~~~~~~~~^^^^^^^^^^^^^^^^^^^^^^^^^^
  File "C:\Users\donan\Desktop\POS-PROJECT\ADMIN WEB\env_boutique\Lib\site-packages\rest_framework\views.py", line 420, in initial
    self.perform_authentication(request)
    ~~~~~~~~~~~~~~~~~~~~~~~~~~~^^^^^^^^^
  File "C:\Users\donan\Desktop\POS-PROJECT\ADMIN WEB\env_boutique\Lib\site-packages\rest_framework\views.py", line 330, in perform_authentication
    request.user
  File "C:\Users\donan\Desktop\POS-PROJECT\ADMIN WEB\env_boutique\Lib\site-packages\rest_framework\request.py", line 232, in user
    self._authenticate()
    ~~~~~~~~~~~~~~~~~~^^
  File "C:\Users\donan\Desktop\POS-PROJECT\ADMIN WEB\env_boutique\Lib\site-packages\rest_framework\request.py", line 385, in _authenticate
    user_auth_tuple = authenticator.authenticate(self)
  File "C:\Users\donan\Desktop\POS-PROJECT\ADMIN WEB\env_boutique\Lib\site-packages\rest_framework_simplejwt\authentication.py", line 51, in authenticate
    return self.get_user(validated_token), validated_token
           ~~~~~~~~~~~~~^^^^^^^^^^^^^^^^^
  File "C:\Users\donan\Desktop\POS-PROJECT\ADMIN WEB\env_boutique\Lib\site-packages\rest_framework_simplejwt\authentication.py", line 132, in get_user
    user = self.user_model.objects.get(**{api_settings.USER_ID_FIELD: user_id})
  File "C:\Users\donan\Desktop\POS-PROJECT\ADMIN WEB\env_boutique\Lib\site-packages\django\db\models\manager.py", line 87, in manager_method
    return getattr(self.get_queryset(), name)(*args, **kwargs)
           ~~~~~~~~~~~~~~~~~~~~~~~~~~~~~~~~~~^^^^^^^^^^^^^^^^^
  File "C:\Users\donan\Desktop\POS-PROJECT\ADMIN WEB\env_boutique\Lib\site-packages\django\db\models\query.py", line 629, in get
    num = len(clone)
  File "C:\Users\donan\Desktop\POS-PROJECT\ADMIN WEB\env_boutique\Lib\site-packages\django\db\models\query.py", line 366, in __len__
    self._fetch_all()
    ~~~~~~~~~~~~~~~^^
  File "C:\Users\donan\Desktop\POS-PROJECT\ADMIN WEB\env_boutique\Lib\site-packages\django\db\models\query.py", line 1949, in _fetch_all
    self._result_cache = list(self._iterable_class(self))
                         ~~~~^^^^^^^^^^^^^^^^^^^^^^^^^^^^
  File "C:\Users\donan\Desktop\POS-PROJECT\ADMIN WEB\env_boutique\Lib\site-packages\django\db\models\query.py", line 91, in __iter__
    results = compiler.execute_sql(
        chunked_fetch=self.chunked_fetch, chunk_size=self.chunk_size
    )
  File "C:\Users\donan\Desktop\POS-PROJECT\ADMIN WEB\env_boutique\Lib\site-packages\django\db\models\sql\compiler.py", line 1621, in execute_sql
    cursor = self.connection.cursor()
  File "C:\Users\donan\Desktop\POS-PROJECT\ADMIN WEB\env_boutique\Lib\site-packages\django\utils\asyncio.py", line 26, in inner
    return func(*args, **kwargs)
  File "C:\Users\donan\Desktop\POS-PROJECT\ADMIN WEB\env_boutique\Lib\site-packages\django\db\backends\base\base.py", line 320, in cursor
    return self._cursor()
           ~~~~~~~~~~~~^^
  File "C:\Users\donan\Desktop\POS-PROJECT\ADMIN WEB\env_boutique\Lib\site-packages\django\db\backends\base\base.py", line 296, in _cursor
    self.ensure_connection()
    ~~~~~~~~~~~~~~~~~~~~~~^^
  File "C:\Users\donan\Desktop\POS-PROJECT\ADMIN WEB\env_boutique\Lib\site-packages\django\utils\asyncio.py", line 26, in inner
    return func(*args, **kwargs)
  File "C:\Users\donan\Desktop\POS-PROJECT\ADMIN WEB\env_boutique\Lib\site-packages\django\db\backends\base\base.py", line 278, in ensure_connection
    with self.wrap_database_errors:
         ^^^^^^^^^^^^^^^^^^^^^^^^^
  File "C:\Users\donan\Desktop\POS-PROJECT\ADMIN WEB\env_boutique\Lib\site-packages\django\db\utils.py", line 91, in __exit__
    raise dj_exc_value.with_traceback(traceback) from exc_value
  File "C:\Users\donan\Desktop\POS-PROJECT\ADMIN WEB\env_boutique\Lib\site-packages\django\db\backends\base\base.py", line 279, in ensure_connection
    self.connect()
    ~~~~~~~~~~~~^^
  File "C:\Users\donan\Desktop\POS-PROJECT\ADMIN WEB\env_boutique\Lib\site-packages\django\utils\asyncio.py", line 26, in inner
    return func(*args, **kwargs)
  File "C:\Users\donan\Desktop\POS-PROJECT\ADMIN WEB\env_boutique\Lib\site-packages\django\db\backends\base\base.py", line 256, in connect
    self.connection = self.get_new_connection(conn_params)
                      ~~~~~~~~~~~~~~~~~~~~~~~^^^^^^^^^^^^^
  File "C:\Users\donan\Desktop\POS-PROJECT\ADMIN WEB\env_boutique\Lib\site-packages\django\utils\asyncio.py", line 26, in inner
    return func(*args, **kwargs)
  File "C:\Users\donan\Desktop\POS-PROJECT\ADMIN WEB\env_boutique\Lib\site-packages\django\db\backends\postgresql\base.py", line 332, in get_new_connection
    connection = self.Database.connect(**conn_params)
  File "C:\Users\donan\Desktop\POS-PROJECT\ADMIN WEB\env_boutique\Lib\site-packages\psycopg2\__init__.py", line 135, in connect
    conn = _connect(dsn, connection_factory=connection_factory, **kwasync)
django.db.utils.OperationalError: could not translate host name "aws-1-eu-west-1.pooler.supabase.com" to address: Name or service not known

ERROR 2026-03-09 10:15:23,916 basehttp "GET /api/orders/ HTTP/1.1" 500 242175
ERROR 2026-03-09 10:15:23,946 log Internal Server Error: /api/products/
Traceback (most recent call last):
  File "C:\Users\donan\Desktop\POS-PROJECT\ADMIN WEB\env_boutique\Lib\site-packages\django\db\backends\base\base.py", line 279, in ensure_connection
    self.connect()
    ~~~~~~~~~~~~^^
  File "C:\Users\donan\Desktop\POS-PROJECT\ADMIN WEB\env_boutique\Lib\site-packages\django\utils\asyncio.py", line 26, in inner
    return func(*args, **kwargs)
  File "C:\Users\donan\Desktop\POS-PROJECT\ADMIN WEB\env_boutique\Lib\site-packages\django\db\backends\base\base.py", line 256, in connect
    self.connection = self.get_new_connection(conn_params)
                      ~~~~~~~~~~~~~~~~~~~~~~~^^^^^^^^^^^^^
  File "C:\Users\donan\Desktop\POS-PROJECT\ADMIN WEB\env_boutique\Lib\site-packages\django\utils\asyncio.py", line 26, in inner
    return func(*args, **kwargs)
  File "C:\Users\donan\Desktop\POS-PROJECT\ADMIN WEB\env_boutique\Lib\site-packages\django\db\backends\postgresql\base.py", line 332, in get_new_connection
    connection = self.Database.connect(**conn_params)
  File "C:\Users\donan\Desktop\POS-PROJECT\ADMIN WEB\env_boutique\Lib\site-packages\psycopg2\__init__.py", line 135, in connect
    conn = _connect(dsn, connection_factory=connection_factory, **kwasync)
psycopg2.OperationalError: could not translate host name "aws-1-eu-west-1.pooler.supabase.com" to address: Name or service not known


The above exception was the direct cause of the following exception:

Traceback (most recent call last):
  File "C:\Users\donan\Desktop\POS-PROJECT\ADMIN WEB\env_boutique\Lib\site-packages\django\core\handlers\exception.py", line 55, in inner
    response = get_response(request)
  File "C:\Users\donan\Desktop\POS-PROJECT\ADMIN WEB\env_boutique\Lib\site-packages\django\core\handlers\base.py", line 197, in _get_response
    response = wrapped_callback(request, *callback_args, **callback_kwargs)
  File "C:\Users\donan\Desktop\POS-PROJECT\ADMIN WEB\env_boutique\Lib\site-packages\django\views\decorators\csrf.py", line 65, in _view_wrapper
    return view_func(request, *args, **kwargs)
  File "C:\Users\donan\Desktop\POS-PROJECT\ADMIN WEB\env_boutique\Lib\site-packages\rest_framework\viewsets.py", line 125, in view
    return self.dispatch(request, *args, **kwargs)
           ~~~~~~~~~~~~~^^^^^^^^^^^^^^^^^^^^^^^^^^
  File "C:\Users\donan\Desktop\POS-PROJECT\ADMIN WEB\env_boutique\Lib\site-packages\rest_framework\views.py", line 515, in dispatch
    response = self.handle_exception(exc)
  File "C:\Users\donan\Desktop\POS-PROJECT\ADMIN WEB\env_boutique\Lib\site-packages\rest_framework\views.py", line 475, in handle_exception
    self.raise_uncaught_exception(exc)
    ~~~~~~~~~~~~~~~~~~~~~~~~~~~~~^^^^^
  File "C:\Users\donan\Desktop\POS-PROJECT\ADMIN WEB\env_boutique\Lib\site-packages\rest_framework\views.py", line 486, in raise_uncaught_exception
    raise exc
  File "C:\Users\donan\Desktop\POS-PROJECT\ADMIN WEB\env_boutique\Lib\site-packages\rest_framework\views.py", line 503, in dispatch
    self.initial(request, *args, **kwargs)
    ~~~~~~~~~~~~^^^^^^^^^^^^^^^^^^^^^^^^^^
  File "C:\Users\donan\Desktop\POS-PROJECT\ADMIN WEB\env_boutique\Lib\site-packages\rest_framework\views.py", line 420, in initial
    self.perform_authentication(request)
    ~~~~~~~~~~~~~~~~~~~~~~~~~~~^^^^^^^^^
  File "C:\Users\donan\Desktop\POS-PROJECT\ADMIN WEB\env_boutique\Lib\site-packages\rest_framework\views.py", line 330, in perform_authentication
    request.user
  File "C:\Users\donan\Desktop\POS-PROJECT\ADMIN WEB\env_boutique\Lib\site-packages\rest_framework\request.py", line 232, in user
    self._authenticate()
    ~~~~~~~~~~~~~~~~~~^^
  File "C:\Users\donan\Desktop\POS-PROJECT\ADMIN WEB\env_boutique\Lib\site-packages\rest_framework\request.py", line 385, in _authenticate
    user_auth_tuple = authenticator.authenticate(self)
  File "C:\Users\donan\Desktop\POS-PROJECT\ADMIN WEB\env_boutique\Lib\site-packages\rest_framework_simplejwt\authentication.py", line 51, in authenticate
    return self.get_user(validated_token), validated_token
           ~~~~~~~~~~~~~^^^^^^^^^^^^^^^^^
  File "C:\Users\donan\Desktop\POS-PROJECT\ADMIN WEB\env_boutique\Lib\site-packages\rest_framework_simplejwt\authentication.py", line 132, in get_user
    user = self.user_model.objects.get(**{api_settings.USER_ID_FIELD: user_id})
  File "C:\Users\donan\Desktop\POS-PROJECT\ADMIN WEB\env_boutique\Lib\site-packages\django\db\models\manager.py", line 87, in manager_method
    return getattr(self.get_queryset(), name)(*args, **kwargs)
           ~~~~~~~~~~~~~~~~~~~~~~~~~~~~~~~~~~^^^^^^^^^^^^^^^^^
  File "C:\Users\donan\Desktop\POS-PROJECT\ADMIN WEB\env_boutique\Lib\site-packages\django\db\models\query.py", line 629, in get
    num = len(clone)
  File "C:\Users\donan\Desktop\POS-PROJECT\ADMIN WEB\env_boutique\Lib\site-packages\django\db\models\query.py", line 366, in __len__
    self._fetch_all()
    ~~~~~~~~~~~~~~~^^
  File "C:\Users\donan\Desktop\POS-PROJECT\ADMIN WEB\env_boutique\Lib\site-packages\django\db\models\query.py", line 1949, in _fetch_all
    self._result_cache = list(self._iterable_class(self))
                         ~~~~^^^^^^^^^^^^^^^^^^^^^^^^^^^^
  File "C:\Users\donan\Desktop\POS-PROJECT\ADMIN WEB\env_boutique\Lib\site-packages\django\db\models\query.py", line 91, in __iter__
    results = compiler.execute_sql(
        chunked_fetch=self.chunked_fetch, chunk_size=self.chunk_size
    )
  File "C:\Users\donan\Desktop\POS-PROJECT\ADMIN WEB\env_boutique\Lib\site-packages\django\db\models\sql\compiler.py", line 1621, in execute_sql
    cursor = self.connection.cursor()
  File "C:\Users\donan\Desktop\POS-PROJECT\ADMIN WEB\env_boutique\Lib\site-packages\django\utils\asyncio.py", line 26, in inner
    return func(*args, **kwargs)
  File "C:\Users\donan\Desktop\POS-PROJECT\ADMIN WEB\env_boutique\Lib\site-packages\django\db\backends\base\base.py", line 320, in cursor
    return self._cursor()
           ~~~~~~~~~~~~^^
  File "C:\Users\donan\Desktop\POS-PROJECT\ADMIN WEB\env_boutique\Lib\site-packages\django\db\backends\base\base.py", line 296, in _cursor
    self.ensure_connection()
    ~~~~~~~~~~~~~~~~~~~~~~^^
  File "C:\Users\donan\Desktop\POS-PROJECT\ADMIN WEB\env_boutique\Lib\site-packages\django\utils\asyncio.py", line 26, in inner
    return func(*args, **kwargs)
  File "C:\Users\donan\Desktop\POS-PROJECT\ADMIN WEB\env_boutique\Lib\site-packages\django\db\backends\base\base.py", line 278, in ensure_connection
    with self.wrap_database_errors:
         ^^^^^^^^^^^^^^^^^^^^^^^^^
  File "C:\Users\donan\Desktop\POS-PROJECT\ADMIN WEB\env_boutique\Lib\site-packages\django\db\utils.py", line 91, in __exit__
    raise dj_exc_value.with_traceback(traceback) from exc_value
  File "C:\Users\donan\Desktop\POS-PROJECT\ADMIN WEB\env_boutique\Lib\site-packages\django\db\backends\base\base.py", line 279, in ensure_connection
    self.connect()
    ~~~~~~~~~~~~^^
  File "C:\Users\donan\Desktop\POS-PROJECT\ADMIN WEB\env_boutique\Lib\site-packages\django\utils\asyncio.py", line 26, in inner
    return func(*args, **kwargs)
  File "C:\Users\donan\Desktop\POS-PROJECT\ADMIN WEB\env_boutique\Lib\site-packages\django\db\backends\base\base.py", line 256, in connect
    self.connection = self.get_new_connection(conn_params)
                      ~~~~~~~~~~~~~~~~~~~~~~~^^^^^^^^^^^^^
  File "C:\Users\donan\Desktop\POS-PROJECT\ADMIN WEB\env_boutique\Lib\site-packages\django\utils\asyncio.py", line 26, in inner
    return func(*args, **kwargs)
  File "C:\Users\donan\Desktop\POS-PROJECT\ADMIN WEB\env_boutique\Lib\site-packages\django\db\backends\postgresql\base.py", line 332, in get_new_connection
    connection = self.Database.connect(**conn_params)
  File "C:\Users\donan\Desktop\POS-PROJECT\ADMIN WEB\env_boutique\Lib\site-packages\psycopg2\__init__.py", line 135, in connect
    conn = _connect(dsn, connection_factory=connection_factory, **kwasync)
django.db.utils.OperationalError: could not translate host name "aws-1-eu-west-1.pooler.supabase.com" to address: Name or service not known

ERROR 2026-03-09 10:15:23,947 basehttp "GET /api/stores/ HTTP/1.1" 500 242175
ERROR 2026-03-09 10:15:23,964 basehttp "GET /api/employees/ HTTP/1.1" 500 242280
ERROR 2026-03-09 10:15:23,973 basehttp "GET /api/sales/ HTTP/1.1" 500 242140
ERROR 2026-03-09 10:15:23,983 basehttp "GET /api/products/ HTTP/1.1" 500 242245
ERROR 2026-03-09 10:15:24,063 log Internal Server Error: /api/orders/
Traceback (most recent call last):
  File "C:\Users\donan\Desktop\POS-PROJECT\ADMIN WEB\env_boutique\Lib\site-packages\django\db\backends\base\base.py", line 279, in ensure_connection
    self.connect()
    ~~~~~~~~~~~~^^
  File "C:\Users\donan\Desktop\POS-PROJECT\ADMIN WEB\env_boutique\Lib\site-packages\django\utils\asyncio.py", line 26, in inner
    return func(*args, **kwargs)
  File "C:\Users\donan\Desktop\POS-PROJECT\ADMIN WEB\env_boutique\Lib\site-packages\django\db\backends\base\base.py", line 256, in connect
    self.connection = self.get_new_connection(conn_params)
                      ~~~~~~~~~~~~~~~~~~~~~~~^^^^^^^^^^^^^
  File "C:\Users\donan\Desktop\POS-PROJECT\ADMIN WEB\env_boutique\Lib\site-packages\django\utils\asyncio.py", line 26, in inner
    return func(*args, **kwargs)
  File "C:\Users\donan\Desktop\POS-PROJECT\ADMIN WEB\env_boutique\Lib\site-packages\django\db\backends\postgresql\base.py", line 332, in get_new_connection
    connection = self.Database.connect(**conn_params)
  File "C:\Users\donan\Desktop\POS-PROJECT\ADMIN WEB\env_boutique\Lib\site-packages\psycopg2\__init__.py", line 135, in connect
    conn = _connect(dsn, connection_factory=connection_factory, **kwasync)
psycopg2.OperationalError: could not translate host name "aws-1-eu-west-1.pooler.supabase.com" to address: Name or service not known


The above exception was the direct cause of the following exception:

Traceback (most recent call last):
  File "C:\Users\donan\Desktop\POS-PROJECT\ADMIN WEB\env_boutique\Lib\site-packages\django\core\handlers\exception.py", line 55, in inner
    response = get_response(request)
  File "C:\Users\donan\Desktop\POS-PROJECT\ADMIN WEB\env_boutique\Lib\site-packages\django\core\handlers\base.py", line 197, in _get_response
    response = wrapped_callback(request, *callback_args, **callback_kwargs)
  File "C:\Users\donan\Desktop\POS-PROJECT\ADMIN WEB\env_boutique\Lib\site-packages\django\views\decorators\csrf.py", line 65, in _view_wrapper
    return view_func(request, *args, **kwargs)
  File "C:\Users\donan\Desktop\POS-PROJECT\ADMIN WEB\env_boutique\Lib\site-packages\rest_framework\viewsets.py", line 125, in view
    return self.dispatch(request, *args, **kwargs)
           ~~~~~~~~~~~~~^^^^^^^^^^^^^^^^^^^^^^^^^^
  File "C:\Users\donan\Desktop\POS-PROJECT\ADMIN WEB\env_boutique\Lib\site-packages\rest_framework\views.py", line 515, in dispatch
    response = self.handle_exception(exc)
  File "C:\Users\donan\Desktop\POS-PROJECT\ADMIN WEB\env_boutique\Lib\site-packages\rest_framework\views.py", line 475, in handle_exception
    self.raise_uncaught_exception(exc)
    ~~~~~~~~~~~~~~~~~~~~~~~~~~~~~^^^^^
  File "C:\Users\donan\Desktop\POS-PROJECT\ADMIN WEB\env_boutique\Lib\site-packages\rest_framework\views.py", line 486, in raise_uncaught_exception
    raise exc
  File "C:\Users\donan\Desktop\POS-PROJECT\ADMIN WEB\env_boutique\Lib\site-packages\rest_framework\views.py", line 503, in dispatch
    self.initial(request, *args, **kwargs)
    ~~~~~~~~~~~~^^^^^^^^^^^^^^^^^^^^^^^^^^
  File "C:\Users\donan\Desktop\POS-PROJECT\ADMIN WEB\env_boutique\Lib\site-packages\rest_framework\views.py", line 420, in initial
    self.perform_authentication(request)
    ~~~~~~~~~~~~~~~~~~~~~~~~~~~^^^^^^^^^
  File "C:\Users\donan\Desktop\POS-PROJECT\ADMIN WEB\env_boutique\Lib\site-packages\rest_framework\views.py", line 330, in perform_authentication
    request.user
  File "C:\Users\donan\Desktop\POS-PROJECT\ADMIN WEB\env_boutique\Lib\site-packages\rest_framework\request.py", line 232, in user
    self._authenticate()
    ~~~~~~~~~~~~~~~~~~^^
  File "C:\Users\donan\Desktop\POS-PROJECT\ADMIN WEB\env_boutique\Lib\site-packages\rest_framework\request.py", line 385, in _authenticate
    user_auth_tuple = authenticator.authenticate(self)
  File "C:\Users\donan\Desktop\POS-PROJECT\ADMIN WEB\env_boutique\Lib\site-packages\rest_framework_simplejwt\authentication.py", line 51, in authenticate
    return self.get_user(validated_token), validated_token
           ~~~~~~~~~~~~~^^^^^^^^^^^^^^^^^
  File "C:\Users\donan\Desktop\POS-PROJECT\ADMIN WEB\env_boutique\Lib\site-packages\rest_framework_simplejwt\authentication.py", line 132, in get_user
    user = self.user_model.objects.get(**{api_settings.USER_ID_FIELD: user_id})
  File "C:\Users\donan\Desktop\POS-PROJECT\ADMIN WEB\env_boutique\Lib\site-packages\django\db\models\manager.py", line 87, in manager_method
    return getattr(self.get_queryset(), name)(*args, **kwargs)
           ~~~~~~~~~~~~~~~~~~~~~~~~~~~~~~~~~~^^^^^^^^^^^^^^^^^
  File "C:\Users\donan\Desktop\POS-PROJECT\ADMIN WEB\env_boutique\Lib\site-packages\django\db\models\query.py", line 629, in get
    num = len(clone)
  File "C:\Users\donan\Desktop\POS-PROJECT\ADMIN WEB\env_boutique\Lib\site-packages\django\db\models\query.py", line 366, in __len__
    self._fetch_all()
    ~~~~~~~~~~~~~~~^^
  File "C:\Users\donan\Desktop\POS-PROJECT\ADMIN WEB\env_boutique\Lib\site-packages\django\db\models\query.py", line 1949, in _fetch_all
    self._result_cache = list(self._iterable_class(self))
                         ~~~~^^^^^^^^^^^^^^^^^^^^^^^^^^^^
  File "C:\Users\donan\Desktop\POS-PROJECT\ADMIN WEB\env_boutique\Lib\site-packages\django\db\models\query.py", line 91, in __iter__
    results = compiler.execute_sql(
        chunked_fetch=self.chunked_fetch, chunk_size=self.chunk_size
    )
  File "C:\Users\donan\Desktop\POS-PROJECT\ADMIN WEB\env_boutique\Lib\site-packages\django\db\models\sql\compiler.py", line 1621, in execute_sql
    cursor = self.connection.cursor()
  File "C:\Users\donan\Desktop\POS-PROJECT\ADMIN WEB\env_boutique\Lib\site-packages\django\utils\asyncio.py", line 26, in inner
    return func(*args, **kwargs)
  File "C:\Users\donan\Desktop\POS-PROJECT\ADMIN WEB\env_boutique\Lib\site-packages\django\db\backends\base\base.py", line 320, in cursor
    return self._cursor()
           ~~~~~~~~~~~~^^
  File "C:\Users\donan\Desktop\POS-PROJECT\ADMIN WEB\env_boutique\Lib\site-packages\django\db\backends\base\base.py", line 296, in _cursor
    self.ensure_connection()
    ~~~~~~~~~~~~~~~~~~~~~~^^
  File "C:\Users\donan\Desktop\POS-PROJECT\ADMIN WEB\env_boutique\Lib\site-packages\django\utils\asyncio.py", line 26, in inner
    return func(*args, **kwargs)
  File "C:\Users\donan\Desktop\POS-PROJECT\ADMIN WEB\env_boutique\Lib\site-packages\django\db\backends\base\base.py", line 278, in ensure_connection
    with self.wrap_database_errors:
         ^^^^^^^^^^^^^^^^^^^^^^^^^
  File "C:\Users\donan\Desktop\POS-PROJECT\ADMIN WEB\env_boutique\Lib\site-packages\django\db\utils.py", line 91, in __exit__
    raise dj_exc_value.with_traceback(traceback) from exc_value
  File "C:\Users\donan\Desktop\POS-PROJECT\ADMIN WEB\env_boutique\Lib\site-packages\django\db\backends\base\base.py", line 279, in ensure_connection
    self.connect()
    ~~~~~~~~~~~~^^
  File "C:\Users\donan\Desktop\POS-PROJECT\ADMIN WEB\env_boutique\Lib\site-packages\django\utils\asyncio.py", line 26, in inner
    return func(*args, **kwargs)
  File "C:\Users\donan\Desktop\POS-PROJECT\ADMIN WEB\env_boutique\Lib\site-packages\django\db\backends\base\base.py", line 256, in connect
    self.connection = self.get_new_connection(conn_params)
                      ~~~~~~~~~~~~~~~~~~~~~~~^^^^^^^^^^^^^
  File "C:\Users\donan\Desktop\POS-PROJECT\ADMIN WEB\env_boutique\Lib\site-packages\django\utils\asyncio.py", line 26, in inner
    return func(*args, **kwargs)
  File "C:\Users\donan\Desktop\POS-PROJECT\ADMIN WEB\env_boutique\Lib\site-packages\django\db\backends\postgresql\base.py", line 332, in get_new_connection
    connection = self.Database.connect(**conn_params)
  File "C:\Users\donan\Desktop\POS-PROJECT\ADMIN WEB\env_boutique\Lib\site-packages\psycopg2\__init__.py", line 135, in connect
    conn = _connect(dsn, connection_factory=connection_factory, **kwasync)
django.db.utils.OperationalError: could not translate host name "aws-1-eu-west-1.pooler.supabase.com" to address: Name or service not known

ERROR 2026-03-09 10:15:24,076 basehttp "GET /api/orders/ HTTP/1.1" 500 242175
ERROR 2026-03-09 10:15:24,112 log Internal Server Error: /api/stores/
Traceback (most recent call last):
  File "C:\Users\donan\Desktop\POS-PROJECT\ADMIN WEB\env_boutique\Lib\site-packages\django\db\backends\base\base.py", line 279, in ensure_connection
    self.connect()
    ~~~~~~~~~~~~^^
  File "C:\Users\donan\Desktop\POS-PROJECT\ADMIN WEB\env_boutique\Lib\site-packages\django\utils\asyncio.py", line 26, in inner
    return func(*args, **kwargs)
  File "C:\Users\donan\Desktop\POS-PROJECT\ADMIN WEB\env_boutique\Lib\site-packages\django\db\backends\base\base.py", line 256, in connect
    self.connection = self.get_new_connection(conn_params)
                      ~~~~~~~~~~~~~~~~~~~~~~~^^^^^^^^^^^^^
  File "C:\Users\donan\Desktop\POS-PROJECT\ADMIN WEB\env_boutique\Lib\site-packages\django\utils\asyncio.py", line 26, in inner
    return func(*args, **kwargs)
  File "C:\Users\donan\Desktop\POS-PROJECT\ADMIN WEB\env_boutique\Lib\site-packages\django\db\backends\postgresql\base.py", line 332, in get_new_connection
    connection = self.Database.connect(**conn_params)
  File "C:\Users\donan\Desktop\POS-PROJECT\ADMIN WEB\env_boutique\Lib\site-packages\psycopg2\__init__.py", line 135, in connect
    conn = _connect(dsn, connection_factory=connection_factory, **kwasync)
psycopg2.OperationalError: could not translate host name "aws-1-eu-west-1.pooler.supabase.com" to address: Name or service not known


The above exception was the direct cause of the following exception:

Traceback (most recent call last):
  File "C:\Users\donan\Desktop\POS-PROJECT\ADMIN WEB\env_boutique\Lib\site-packages\django\core\handlers\exception.py", line 55, in inner
    response = get_response(request)
  File "C:\Users\donan\Desktop\POS-PROJECT\ADMIN WEB\env_boutique\Lib\site-packages\django\core\handlers\base.py", line 197, in _get_response
    response = wrapped_callback(request, *callback_args, **callback_kwargs)
  File "C:\Users\donan\Desktop\POS-PROJECT\ADMIN WEB\env_boutique\Lib\site-packages\django\views\decorators\csrf.py", line 65, in _view_wrapper
    return view_func(request, *args, **kwargs)
  File "C:\Users\donan\Desktop\POS-PROJECT\ADMIN WEB\env_boutique\Lib\site-packages\rest_framework\viewsets.py", line 125, in view
    return self.dispatch(request, *args, **kwargs)
           ~~~~~~~~~~~~~^^^^^^^^^^^^^^^^^^^^^^^^^^
  File "C:\Users\donan\Desktop\POS-PROJECT\ADMIN WEB\env_boutique\Lib\site-packages\rest_framework\views.py", line 515, in dispatch
    response = self.handle_exception(exc)
  File "C:\Users\donan\Desktop\POS-PROJECT\ADMIN WEB\env_boutique\Lib\site-packages\rest_framework\views.py", line 475, in handle_exception
    self.raise_uncaught_exception(exc)
    ~~~~~~~~~~~~~~~~~~~~~~~~~~~~~^^^^^
  File "C:\Users\donan\Desktop\POS-PROJECT\ADMIN WEB\env_boutique\Lib\site-packages\rest_framework\views.py", line 486, in raise_uncaught_exception
    raise exc
  File "C:\Users\donan\Desktop\POS-PROJECT\ADMIN WEB\env_boutique\Lib\site-packages\rest_framework\views.py", line 503, in dispatch
    self.initial(request, *args, **kwargs)
    ~~~~~~~~~~~~^^^^^^^^^^^^^^^^^^^^^^^^^^
  File "C:\Users\donan\Desktop\POS-PROJECT\ADMIN WEB\env_boutique\Lib\site-packages\rest_framework\views.py", line 420, in initial
    self.perform_authentication(request)
    ~~~~~~~~~~~~~~~~~~~~~~~~~~~^^^^^^^^^
  File "C:\Users\donan\Desktop\POS-PROJECT\ADMIN WEB\env_boutique\Lib\site-packages\rest_framework\views.py", line 330, in perform_authentication
    request.user
  File "C:\Users\donan\Desktop\POS-PROJECT\ADMIN WEB\env_boutique\Lib\site-packages\rest_framework\request.py", line 232, in user
    self._authenticate()
    ~~~~~~~~~~~~~~~~~~^^
  File "C:\Users\donan\Desktop\POS-PROJECT\ADMIN WEB\env_boutique\Lib\site-packages\rest_framework\request.py", line 385, in _authenticate
    user_auth_tuple = authenticator.authenticate(self)
  File "C:\Users\donan\Desktop\POS-PROJECT\ADMIN WEB\env_boutique\Lib\site-packages\rest_framework_simplejwt\authentication.py", line 51, in authenticate
    return self.get_user(validated_token), validated_token
           ~~~~~~~~~~~~~^^^^^^^^^^^^^^^^^
  File "C:\Users\donan\Desktop\POS-PROJECT\ADMIN WEB\env_boutique\Lib\site-packages\rest_framework_simplejwt\authentication.py", line 132, in get_user
    user = self.user_model.objects.get(**{api_settings.USER_ID_FIELD: user_id})
  File "C:\Users\donan\Desktop\POS-PROJECT\ADMIN WEB\env_boutique\Lib\site-packages\django\db\models\manager.py", line 87, in manager_method
    return getattr(self.get_queryset(), name)(*args, **kwargs)
           ~~~~~~~~~~~~~~~~~~~~~~~~~~~~~~~~~~^^^^^^^^^^^^^^^^^
  File "C:\Users\donan\Desktop\POS-PROJECT\ADMIN WEB\env_boutique\Lib\site-packages\django\db\models\query.py", line 629, in get
    num = len(clone)
  File "C:\Users\donan\Desktop\POS-PROJECT\ADMIN WEB\env_boutique\Lib\site-packages\django\db\models\query.py", line 366, in __len__
    self._fetch_all()
    ~~~~~~~~~~~~~~~^^
  File "C:\Users\donan\Desktop\POS-PROJECT\ADMIN WEB\env_boutique\Lib\site-packages\django\db\models\query.py", line 1949, in _fetch_all
    self._result_cache = list(self._iterable_class(self))
                         ~~~~^^^^^^^^^^^^^^^^^^^^^^^^^^^^
  File "C:\Users\donan\Desktop\POS-PROJECT\ADMIN WEB\env_boutique\Lib\site-packages\django\db\models\query.py", line 91, in __iter__
    results = compiler.execute_sql(
        chunked_fetch=self.chunked_fetch, chunk_size=self.chunk_size
    )
  File "C:\Users\donan\Desktop\POS-PROJECT\ADMIN WEB\env_boutique\Lib\site-packages\django\db\models\sql\compiler.py", line 1621, in execute_sql
    cursor = self.connection.cursor()
  File "C:\Users\donan\Desktop\POS-PROJECT\ADMIN WEB\env_boutique\Lib\site-packages\django\utils\asyncio.py", line 26, in inner
    return func(*args, **kwargs)
  File "C:\Users\donan\Desktop\POS-PROJECT\ADMIN WEB\env_boutique\Lib\site-packages\django\db\backends\base\base.py", line 320, in cursor
    return self._cursor()
           ~~~~~~~~~~~~^^
  File "C:\Users\donan\Desktop\POS-PROJECT\ADMIN WEB\env_boutique\Lib\site-packages\django\db\backends\base\base.py", line 296, in _cursor
    self.ensure_connection()
    ~~~~~~~~~~~~~~~~~~~~~~^^
  File "C:\Users\donan\Desktop\POS-PROJECT\ADMIN WEB\env_boutique\Lib\site-packages\django\utils\asyncio.py", line 26, in inner
    return func(*args, **kwargs)
  File "C:\Users\donan\Desktop\POS-PROJECT\ADMIN WEB\env_boutique\Lib\site-packages\django\db\backends\base\base.py", line 278, in ensure_connection
    with self.wrap_database_errors:
         ^^^^^^^^^^^^^^^^^^^^^^^^^
  File "C:\Users\donan\Desktop\POS-PROJECT\ADMIN WEB\env_boutique\Lib\site-packages\django\db\utils.py", line 91, in __exit__
    raise dj_exc_value.with_traceback(traceback) from exc_value
  File "C:\Users\donan\Desktop\POS-PROJECT\ADMIN WEB\env_boutique\Lib\site-packages\django\db\backends\base\base.py", line 279, in ensure_connection
    self.connect()
    ~~~~~~~~~~~~^^
  File "C:\Users\donan\Desktop\POS-PROJECT\ADMIN WEB\env_boutique\Lib\site-packages\django\utils\asyncio.py", line 26, in inner
    return func(*args, **kwargs)
  File "C:\Users\donan\Desktop\POS-PROJECT\ADMIN WEB\env_boutique\Lib\site-packages\django\db\backends\base\base.py", line 256, in connect
    self.connection = self.get_new_connection(conn_params)
                      ~~~~~~~~~~~~~~~~~~~~~~~^^^^^^^^^^^^^
  File "C:\Users\donan\Desktop\POS-PROJECT\ADMIN WEB\env_boutique\Lib\site-packages\django\utils\asyncio.py", line 26, in inner
    return func(*args, **kwargs)
  File "C:\Users\donan\Desktop\POS-PROJECT\ADMIN WEB\env_boutique\Lib\site-packages\django\db\backends\postgresql\base.py", line 332, in get_new_connection
    connection = self.Database.connect(**conn_params)
  File "C:\Users\donan\Desktop\POS-PROJECT\ADMIN WEB\env_boutique\Lib\site-packages\psycopg2\__init__.py", line 135, in connect
    conn = _connect(dsn, connection_factory=connection_factory, **kwasync)
django.db.utils.OperationalError: could not translate host name "aws-1-eu-west-1.pooler.supabase.com" to address: Name or service not known

ERROR 2026-03-09 10:15:24,145 log Internal Server Error: /api/sales/
Traceback (most recent call last):
  File "C:\Users\donan\Desktop\POS-PROJECT\ADMIN WEB\env_boutique\Lib\site-packages\django\db\backends\base\base.py", line 279, in ensure_connection
    self.connect()
    ~~~~~~~~~~~~^^
  File "C:\Users\donan\Desktop\POS-PROJECT\ADMIN WEB\env_boutique\Lib\site-packages\django\utils\asyncio.py", line 26, in inner
    return func(*args, **kwargs)
  File "C:\Users\donan\Desktop\POS-PROJECT\ADMIN WEB\env_boutique\Lib\site-packages\django\db\backends\base\base.py", line 256, in connect
    self.connection = self.get_new_connection(conn_params)
                      ~~~~~~~~~~~~~~~~~~~~~~~^^^^^^^^^^^^^
  File "C:\Users\donan\Desktop\POS-PROJECT\ADMIN WEB\env_boutique\Lib\site-packages\django\utils\asyncio.py", line 26, in inner
    return func(*args, **kwargs)
  File "C:\Users\donan\Desktop\POS-PROJECT\ADMIN WEB\env_boutique\Lib\site-packages\django\db\backends\postgresql\base.py", line 332, in get_new_connection
    connection = self.Database.connect(**conn_params)
  File "C:\Users\donan\Desktop\POS-PROJECT\ADMIN WEB\env_boutique\Lib\site-packages\psycopg2\__init__.py", line 135, in connect
    conn = _connect(dsn, connection_factory=connection_factory, **kwasync)
psycopg2.OperationalError: could not translate host name "aws-1-eu-west-1.pooler.supabase.com" to address: Name or service not known


The above exception was the direct cause of the following exception:

Traceback (most recent call last):
  File "C:\Users\donan\Desktop\POS-PROJECT\ADMIN WEB\env_boutique\Lib\site-packages\django\core\handlers\exception.py", line 55, in inner
    response = get_response(request)
  File "C:\Users\donan\Desktop\POS-PROJECT\ADMIN WEB\env_boutique\Lib\site-packages\django\core\handlers\base.py", line 197, in _get_response
    response = wrapped_callback(request, *callback_args, **callback_kwargs)
  File "C:\Users\donan\Desktop\POS-PROJECT\ADMIN WEB\env_boutique\Lib\site-packages\django\views\decorators\csrf.py", line 65, in _view_wrapper
    return view_func(request, *args, **kwargs)
  File "C:\Users\donan\Desktop\POS-PROJECT\ADMIN WEB\env_boutique\Lib\site-packages\rest_framework\viewsets.py", line 125, in view
    return self.dispatch(request, *args, **kwargs)
           ~~~~~~~~~~~~~^^^^^^^^^^^^^^^^^^^^^^^^^^
  File "C:\Users\donan\Desktop\POS-PROJECT\ADMIN WEB\env_boutique\Lib\site-packages\rest_framework\views.py", line 515, in dispatch
    response = self.handle_exception(exc)
  File "C:\Users\donan\Desktop\POS-PROJECT\ADMIN WEB\env_boutique\Lib\site-packages\rest_framework\views.py", line 475, in handle_exception
    self.raise_uncaught_exception(exc)
    ~~~~~~~~~~~~~~~~~~~~~~~~~~~~~^^^^^
  File "C:\Users\donan\Desktop\POS-PROJECT\ADMIN WEB\env_boutique\Lib\site-packages\rest_framework\views.py", line 486, in raise_uncaught_exception
    raise exc
  File "C:\Users\donan\Desktop\POS-PROJECT\ADMIN WEB\env_boutique\Lib\site-packages\rest_framework\views.py", line 503, in dispatch
    self.initial(request, *args, **kwargs)
    ~~~~~~~~~~~~^^^^^^^^^^^^^^^^^^^^^^^^^^
  File "C:\Users\donan\Desktop\POS-PROJECT\ADMIN WEB\env_boutique\Lib\site-packages\rest_framework\views.py", line 420, in initial
    self.perform_authentication(request)
    ~~~~~~~~~~~~~~~~~~~~~~~~~~~^^^^^^^^^
  File "C:\Users\donan\Desktop\POS-PROJECT\ADMIN WEB\env_boutique\Lib\site-packages\rest_framework\views.py", line 330, in perform_authentication
    request.user
  File "C:\Users\donan\Desktop\POS-PROJECT\ADMIN WEB\env_boutique\Lib\site-packages\rest_framework\request.py", line 232, in user
    self._authenticate()
    ~~~~~~~~~~~~~~~~~~^^
  File "C:\Users\donan\Desktop\POS-PROJECT\ADMIN WEB\env_boutique\Lib\site-packages\rest_framework\request.py", line 385, in _authenticate
    user_auth_tuple = authenticator.authenticate(self)
  File "C:\Users\donan\Desktop\POS-PROJECT\ADMIN WEB\env_boutique\Lib\site-packages\rest_framework_simplejwt\authentication.py", line 51, in authenticate
    return self.get_user(validated_token), validated_token
           ~~~~~~~~~~~~~^^^^^^^^^^^^^^^^^
  File "C:\Users\donan\Desktop\POS-PROJECT\ADMIN WEB\env_boutique\Lib\site-packages\rest_framework_simplejwt\authentication.py", line 132, in get_user
    user = self.user_model.objects.get(**{api_settings.USER_ID_FIELD: user_id})
  File "C:\Users\donan\Desktop\POS-PROJECT\ADMIN WEB\env_boutique\Lib\site-packages\django\db\models\manager.py", line 87, in manager_method
    return getattr(self.get_queryset(), name)(*args, **kwargs)
           ~~~~~~~~~~~~~~~~~~~~~~~~~~~~~~~~~~^^^^^^^^^^^^^^^^^
  File "C:\Users\donan\Desktop\POS-PROJECT\ADMIN WEB\env_boutique\Lib\site-packages\django\db\models\query.py", line 629, in get
    num = len(clone)
  File "C:\Users\donan\Desktop\POS-PROJECT\ADMIN WEB\env_boutique\Lib\site-packages\django\db\models\query.py", line 366, in __len__
    self._fetch_all()
    ~~~~~~~~~~~~~~~^^
  File "C:\Users\donan\Desktop\POS-PROJECT\ADMIN WEB\env_boutique\Lib\site-packages\django\db\models\query.py", line 1949, in _fetch_all
    self._result_cache = list(self._iterable_class(self))
                         ~~~~^^^^^^^^^^^^^^^^^^^^^^^^^^^^
  File "C:\Users\donan\Desktop\POS-PROJECT\ADMIN WEB\env_boutique\Lib\site-packages\django\db\models\query.py", line 91, in __iter__
    results = compiler.execute_sql(
        chunked_fetch=self.chunked_fetch, chunk_size=self.chunk_size
    )
  File "C:\Users\donan\Desktop\POS-PROJECT\ADMIN WEB\env_boutique\Lib\site-packages\django\db\models\sql\compiler.py", line 1621, in execute_sql
    cursor = self.connection.cursor()
  File "C:\Users\donan\Desktop\POS-PROJECT\ADMIN WEB\env_boutique\Lib\site-packages\django\utils\asyncio.py", line 26, in inner
    return func(*args, **kwargs)
  File "C:\Users\donan\Desktop\POS-PROJECT\ADMIN WEB\env_boutique\Lib\site-packages\django\db\backends\base\base.py", line 320, in cursor
    return self._cursor()
           ~~~~~~~~~~~~^^
  File "C:\Users\donan\Desktop\POS-PROJECT\ADMIN WEB\env_boutique\Lib\site-packages\django\db\backends\base\base.py", line 296, in _cursor
    self.ensure_connection()
    ~~~~~~~~~~~~~~~~~~~~~~^^
  File "C:\Users\donan\Desktop\POS-PROJECT\ADMIN WEB\env_boutique\Lib\site-packages\django\utils\asyncio.py", line 26, in inner
    return func(*args, **kwargs)
  File "C:\Users\donan\Desktop\POS-PROJECT\ADMIN WEB\env_boutique\Lib\site-packages\django\db\backends\base\base.py", line 278, in ensure_connection
    with self.wrap_database_errors:
         ^^^^^^^^^^^^^^^^^^^^^^^^^
  File "C:\Users\donan\Desktop\POS-PROJECT\ADMIN WEB\env_boutique\Lib\site-packages\django\db\utils.py", line 91, in __exit__
    raise dj_exc_value.with_traceback(traceback) from exc_value
  File "C:\Users\donan\Desktop\POS-PROJECT\ADMIN WEB\env_boutique\Lib\site-packages\django\db\backends\base\base.py", line 279, in ensure_connection
    self.connect()
    ~~~~~~~~~~~~^^
  File "C:\Users\donan\Desktop\POS-PROJECT\ADMIN WEB\env_boutique\Lib\site-packages\django\utils\asyncio.py", line 26, in inner
    return func(*args, **kwargs)
  File "C:\Users\donan\Desktop\POS-PROJECT\ADMIN WEB\env_boutique\Lib\site-packages\django\db\backends\base\base.py", line 256, in connect
    self.connection = self.get_new_connection(conn_params)
                      ~~~~~~~~~~~~~~~~~~~~~~~^^^^^^^^^^^^^
  File "C:\Users\donan\Desktop\POS-PROJECT\ADMIN WEB\env_boutique\Lib\site-packages\django\utils\asyncio.py", line 26, in inner
    return func(*args, **kwargs)
  File "C:\Users\donan\Desktop\POS-PROJECT\ADMIN WEB\env_boutique\Lib\site-packages\django\db\backends\postgresql\base.py", line 332, in get_new_connection
    connection = self.Database.connect(**conn_params)
  File "C:\Users\donan\Desktop\POS-PROJECT\ADMIN WEB\env_boutique\Lib\site-packages\psycopg2\__init__.py", line 135, in connect
    conn = _connect(dsn, connection_factory=connection_factory, **kwasync)
django.db.utils.OperationalError: could not translate host name "aws-1-eu-west-1.pooler.supabase.com" to address: Name or service not known

ERROR 2026-03-09 10:15:24,178 log Internal Server Error: /api/employees/
Traceback (most recent call last):
  File "C:\Users\donan\Desktop\POS-PROJECT\ADMIN WEB\env_boutique\Lib\site-packages\django\db\backends\base\base.py", line 279, in ensure_connection
    self.connect()
    ~~~~~~~~~~~~^^
  File "C:\Users\donan\Desktop\POS-PROJECT\ADMIN WEB\env_boutique\Lib\site-packages\django\utils\asyncio.py", line 26, in inner
    return func(*args, **kwargs)
  File "C:\Users\donan\Desktop\POS-PROJECT\ADMIN WEB\env_boutique\Lib\site-packages\django\db\backends\base\base.py", line 256, in connect
    self.connection = self.get_new_connection(conn_params)
                      ~~~~~~~~~~~~~~~~~~~~~~~^^^^^^^^^^^^^
  File "C:\Users\donan\Desktop\POS-PROJECT\ADMIN WEB\env_boutique\Lib\site-packages\django\utils\asyncio.py", line 26, in inner
    return func(*args, **kwargs)
  File "C:\Users\donan\Desktop\POS-PROJECT\ADMIN WEB\env_boutique\Lib\site-packages\django\db\backends\postgresql\base.py", line 332, in get_new_connection
    connection = self.Database.connect(**conn_params)
  File "C:\Users\donan\Desktop\POS-PROJECT\ADMIN WEB\env_boutique\Lib\site-packages\psycopg2\__init__.py", line 135, in connect
    conn = _connect(dsn, connection_factory=connection_factory, **kwasync)
psycopg2.OperationalError: could not translate host name "aws-1-eu-west-1.pooler.supabase.com" to address: Name or service not known


The above exception was the direct cause of the following exception:

Traceback (most recent call last):
  File "C:\Users\donan\Desktop\POS-PROJECT\ADMIN WEB\env_boutique\Lib\site-packages\django\core\handlers\exception.py", line 55, in inner
    response = get_response(request)
  File "C:\Users\donan\Desktop\POS-PROJECT\ADMIN WEB\env_boutique\Lib\site-packages\django\core\handlers\base.py", line 197, in _get_response
    response = wrapped_callback(request, *callback_args, **callback_kwargs)
  File "C:\Users\donan\Desktop\POS-PROJECT\ADMIN WEB\env_boutique\Lib\site-packages\django\views\decorators\csrf.py", line 65, in _view_wrapper
    return view_func(request, *args, **kwargs)
  File "C:\Users\donan\Desktop\POS-PROJECT\ADMIN WEB\env_boutique\Lib\site-packages\rest_framework\viewsets.py", line 125, in view
    return self.dispatch(request, *args, **kwargs)
           ~~~~~~~~~~~~~^^^^^^^^^^^^^^^^^^^^^^^^^^
  File "C:\Users\donan\Desktop\POS-PROJECT\ADMIN WEB\env_boutique\Lib\site-packages\rest_framework\views.py", line 515, in dispatch
    response = self.handle_exception(exc)
  File "C:\Users\donan\Desktop\POS-PROJECT\ADMIN WEB\env_boutique\Lib\site-packages\rest_framework\views.py", line 475, in handle_exception
    self.raise_uncaught_exception(exc)
    ~~~~~~~~~~~~~~~~~~~~~~~~~~~~~^^^^^
  File "C:\Users\donan\Desktop\POS-PROJECT\ADMIN WEB\env_boutique\Lib\site-packages\rest_framework\views.py", line 486, in raise_uncaught_exception
    raise exc
  File "C:\Users\donan\Desktop\POS-PROJECT\ADMIN WEB\env_boutique\Lib\site-packages\rest_framework\views.py", line 503, in dispatch
    self.initial(request, *args, **kwargs)
    ~~~~~~~~~~~~^^^^^^^^^^^^^^^^^^^^^^^^^^
  File "C:\Users\donan\Desktop\POS-PROJECT\ADMIN WEB\env_boutique\Lib\site-packages\rest_framework\views.py", line 420, in initial
    self.perform_authentication(request)
    ~~~~~~~~~~~~~~~~~~~~~~~~~~~^^^^^^^^^
  File "C:\Users\donan\Desktop\POS-PROJECT\ADMIN WEB\env_boutique\Lib\site-packages\rest_framework\views.py", line 330, in perform_authentication
    request.user
  File "C:\Users\donan\Desktop\POS-PROJECT\ADMIN WEB\env_boutique\Lib\site-packages\rest_framework\request.py", line 232, in user
    self._authenticate()
    ~~~~~~~~~~~~~~~~~~^^
  File "C:\Users\donan\Desktop\POS-PROJECT\ADMIN WEB\env_boutique\Lib\site-packages\rest_framework\request.py", line 385, in _authenticate
    user_auth_tuple = authenticator.authenticate(self)
  File "C:\Users\donan\Desktop\POS-PROJECT\ADMIN WEB\env_boutique\Lib\site-packages\rest_framework_simplejwt\authentication.py", line 51, in authenticate
    return self.get_user(validated_token), validated_token
           ~~~~~~~~~~~~~^^^^^^^^^^^^^^^^^
  File "C:\Users\donan\Desktop\POS-PROJECT\ADMIN WEB\env_boutique\Lib\site-packages\rest_framework_simplejwt\authentication.py", line 132, in get_user
    user = self.user_model.objects.get(**{api_settings.USER_ID_FIELD: user_id})
  File "C:\Users\donan\Desktop\POS-PROJECT\ADMIN WEB\env_boutique\Lib\site-packages\django\db\models\manager.py", line 87, in manager_method
    return getattr(self.get_queryset(), name)(*args, **kwargs)
           ~~~~~~~~~~~~~~~~~~~~~~~~~~~~~~~~~~^^^^^^^^^^^^^^^^^
  File "C:\Users\donan\Desktop\POS-PROJECT\ADMIN WEB\env_boutique\Lib\site-packages\django\db\models\query.py", line 629, in get
    num = len(clone)
  File "C:\Users\donan\Desktop\POS-PROJECT\ADMIN WEB\env_boutique\Lib\site-packages\django\db\models\query.py", line 366, in __len__
    self._fetch_all()
    ~~~~~~~~~~~~~~~^^
  File "C:\Users\donan\Desktop\POS-PROJECT\ADMIN WEB\env_boutique\Lib\site-packages\django\db\models\query.py", line 1949, in _fetch_all
    self._result_cache = list(self._iterable_class(self))
                         ~~~~^^^^^^^^^^^^^^^^^^^^^^^^^^^^
  File "C:\Users\donan\Desktop\POS-PROJECT\ADMIN WEB\env_boutique\Lib\site-packages\django\db\models\query.py", line 91, in __iter__
    results = compiler.execute_sql(
        chunked_fetch=self.chunked_fetch, chunk_size=self.chunk_size
    )
  File "C:\Users\donan\Desktop\POS-PROJECT\ADMIN WEB\env_boutique\Lib\site-packages\django\db\models\sql\compiler.py", line 1621, in execute_sql
    cursor = self.connection.cursor()
  File "C:\Users\donan\Desktop\POS-PROJECT\ADMIN WEB\env_boutique\Lib\site-packages\django\utils\asyncio.py", line 26, in inner
    return func(*args, **kwargs)
  File "C:\Users\donan\Desktop\POS-PROJECT\ADMIN WEB\env_boutique\Lib\site-packages\django\db\backends\base\base.py", line 320, in cursor
    return self._cursor()
           ~~~~~~~~~~~~^^
  File "C:\Users\donan\Desktop\POS-PROJECT\ADMIN WEB\env_boutique\Lib\site-packages\django\db\backends\base\base.py", line 296, in _cursor
    self.ensure_connection()
    ~~~~~~~~~~~~~~~~~~~~~~^^
  File "C:\Users\donan\Desktop\POS-PROJECT\ADMIN WEB\env_boutique\Lib\site-packages\django\utils\asyncio.py", line 26, in inner
    return func(*args, **kwargs)
  File "C:\Users\donan\Desktop\POS-PROJECT\ADMIN WEB\env_boutique\Lib\site-packages\django\db\backends\base\base.py", line 278, in ensure_connection
    with self.wrap_database_errors:
         ^^^^^^^^^^^^^^^^^^^^^^^^^
  File "C:\Users\donan\Desktop\POS-PROJECT\ADMIN WEB\env_boutique\Lib\site-packages\django\db\utils.py", line 91, in __exit__
    raise dj_exc_value.with_traceback(traceback) from exc_value
  File "C:\Users\donan\Desktop\POS-PROJECT\ADMIN WEB\env_boutique\Lib\site-packages\django\db\backends\base\base.py", line 279, in ensure_connection
    self.connect()
    ~~~~~~~~~~~~^^
  File "C:\Users\donan\Desktop\POS-PROJECT\ADMIN WEB\env_boutique\Lib\site-packages\django\utils\asyncio.py", line 26, in inner
    return func(*args, **kwargs)
  File "C:\Users\donan\Desktop\POS-PROJECT\ADMIN WEB\env_boutique\Lib\site-packages\django\db\backends\base\base.py", line 256, in connect
    self.connection = self.get_new_connection(conn_params)
                      ~~~~~~~~~~~~~~~~~~~~~~~^^^^^^^^^^^^^
  File "C:\Users\donan\Desktop\POS-PROJECT\ADMIN WEB\env_boutique\Lib\site-packages\django\utils\asyncio.py", line 26, in inner
    return func(*args, **kwargs)
  File "C:\Users\donan\Desktop\POS-PROJECT\ADMIN WEB\env_boutique\Lib\site-packages\django\db\backends\postgresql\base.py", line 332, in get_new_connection
    connection = self.Database.connect(**conn_params)
  File "C:\Users\donan\Desktop\POS-PROJECT\ADMIN WEB\env_boutique\Lib\site-packages\psycopg2\__init__.py", line 135, in connect
    conn = _connect(dsn, connection_factory=connection_factory, **kwasync)
django.db.utils.OperationalError: could not translate host name "aws-1-eu-west-1.pooler.supabase.com" to address: Name or service not known

ERROR 2026-03-09 10:15:24,185 basehttp "GET /api/stores/ HTTP/1.1" 500 242175
ERROR 2026-03-09 10:15:24,207 basehttp "GET /api/sales/ HTTP/1.1" 500 242140
ERROR 2026-03-09 10:15:24,210 basehttp "GET /api/employees/ HTTP/1.1" 500 242280
ERROR 2026-03-09 10:15:24,311 log Internal Server Error: /api/stores/
Traceback (most recent call last):
  File "C:\Users\donan\Desktop\POS-PROJECT\ADMIN WEB\env_boutique\Lib\site-packages\django\db\backends\base\base.py", line 279, in ensure_connection
    self.connect()
    ~~~~~~~~~~~~^^
  File "C:\Users\donan\Desktop\POS-PROJECT\ADMIN WEB\env_boutique\Lib\site-packages\django\utils\asyncio.py", line 26, in inner
    return func(*args, **kwargs)
  File "C:\Users\donan\Desktop\POS-PROJECT\ADMIN WEB\env_boutique\Lib\site-packages\django\db\backends\base\base.py", line 256, in connect
    self.connection = self.get_new_connection(conn_params)
                      ~~~~~~~~~~~~~~~~~~~~~~~^^^^^^^^^^^^^
  File "C:\Users\donan\Desktop\POS-PROJECT\ADMIN WEB\env_boutique\Lib\site-packages\django\utils\asyncio.py", line 26, in inner
    return func(*args, **kwargs)
  File "C:\Users\donan\Desktop\POS-PROJECT\ADMIN WEB\env_boutique\Lib\site-packages\django\db\backends\postgresql\base.py", line 332, in get_new_connection
    connection = self.Database.connect(**conn_params)
  File "C:\Users\donan\Desktop\POS-PROJECT\ADMIN WEB\env_boutique\Lib\site-packages\psycopg2\__init__.py", line 135, in connect
    conn = _connect(dsn, connection_factory=connection_factory, **kwasync)
psycopg2.OperationalError: could not translate host name "aws-1-eu-west-1.pooler.supabase.com" to address: Name or service not known


The above exception was the direct cause of the following exception:

Traceback (most recent call last):
  File "C:\Users\donan\Desktop\POS-PROJECT\ADMIN WEB\env_boutique\Lib\site-packages\django\core\handlers\exception.py", line 55, in inner
    response = get_response(request)
  File "C:\Users\donan\Desktop\POS-PROJECT\ADMIN WEB\env_boutique\Lib\site-packages\django\core\handlers\base.py", line 197, in _get_response
    response = wrapped_callback(request, *callback_args, **callback_kwargs)
  File "C:\Users\donan\Desktop\POS-PROJECT\ADMIN WEB\env_boutique\Lib\site-packages\django\views\decorators\csrf.py", line 65, in _view_wrapper
    return view_func(request, *args, **kwargs)
  File "C:\Users\donan\Desktop\POS-PROJECT\ADMIN WEB\env_boutique\Lib\site-packages\rest_framework\viewsets.py", line 125, in view
    return self.dispatch(request, *args, **kwargs)
           ~~~~~~~~~~~~~^^^^^^^^^^^^^^^^^^^^^^^^^^
  File "C:\Users\donan\Desktop\POS-PROJECT\ADMIN WEB\env_boutique\Lib\site-packages\rest_framework\views.py", line 515, in dispatch
    response = self.handle_exception(exc)
  File "C:\Users\donan\Desktop\POS-PROJECT\ADMIN WEB\env_boutique\Lib\site-packages\rest_framework\views.py", line 475, in handle_exception
    self.raise_uncaught_exception(exc)
    ~~~~~~~~~~~~~~~~~~~~~~~~~~~~~^^^^^
  File "C:\Users\donan\Desktop\POS-PROJECT\ADMIN WEB\env_boutique\Lib\site-packages\rest_framework\views.py", line 486, in raise_uncaught_exception
    raise exc
  File "C:\Users\donan\Desktop\POS-PROJECT\ADMIN WEB\env_boutique\Lib\site-packages\rest_framework\views.py", line 503, in dispatch
    self.initial(request, *args, **kwargs)
    ~~~~~~~~~~~~^^^^^^^^^^^^^^^^^^^^^^^^^^
  File "C:\Users\donan\Desktop\POS-PROJECT\ADMIN WEB\env_boutique\Lib\site-packages\rest_framework\views.py", line 420, in initial
    self.perform_authentication(request)
    ~~~~~~~~~~~~~~~~~~~~~~~~~~~^^^^^^^^^
  File "C:\Users\donan\Desktop\POS-PROJECT\ADMIN WEB\env_boutique\Lib\site-packages\rest_framework\views.py", line 330, in perform_authentication
    request.user
  File "C:\Users\donan\Desktop\POS-PROJECT\ADMIN WEB\env_boutique\Lib\site-packages\rest_framework\request.py", line 232, in user
    self._authenticate()
    ~~~~~~~~~~~~~~~~~~^^
  File "C:\Users\donan\Desktop\POS-PROJECT\ADMIN WEB\env_boutique\Lib\site-packages\rest_framework\request.py", line 385, in _authenticate
    user_auth_tuple = authenticator.authenticate(self)
  File "C:\Users\donan\Desktop\POS-PROJECT\ADMIN WEB\env_boutique\Lib\site-packages\rest_framework_simplejwt\authentication.py", line 51, in authenticate
    return self.get_user(validated_token), validated_token
           ~~~~~~~~~~~~~^^^^^^^^^^^^^^^^^
  File "C:\Users\donan\Desktop\POS-PROJECT\ADMIN WEB\env_boutique\Lib\site-packages\rest_framework_simplejwt\authentication.py", line 132, in get_user
    user = self.user_model.objects.get(**{api_settings.USER_ID_FIELD: user_id})
  File "C:\Users\donan\Desktop\POS-PROJECT\ADMIN WEB\env_boutique\Lib\site-packages\django\db\models\manager.py", line 87, in manager_method
    return getattr(self.get_queryset(), name)(*args, **kwargs)
           ~~~~~~~~~~~~~~~~~~~~~~~~~~~~~~~~~~^^^^^^^^^^^^^^^^^
  File "C:\Users\donan\Desktop\POS-PROJECT\ADMIN WEB\env_boutique\Lib\site-packages\django\db\models\query.py", line 629, in get
    num = len(clone)
  File "C:\Users\donan\Desktop\POS-PROJECT\ADMIN WEB\env_boutique\Lib\site-packages\django\db\models\query.py", line 366, in __len__
    self._fetch_all()
    ~~~~~~~~~~~~~~~^^
  File "C:\Users\donan\Desktop\POS-PROJECT\ADMIN WEB\env_boutique\Lib\site-packages\django\db\models\query.py", line 1949, in _fetch_all
    self._result_cache = list(self._iterable_class(self))
                         ~~~~^^^^^^^^^^^^^^^^^^^^^^^^^^^^
  File "C:\Users\donan\Desktop\POS-PROJECT\ADMIN WEB\env_boutique\Lib\site-packages\django\db\models\query.py", line 91, in __iter__
    results = compiler.execute_sql(
        chunked_fetch=self.chunked_fetch, chunk_size=self.chunk_size
    )
  File "C:\Users\donan\Desktop\POS-PROJECT\ADMIN WEB\env_boutique\Lib\site-packages\django\db\models\sql\compiler.py", line 1621, in execute_sql
    cursor = self.connection.cursor()
  File "C:\Users\donan\Desktop\POS-PROJECT\ADMIN WEB\env_boutique\Lib\site-packages\django\utils\asyncio.py", line 26, in inner
    return func(*args, **kwargs)
  File "C:\Users\donan\Desktop\POS-PROJECT\ADMIN WEB\env_boutique\Lib\site-packages\django\db\backends\base\base.py", line 320, in cursor
    return self._cursor()
           ~~~~~~~~~~~~^^
  File "C:\Users\donan\Desktop\POS-PROJECT\ADMIN WEB\env_boutique\Lib\site-packages\django\db\backends\base\base.py", line 296, in _cursor
    self.ensure_connection()
    ~~~~~~~~~~~~~~~~~~~~~~^^
  File "C:\Users\donan\Desktop\POS-PROJECT\ADMIN WEB\env_boutique\Lib\site-packages\django\utils\asyncio.py", line 26, in inner
    return func(*args, **kwargs)
  File "C:\Users\donan\Desktop\POS-PROJECT\ADMIN WEB\env_boutique\Lib\site-packages\django\db\backends\base\base.py", line 278, in ensure_connection
    with self.wrap_database_errors:
         ^^^^^^^^^^^^^^^^^^^^^^^^^
  File "C:\Users\donan\Desktop\POS-PROJECT\ADMIN WEB\env_boutique\Lib\site-packages\django\db\utils.py", line 91, in __exit__
    raise dj_exc_value.with_traceback(traceback) from exc_value
  File "C:\Users\donan\Desktop\POS-PROJECT\ADMIN WEB\env_boutique\Lib\site-packages\django\db\backends\base\base.py", line 279, in ensure_connection
    self.connect()
    ~~~~~~~~~~~~^^
  File "C:\Users\donan\Desktop\POS-PROJECT\ADMIN WEB\env_boutique\Lib\site-packages\django\utils\asyncio.py", line 26, in inner
    return func(*args, **kwargs)
  File "C:\Users\donan\Desktop\POS-PROJECT\ADMIN WEB\env_boutique\Lib\site-packages\django\db\backends\base\base.py", line 256, in connect
    self.connection = self.get_new_connection(conn_params)
                      ~~~~~~~~~~~~~~~~~~~~~~~^^^^^^^^^^^^^
  File "C:\Users\donan\Desktop\POS-PROJECT\ADMIN WEB\env_boutique\Lib\site-packages\django\utils\asyncio.py", line 26, in inner
    return func(*args, **kwargs)
  File "C:\Users\donan\Desktop\POS-PROJECT\ADMIN WEB\env_boutique\Lib\site-packages\django\db\backends\postgresql\base.py", line 332, in get_new_connection
    connection = self.Database.connect(**conn_params)
  File "C:\Users\donan\Desktop\POS-PROJECT\ADMIN WEB\env_boutique\Lib\site-packages\psycopg2\__init__.py", line 135, in connect
    conn = _connect(dsn, connection_factory=connection_factory, **kwasync)
django.db.utils.OperationalError: could not translate host name "aws-1-eu-west-1.pooler.supabase.com" to address: Name or service not known

ERROR 2026-03-09 10:15:24,326 basehttp "GET /api/stores/ HTTP/1.1" 500 242175
ERROR 2026-03-09 10:15:24,371 log Internal Server Error: /api/employees/
Traceback (most recent call last):
  File "C:\Users\donan\Desktop\POS-PROJECT\ADMIN WEB\env_boutique\Lib\site-packages\django\db\backends\base\base.py", line 279, in ensure_connection
    self.connect()
    ~~~~~~~~~~~~^^
  File "C:\Users\donan\Desktop\POS-PROJECT\ADMIN WEB\env_boutique\Lib\site-packages\django\utils\asyncio.py", line 26, in inner
    return func(*args, **kwargs)
  File "C:\Users\donan\Desktop\POS-PROJECT\ADMIN WEB\env_boutique\Lib\site-packages\django\db\backends\base\base.py", line 256, in connect
    self.connection = self.get_new_connection(conn_params)
                      ~~~~~~~~~~~~~~~~~~~~~~~^^^^^^^^^^^^^
  File "C:\Users\donan\Desktop\POS-PROJECT\ADMIN WEB\env_boutique\Lib\site-packages\django\utils\asyncio.py", line 26, in inner
    return func(*args, **kwargs)
  File "C:\Users\donan\Desktop\POS-PROJECT\ADMIN WEB\env_boutique\Lib\site-packages\django\db\backends\postgresql\base.py", line 332, in get_new_connection
    connection = self.Database.connect(**conn_params)
  File "C:\Users\donan\Desktop\POS-PROJECT\ADMIN WEB\env_boutique\Lib\site-packages\psycopg2\__init__.py", line 135, in connect
    conn = _connect(dsn, connection_factory=connection_factory, **kwasync)
psycopg2.OperationalError: could not translate host name "aws-1-eu-west-1.pooler.supabase.com" to address: Name or service not known


The above exception was the direct cause of the following exception:

Traceback (most recent call last):
  File "C:\Users\donan\Desktop\POS-PROJECT\ADMIN WEB\env_boutique\Lib\site-packages\django\core\handlers\exception.py", line 55, in inner
    response = get_response(request)
  File "C:\Users\donan\Desktop\POS-PROJECT\ADMIN WEB\env_boutique\Lib\site-packages\django\core\handlers\base.py", line 197, in _get_response
    response = wrapped_callback(request, *callback_args, **callback_kwargs)
  File "C:\Users\donan\Desktop\POS-PROJECT\ADMIN WEB\env_boutique\Lib\site-packages\django\views\decorators\csrf.py", line 65, in _view_wrapper
    return view_func(request, *args, **kwargs)
  File "C:\Users\donan\Desktop\POS-PROJECT\ADMIN WEB\env_boutique\Lib\site-packages\rest_framework\viewsets.py", line 125, in view
    return self.dispatch(request, *args, **kwargs)
           ~~~~~~~~~~~~~^^^^^^^^^^^^^^^^^^^^^^^^^^
  File "C:\Users\donan\Desktop\POS-PROJECT\ADMIN WEB\env_boutique\Lib\site-packages\rest_framework\views.py", line 515, in dispatch
    response = self.handle_exception(exc)
  File "C:\Users\donan\Desktop\POS-PROJECT\ADMIN WEB\env_boutique\Lib\site-packages\rest_framework\views.py", line 475, in handle_exception
    self.raise_uncaught_exception(exc)
    ~~~~~~~~~~~~~~~~~~~~~~~~~~~~~^^^^^
  File "C:\Users\donan\Desktop\POS-PROJECT\ADMIN WEB\env_boutique\Lib\site-packages\rest_framework\views.py", line 486, in raise_uncaught_exception
    raise exc
  File "C:\Users\donan\Desktop\POS-PROJECT\ADMIN WEB\env_boutique\Lib\site-packages\rest_framework\views.py", line 503, in dispatch
    self.initial(request, *args, **kwargs)
    ~~~~~~~~~~~~^^^^^^^^^^^^^^^^^^^^^^^^^^
  File "C:\Users\donan\Desktop\POS-PROJECT\ADMIN WEB\env_boutique\Lib\site-packages\rest_framework\views.py", line 420, in initial
    self.perform_authentication(request)
    ~~~~~~~~~~~~~~~~~~~~~~~~~~~^^^^^^^^^
  File "C:\Users\donan\Desktop\POS-PROJECT\ADMIN WEB\env_boutique\Lib\site-packages\rest_framework\views.py", line 330, in perform_authentication
    request.user
  File "C:\Users\donan\Desktop\POS-PROJECT\ADMIN WEB\env_boutique\Lib\site-packages\rest_framework\request.py", line 232, in user
    self._authenticate()
    ~~~~~~~~~~~~~~~~~~^^
  File "C:\Users\donan\Desktop\POS-PROJECT\ADMIN WEB\env_boutique\Lib\site-packages\rest_framework\request.py", line 385, in _authenticate
    user_auth_tuple = authenticator.authenticate(self)
  File "C:\Users\donan\Desktop\POS-PROJECT\ADMIN WEB\env_boutique\Lib\site-packages\rest_framework_simplejwt\authentication.py", line 51, in authenticate
    return self.get_user(validated_token), validated_token
           ~~~~~~~~~~~~~^^^^^^^^^^^^^^^^^
  File "C:\Users\donan\Desktop\POS-PROJECT\ADMIN WEB\env_boutique\Lib\site-packages\rest_framework_simplejwt\authentication.py", line 132, in get_user
    user = self.user_model.objects.get(**{api_settings.USER_ID_FIELD: user_id})
  File "C:\Users\donan\Desktop\POS-PROJECT\ADMIN WEB\env_boutique\Lib\site-packages\django\db\models\manager.py", line 87, in manager_method
    return getattr(self.get_queryset(), name)(*args, **kwargs)
           ~~~~~~~~~~~~~~~~~~~~~~~~~~~~~~~~~~^^^^^^^^^^^^^^^^^
  File "C:\Users\donan\Desktop\POS-PROJECT\ADMIN WEB\env_boutique\Lib\site-packages\django\db\models\query.py", line 629, in get
    num = len(clone)
  File "C:\Users\donan\Desktop\POS-PROJECT\ADMIN WEB\env_boutique\Lib\site-packages\django\db\models\query.py", line 366, in __len__
    self._fetch_all()
    ~~~~~~~~~~~~~~~^^
  File "C:\Users\donan\Desktop\POS-PROJECT\ADMIN WEB\env_boutique\Lib\site-packages\django\db\models\query.py", line 1949, in _fetch_all
    self._result_cache = list(self._iterable_class(self))
                         ~~~~^^^^^^^^^^^^^^^^^^^^^^^^^^^^
  File "C:\Users\donan\Desktop\POS-PROJECT\ADMIN WEB\env_boutique\Lib\site-packages\django\db\models\query.py", line 91, in __iter__
    results = compiler.execute_sql(
        chunked_fetch=self.chunked_fetch, chunk_size=self.chunk_size
    )
  File "C:\Users\donan\Desktop\POS-PROJECT\ADMIN WEB\env_boutique\Lib\site-packages\django\db\models\sql\compiler.py", line 1621, in execute_sql
    cursor = self.connection.cursor()
  File "C:\Users\donan\Desktop\POS-PROJECT\ADMIN WEB\env_boutique\Lib\site-packages\django\utils\asyncio.py", line 26, in inner
    return func(*args, **kwargs)
  File "C:\Users\donan\Desktop\POS-PROJECT\ADMIN WEB\env_boutique\Lib\site-packages\django\db\backends\base\base.py", line 320, in cursor
    return self._cursor()
           ~~~~~~~~~~~~^^
  File "C:\Users\donan\Desktop\POS-PROJECT\ADMIN WEB\env_boutique\Lib\site-packages\django\db\backends\base\base.py", line 296, in _cursor
    self.ensure_connection()
    ~~~~~~~~~~~~~~~~~~~~~~^^
  File "C:\Users\donan\Desktop\POS-PROJECT\ADMIN WEB\env_boutique\Lib\site-packages\django\utils\asyncio.py", line 26, in inner
    return func(*args, **kwargs)
  File "C:\Users\donan\Desktop\POS-PROJECT\ADMIN WEB\env_boutique\Lib\site-packages\django\db\backends\base\base.py", line 278, in ensure_connection
    with self.wrap_database_errors:
         ^^^^^^^^^^^^^^^^^^^^^^^^^
  File "C:\Users\donan\Desktop\POS-PROJECT\ADMIN WEB\env_boutique\Lib\site-packages\django\db\utils.py", line 91, in __exit__
    raise dj_exc_value.with_traceback(traceback) from exc_value
  File "C:\Users\donan\Desktop\POS-PROJECT\ADMIN WEB\env_boutique\Lib\site-packages\django\db\backends\base\base.py", line 279, in ensure_connection
    self.connect()
    ~~~~~~~~~~~~^^
  File "C:\Users\donan\Desktop\POS-PROJECT\ADMIN WEB\env_boutique\Lib\site-packages\django\utils\asyncio.py", line 26, in inner
    return func(*args, **kwargs)
  File "C:\Users\donan\Desktop\POS-PROJECT\ADMIN WEB\env_boutique\Lib\site-packages\django\db\backends\base\base.py", line 256, in connect
    self.connection = self.get_new_connection(conn_params)
                      ~~~~~~~~~~~~~~~~~~~~~~~^^^^^^^^^^^^^
  File "C:\Users\donan\Desktop\POS-PROJECT\ADMIN WEB\env_boutique\Lib\site-packages\django\utils\asyncio.py", line 26, in inner
    return func(*args, **kwargs)
  File "C:\Users\donan\Desktop\POS-PROJECT\ADMIN WEB\env_boutique\Lib\site-packages\django\db\backends\postgresql\base.py", line 332, in get_new_connection
    connection = self.Database.connect(**conn_params)
  File "C:\Users\donan\Desktop\POS-PROJECT\ADMIN WEB\env_boutique\Lib\site-packages\psycopg2\__init__.py", line 135, in connect
    conn = _connect(dsn, connection_factory=connection_factory, **kwasync)
django.db.utils.OperationalError: could not translate host name "aws-1-eu-west-1.pooler.supabase.com" to address: Name or service not known

ERROR 2026-03-09 10:15:24,383 log Internal Server Error: /api/sales/
Traceback (most recent call last):
  File "C:\Users\donan\Desktop\POS-PROJECT\ADMIN WEB\env_boutique\Lib\site-packages\django\db\backends\base\base.py", line 279, in ensure_connection
    self.connect()
    ~~~~~~~~~~~~^^
  File "C:\Users\donan\Desktop\POS-PROJECT\ADMIN WEB\env_boutique\Lib\site-packages\django\utils\asyncio.py", line 26, in inner
    return func(*args, **kwargs)
  File "C:\Users\donan\Desktop\POS-PROJECT\ADMIN WEB\env_boutique\Lib\site-packages\django\db\backends\base\base.py", line 256, in connect
    self.connection = self.get_new_connection(conn_params)
                      ~~~~~~~~~~~~~~~~~~~~~~~^^^^^^^^^^^^^
  File "C:\Users\donan\Desktop\POS-PROJECT\ADMIN WEB\env_boutique\Lib\site-packages\django\utils\asyncio.py", line 26, in inner
    return func(*args, **kwargs)
  File "C:\Users\donan\Desktop\POS-PROJECT\ADMIN WEB\env_boutique\Lib\site-packages\django\db\backends\postgresql\base.py", line 332, in get_new_connection
    connection = self.Database.connect(**conn_params)
  File "C:\Users\donan\Desktop\POS-PROJECT\ADMIN WEB\env_boutique\Lib\site-packages\psycopg2\__init__.py", line 135, in connect
    conn = _connect(dsn, connection_factory=connection_factory, **kwasync)
psycopg2.OperationalError: could not translate host name "aws-1-eu-west-1.pooler.supabase.com" to address: Name or service not known


The above exception was the direct cause of the following exception:

Traceback (most recent call last):
  File "C:\Users\donan\Desktop\POS-PROJECT\ADMIN WEB\env_boutique\Lib\site-packages\django\core\handlers\exception.py", line 55, in inner
    response = get_response(request)
  File "C:\Users\donan\Desktop\POS-PROJECT\ADMIN WEB\env_boutique\Lib\site-packages\django\core\handlers\base.py", line 197, in _get_response
    response = wrapped_callback(request, *callback_args, **callback_kwargs)
  File "C:\Users\donan\Desktop\POS-PROJECT\ADMIN WEB\env_boutique\Lib\site-packages\django\views\decorators\csrf.py", line 65, in _view_wrapper
    return view_func(request, *args, **kwargs)
  File "C:\Users\donan\Desktop\POS-PROJECT\ADMIN WEB\env_boutique\Lib\site-packages\rest_framework\viewsets.py", line 125, in view
    return self.dispatch(request, *args, **kwargs)
           ~~~~~~~~~~~~~^^^^^^^^^^^^^^^^^^^^^^^^^^
  File "C:\Users\donan\Desktop\POS-PROJECT\ADMIN WEB\env_boutique\Lib\site-packages\rest_framework\views.py", line 515, in dispatch
    response = self.handle_exception(exc)
  File "C:\Users\donan\Desktop\POS-PROJECT\ADMIN WEB\env_boutique\Lib\site-packages\rest_framework\views.py", line 475, in handle_exception
    self.raise_uncaught_exception(exc)
    ~~~~~~~~~~~~~~~~~~~~~~~~~~~~~^^^^^
  File "C:\Users\donan\Desktop\POS-PROJECT\ADMIN WEB\env_boutique\Lib\site-packages\rest_framework\views.py", line 486, in raise_uncaught_exception
    raise exc
  File "C:\Users\donan\Desktop\POS-PROJECT\ADMIN WEB\env_boutique\Lib\site-packages\rest_framework\views.py", line 503, in dispatch
    self.initial(request, *args, **kwargs)
    ~~~~~~~~~~~~^^^^^^^^^^^^^^^^^^^^^^^^^^
  File "C:\Users\donan\Desktop\POS-PROJECT\ADMIN WEB\env_boutique\Lib\site-packages\rest_framework\views.py", line 420, in initial
    self.perform_authentication(request)
    ~~~~~~~~~~~~~~~~~~~~~~~~~~~^^^^^^^^^
  File "C:\Users\donan\Desktop\POS-PROJECT\ADMIN WEB\env_boutique\Lib\site-packages\rest_framework\views.py", line 330, in perform_authentication
    request.user
  File "C:\Users\donan\Desktop\POS-PROJECT\ADMIN WEB\env_boutique\Lib\site-packages\rest_framework\request.py", line 232, in user
    self._authenticate()
    ~~~~~~~~~~~~~~~~~~^^
  File "C:\Users\donan\Desktop\POS-PROJECT\ADMIN WEB\env_boutique\Lib\site-packages\rest_framework\request.py", line 385, in _authenticate
    user_auth_tuple = authenticator.authenticate(self)
  File "C:\Users\donan\Desktop\POS-PROJECT\ADMIN WEB\env_boutique\Lib\site-packages\rest_framework_simplejwt\authentication.py", line 51, in authenticate
    return self.get_user(validated_token), validated_token
           ~~~~~~~~~~~~~^^^^^^^^^^^^^^^^^
  File "C:\Users\donan\Desktop\POS-PROJECT\ADMIN WEB\env_boutique\Lib\site-packages\rest_framework_simplejwt\authentication.py", line 132, in get_user
    user = self.user_model.objects.get(**{api_settings.USER_ID_FIELD: user_id})
  File "C:\Users\donan\Desktop\POS-PROJECT\ADMIN WEB\env_boutique\Lib\site-packages\django\db\models\manager.py", line 87, in manager_method
    return getattr(self.get_queryset(), name)(*args, **kwargs)
           ~~~~~~~~~~~~~~~~~~~~~~~~~~~~~~~~~~^^^^^^^^^^^^^^^^^
  File "C:\Users\donan\Desktop\POS-PROJECT\ADMIN WEB\env_boutique\Lib\site-packages\django\db\models\query.py", line 629, in get
    num = len(clone)
  File "C:\Users\donan\Desktop\POS-PROJECT\ADMIN WEB\env_boutique\Lib\site-packages\django\db\models\query.py", line 366, in __len__
    self._fetch_all()
    ~~~~~~~~~~~~~~~^^
  File "C:\Users\donan\Desktop\POS-PROJECT\ADMIN WEB\env_boutique\Lib\site-packages\django\db\models\query.py", line 1949, in _fetch_all
    self._result_cache = list(self._iterable_class(self))
                         ~~~~^^^^^^^^^^^^^^^^^^^^^^^^^^^^
  File "C:\Users\donan\Desktop\POS-PROJECT\ADMIN WEB\env_boutique\Lib\site-packages\django\db\models\query.py", line 91, in __iter__
    results = compiler.execute_sql(
        chunked_fetch=self.chunked_fetch, chunk_size=self.chunk_size
    )
  File "C:\Users\donan\Desktop\POS-PROJECT\ADMIN WEB\env_boutique\Lib\site-packages\django\db\models\sql\compiler.py", line 1621, in execute_sql
    cursor = self.connection.cursor()
  File "C:\Users\donan\Desktop\POS-PROJECT\ADMIN WEB\env_boutique\Lib\site-packages\django\utils\asyncio.py", line 26, in inner
    return func(*args, **kwargs)
  File "C:\Users\donan\Desktop\POS-PROJECT\ADMIN WEB\env_boutique\Lib\site-packages\django\db\backends\base\base.py", line 320, in cursor
    return self._cursor()
           ~~~~~~~~~~~~^^
  File "C:\Users\donan\Desktop\POS-PROJECT\ADMIN WEB\env_boutique\Lib\site-packages\django\db\backends\base\base.py", line 296, in _cursor
    self.ensure_connection()
    ~~~~~~~~~~~~~~~~~~~~~~^^
  File "C:\Users\donan\Desktop\POS-PROJECT\ADMIN WEB\env_boutique\Lib\site-packages\django\utils\asyncio.py", line 26, in inner
    return func(*args, **kwargs)
  File "C:\Users\donan\Desktop\POS-PROJECT\ADMIN WEB\env_boutique\Lib\site-packages\django\db\backends\base\base.py", line 278, in ensure_connection
    with self.wrap_database_errors:
         ^^^^^^^^^^^^^^^^^^^^^^^^^
  File "C:\Users\donan\Desktop\POS-PROJECT\ADMIN WEB\env_boutique\Lib\site-packages\django\db\utils.py", line 91, in __exit__
    raise dj_exc_value.with_traceback(traceback) from exc_value
  File "C:\Users\donan\Desktop\POS-PROJECT\ADMIN WEB\env_boutique\Lib\site-packages\django\db\backends\base\base.py", line 279, in ensure_connection
    self.connect()
    ~~~~~~~~~~~~^^
  File "C:\Users\donan\Desktop\POS-PROJECT\ADMIN WEB\env_boutique\Lib\site-packages\django\utils\asyncio.py", line 26, in inner
    return func(*args, **kwargs)
  File "C:\Users\donan\Desktop\POS-PROJECT\ADMIN WEB\env_boutique\Lib\site-packages\django\db\backends\base\base.py", line 256, in connect
    self.connection = self.get_new_connection(conn_params)
                      ~~~~~~~~~~~~~~~~~~~~~~~^^^^^^^^^^^^^
  File "C:\Users\donan\Desktop\POS-PROJECT\ADMIN WEB\env_boutique\Lib\site-packages\django\utils\asyncio.py", line 26, in inner
    return func(*args, **kwargs)
  File "C:\Users\donan\Desktop\POS-PROJECT\ADMIN WEB\env_boutique\Lib\site-packages\django\db\backends\postgresql\base.py", line 332, in get_new_connection
    connection = self.Database.connect(**conn_params)
  File "C:\Users\donan\Desktop\POS-PROJECT\ADMIN WEB\env_boutique\Lib\site-packages\psycopg2\__init__.py", line 135, in connect
    conn = _connect(dsn, connection_factory=connection_factory, **kwasync)
django.db.utils.OperationalError: could not translate host name "aws-1-eu-west-1.pooler.supabase.com" to address: Name or service not known

ERROR 2026-03-09 10:15:24,419 log Internal Server Error: /api/products/
Traceback (most recent call last):
  File "C:\Users\donan\Desktop\POS-PROJECT\ADMIN WEB\env_boutique\Lib\site-packages\django\db\backends\base\base.py", line 279, in ensure_connection
    self.connect()
    ~~~~~~~~~~~~^^
  File "C:\Users\donan\Desktop\POS-PROJECT\ADMIN WEB\env_boutique\Lib\site-packages\django\utils\asyncio.py", line 26, in inner
    return func(*args, **kwargs)
  File "C:\Users\donan\Desktop\POS-PROJECT\ADMIN WEB\env_boutique\Lib\site-packages\django\db\backends\base\base.py", line 256, in connect
    self.connection = self.get_new_connection(conn_params)
                      ~~~~~~~~~~~~~~~~~~~~~~~^^^^^^^^^^^^^
  File "C:\Users\donan\Desktop\POS-PROJECT\ADMIN WEB\env_boutique\Lib\site-packages\django\utils\asyncio.py", line 26, in inner
    return func(*args, **kwargs)
  File "C:\Users\donan\Desktop\POS-PROJECT\ADMIN WEB\env_boutique\Lib\site-packages\django\db\backends\postgresql\base.py", line 332, in get_new_connection
    connection = self.Database.connect(**conn_params)
  File "C:\Users\donan\Desktop\POS-PROJECT\ADMIN WEB\env_boutique\Lib\site-packages\psycopg2\__init__.py", line 135, in connect
    conn = _connect(dsn, connection_factory=connection_factory, **kwasync)
psycopg2.OperationalError: could not translate host name "aws-1-eu-west-1.pooler.supabase.com" to address: Name or service not known


The above exception was the direct cause of the following exception:

Traceback (most recent call last):
  File "C:\Users\donan\Desktop\POS-PROJECT\ADMIN WEB\env_boutique\Lib\site-packages\django\core\handlers\exception.py", line 55, in inner
    response = get_response(request)
  File "C:\Users\donan\Desktop\POS-PROJECT\ADMIN WEB\env_boutique\Lib\site-packages\django\core\handlers\base.py", line 197, in _get_response
    response = wrapped_callback(request, *callback_args, **callback_kwargs)
  File "C:\Users\donan\Desktop\POS-PROJECT\ADMIN WEB\env_boutique\Lib\site-packages\django\views\decorators\csrf.py", line 65, in _view_wrapper
    return view_func(request, *args, **kwargs)
  File "C:\Users\donan\Desktop\POS-PROJECT\ADMIN WEB\env_boutique\Lib\site-packages\rest_framework\viewsets.py", line 125, in view
    return self.dispatch(request, *args, **kwargs)
           ~~~~~~~~~~~~~^^^^^^^^^^^^^^^^^^^^^^^^^^
  File "C:\Users\donan\Desktop\POS-PROJECT\ADMIN WEB\env_boutique\Lib\site-packages\rest_framework\views.py", line 515, in dispatch
    response = self.handle_exception(exc)
  File "C:\Users\donan\Desktop\POS-PROJECT\ADMIN WEB\env_boutique\Lib\site-packages\rest_framework\views.py", line 475, in handle_exception
    self.raise_uncaught_exception(exc)
    ~~~~~~~~~~~~~~~~~~~~~~~~~~~~~^^^^^
  File "C:\Users\donan\Desktop\POS-PROJECT\ADMIN WEB\env_boutique\Lib\site-packages\rest_framework\views.py", line 486, in raise_uncaught_exception
    raise exc
  File "C:\Users\donan\Desktop\POS-PROJECT\ADMIN WEB\env_boutique\Lib\site-packages\rest_framework\views.py", line 503, in dispatch
    self.initial(request, *args, **kwargs)
    ~~~~~~~~~~~~^^^^^^^^^^^^^^^^^^^^^^^^^^
  File "C:\Users\donan\Desktop\POS-PROJECT\ADMIN WEB\env_boutique\Lib\site-packages\rest_framework\views.py", line 420, in initial
    self.perform_authentication(request)
    ~~~~~~~~~~~~~~~~~~~~~~~~~~~^^^^^^^^^
  File "C:\Users\donan\Desktop\POS-PROJECT\ADMIN WEB\env_boutique\Lib\site-packages\rest_framework\views.py", line 330, in perform_authentication
    request.user
  File "C:\Users\donan\Desktop\POS-PROJECT\ADMIN WEB\env_boutique\Lib\site-packages\rest_framework\request.py", line 232, in user
    self._authenticate()
    ~~~~~~~~~~~~~~~~~~^^
  File "C:\Users\donan\Desktop\POS-PROJECT\ADMIN WEB\env_boutique\Lib\site-packages\rest_framework\request.py", line 385, in _authenticate
    user_auth_tuple = authenticator.authenticate(self)
  File "C:\Users\donan\Desktop\POS-PROJECT\ADMIN WEB\env_boutique\Lib\site-packages\rest_framework_simplejwt\authentication.py", line 51, in authenticate
    return self.get_user(validated_token), validated_token
           ~~~~~~~~~~~~~^^^^^^^^^^^^^^^^^
  File "C:\Users\donan\Desktop\POS-PROJECT\ADMIN WEB\env_boutique\Lib\site-packages\rest_framework_simplejwt\authentication.py", line 132, in get_user
    user = self.user_model.objects.get(**{api_settings.USER_ID_FIELD: user_id})
  File "C:\Users\donan\Desktop\POS-PROJECT\ADMIN WEB\env_boutique\Lib\site-packages\django\db\models\manager.py", line 87, in manager_method
    return getattr(self.get_queryset(), name)(*args, **kwargs)
           ~~~~~~~~~~~~~~~~~~~~~~~~~~~~~~~~~~^^^^^^^^^^^^^^^^^
  File "C:\Users\donan\Desktop\POS-PROJECT\ADMIN WEB\env_boutique\Lib\site-packages\django\db\models\query.py", line 629, in get
    num = len(clone)
  File "C:\Users\donan\Desktop\POS-PROJECT\ADMIN WEB\env_boutique\Lib\site-packages\django\db\models\query.py", line 366, in __len__
    self._fetch_all()
    ~~~~~~~~~~~~~~~^^
  File "C:\Users\donan\Desktop\POS-PROJECT\ADMIN WEB\env_boutique\Lib\site-packages\django\db\models\query.py", line 1949, in _fetch_all
    self._result_cache = list(self._iterable_class(self))
                         ~~~~^^^^^^^^^^^^^^^^^^^^^^^^^^^^
  File "C:\Users\donan\Desktop\POS-PROJECT\ADMIN WEB\env_boutique\Lib\site-packages\django\db\models\query.py", line 91, in __iter__
    results = compiler.execute_sql(
        chunked_fetch=self.chunked_fetch, chunk_size=self.chunk_size
    )
  File "C:\Users\donan\Desktop\POS-PROJECT\ADMIN WEB\env_boutique\Lib\site-packages\django\db\models\sql\compiler.py", line 1621, in execute_sql
    cursor = self.connection.cursor()
  File "C:\Users\donan\Desktop\POS-PROJECT\ADMIN WEB\env_boutique\Lib\site-packages\django\utils\asyncio.py", line 26, in inner
    return func(*args, **kwargs)
  File "C:\Users\donan\Desktop\POS-PROJECT\ADMIN WEB\env_boutique\Lib\site-packages\django\db\backends\base\base.py", line 320, in cursor
    return self._cursor()
           ~~~~~~~~~~~~^^
  File "C:\Users\donan\Desktop\POS-PROJECT\ADMIN WEB\env_boutique\Lib\site-packages\django\db\backends\base\base.py", line 296, in _cursor
    self.ensure_connection()
    ~~~~~~~~~~~~~~~~~~~~~~^^
  File "C:\Users\donan\Desktop\POS-PROJECT\ADMIN WEB\env_boutique\Lib\site-packages\django\utils\asyncio.py", line 26, in inner
    return func(*args, **kwargs)
  File "C:\Users\donan\Desktop\POS-PROJECT\ADMIN WEB\env_boutique\Lib\site-packages\django\db\backends\base\base.py", line 278, in ensure_connection
    with self.wrap_database_errors:
         ^^^^^^^^^^^^^^^^^^^^^^^^^
  File "C:\Users\donan\Desktop\POS-PROJECT\ADMIN WEB\env_boutique\Lib\site-packages\django\db\utils.py", line 91, in __exit__
    raise dj_exc_value.with_traceback(traceback) from exc_value
  File "C:\Users\donan\Desktop\POS-PROJECT\ADMIN WEB\env_boutique\Lib\site-packages\django\db\backends\base\base.py", line 279, in ensure_connection
    self.connect()
    ~~~~~~~~~~~~^^
  File "C:\Users\donan\Desktop\POS-PROJECT\ADMIN WEB\env_boutique\Lib\site-packages\django\utils\asyncio.py", line 26, in inner
    return func(*args, **kwargs)
  File "C:\Users\donan\Desktop\POS-PROJECT\ADMIN WEB\env_boutique\Lib\site-packages\django\db\backends\base\base.py", line 256, in connect
    self.connection = self.get_new_connection(conn_params)
                      ~~~~~~~~~~~~~~~~~~~~~~~^^^^^^^^^^^^^
  File "C:\Users\donan\Desktop\POS-PROJECT\ADMIN WEB\env_boutique\Lib\site-packages\django\utils\asyncio.py", line 26, in inner
    return func(*args, **kwargs)
  File "C:\Users\donan\Desktop\POS-PROJECT\ADMIN WEB\env_boutique\Lib\site-packages\django\db\backends\postgresql\base.py", line 332, in get_new_connection
    connection = self.Database.connect(**conn_params)
  File "C:\Users\donan\Desktop\POS-PROJECT\ADMIN WEB\env_boutique\Lib\site-packages\psycopg2\__init__.py", line 135, in connect
    conn = _connect(dsn, connection_factory=connection_factory, **kwasync)
django.db.utils.OperationalError: could not translate host name "aws-1-eu-west-1.pooler.supabase.com" to address: Name or service not known

ERROR 2026-03-09 10:15:24,422 basehttp "GET /api/employees/ HTTP/1.1" 500 242280
ERROR 2026-03-09 10:15:24,431 basehttp "GET /api/sales/ HTTP/1.1" 500 242140
ERROR 2026-03-09 10:15:24,434 basehttp "GET /api/products/ HTTP/1.1" 500 242245
ERROR 2026-03-09 10:15:24,509 log Internal Server Error: /api/products/
Traceback (most recent call last):
  File "C:\Users\donan\Desktop\POS-PROJECT\ADMIN WEB\env_boutique\Lib\site-packages\django\db\backends\base\base.py", line 279, in ensure_connection
    self.connect()
    ~~~~~~~~~~~~^^
  File "C:\Users\donan\Desktop\POS-PROJECT\ADMIN WEB\env_boutique\Lib\site-packages\django\utils\asyncio.py", line 26, in inner
    return func(*args, **kwargs)
  File "C:\Users\donan\Desktop\POS-PROJECT\ADMIN WEB\env_boutique\Lib\site-packages\django\db\backends\base\base.py", line 256, in connect
    self.connection = self.get_new_connection(conn_params)
                      ~~~~~~~~~~~~~~~~~~~~~~~^^^^^^^^^^^^^
  File "C:\Users\donan\Desktop\POS-PROJECT\ADMIN WEB\env_boutique\Lib\site-packages\django\utils\asyncio.py", line 26, in inner
    return func(*args, **kwargs)
  File "C:\Users\donan\Desktop\POS-PROJECT\ADMIN WEB\env_boutique\Lib\site-packages\django\db\backends\postgresql\base.py", line 332, in get_new_connection
    connection = self.Database.connect(**conn_params)
  File "C:\Users\donan\Desktop\POS-PROJECT\ADMIN WEB\env_boutique\Lib\site-packages\psycopg2\__init__.py", line 135, in connect
    conn = _connect(dsn, connection_factory=connection_factory, **kwasync)
psycopg2.OperationalError: could not translate host name "aws-1-eu-west-1.pooler.supabase.com" to address: Name or service not known


The above exception was the direct cause of the following exception:

Traceback (most recent call last):
  File "C:\Users\donan\Desktop\POS-PROJECT\ADMIN WEB\env_boutique\Lib\site-packages\django\core\handlers\exception.py", line 55, in inner
    response = get_response(request)
  File "C:\Users\donan\Desktop\POS-PROJECT\ADMIN WEB\env_boutique\Lib\site-packages\django\core\handlers\base.py", line 197, in _get_response
    response = wrapped_callback(request, *callback_args, **callback_kwargs)
  File "C:\Users\donan\Desktop\POS-PROJECT\ADMIN WEB\env_boutique\Lib\site-packages\django\views\decorators\csrf.py", line 65, in _view_wrapper
    return view_func(request, *args, **kwargs)
  File "C:\Users\donan\Desktop\POS-PROJECT\ADMIN WEB\env_boutique\Lib\site-packages\rest_framework\viewsets.py", line 125, in view
    return self.dispatch(request, *args, **kwargs)
           ~~~~~~~~~~~~~^^^^^^^^^^^^^^^^^^^^^^^^^^
  File "C:\Users\donan\Desktop\POS-PROJECT\ADMIN WEB\env_boutique\Lib\site-packages\rest_framework\views.py", line 515, in dispatch
    response = self.handle_exception(exc)
  File "C:\Users\donan\Desktop\POS-PROJECT\ADMIN WEB\env_boutique\Lib\site-packages\rest_framework\views.py", line 475, in handle_exception
    self.raise_uncaught_exception(exc)
    ~~~~~~~~~~~~~~~~~~~~~~~~~~~~~^^^^^
  File "C:\Users\donan\Desktop\POS-PROJECT\ADMIN WEB\env_boutique\Lib\site-packages\rest_framework\views.py", line 486, in raise_uncaught_exception
    raise exc
  File "C:\Users\donan\Desktop\POS-PROJECT\ADMIN WEB\env_boutique\Lib\site-packages\rest_framework\views.py", line 503, in dispatch
    self.initial(request, *args, **kwargs)
    ~~~~~~~~~~~~^^^^^^^^^^^^^^^^^^^^^^^^^^
  File "C:\Users\donan\Desktop\POS-PROJECT\ADMIN WEB\env_boutique\Lib\site-packages\rest_framework\views.py", line 420, in initial
    self.perform_authentication(request)
    ~~~~~~~~~~~~~~~~~~~~~~~~~~~^^^^^^^^^
  File "C:\Users\donan\Desktop\POS-PROJECT\ADMIN WEB\env_boutique\Lib\site-packages\rest_framework\views.py", line 330, in perform_authentication
    request.user
  File "C:\Users\donan\Desktop\POS-PROJECT\ADMIN WEB\env_boutique\Lib\site-packages\rest_framework\request.py", line 232, in user
    self._authenticate()
    ~~~~~~~~~~~~~~~~~~^^
  File "C:\Users\donan\Desktop\POS-PROJECT\ADMIN WEB\env_boutique\Lib\site-packages\rest_framework\request.py", line 385, in _authenticate
    user_auth_tuple = authenticator.authenticate(self)
  File "C:\Users\donan\Desktop\POS-PROJECT\ADMIN WEB\env_boutique\Lib\site-packages\rest_framework_simplejwt\authentication.py", line 51, in authenticate
    return self.get_user(validated_token), validated_token
           ~~~~~~~~~~~~~^^^^^^^^^^^^^^^^^
  File "C:\Users\donan\Desktop\POS-PROJECT\ADMIN WEB\env_boutique\Lib\site-packages\rest_framework_simplejwt\authentication.py", line 132, in get_user
    user = self.user_model.objects.get(**{api_settings.USER_ID_FIELD: user_id})
  File "C:\Users\donan\Desktop\POS-PROJECT\ADMIN WEB\env_boutique\Lib\site-packages\django\db\models\manager.py", line 87, in manager_method
    return getattr(self.get_queryset(), name)(*args, **kwargs)
           ~~~~~~~~~~~~~~~~~~~~~~~~~~~~~~~~~~^^^^^^^^^^^^^^^^^
  File "C:\Users\donan\Desktop\POS-PROJECT\ADMIN WEB\env_boutique\Lib\site-packages\django\db\models\query.py", line 629, in get
    num = len(clone)
  File "C:\Users\donan\Desktop\POS-PROJECT\ADMIN WEB\env_boutique\Lib\site-packages\django\db\models\query.py", line 366, in __len__
    self._fetch_all()
    ~~~~~~~~~~~~~~~^^
  File "C:\Users\donan\Desktop\POS-PROJECT\ADMIN WEB\env_boutique\Lib\site-packages\django\db\models\query.py", line 1949, in _fetch_all
    self._result_cache = list(self._iterable_class(self))
                         ~~~~^^^^^^^^^^^^^^^^^^^^^^^^^^^^
  File "C:\Users\donan\Desktop\POS-PROJECT\ADMIN WEB\env_boutique\Lib\site-packages\django\db\models\query.py", line 91, in __iter__
    results = compiler.execute_sql(
        chunked_fetch=self.chunked_fetch, chunk_size=self.chunk_size
    )
  File "C:\Users\donan\Desktop\POS-PROJECT\ADMIN WEB\env_boutique\Lib\site-packages\django\db\models\sql\compiler.py", line 1621, in execute_sql
    cursor = self.connection.cursor()
  File "C:\Users\donan\Desktop\POS-PROJECT\ADMIN WEB\env_boutique\Lib\site-packages\django\utils\asyncio.py", line 26, in inner
    return func(*args, **kwargs)
  File "C:\Users\donan\Desktop\POS-PROJECT\ADMIN WEB\env_boutique\Lib\site-packages\django\db\backends\base\base.py", line 320, in cursor
    return self._cursor()
           ~~~~~~~~~~~~^^
  File "C:\Users\donan\Desktop\POS-PROJECT\ADMIN WEB\env_boutique\Lib\site-packages\django\db\backends\base\base.py", line 296, in _cursor
    self.ensure_connection()
    ~~~~~~~~~~~~~~~~~~~~~~^^
  File "C:\Users\donan\Desktop\POS-PROJECT\ADMIN WEB\env_boutique\Lib\site-packages\django\utils\asyncio.py", line 26, in inner
    return func(*args, **kwargs)
  File "C:\Users\donan\Desktop\POS-PROJECT\ADMIN WEB\env_boutique\Lib\site-packages\django\db\backends\base\base.py", line 278, in ensure_connection
    with self.wrap_database_errors:
         ^^^^^^^^^^^^^^^^^^^^^^^^^
  File "C:\Users\donan\Desktop\POS-PROJECT\ADMIN WEB\env_boutique\Lib\site-packages\django\db\utils.py", line 91, in __exit__
    raise dj_exc_value.with_traceback(traceback) from exc_value
  File "C:\Users\donan\Desktop\POS-PROJECT\ADMIN WEB\env_boutique\Lib\site-packages\django\db\backends\base\base.py", line 279, in ensure_connection
    self.connect()
    ~~~~~~~~~~~~^^
  File "C:\Users\donan\Desktop\POS-PROJECT\ADMIN WEB\env_boutique\Lib\site-packages\django\utils\asyncio.py", line 26, in inner
    return func(*args, **kwargs)
  File "C:\Users\donan\Desktop\POS-PROJECT\ADMIN WEB\env_boutique\Lib\site-packages\django\db\backends\base\base.py", line 256, in connect
    self.connection = self.get_new_connection(conn_params)
                      ~~~~~~~~~~~~~~~~~~~~~~~^^^^^^^^^^^^^
  File "C:\Users\donan\Desktop\POS-PROJECT\ADMIN WEB\env_boutique\Lib\site-packages\django\utils\asyncio.py", line 26, in inner
    return func(*args, **kwargs)
  File "C:\Users\donan\Desktop\POS-PROJECT\ADMIN WEB\env_boutique\Lib\site-packages\django\db\backends\postgresql\base.py", line 332, in get_new_connection
    connection = self.Database.connect(**conn_params)
  File "C:\Users\donan\Desktop\POS-PROJECT\ADMIN WEB\env_boutique\Lib\site-packages\psycopg2\__init__.py", line 135, in connect
    conn = _connect(dsn, connection_factory=connection_factory, **kwasync)
django.db.utils.OperationalError: could not translate host name "aws-1-eu-west-1.pooler.supabase.com" to address: Name or service not known

ERROR 2026-03-09 10:15:24,517 basehttp "GET /api/products/ HTTP/1.1" 500 242245
ERROR 2026-03-09 10:15:24,556 log Internal Server Error: /api/requests/
Traceback (most recent call last):
  File "C:\Users\donan\Desktop\POS-PROJECT\ADMIN WEB\env_boutique\Lib\site-packages\django\db\backends\base\base.py", line 279, in ensure_connection
    self.connect()
    ~~~~~~~~~~~~^^
  File "C:\Users\donan\Desktop\POS-PROJECT\ADMIN WEB\env_boutique\Lib\site-packages\django\utils\asyncio.py", line 26, in inner
    return func(*args, **kwargs)
  File "C:\Users\donan\Desktop\POS-PROJECT\ADMIN WEB\env_boutique\Lib\site-packages\django\db\backends\base\base.py", line 256, in connect
    self.connection = self.get_new_connection(conn_params)
                      ~~~~~~~~~~~~~~~~~~~~~~~^^^^^^^^^^^^^
  File "C:\Users\donan\Desktop\POS-PROJECT\ADMIN WEB\env_boutique\Lib\site-packages\django\utils\asyncio.py", line 26, in inner
    return func(*args, **kwargs)
  File "C:\Users\donan\Desktop\POS-PROJECT\ADMIN WEB\env_boutique\Lib\site-packages\django\db\backends\postgresql\base.py", line 332, in get_new_connection
    connection = self.Database.connect(**conn_params)
  File "C:\Users\donan\Desktop\POS-PROJECT\ADMIN WEB\env_boutique\Lib\site-packages\psycopg2\__init__.py", line 135, in connect
    conn = _connect(dsn, connection_factory=connection_factory, **kwasync)
psycopg2.OperationalError: could not translate host name "aws-1-eu-west-1.pooler.supabase.com" to address: Name or service not known


The above exception was the direct cause of the following exception:

Traceback (most recent call last):
  File "C:\Users\donan\Desktop\POS-PROJECT\ADMIN WEB\env_boutique\Lib\site-packages\django\core\handlers\exception.py", line 55, in inner
    response = get_response(request)
  File "C:\Users\donan\Desktop\POS-PROJECT\ADMIN WEB\env_boutique\Lib\site-packages\django\core\handlers\base.py", line 197, in _get_response
    response = wrapped_callback(request, *callback_args, **callback_kwargs)
  File "C:\Users\donan\Desktop\POS-PROJECT\ADMIN WEB\env_boutique\Lib\site-packages\django\views\decorators\csrf.py", line 65, in _view_wrapper
    return view_func(request, *args, **kwargs)
  File "C:\Users\donan\Desktop\POS-PROJECT\ADMIN WEB\env_boutique\Lib\site-packages\django\views\generic\base.py", line 105, in view
    return self.dispatch(request, *args, **kwargs)
           ~~~~~~~~~~~~~^^^^^^^^^^^^^^^^^^^^^^^^^^
  File "C:\Users\donan\Desktop\POS-PROJECT\ADMIN WEB\env_boutique\Lib\site-packages\rest_framework\views.py", line 515, in dispatch
    response = self.handle_exception(exc)
  File "C:\Users\donan\Desktop\POS-PROJECT\ADMIN WEB\env_boutique\Lib\site-packages\rest_framework\views.py", line 475, in handle_exception
    self.raise_uncaught_exception(exc)
    ~~~~~~~~~~~~~~~~~~~~~~~~~~~~~^^^^^
  File "C:\Users\donan\Desktop\POS-PROJECT\ADMIN WEB\env_boutique\Lib\site-packages\rest_framework\views.py", line 486, in raise_uncaught_exception
    raise exc
  File "C:\Users\donan\Desktop\POS-PROJECT\ADMIN WEB\env_boutique\Lib\site-packages\rest_framework\views.py", line 503, in dispatch
    self.initial(request, *args, **kwargs)
    ~~~~~~~~~~~~^^^^^^^^^^^^^^^^^^^^^^^^^^
  File "C:\Users\donan\Desktop\POS-PROJECT\ADMIN WEB\env_boutique\Lib\site-packages\rest_framework\views.py", line 420, in initial
    self.perform_authentication(request)
    ~~~~~~~~~~~~~~~~~~~~~~~~~~~^^^^^^^^^
  File "C:\Users\donan\Desktop\POS-PROJECT\ADMIN WEB\env_boutique\Lib\site-packages\rest_framework\views.py", line 330, in perform_authentication
    request.user
  File "C:\Users\donan\Desktop\POS-PROJECT\ADMIN WEB\env_boutique\Lib\site-packages\rest_framework\request.py", line 232, in user
    self._authenticate()
    ~~~~~~~~~~~~~~~~~~^^
  File "C:\Users\donan\Desktop\POS-PROJECT\ADMIN WEB\env_boutique\Lib\site-packages\rest_framework\request.py", line 385, in _authenticate
    user_auth_tuple = authenticator.authenticate(self)
  File "C:\Users\donan\Desktop\POS-PROJECT\ADMIN WEB\env_boutique\Lib\site-packages\rest_framework_simplejwt\authentication.py", line 51, in authenticate
    return self.get_user(validated_token), validated_token
           ~~~~~~~~~~~~~^^^^^^^^^^^^^^^^^
  File "C:\Users\donan\Desktop\POS-PROJECT\ADMIN WEB\env_boutique\Lib\site-packages\rest_framework_simplejwt\authentication.py", line 132, in get_user
    user = self.user_model.objects.get(**{api_settings.USER_ID_FIELD: user_id})
  File "C:\Users\donan\Desktop\POS-PROJECT\ADMIN WEB\env_boutique\Lib\site-packages\django\db\models\manager.py", line 87, in manager_method
    return getattr(self.get_queryset(), name)(*args, **kwargs)
           ~~~~~~~~~~~~~~~~~~~~~~~~~~~~~~~~~~^^^^^^^^^^^^^^^^^
  File "C:\Users\donan\Desktop\POS-PROJECT\ADMIN WEB\env_boutique\Lib\site-packages\django\db\models\query.py", line 629, in get
    num = len(clone)
  File "C:\Users\donan\Desktop\POS-PROJECT\ADMIN WEB\env_boutique\Lib\site-packages\django\db\models\query.py", line 366, in __len__
    self._fetch_all()
    ~~~~~~~~~~~~~~~^^
  File "C:\Users\donan\Desktop\POS-PROJECT\ADMIN WEB\env_boutique\Lib\site-packages\django\db\models\query.py", line 1949, in _fetch_all
    self._result_cache = list(self._iterable_class(self))
                         ~~~~^^^^^^^^^^^^^^^^^^^^^^^^^^^^
  File "C:\Users\donan\Desktop\POS-PROJECT\ADMIN WEB\env_boutique\Lib\site-packages\django\db\models\query.py", line 91, in __iter__
    results = compiler.execute_sql(
        chunked_fetch=self.chunked_fetch, chunk_size=self.chunk_size
    )
  File "C:\Users\donan\Desktop\POS-PROJECT\ADMIN WEB\env_boutique\Lib\site-packages\django\db\models\sql\compiler.py", line 1621, in execute_sql
    cursor = self.connection.cursor()
  File "C:\Users\donan\Desktop\POS-PROJECT\ADMIN WEB\env_boutique\Lib\site-packages\django\utils\asyncio.py", line 26, in inner
    return func(*args, **kwargs)
  File "C:\Users\donan\Desktop\POS-PROJECT\ADMIN WEB\env_boutique\Lib\site-packages\django\db\backends\base\base.py", line 320, in cursor
    return self._cursor()
           ~~~~~~~~~~~~^^
  File "C:\Users\donan\Desktop\POS-PROJECT\ADMIN WEB\env_boutique\Lib\site-packages\django\db\backends\base\base.py", line 296, in _cursor
    self.ensure_connection()
    ~~~~~~~~~~~~~~~~~~~~~~^^
  File "C:\Users\donan\Desktop\POS-PROJECT\ADMIN WEB\env_boutique\Lib\site-packages\django\utils\asyncio.py", line 26, in inner
    return func(*args, **kwargs)
  File "C:\Users\donan\Desktop\POS-PROJECT\ADMIN WEB\env_boutique\Lib\site-packages\django\db\backends\base\base.py", line 278, in ensure_connection
    with self.wrap_database_errors:
         ^^^^^^^^^^^^^^^^^^^^^^^^^
  File "C:\Users\donan\Desktop\POS-PROJECT\ADMIN WEB\env_boutique\Lib\site-packages\django\db\utils.py", line 91, in __exit__
    raise dj_exc_value.with_traceback(traceback) from exc_value
  File "C:\Users\donan\Desktop\POS-PROJECT\ADMIN WEB\env_boutique\Lib\site-packages\django\db\backends\base\base.py", line 279, in ensure_connection
    self.connect()
    ~~~~~~~~~~~~^^
  File "C:\Users\donan\Desktop\POS-PROJECT\ADMIN WEB\env_boutique\Lib\site-packages\django\utils\asyncio.py", line 26, in inner
    return func(*args, **kwargs)
  File "C:\Users\donan\Desktop\POS-PROJECT\ADMIN WEB\env_boutique\Lib\site-packages\django\db\backends\base\base.py", line 256, in connect
    self.connection = self.get_new_connection(conn_params)
                      ~~~~~~~~~~~~~~~~~~~~~~~^^^^^^^^^^^^^
  File "C:\Users\donan\Desktop\POS-PROJECT\ADMIN WEB\env_boutique\Lib\site-packages\django\utils\asyncio.py", line 26, in inner
    return func(*args, **kwargs)
  File "C:\Users\donan\Desktop\POS-PROJECT\ADMIN WEB\env_boutique\Lib\site-packages\django\db\backends\postgresql\base.py", line 332, in get_new_connection
    connection = self.Database.connect(**conn_params)
  File "C:\Users\donan\Desktop\POS-PROJECT\ADMIN WEB\env_boutique\Lib\site-packages\psycopg2\__init__.py", line 135, in connect
    conn = _connect(dsn, connection_factory=connection_factory, **kwasync)
django.db.utils.OperationalError: could not translate host name "aws-1-eu-west-1.pooler.supabase.com" to address: Name or service not known

ERROR 2026-03-09 10:15:24,564 basehttp "GET /api/requests/ HTTP/1.1" 500 241566
ERROR 2026-03-09 10:15:24,627 log Internal Server Error: /api/requests/
Traceback (most recent call last):
  File "C:\Users\donan\Desktop\POS-PROJECT\ADMIN WEB\env_boutique\Lib\site-packages\django\db\backends\base\base.py", line 279, in ensure_connection
    self.connect()
    ~~~~~~~~~~~~^^
  File "C:\Users\donan\Desktop\POS-PROJECT\ADMIN WEB\env_boutique\Lib\site-packages\django\utils\asyncio.py", line 26, in inner
    return func(*args, **kwargs)
  File "C:\Users\donan\Desktop\POS-PROJECT\ADMIN WEB\env_boutique\Lib\site-packages\django\db\backends\base\base.py", line 256, in connect
    self.connection = self.get_new_connection(conn_params)
                      ~~~~~~~~~~~~~~~~~~~~~~~^^^^^^^^^^^^^
  File "C:\Users\donan\Desktop\POS-PROJECT\ADMIN WEB\env_boutique\Lib\site-packages\django\utils\asyncio.py", line 26, in inner
    return func(*args, **kwargs)
  File "C:\Users\donan\Desktop\POS-PROJECT\ADMIN WEB\env_boutique\Lib\site-packages\django\db\backends\postgresql\base.py", line 332, in get_new_connection
    connection = self.Database.connect(**conn_params)
  File "C:\Users\donan\Desktop\POS-PROJECT\ADMIN WEB\env_boutique\Lib\site-packages\psycopg2\__init__.py", line 135, in connect
    conn = _connect(dsn, connection_factory=connection_factory, **kwasync)
psycopg2.OperationalError: could not translate host name "aws-1-eu-west-1.pooler.supabase.com" to address: Name or service not known


The above exception was the direct cause of the following exception:

Traceback (most recent call last):
  File "C:\Users\donan\Desktop\POS-PROJECT\ADMIN WEB\env_boutique\Lib\site-packages\django\core\handlers\exception.py", line 55, in inner
    response = get_response(request)
  File "C:\Users\donan\Desktop\POS-PROJECT\ADMIN WEB\env_boutique\Lib\site-packages\django\core\handlers\base.py", line 197, in _get_response
    response = wrapped_callback(request, *callback_args, **callback_kwargs)
  File "C:\Users\donan\Desktop\POS-PROJECT\ADMIN WEB\env_boutique\Lib\site-packages\django\views\decorators\csrf.py", line 65, in _view_wrapper
    return view_func(request, *args, **kwargs)
  File "C:\Users\donan\Desktop\POS-PROJECT\ADMIN WEB\env_boutique\Lib\site-packages\django\views\generic\base.py", line 105, in view
    return self.dispatch(request, *args, **kwargs)
           ~~~~~~~~~~~~~^^^^^^^^^^^^^^^^^^^^^^^^^^
  File "C:\Users\donan\Desktop\POS-PROJECT\ADMIN WEB\env_boutique\Lib\site-packages\rest_framework\views.py", line 515, in dispatch
    response = self.handle_exception(exc)
  File "C:\Users\donan\Desktop\POS-PROJECT\ADMIN WEB\env_boutique\Lib\site-packages\rest_framework\views.py", line 475, in handle_exception
    self.raise_uncaught_exception(exc)
    ~~~~~~~~~~~~~~~~~~~~~~~~~~~~~^^^^^
  File "C:\Users\donan\Desktop\POS-PROJECT\ADMIN WEB\env_boutique\Lib\site-packages\rest_framework\views.py", line 486, in raise_uncaught_exception
    raise exc
  File "C:\Users\donan\Desktop\POS-PROJECT\ADMIN WEB\env_boutique\Lib\site-packages\rest_framework\views.py", line 503, in dispatch
    self.initial(request, *args, **kwargs)
    ~~~~~~~~~~~~^^^^^^^^^^^^^^^^^^^^^^^^^^
  File "C:\Users\donan\Desktop\POS-PROJECT\ADMIN WEB\env_boutique\Lib\site-packages\rest_framework\views.py", line 420, in initial
    self.perform_authentication(request)
    ~~~~~~~~~~~~~~~~~~~~~~~~~~~^^^^^^^^^
  File "C:\Users\donan\Desktop\POS-PROJECT\ADMIN WEB\env_boutique\Lib\site-packages\rest_framework\views.py", line 330, in perform_authentication
    request.user
  File "C:\Users\donan\Desktop\POS-PROJECT\ADMIN WEB\env_boutique\Lib\site-packages\rest_framework\request.py", line 232, in user
    self._authenticate()
    ~~~~~~~~~~~~~~~~~~^^
  File "C:\Users\donan\Desktop\POS-PROJECT\ADMIN WEB\env_boutique\Lib\site-packages\rest_framework\request.py", line 385, in _authenticate
    user_auth_tuple = authenticator.authenticate(self)
  File "C:\Users\donan\Desktop\POS-PROJECT\ADMIN WEB\env_boutique\Lib\site-packages\rest_framework_simplejwt\authentication.py", line 51, in authenticate
    return self.get_user(validated_token), validated_token
           ~~~~~~~~~~~~~^^^^^^^^^^^^^^^^^
  File "C:\Users\donan\Desktop\POS-PROJECT\ADMIN WEB\env_boutique\Lib\site-packages\rest_framework_simplejwt\authentication.py", line 132, in get_user
    user = self.user_model.objects.get(**{api_settings.USER_ID_FIELD: user_id})
  File "C:\Users\donan\Desktop\POS-PROJECT\ADMIN WEB\env_boutique\Lib\site-packages\django\db\models\manager.py", line 87, in manager_method
    return getattr(self.get_queryset(), name)(*args, **kwargs)
           ~~~~~~~~~~~~~~~~~~~~~~~~~~~~~~~~~~^^^^^^^^^^^^^^^^^
  File "C:\Users\donan\Desktop\POS-PROJECT\ADMIN WEB\env_boutique\Lib\site-packages\django\db\models\query.py", line 629, in get
    num = len(clone)
  File "C:\Users\donan\Desktop\POS-PROJECT\ADMIN WEB\env_boutique\Lib\site-packages\django\db\models\query.py", line 366, in __len__
    self._fetch_all()
    ~~~~~~~~~~~~~~~^^
  File "C:\Users\donan\Desktop\POS-PROJECT\ADMIN WEB\env_boutique\Lib\site-packages\django\db\models\query.py", line 1949, in _fetch_all
    self._result_cache = list(self._iterable_class(self))
                         ~~~~^^^^^^^^^^^^^^^^^^^^^^^^^^^^
  File "C:\Users\donan\Desktop\POS-PROJECT\ADMIN WEB\env_boutique\Lib\site-packages\django\db\models\query.py", line 91, in __iter__
    results = compiler.execute_sql(
        chunked_fetch=self.chunked_fetch, chunk_size=self.chunk_size
    )
  File "C:\Users\donan\Desktop\POS-PROJECT\ADMIN WEB\env_boutique\Lib\site-packages\django\db\models\sql\compiler.py", line 1621, in execute_sql
    cursor = self.connection.cursor()
  File "C:\Users\donan\Desktop\POS-PROJECT\ADMIN WEB\env_boutique\Lib\site-packages\django\utils\asyncio.py", line 26, in inner
    return func(*args, **kwargs)
  File "C:\Users\donan\Desktop\POS-PROJECT\ADMIN WEB\env_boutique\Lib\site-packages\django\db\backends\base\base.py", line 320, in cursor
    return self._cursor()
           ~~~~~~~~~~~~^^
  File "C:\Users\donan\Desktop\POS-PROJECT\ADMIN WEB\env_boutique\Lib\site-packages\django\db\backends\base\base.py", line 296, in _cursor
    self.ensure_connection()
    ~~~~~~~~~~~~~~~~~~~~~~^^
  File "C:\Users\donan\Desktop\POS-PROJECT\ADMIN WEB\env_boutique\Lib\site-packages\django\utils\asyncio.py", line 26, in inner
    return func(*args, **kwargs)
  File "C:\Users\donan\Desktop\POS-PROJECT\ADMIN WEB\env_boutique\Lib\site-packages\django\db\backends\base\base.py", line 278, in ensure_connection
    with self.wrap_database_errors:
         ^^^^^^^^^^^^^^^^^^^^^^^^^
  File "C:\Users\donan\Desktop\POS-PROJECT\ADMIN WEB\env_boutique\Lib\site-packages\django\db\utils.py", line 91, in __exit__
    raise dj_exc_value.with_traceback(traceback) from exc_value
  File "C:\Users\donan\Desktop\POS-PROJECT\ADMIN WEB\env_boutique\Lib\site-packages\django\db\backends\base\base.py", line 279, in ensure_connection
    self.connect()
    ~~~~~~~~~~~~^^
  File "C:\Users\donan\Desktop\POS-PROJECT\ADMIN WEB\env_boutique\Lib\site-packages\django\utils\asyncio.py", line 26, in inner
    return func(*args, **kwargs)
  File "C:\Users\donan\Desktop\POS-PROJECT\ADMIN WEB\env_boutique\Lib\site-packages\django\db\backends\base\base.py", line 256, in connect
    self.connection = self.get_new_connection(conn_params)
                      ~~~~~~~~~~~~~~~~~~~~~~~^^^^^^^^^^^^^
  File "C:\Users\donan\Desktop\POS-PROJECT\ADMIN WEB\env_boutique\Lib\site-packages\django\utils\asyncio.py", line 26, in inner
    return func(*args, **kwargs)
  File "C:\Users\donan\Desktop\POS-PROJECT\ADMIN WEB\env_boutique\Lib\site-packages\django\db\backends\postgresql\base.py", line 332, in get_new_connection
    connection = self.Database.connect(**conn_params)
  File "C:\Users\donan\Desktop\POS-PROJECT\ADMIN WEB\env_boutique\Lib\site-packages\psycopg2\__init__.py", line 135, in connect
    conn = _connect(dsn, connection_factory=connection_factory, **kwasync)
django.db.utils.OperationalError: could not translate host name "aws-1-eu-west-1.pooler.supabase.com" to address: Name or service not known

ERROR 2026-03-09 10:15:24,634 basehttp "GET /api/requests/ HTTP/1.1" 500 241566
ERROR 2026-03-09 10:15:28,970 log Internal Server Error: /api/stores/
Traceback (most recent call last):
  File "C:\Users\donan\Desktop\POS-PROJECT\ADMIN WEB\env_boutique\Lib\site-packages\django\db\backends\base\base.py", line 279, in ensure_connection
    self.connect()
    ~~~~~~~~~~~~^^
  File "C:\Users\donan\Desktop\POS-PROJECT\ADMIN WEB\env_boutique\Lib\site-packages\django\utils\asyncio.py", line 26, in inner
    return func(*args, **kwargs)
  File "C:\Users\donan\Desktop\POS-PROJECT\ADMIN WEB\env_boutique\Lib\site-packages\django\db\backends\base\base.py", line 256, in connect
    self.connection = self.get_new_connection(conn_params)
                      ~~~~~~~~~~~~~~~~~~~~~~~^^^^^^^^^^^^^
  File "C:\Users\donan\Desktop\POS-PROJECT\ADMIN WEB\env_boutique\Lib\site-packages\django\utils\asyncio.py", line 26, in inner
    return func(*args, **kwargs)
  File "C:\Users\donan\Desktop\POS-PROJECT\ADMIN WEB\env_boutique\Lib\site-packages\django\db\backends\postgresql\base.py", line 332, in get_new_connection
    connection = self.Database.connect(**conn_params)
  File "C:\Users\donan\Desktop\POS-PROJECT\ADMIN WEB\env_boutique\Lib\site-packages\psycopg2\__init__.py", line 135, in connect
    conn = _connect(dsn, connection_factory=connection_factory, **kwasync)
psycopg2.OperationalError: could not translate host name "aws-1-eu-west-1.pooler.supabase.com" to address: Name or service not known


The above exception was the direct cause of the following exception:

Traceback (most recent call last):
  File "C:\Users\donan\Desktop\POS-PROJECT\ADMIN WEB\env_boutique\Lib\site-packages\django\core\handlers\exception.py", line 55, in inner
    response = get_response(request)
  File "C:\Users\donan\Desktop\POS-PROJECT\ADMIN WEB\env_boutique\Lib\site-packages\django\core\handlers\base.py", line 197, in _get_response
    response = wrapped_callback(request, *callback_args, **callback_kwargs)
  File "C:\Users\donan\Desktop\POS-PROJECT\ADMIN WEB\env_boutique\Lib\site-packages\django\views\decorators\csrf.py", line 65, in _view_wrapper
    return view_func(request, *args, **kwargs)
  File "C:\Users\donan\Desktop\POS-PROJECT\ADMIN WEB\env_boutique\Lib\site-packages\rest_framework\viewsets.py", line 125, in view
    return self.dispatch(request, *args, **kwargs)
           ~~~~~~~~~~~~~^^^^^^^^^^^^^^^^^^^^^^^^^^
  File "C:\Users\donan\Desktop\POS-PROJECT\ADMIN WEB\env_boutique\Lib\site-packages\rest_framework\views.py", line 515, in dispatch
    response = self.handle_exception(exc)
  File "C:\Users\donan\Desktop\POS-PROJECT\ADMIN WEB\env_boutique\Lib\site-packages\rest_framework\views.py", line 475, in handle_exception
    self.raise_uncaught_exception(exc)
    ~~~~~~~~~~~~~~~~~~~~~~~~~~~~~^^^^^
  File "C:\Users\donan\Desktop\POS-PROJECT\ADMIN WEB\env_boutique\Lib\site-packages\rest_framework\views.py", line 486, in raise_uncaught_exception
    raise exc
  File "C:\Users\donan\Desktop\POS-PROJECT\ADMIN WEB\env_boutique\Lib\site-packages\rest_framework\views.py", line 503, in dispatch
    self.initial(request, *args, **kwargs)
    ~~~~~~~~~~~~^^^^^^^^^^^^^^^^^^^^^^^^^^
  File "C:\Users\donan\Desktop\POS-PROJECT\ADMIN WEB\env_boutique\Lib\site-packages\rest_framework\views.py", line 420, in initial
    self.perform_authentication(request)
    ~~~~~~~~~~~~~~~~~~~~~~~~~~~^^^^^^^^^
  File "C:\Users\donan\Desktop\POS-PROJECT\ADMIN WEB\env_boutique\Lib\site-packages\rest_framework\views.py", line 330, in perform_authentication
    request.user
  File "C:\Users\donan\Desktop\POS-PROJECT\ADMIN WEB\env_boutique\Lib\site-packages\rest_framework\request.py", line 232, in user
    self._authenticate()
    ~~~~~~~~~~~~~~~~~~^^
  File "C:\Users\donan\Desktop\POS-PROJECT\ADMIN WEB\env_boutique\Lib\site-packages\rest_framework\request.py", line 385, in _authenticate
    user_auth_tuple = authenticator.authenticate(self)
  File "C:\Users\donan\Desktop\POS-PROJECT\ADMIN WEB\env_boutique\Lib\site-packages\rest_framework_simplejwt\authentication.py", line 51, in authenticate
    return self.get_user(validated_token), validated_token
           ~~~~~~~~~~~~~^^^^^^^^^^^^^^^^^
  File "C:\Users\donan\Desktop\POS-PROJECT\ADMIN WEB\env_boutique\Lib\site-packages\rest_framework_simplejwt\authentication.py", line 132, in get_user
    user = self.user_model.objects.get(**{api_settings.USER_ID_FIELD: user_id})
  File "C:\Users\donan\Desktop\POS-PROJECT\ADMIN WEB\env_boutique\Lib\site-packages\django\db\models\manager.py", line 87, in manager_method
    return getattr(self.get_queryset(), name)(*args, **kwargs)
           ~~~~~~~~~~~~~~~~~~~~~~~~~~~~~~~~~~^^^^^^^^^^^^^^^^^
  File "C:\Users\donan\Desktop\POS-PROJECT\ADMIN WEB\env_boutique\Lib\site-packages\django\db\models\query.py", line 629, in get
    num = len(clone)
  File "C:\Users\donan\Desktop\POS-PROJECT\ADMIN WEB\env_boutique\Lib\site-packages\django\db\models\query.py", line 366, in __len__
    self._fetch_all()
    ~~~~~~~~~~~~~~~^^
  File "C:\Users\donan\Desktop\POS-PROJECT\ADMIN WEB\env_boutique\Lib\site-packages\django\db\models\query.py", line 1949, in _fetch_all
    self._result_cache = list(self._iterable_class(self))
                         ~~~~^^^^^^^^^^^^^^^^^^^^^^^^^^^^
  File "C:\Users\donan\Desktop\POS-PROJECT\ADMIN WEB\env_boutique\Lib\site-packages\django\db\models\query.py", line 91, in __iter__
    results = compiler.execute_sql(
        chunked_fetch=self.chunked_fetch, chunk_size=self.chunk_size
    )
  File "C:\Users\donan\Desktop\POS-PROJECT\ADMIN WEB\env_boutique\Lib\site-packages\django\db\models\sql\compiler.py", line 1621, in execute_sql
    cursor = self.connection.cursor()
  File "C:\Users\donan\Desktop\POS-PROJECT\ADMIN WEB\env_boutique\Lib\site-packages\django\utils\asyncio.py", line 26, in inner
    return func(*args, **kwargs)
  File "C:\Users\donan\Desktop\POS-PROJECT\ADMIN WEB\env_boutique\Lib\site-packages\django\db\backends\base\base.py", line 320, in cursor
    return self._cursor()
           ~~~~~~~~~~~~^^
  File "C:\Users\donan\Desktop\POS-PROJECT\ADMIN WEB\env_boutique\Lib\site-packages\django\db\backends\base\base.py", line 296, in _cursor
    self.ensure_connection()
    ~~~~~~~~~~~~~~~~~~~~~~^^
  File "C:\Users\donan\Desktop\POS-PROJECT\ADMIN WEB\env_boutique\Lib\site-packages\django\utils\asyncio.py", line 26, in inner
    return func(*args, **kwargs)
  File "C:\Users\donan\Desktop\POS-PROJECT\ADMIN WEB\env_boutique\Lib\site-packages\django\db\backends\base\base.py", line 278, in ensure_connection
    with self.wrap_database_errors:
         ^^^^^^^^^^^^^^^^^^^^^^^^^
  File "C:\Users\donan\Desktop\POS-PROJECT\ADMIN WEB\env_boutique\Lib\site-packages\django\db\utils.py", line 91, in __exit__
    raise dj_exc_value.with_traceback(traceback) from exc_value
  File "C:\Users\donan\Desktop\POS-PROJECT\ADMIN WEB\env_boutique\Lib\site-packages\django\db\backends\base\base.py", line 279, in ensure_connection
    self.connect()
    ~~~~~~~~~~~~^^
  File "C:\Users\donan\Desktop\POS-PROJECT\ADMIN WEB\env_boutique\Lib\site-packages\django\utils\asyncio.py", line 26, in inner
    return func(*args, **kwargs)
  File "C:\Users\donan\Desktop\POS-PROJECT\ADMIN WEB\env_boutique\Lib\site-packages\django\db\backends\base\base.py", line 256, in connect
    self.connection = self.get_new_connection(conn_params)
                      ~~~~~~~~~~~~~~~~~~~~~~~^^^^^^^^^^^^^
  File "C:\Users\donan\Desktop\POS-PROJECT\ADMIN WEB\env_boutique\Lib\site-packages\django\utils\asyncio.py", line 26, in inner
    return func(*args, **kwargs)
  File "C:\Users\donan\Desktop\POS-PROJECT\ADMIN WEB\env_boutique\Lib\site-packages\django\db\backends\postgresql\base.py", line 332, in get_new_connection
    connection = self.Database.connect(**conn_params)
  File "C:\Users\donan\Desktop\POS-PROJECT\ADMIN WEB\env_boutique\Lib\site-packages\psycopg2\__init__.py", line 135, in connect
    conn = _connect(dsn, connection_factory=connection_factory, **kwasync)
django.db.utils.OperationalError: could not translate host name "aws-1-eu-west-1.pooler.supabase.com" to address: Name or service not known

ERROR 2026-03-09 10:15:29,003 log Internal Server Error: /api/stocks/
Traceback (most recent call last):
  File "C:\Users\donan\Desktop\POS-PROJECT\ADMIN WEB\env_boutique\Lib\site-packages\django\db\backends\base\base.py", line 279, in ensure_connection
    self.connect()
    ~~~~~~~~~~~~^^
  File "C:\Users\donan\Desktop\POS-PROJECT\ADMIN WEB\env_boutique\Lib\site-packages\django\utils\asyncio.py", line 26, in inner
    return func(*args, **kwargs)
  File "C:\Users\donan\Desktop\POS-PROJECT\ADMIN WEB\env_boutique\Lib\site-packages\django\db\backends\base\base.py", line 256, in connect
    self.connection = self.get_new_connection(conn_params)
                      ~~~~~~~~~~~~~~~~~~~~~~~^^^^^^^^^^^^^
  File "C:\Users\donan\Desktop\POS-PROJECT\ADMIN WEB\env_boutique\Lib\site-packages\django\utils\asyncio.py", line 26, in inner
    return func(*args, **kwargs)
  File "C:\Users\donan\Desktop\POS-PROJECT\ADMIN WEB\env_boutique\Lib\site-packages\django\db\backends\postgresql\base.py", line 332, in get_new_connection
    connection = self.Database.connect(**conn_params)
  File "C:\Users\donan\Desktop\POS-PROJECT\ADMIN WEB\env_boutique\Lib\site-packages\psycopg2\__init__.py", line 135, in connect
    conn = _connect(dsn, connection_factory=connection_factory, **kwasync)
psycopg2.OperationalError: could not translate host name "aws-1-eu-west-1.pooler.supabase.com" to address: Name or service not known


The above exception was the direct cause of the following exception:

Traceback (most recent call last):
  File "C:\Users\donan\Desktop\POS-PROJECT\ADMIN WEB\env_boutique\Lib\site-packages\django\core\handlers\exception.py", line 55, in inner
    response = get_response(request)
  File "C:\Users\donan\Desktop\POS-PROJECT\ADMIN WEB\env_boutique\Lib\site-packages\django\core\handlers\base.py", line 197, in _get_response
    response = wrapped_callback(request, *callback_args, **callback_kwargs)
  File "C:\Users\donan\Desktop\POS-PROJECT\ADMIN WEB\env_boutique\Lib\site-packages\django\views\decorators\csrf.py", line 65, in _view_wrapper
    return view_func(request, *args, **kwargs)
  File "C:\Users\donan\Desktop\POS-PROJECT\ADMIN WEB\env_boutique\Lib\site-packages\rest_framework\viewsets.py", line 125, in view
    return self.dispatch(request, *args, **kwargs)
           ~~~~~~~~~~~~~^^^^^^^^^^^^^^^^^^^^^^^^^^
  File "C:\Users\donan\Desktop\POS-PROJECT\ADMIN WEB\env_boutique\Lib\site-packages\rest_framework\views.py", line 515, in dispatch
    response = self.handle_exception(exc)
  File "C:\Users\donan\Desktop\POS-PROJECT\ADMIN WEB\env_boutique\Lib\site-packages\rest_framework\views.py", line 475, in handle_exception
    self.raise_uncaught_exception(exc)
    ~~~~~~~~~~~~~~~~~~~~~~~~~~~~~^^^^^
  File "C:\Users\donan\Desktop\POS-PROJECT\ADMIN WEB\env_boutique\Lib\site-packages\rest_framework\views.py", line 486, in raise_uncaught_exception
    raise exc
  File "C:\Users\donan\Desktop\POS-PROJECT\ADMIN WEB\env_boutique\Lib\site-packages\rest_framework\views.py", line 503, in dispatch
    self.initial(request, *args, **kwargs)
    ~~~~~~~~~~~~^^^^^^^^^^^^^^^^^^^^^^^^^^
  File "C:\Users\donan\Desktop\POS-PROJECT\ADMIN WEB\env_boutique\Lib\site-packages\rest_framework\views.py", line 420, in initial
    self.perform_authentication(request)
    ~~~~~~~~~~~~~~~~~~~~~~~~~~~^^^^^^^^^
  File "C:\Users\donan\Desktop\POS-PROJECT\ADMIN WEB\env_boutique\Lib\site-packages\rest_framework\views.py", line 330, in perform_authentication
    request.user
  File "C:\Users\donan\Desktop\POS-PROJECT\ADMIN WEB\env_boutique\Lib\site-packages\rest_framework\request.py", line 232, in user
    self._authenticate()
    ~~~~~~~~~~~~~~~~~~^^
  File "C:\Users\donan\Desktop\POS-PROJECT\ADMIN WEB\env_boutique\Lib\site-packages\rest_framework\request.py", line 385, in _authenticate
    user_auth_tuple = authenticator.authenticate(self)
  File "C:\Users\donan\Desktop\POS-PROJECT\ADMIN WEB\env_boutique\Lib\site-packages\rest_framework_simplejwt\authentication.py", line 51, in authenticate
    return self.get_user(validated_token), validated_token
           ~~~~~~~~~~~~~^^^^^^^^^^^^^^^^^
  File "C:\Users\donan\Desktop\POS-PROJECT\ADMIN WEB\env_boutique\Lib\site-packages\rest_framework_simplejwt\authentication.py", line 132, in get_user
    user = self.user_model.objects.get(**{api_settings.USER_ID_FIELD: user_id})
  File "C:\Users\donan\Desktop\POS-PROJECT\ADMIN WEB\env_boutique\Lib\site-packages\django\db\models\manager.py", line 87, in manager_method
    return getattr(self.get_queryset(), name)(*args, **kwargs)
           ~~~~~~~~~~~~~~~~~~~~~~~~~~~~~~~~~~^^^^^^^^^^^^^^^^^
  File "C:\Users\donan\Desktop\POS-PROJECT\ADMIN WEB\env_boutique\Lib\site-packages\django\db\models\query.py", line 629, in get
    num = len(clone)
  File "C:\Users\donan\Desktop\POS-PROJECT\ADMIN WEB\env_boutique\Lib\site-packages\django\db\models\query.py", line 366, in __len__
    self._fetch_all()
    ~~~~~~~~~~~~~~~^^
  File "C:\Users\donan\Desktop\POS-PROJECT\ADMIN WEB\env_boutique\Lib\site-packages\django\db\models\query.py", line 1949, in _fetch_all
    self._result_cache = list(self._iterable_class(self))
                         ~~~~^^^^^^^^^^^^^^^^^^^^^^^^^^^^
  File "C:\Users\donan\Desktop\POS-PROJECT\ADMIN WEB\env_boutique\Lib\site-packages\django\db\models\query.py", line 91, in __iter__
    results = compiler.execute_sql(
        chunked_fetch=self.chunked_fetch, chunk_size=self.chunk_size
    )
  File "C:\Users\donan\Desktop\POS-PROJECT\ADMIN WEB\env_boutique\Lib\site-packages\django\db\models\sql\compiler.py", line 1621, in execute_sql
    cursor = self.connection.cursor()
  File "C:\Users\donan\Desktop\POS-PROJECT\ADMIN WEB\env_boutique\Lib\site-packages\django\utils\asyncio.py", line 26, in inner
    return func(*args, **kwargs)
  File "C:\Users\donan\Desktop\POS-PROJECT\ADMIN WEB\env_boutique\Lib\site-packages\django\db\backends\base\base.py", line 320, in cursor
    return self._cursor()
           ~~~~~~~~~~~~^^
  File "C:\Users\donan\Desktop\POS-PROJECT\ADMIN WEB\env_boutique\Lib\site-packages\django\db\backends\base\base.py", line 296, in _cursor
    self.ensure_connection()
    ~~~~~~~~~~~~~~~~~~~~~~^^
  File "C:\Users\donan\Desktop\POS-PROJECT\ADMIN WEB\env_boutique\Lib\site-packages\django\utils\asyncio.py", line 26, in inner
    return func(*args, **kwargs)
  File "C:\Users\donan\Desktop\POS-PROJECT\ADMIN WEB\env_boutique\Lib\site-packages\django\db\backends\base\base.py", line 278, in ensure_connection
    with self.wrap_database_errors:
         ^^^^^^^^^^^^^^^^^^^^^^^^^
  File "C:\Users\donan\Desktop\POS-PROJECT\ADMIN WEB\env_boutique\Lib\site-packages\django\db\utils.py", line 91, in __exit__
    raise dj_exc_value.with_traceback(traceback) from exc_value
  File "C:\Users\donan\Desktop\POS-PROJECT\ADMIN WEB\env_boutique\Lib\site-packages\django\db\backends\base\base.py", line 279, in ensure_connection
    self.connect()
    ~~~~~~~~~~~~^^
  File "C:\Users\donan\Desktop\POS-PROJECT\ADMIN WEB\env_boutique\Lib\site-packages\django\utils\asyncio.py", line 26, in inner
    return func(*args, **kwargs)
  File "C:\Users\donan\Desktop\POS-PROJECT\ADMIN WEB\env_boutique\Lib\site-packages\django\db\backends\base\base.py", line 256, in connect
    self.connection = self.get_new_connection(conn_params)
                      ~~~~~~~~~~~~~~~~~~~~~~~^^^^^^^^^^^^^
  File "C:\Users\donan\Desktop\POS-PROJECT\ADMIN WEB\env_boutique\Lib\site-packages\django\utils\asyncio.py", line 26, in inner
    return func(*args, **kwargs)
  File "C:\Users\donan\Desktop\POS-PROJECT\ADMIN WEB\env_boutique\Lib\site-packages\django\db\backends\postgresql\base.py", line 332, in get_new_connection
    connection = self.Database.connect(**conn_params)
  File "C:\Users\donan\Desktop\POS-PROJECT\ADMIN WEB\env_boutique\Lib\site-packages\psycopg2\__init__.py", line 135, in connect
    conn = _connect(dsn, connection_factory=connection_factory, **kwasync)
django.db.utils.OperationalError: could not translate host name "aws-1-eu-west-1.pooler.supabase.com" to address: Name or service not known

ERROR 2026-03-09 10:15:29,028 log Internal Server Error: /api/stocks/
Traceback (most recent call last):
  File "C:\Users\donan\Desktop\POS-PROJECT\ADMIN WEB\env_boutique\Lib\site-packages\django\db\backends\base\base.py", line 279, in ensure_connection
    self.connect()
    ~~~~~~~~~~~~^^
  File "C:\Users\donan\Desktop\POS-PROJECT\ADMIN WEB\env_boutique\Lib\site-packages\django\utils\asyncio.py", line 26, in inner
    return func(*args, **kwargs)
  File "C:\Users\donan\Desktop\POS-PROJECT\ADMIN WEB\env_boutique\Lib\site-packages\django\db\backends\base\base.py", line 256, in connect
    self.connection = self.get_new_connection(conn_params)
                      ~~~~~~~~~~~~~~~~~~~~~~~^^^^^^^^^^^^^
  File "C:\Users\donan\Desktop\POS-PROJECT\ADMIN WEB\env_boutique\Lib\site-packages\django\utils\asyncio.py", line 26, in inner
    return func(*args, **kwargs)
  File "C:\Users\donan\Desktop\POS-PROJECT\ADMIN WEB\env_boutique\Lib\site-packages\django\db\backends\postgresql\base.py", line 332, in get_new_connection
    connection = self.Database.connect(**conn_params)
  File "C:\Users\donan\Desktop\POS-PROJECT\ADMIN WEB\env_boutique\Lib\site-packages\psycopg2\__init__.py", line 135, in connect
    conn = _connect(dsn, connection_factory=connection_factory, **kwasync)
psycopg2.OperationalError: could not translate host name "aws-1-eu-west-1.pooler.supabase.com" to address: Name or service not known


The above exception was the direct cause of the following exception:

Traceback (most recent call last):
  File "C:\Users\donan\Desktop\POS-PROJECT\ADMIN WEB\env_boutique\Lib\site-packages\django\core\handlers\exception.py", line 55, in inner
    response = get_response(request)
  File "C:\Users\donan\Desktop\POS-PROJECT\ADMIN WEB\env_boutique\Lib\site-packages\django\core\handlers\base.py", line 197, in _get_response
    response = wrapped_callback(request, *callback_args, **callback_kwargs)
  File "C:\Users\donan\Desktop\POS-PROJECT\ADMIN WEB\env_boutique\Lib\site-packages\django\views\decorators\csrf.py", line 65, in _view_wrapper
    return view_func(request, *args, **kwargs)
  File "C:\Users\donan\Desktop\POS-PROJECT\ADMIN WEB\env_boutique\Lib\site-packages\rest_framework\viewsets.py", line 125, in view
    return self.dispatch(request, *args, **kwargs)
           ~~~~~~~~~~~~~^^^^^^^^^^^^^^^^^^^^^^^^^^
  File "C:\Users\donan\Desktop\POS-PROJECT\ADMIN WEB\env_boutique\Lib\site-packages\rest_framework\views.py", line 515, in dispatch
    response = self.handle_exception(exc)
  File "C:\Users\donan\Desktop\POS-PROJECT\ADMIN WEB\env_boutique\Lib\site-packages\rest_framework\views.py", line 475, in handle_exception
    self.raise_uncaught_exception(exc)
    ~~~~~~~~~~~~~~~~~~~~~~~~~~~~~^^^^^
  File "C:\Users\donan\Desktop\POS-PROJECT\ADMIN WEB\env_boutique\Lib\site-packages\rest_framework\views.py", line 486, in raise_uncaught_exception
    raise exc
  File "C:\Users\donan\Desktop\POS-PROJECT\ADMIN WEB\env_boutique\Lib\site-packages\rest_framework\views.py", line 503, in dispatch
    self.initial(request, *args, **kwargs)
    ~~~~~~~~~~~~^^^^^^^^^^^^^^^^^^^^^^^^^^
  File "C:\Users\donan\Desktop\POS-PROJECT\ADMIN WEB\env_boutique\Lib\site-packages\rest_framework\views.py", line 420, in initial
    self.perform_authentication(request)
    ~~~~~~~~~~~~~~~~~~~~~~~~~~~^^^^^^^^^
  File "C:\Users\donan\Desktop\POS-PROJECT\ADMIN WEB\env_boutique\Lib\site-packages\rest_framework\views.py", line 330, in perform_authentication
    request.user
  File "C:\Users\donan\Desktop\POS-PROJECT\ADMIN WEB\env_boutique\Lib\site-packages\rest_framework\request.py", line 232, in user
    self._authenticate()
    ~~~~~~~~~~~~~~~~~~^^
  File "C:\Users\donan\Desktop\POS-PROJECT\ADMIN WEB\env_boutique\Lib\site-packages\rest_framework\request.py", line 385, in _authenticate
    user_auth_tuple = authenticator.authenticate(self)
  File "C:\Users\donan\Desktop\POS-PROJECT\ADMIN WEB\env_boutique\Lib\site-packages\rest_framework_simplejwt\authentication.py", line 51, in authenticate
    return self.get_user(validated_token), validated_token
           ~~~~~~~~~~~~~^^^^^^^^^^^^^^^^^
  File "C:\Users\donan\Desktop\POS-PROJECT\ADMIN WEB\env_boutique\Lib\site-packages\rest_framework_simplejwt\authentication.py", line 132, in get_user
    user = self.user_model.objects.get(**{api_settings.USER_ID_FIELD: user_id})
  File "C:\Users\donan\Desktop\POS-PROJECT\ADMIN WEB\env_boutique\Lib\site-packages\django\db\models\manager.py", line 87, in manager_method
    return getattr(self.get_queryset(), name)(*args, **kwargs)
           ~~~~~~~~~~~~~~~~~~~~~~~~~~~~~~~~~~^^^^^^^^^^^^^^^^^
  File "C:\Users\donan\Desktop\POS-PROJECT\ADMIN WEB\env_boutique\Lib\site-packages\django\db\models\query.py", line 629, in get
    num = len(clone)
  File "C:\Users\donan\Desktop\POS-PROJECT\ADMIN WEB\env_boutique\Lib\site-packages\django\db\models\query.py", line 366, in __len__
    self._fetch_all()
    ~~~~~~~~~~~~~~~^^
  File "C:\Users\donan\Desktop\POS-PROJECT\ADMIN WEB\env_boutique\Lib\site-packages\django\db\models\query.py", line 1949, in _fetch_all
    self._result_cache = list(self._iterable_class(self))
                         ~~~~^^^^^^^^^^^^^^^^^^^^^^^^^^^^
  File "C:\Users\donan\Desktop\POS-PROJECT\ADMIN WEB\env_boutique\Lib\site-packages\django\db\models\query.py", line 91, in __iter__
    results = compiler.execute_sql(
        chunked_fetch=self.chunked_fetch, chunk_size=self.chunk_size
    )
  File "C:\Users\donan\Desktop\POS-PROJECT\ADMIN WEB\env_boutique\Lib\site-packages\django\db\models\sql\compiler.py", line 1621, in execute_sql
    cursor = self.connection.cursor()
  File "C:\Users\donan\Desktop\POS-PROJECT\ADMIN WEB\env_boutique\Lib\site-packages\django\utils\asyncio.py", line 26, in inner
    return func(*args, **kwargs)
  File "C:\Users\donan\Desktop\POS-PROJECT\ADMIN WEB\env_boutique\Lib\site-packages\django\db\backends\base\base.py", line 320, in cursor
    return self._cursor()
           ~~~~~~~~~~~~^^
  File "C:\Users\donan\Desktop\POS-PROJECT\ADMIN WEB\env_boutique\Lib\site-packages\django\db\backends\base\base.py", line 296, in _cursor
    self.ensure_connection()
    ~~~~~~~~~~~~~~~~~~~~~~^^
  File "C:\Users\donan\Desktop\POS-PROJECT\ADMIN WEB\env_boutique\Lib\site-packages\django\utils\asyncio.py", line 26, in inner
    return func(*args, **kwargs)
  File "C:\Users\donan\Desktop\POS-PROJECT\ADMIN WEB\env_boutique\Lib\site-packages\django\db\backends\base\base.py", line 278, in ensure_connection
    with self.wrap_database_errors:
         ^^^^^^^^^^^^^^^^^^^^^^^^^
  File "C:\Users\donan\Desktop\POS-PROJECT\ADMIN WEB\env_boutique\Lib\site-packages\django\db\utils.py", line 91, in __exit__
    raise dj_exc_value.with_traceback(traceback) from exc_value
  File "C:\Users\donan\Desktop\POS-PROJECT\ADMIN WEB\env_boutique\Lib\site-packages\django\db\backends\base\base.py", line 279, in ensure_connection
    self.connect()
    ~~~~~~~~~~~~^^
  File "C:\Users\donan\Desktop\POS-PROJECT\ADMIN WEB\env_boutique\Lib\site-packages\django\utils\asyncio.py", line 26, in inner
    return func(*args, **kwargs)
  File "C:\Users\donan\Desktop\POS-PROJECT\ADMIN WEB\env_boutique\Lib\site-packages\django\db\backends\base\base.py", line 256, in connect
    self.connection = self.get_new_connection(conn_params)
                      ~~~~~~~~~~~~~~~~~~~~~~~^^^^^^^^^^^^^
  File "C:\Users\donan\Desktop\POS-PROJECT\ADMIN WEB\env_boutique\Lib\site-packages\django\utils\asyncio.py", line 26, in inner
    return func(*args, **kwargs)
  File "C:\Users\donan\Desktop\POS-PROJECT\ADMIN WEB\env_boutique\Lib\site-packages\django\db\backends\postgresql\base.py", line 332, in get_new_connection
    connection = self.Database.connect(**conn_params)
  File "C:\Users\donan\Desktop\POS-PROJECT\ADMIN WEB\env_boutique\Lib\site-packages\psycopg2\__init__.py", line 135, in connect
    conn = _connect(dsn, connection_factory=connection_factory, **kwasync)
django.db.utils.OperationalError: could not translate host name "aws-1-eu-west-1.pooler.supabase.com" to address: Name or service not known

ERROR 2026-03-09 10:15:29,040 basehttp "GET /api/stores/ HTTP/1.1" 500 242175
ERROR 2026-03-09 10:15:29,049 basehttp "GET /api/stocks/?params%5Bexpand%5D=product,store,warehouse&params%5Bpage_size%5D=100 HTTP/1.1" 500 243824
ERROR 2026-03-09 10:15:29,062 basehttp "GET /api/stocks/?params%5Bexpand%5D=product,store,warehouse&params%5Bpage_size%5D=1000 HTTP/1.1" 500 243841
ERROR 2026-03-09 10:15:29,164 log Internal Server Error: /api/stocks/
Traceback (most recent call last):
  File "C:\Users\donan\Desktop\POS-PROJECT\ADMIN WEB\env_boutique\Lib\site-packages\django\db\backends\base\base.py", line 279, in ensure_connection
    self.connect()
    ~~~~~~~~~~~~^^
  File "C:\Users\donan\Desktop\POS-PROJECT\ADMIN WEB\env_boutique\Lib\site-packages\django\utils\asyncio.py", line 26, in inner
    return func(*args, **kwargs)
  File "C:\Users\donan\Desktop\POS-PROJECT\ADMIN WEB\env_boutique\Lib\site-packages\django\db\backends\base\base.py", line 256, in connect
    self.connection = self.get_new_connection(conn_params)
                      ~~~~~~~~~~~~~~~~~~~~~~~^^^^^^^^^^^^^
  File "C:\Users\donan\Desktop\POS-PROJECT\ADMIN WEB\env_boutique\Lib\site-packages\django\utils\asyncio.py", line 26, in inner
    return func(*args, **kwargs)
  File "C:\Users\donan\Desktop\POS-PROJECT\ADMIN WEB\env_boutique\Lib\site-packages\django\db\backends\postgresql\base.py", line 332, in get_new_connection
    connection = self.Database.connect(**conn_params)
  File "C:\Users\donan\Desktop\POS-PROJECT\ADMIN WEB\env_boutique\Lib\site-packages\psycopg2\__init__.py", line 135, in connect
    conn = _connect(dsn, connection_factory=connection_factory, **kwasync)
psycopg2.OperationalError: could not translate host name "aws-1-eu-west-1.pooler.supabase.com" to address: Name or service not known


The above exception was the direct cause of the following exception:

Traceback (most recent call last):
  File "C:\Users\donan\Desktop\POS-PROJECT\ADMIN WEB\env_boutique\Lib\site-packages\django\core\handlers\exception.py", line 55, in inner
    response = get_response(request)
  File "C:\Users\donan\Desktop\POS-PROJECT\ADMIN WEB\env_boutique\Lib\site-packages\django\core\handlers\base.py", line 197, in _get_response
    response = wrapped_callback(request, *callback_args, **callback_kwargs)
  File "C:\Users\donan\Desktop\POS-PROJECT\ADMIN WEB\env_boutique\Lib\site-packages\django\views\decorators\csrf.py", line 65, in _view_wrapper
    return view_func(request, *args, **kwargs)
  File "C:\Users\donan\Desktop\POS-PROJECT\ADMIN WEB\env_boutique\Lib\site-packages\rest_framework\viewsets.py", line 125, in view
    return self.dispatch(request, *args, **kwargs)
           ~~~~~~~~~~~~~^^^^^^^^^^^^^^^^^^^^^^^^^^
  File "C:\Users\donan\Desktop\POS-PROJECT\ADMIN WEB\env_boutique\Lib\site-packages\rest_framework\views.py", line 515, in dispatch
    response = self.handle_exception(exc)
  File "C:\Users\donan\Desktop\POS-PROJECT\ADMIN WEB\env_boutique\Lib\site-packages\rest_framework\views.py", line 475, in handle_exception
    self.raise_uncaught_exception(exc)
    ~~~~~~~~~~~~~~~~~~~~~~~~~~~~~^^^^^
  File "C:\Users\donan\Desktop\POS-PROJECT\ADMIN WEB\env_boutique\Lib\site-packages\rest_framework\views.py", line 486, in raise_uncaught_exception
    raise exc
  File "C:\Users\donan\Desktop\POS-PROJECT\ADMIN WEB\env_boutique\Lib\site-packages\rest_framework\views.py", line 503, in dispatch
    self.initial(request, *args, **kwargs)
    ~~~~~~~~~~~~^^^^^^^^^^^^^^^^^^^^^^^^^^
  File "C:\Users\donan\Desktop\POS-PROJECT\ADMIN WEB\env_boutique\Lib\site-packages\rest_framework\views.py", line 420, in initial
    self.perform_authentication(request)
    ~~~~~~~~~~~~~~~~~~~~~~~~~~~^^^^^^^^^
  File "C:\Users\donan\Desktop\POS-PROJECT\ADMIN WEB\env_boutique\Lib\site-packages\rest_framework\views.py", line 330, in perform_authentication
    request.user
  File "C:\Users\donan\Desktop\POS-PROJECT\ADMIN WEB\env_boutique\Lib\site-packages\rest_framework\request.py", line 232, in user
    self._authenticate()
    ~~~~~~~~~~~~~~~~~~^^
  File "C:\Users\donan\Desktop\POS-PROJECT\ADMIN WEB\env_boutique\Lib\site-packages\rest_framework\request.py", line 385, in _authenticate
    user_auth_tuple = authenticator.authenticate(self)
  File "C:\Users\donan\Desktop\POS-PROJECT\ADMIN WEB\env_boutique\Lib\site-packages\rest_framework_simplejwt\authentication.py", line 51, in authenticate
    return self.get_user(validated_token), validated_token
           ~~~~~~~~~~~~~^^^^^^^^^^^^^^^^^
  File "C:\Users\donan\Desktop\POS-PROJECT\ADMIN WEB\env_boutique\Lib\site-packages\rest_framework_simplejwt\authentication.py", line 132, in get_user
    user = self.user_model.objects.get(**{api_settings.USER_ID_FIELD: user_id})
  File "C:\Users\donan\Desktop\POS-PROJECT\ADMIN WEB\env_boutique\Lib\site-packages\django\db\models\manager.py", line 87, in manager_method
    return getattr(self.get_queryset(), name)(*args, **kwargs)
           ~~~~~~~~~~~~~~~~~~~~~~~~~~~~~~~~~~^^^^^^^^^^^^^^^^^
  File "C:\Users\donan\Desktop\POS-PROJECT\ADMIN WEB\env_boutique\Lib\site-packages\django\db\models\query.py", line 629, in get
    num = len(clone)
  File "C:\Users\donan\Desktop\POS-PROJECT\ADMIN WEB\env_boutique\Lib\site-packages\django\db\models\query.py", line 366, in __len__
    self._fetch_all()
    ~~~~~~~~~~~~~~~^^
  File "C:\Users\donan\Desktop\POS-PROJECT\ADMIN WEB\env_boutique\Lib\site-packages\django\db\models\query.py", line 1949, in _fetch_all
    self._result_cache = list(self._iterable_class(self))
                         ~~~~^^^^^^^^^^^^^^^^^^^^^^^^^^^^
  File "C:\Users\donan\Desktop\POS-PROJECT\ADMIN WEB\env_boutique\Lib\site-packages\django\db\models\query.py", line 91, in __iter__
    results = compiler.execute_sql(
        chunked_fetch=self.chunked_fetch, chunk_size=self.chunk_size
    )
  File "C:\Users\donan\Desktop\POS-PROJECT\ADMIN WEB\env_boutique\Lib\site-packages\django\db\models\sql\compiler.py", line 1621, in execute_sql
    cursor = self.connection.cursor()
  File "C:\Users\donan\Desktop\POS-PROJECT\ADMIN WEB\env_boutique\Lib\site-packages\django\utils\asyncio.py", line 26, in inner
    return func(*args, **kwargs)
  File "C:\Users\donan\Desktop\POS-PROJECT\ADMIN WEB\env_boutique\Lib\site-packages\django\db\backends\base\base.py", line 320, in cursor
    return self._cursor()
           ~~~~~~~~~~~~^^
  File "C:\Users\donan\Desktop\POS-PROJECT\ADMIN WEB\env_boutique\Lib\site-packages\django\db\backends\base\base.py", line 296, in _cursor
    self.ensure_connection()
    ~~~~~~~~~~~~~~~~~~~~~~^^
  File "C:\Users\donan\Desktop\POS-PROJECT\ADMIN WEB\env_boutique\Lib\site-packages\django\utils\asyncio.py", line 26, in inner
    return func(*args, **kwargs)
  File "C:\Users\donan\Desktop\POS-PROJECT\ADMIN WEB\env_boutique\Lib\site-packages\django\db\backends\base\base.py", line 278, in ensure_connection
    with self.wrap_database_errors:
         ^^^^^^^^^^^^^^^^^^^^^^^^^
  File "C:\Users\donan\Desktop\POS-PROJECT\ADMIN WEB\env_boutique\Lib\site-packages\django\db\utils.py", line 91, in __exit__
    raise dj_exc_value.with_traceback(traceback) from exc_value
  File "C:\Users\donan\Desktop\POS-PROJECT\ADMIN WEB\env_boutique\Lib\site-packages\django\db\backends\base\base.py", line 279, in ensure_connection
    self.connect()
    ~~~~~~~~~~~~^^
  File "C:\Users\donan\Desktop\POS-PROJECT\ADMIN WEB\env_boutique\Lib\site-packages\django\utils\asyncio.py", line 26, in inner
    return func(*args, **kwargs)
  File "C:\Users\donan\Desktop\POS-PROJECT\ADMIN WEB\env_boutique\Lib\site-packages\django\db\backends\base\base.py", line 256, in connect
    self.connection = self.get_new_connection(conn_params)
                      ~~~~~~~~~~~~~~~~~~~~~~~^^^^^^^^^^^^^
  File "C:\Users\donan\Desktop\POS-PROJECT\ADMIN WEB\env_boutique\Lib\site-packages\django\utils\asyncio.py", line 26, in inner
    return func(*args, **kwargs)
  File "C:\Users\donan\Desktop\POS-PROJECT\ADMIN WEB\env_boutique\Lib\site-packages\django\db\backends\postgresql\base.py", line 332, in get_new_connection
    connection = self.Database.connect(**conn_params)
  File "C:\Users\donan\Desktop\POS-PROJECT\ADMIN WEB\env_boutique\Lib\site-packages\psycopg2\__init__.py", line 135, in connect
    conn = _connect(dsn, connection_factory=connection_factory, **kwasync)
django.db.utils.OperationalError: could not translate host name "aws-1-eu-west-1.pooler.supabase.com" to address: Name or service not known

ERROR 2026-03-09 10:15:29,193 log Internal Server Error: /api/stores/
Traceback (most recent call last):
  File "C:\Users\donan\Desktop\POS-PROJECT\ADMIN WEB\env_boutique\Lib\site-packages\django\db\backends\base\base.py", line 279, in ensure_connection
    self.connect()
    ~~~~~~~~~~~~^^
  File "C:\Users\donan\Desktop\POS-PROJECT\ADMIN WEB\env_boutique\Lib\site-packages\django\utils\asyncio.py", line 26, in inner
    return func(*args, **kwargs)
  File "C:\Users\donan\Desktop\POS-PROJECT\ADMIN WEB\env_boutique\Lib\site-packages\django\db\backends\base\base.py", line 256, in connect
    self.connection = self.get_new_connection(conn_params)
                      ~~~~~~~~~~~~~~~~~~~~~~~^^^^^^^^^^^^^
  File "C:\Users\donan\Desktop\POS-PROJECT\ADMIN WEB\env_boutique\Lib\site-packages\django\utils\asyncio.py", line 26, in inner
    return func(*args, **kwargs)
  File "C:\Users\donan\Desktop\POS-PROJECT\ADMIN WEB\env_boutique\Lib\site-packages\django\db\backends\postgresql\base.py", line 332, in get_new_connection
    connection = self.Database.connect(**conn_params)
  File "C:\Users\donan\Desktop\POS-PROJECT\ADMIN WEB\env_boutique\Lib\site-packages\psycopg2\__init__.py", line 135, in connect
    conn = _connect(dsn, connection_factory=connection_factory, **kwasync)
psycopg2.OperationalError: could not translate host name "aws-1-eu-west-1.pooler.supabase.com" to address: Name or service not known


The above exception was the direct cause of the following exception:

Traceback (most recent call last):
  File "C:\Users\donan\Desktop\POS-PROJECT\ADMIN WEB\env_boutique\Lib\site-packages\django\core\handlers\exception.py", line 55, in inner
    response = get_response(request)
  File "C:\Users\donan\Desktop\POS-PROJECT\ADMIN WEB\env_boutique\Lib\site-packages\django\core\handlers\base.py", line 197, in _get_response
    response = wrapped_callback(request, *callback_args, **callback_kwargs)
  File "C:\Users\donan\Desktop\POS-PROJECT\ADMIN WEB\env_boutique\Lib\site-packages\django\views\decorators\csrf.py", line 65, in _view_wrapper
    return view_func(request, *args, **kwargs)
  File "C:\Users\donan\Desktop\POS-PROJECT\ADMIN WEB\env_boutique\Lib\site-packages\rest_framework\viewsets.py", line 125, in view
    return self.dispatch(request, *args, **kwargs)
           ~~~~~~~~~~~~~^^^^^^^^^^^^^^^^^^^^^^^^^^
  File "C:\Users\donan\Desktop\POS-PROJECT\ADMIN WEB\env_boutique\Lib\site-packages\rest_framework\views.py", line 515, in dispatch
    response = self.handle_exception(exc)
  File "C:\Users\donan\Desktop\POS-PROJECT\ADMIN WEB\env_boutique\Lib\site-packages\rest_framework\views.py", line 475, in handle_exception
    self.raise_uncaught_exception(exc)
    ~~~~~~~~~~~~~~~~~~~~~~~~~~~~~^^^^^
  File "C:\Users\donan\Desktop\POS-PROJECT\ADMIN WEB\env_boutique\Lib\site-packages\rest_framework\views.py", line 486, in raise_uncaught_exception
    raise exc
  File "C:\Users\donan\Desktop\POS-PROJECT\ADMIN WEB\env_boutique\Lib\site-packages\rest_framework\views.py", line 503, in dispatch
    self.initial(request, *args, **kwargs)
    ~~~~~~~~~~~~^^^^^^^^^^^^^^^^^^^^^^^^^^
  File "C:\Users\donan\Desktop\POS-PROJECT\ADMIN WEB\env_boutique\Lib\site-packages\rest_framework\views.py", line 420, in initial
    self.perform_authentication(request)
    ~~~~~~~~~~~~~~~~~~~~~~~~~~~^^^^^^^^^
  File "C:\Users\donan\Desktop\POS-PROJECT\ADMIN WEB\env_boutique\Lib\site-packages\rest_framework\views.py", line 330, in perform_authentication
    request.user
  File "C:\Users\donan\Desktop\POS-PROJECT\ADMIN WEB\env_boutique\Lib\site-packages\rest_framework\request.py", line 232, in user
    self._authenticate()
    ~~~~~~~~~~~~~~~~~~^^
  File "C:\Users\donan\Desktop\POS-PROJECT\ADMIN WEB\env_boutique\Lib\site-packages\rest_framework\request.py", line 385, in _authenticate
    user_auth_tuple = authenticator.authenticate(self)
  File "C:\Users\donan\Desktop\POS-PROJECT\ADMIN WEB\env_boutique\Lib\site-packages\rest_framework_simplejwt\authentication.py", line 51, in authenticate
    return self.get_user(validated_token), validated_token
           ~~~~~~~~~~~~~^^^^^^^^^^^^^^^^^
  File "C:\Users\donan\Desktop\POS-PROJECT\ADMIN WEB\env_boutique\Lib\site-packages\rest_framework_simplejwt\authentication.py", line 132, in get_user
    user = self.user_model.objects.get(**{api_settings.USER_ID_FIELD: user_id})
  File "C:\Users\donan\Desktop\POS-PROJECT\ADMIN WEB\env_boutique\Lib\site-packages\django\db\models\manager.py", line 87, in manager_method
    return getattr(self.get_queryset(), name)(*args, **kwargs)
           ~~~~~~~~~~~~~~~~~~~~~~~~~~~~~~~~~~^^^^^^^^^^^^^^^^^
  File "C:\Users\donan\Desktop\POS-PROJECT\ADMIN WEB\env_boutique\Lib\site-packages\django\db\models\query.py", line 629, in get
    num = len(clone)
  File "C:\Users\donan\Desktop\POS-PROJECT\ADMIN WEB\env_boutique\Lib\site-packages\django\db\models\query.py", line 366, in __len__
    self._fetch_all()
    ~~~~~~~~~~~~~~~^^
  File "C:\Users\donan\Desktop\POS-PROJECT\ADMIN WEB\env_boutique\Lib\site-packages\django\db\models\query.py", line 1949, in _fetch_all
    self._result_cache = list(self._iterable_class(self))
                         ~~~~^^^^^^^^^^^^^^^^^^^^^^^^^^^^
  File "C:\Users\donan\Desktop\POS-PROJECT\ADMIN WEB\env_boutique\Lib\site-packages\django\db\models\query.py", line 91, in __iter__
    results = compiler.execute_sql(
        chunked_fetch=self.chunked_fetch, chunk_size=self.chunk_size
    )
  File "C:\Users\donan\Desktop\POS-PROJECT\ADMIN WEB\env_boutique\Lib\site-packages\django\db\models\sql\compiler.py", line 1621, in execute_sql
    cursor = self.connection.cursor()
  File "C:\Users\donan\Desktop\POS-PROJECT\ADMIN WEB\env_boutique\Lib\site-packages\django\utils\asyncio.py", line 26, in inner
    return func(*args, **kwargs)
  File "C:\Users\donan\Desktop\POS-PROJECT\ADMIN WEB\env_boutique\Lib\site-packages\django\db\backends\base\base.py", line 320, in cursor
    return self._cursor()
           ~~~~~~~~~~~~^^
  File "C:\Users\donan\Desktop\POS-PROJECT\ADMIN WEB\env_boutique\Lib\site-packages\django\db\backends\base\base.py", line 296, in _cursor
    self.ensure_connection()
    ~~~~~~~~~~~~~~~~~~~~~~^^
  File "C:\Users\donan\Desktop\POS-PROJECT\ADMIN WEB\env_boutique\Lib\site-packages\django\utils\asyncio.py", line 26, in inner
    return func(*args, **kwargs)
  File "C:\Users\donan\Desktop\POS-PROJECT\ADMIN WEB\env_boutique\Lib\site-packages\django\db\backends\base\base.py", line 278, in ensure_connection
    with self.wrap_database_errors:
         ^^^^^^^^^^^^^^^^^^^^^^^^^
  File "C:\Users\donan\Desktop\POS-PROJECT\ADMIN WEB\env_boutique\Lib\site-packages\django\db\utils.py", line 91, in __exit__
    raise dj_exc_value.with_traceback(traceback) from exc_value
  File "C:\Users\donan\Desktop\POS-PROJECT\ADMIN WEB\env_boutique\Lib\site-packages\django\db\backends\base\base.py", line 279, in ensure_connection
    self.connect()
    ~~~~~~~~~~~~^^
  File "C:\Users\donan\Desktop\POS-PROJECT\ADMIN WEB\env_boutique\Lib\site-packages\django\utils\asyncio.py", line 26, in inner
    return func(*args, **kwargs)
  File "C:\Users\donan\Desktop\POS-PROJECT\ADMIN WEB\env_boutique\Lib\site-packages\django\db\backends\base\base.py", line 256, in connect
    self.connection = self.get_new_connection(conn_params)
                      ~~~~~~~~~~~~~~~~~~~~~~~^^^^^^^^^^^^^
  File "C:\Users\donan\Desktop\POS-PROJECT\ADMIN WEB\env_boutique\Lib\site-packages\django\utils\asyncio.py", line 26, in inner
    return func(*args, **kwargs)
  File "C:\Users\donan\Desktop\POS-PROJECT\ADMIN WEB\env_boutique\Lib\site-packages\django\db\backends\postgresql\base.py", line 332, in get_new_connection
    connection = self.Database.connect(**conn_params)
  File "C:\Users\donan\Desktop\POS-PROJECT\ADMIN WEB\env_boutique\Lib\site-packages\psycopg2\__init__.py", line 135, in connect
    conn = _connect(dsn, connection_factory=connection_factory, **kwasync)
django.db.utils.OperationalError: could not translate host name "aws-1-eu-west-1.pooler.supabase.com" to address: Name or service not known

ERROR 2026-03-09 10:15:29,205 basehttp "GET /api/stocks/?params%5Bexpand%5D=product,store,warehouse&params%5Bpage_size%5D=100 HTTP/1.1" 500 243824
ERROR 2026-03-09 10:15:29,234 log Internal Server Error: /api/stocks/
Traceback (most recent call last):
  File "C:\Users\donan\Desktop\POS-PROJECT\ADMIN WEB\env_boutique\Lib\site-packages\django\db\backends\base\base.py", line 279, in ensure_connection
    self.connect()
    ~~~~~~~~~~~~^^
  File "C:\Users\donan\Desktop\POS-PROJECT\ADMIN WEB\env_boutique\Lib\site-packages\django\utils\asyncio.py", line 26, in inner
    return func(*args, **kwargs)
  File "C:\Users\donan\Desktop\POS-PROJECT\ADMIN WEB\env_boutique\Lib\site-packages\django\db\backends\base\base.py", line 256, in connect
    self.connection = self.get_new_connection(conn_params)
                      ~~~~~~~~~~~~~~~~~~~~~~~^^^^^^^^^^^^^
  File "C:\Users\donan\Desktop\POS-PROJECT\ADMIN WEB\env_boutique\Lib\site-packages\django\utils\asyncio.py", line 26, in inner
    return func(*args, **kwargs)
  File "C:\Users\donan\Desktop\POS-PROJECT\ADMIN WEB\env_boutique\Lib\site-packages\django\db\backends\postgresql\base.py", line 332, in get_new_connection
    connection = self.Database.connect(**conn_params)
  File "C:\Users\donan\Desktop\POS-PROJECT\ADMIN WEB\env_boutique\Lib\site-packages\psycopg2\__init__.py", line 135, in connect
    conn = _connect(dsn, connection_factory=connection_factory, **kwasync)
psycopg2.OperationalError: could not translate host name "aws-1-eu-west-1.pooler.supabase.com" to address: Name or service not known


The above exception was the direct cause of the following exception:

Traceback (most recent call last):
  File "C:\Users\donan\Desktop\POS-PROJECT\ADMIN WEB\env_boutique\Lib\site-packages\django\core\handlers\exception.py", line 55, in inner
    response = get_response(request)
  File "C:\Users\donan\Desktop\POS-PROJECT\ADMIN WEB\env_boutique\Lib\site-packages\django\core\handlers\base.py", line 197, in _get_response
    response = wrapped_callback(request, *callback_args, **callback_kwargs)
  File "C:\Users\donan\Desktop\POS-PROJECT\ADMIN WEB\env_boutique\Lib\site-packages\django\views\decorators\csrf.py", line 65, in _view_wrapper
    return view_func(request, *args, **kwargs)
  File "C:\Users\donan\Desktop\POS-PROJECT\ADMIN WEB\env_boutique\Lib\site-packages\rest_framework\viewsets.py", line 125, in view
    return self.dispatch(request, *args, **kwargs)
           ~~~~~~~~~~~~~^^^^^^^^^^^^^^^^^^^^^^^^^^
  File "C:\Users\donan\Desktop\POS-PROJECT\ADMIN WEB\env_boutique\Lib\site-packages\rest_framework\views.py", line 515, in dispatch
    response = self.handle_exception(exc)
  File "C:\Users\donan\Desktop\POS-PROJECT\ADMIN WEB\env_boutique\Lib\site-packages\rest_framework\views.py", line 475, in handle_exception
    self.raise_uncaught_exception(exc)
    ~~~~~~~~~~~~~~~~~~~~~~~~~~~~~^^^^^
  File "C:\Users\donan\Desktop\POS-PROJECT\ADMIN WEB\env_boutique\Lib\site-packages\rest_framework\views.py", line 486, in raise_uncaught_exception
    raise exc
  File "C:\Users\donan\Desktop\POS-PROJECT\ADMIN WEB\env_boutique\Lib\site-packages\rest_framework\views.py", line 503, in dispatch
    self.initial(request, *args, **kwargs)
    ~~~~~~~~~~~~^^^^^^^^^^^^^^^^^^^^^^^^^^
  File "C:\Users\donan\Desktop\POS-PROJECT\ADMIN WEB\env_boutique\Lib\site-packages\rest_framework\views.py", line 420, in initial
    self.perform_authentication(request)
    ~~~~~~~~~~~~~~~~~~~~~~~~~~~^^^^^^^^^
  File "C:\Users\donan\Desktop\POS-PROJECT\ADMIN WEB\env_boutique\Lib\site-packages\rest_framework\views.py", line 330, in perform_authentication
    request.user
  File "C:\Users\donan\Desktop\POS-PROJECT\ADMIN WEB\env_boutique\Lib\site-packages\rest_framework\request.py", line 232, in user
    self._authenticate()
    ~~~~~~~~~~~~~~~~~~^^
  File "C:\Users\donan\Desktop\POS-PROJECT\ADMIN WEB\env_boutique\Lib\site-packages\rest_framework\request.py", line 385, in _authenticate
    user_auth_tuple = authenticator.authenticate(self)
  File "C:\Users\donan\Desktop\POS-PROJECT\ADMIN WEB\env_boutique\Lib\site-packages\rest_framework_simplejwt\authentication.py", line 51, in authenticate
    return self.get_user(validated_token), validated_token
           ~~~~~~~~~~~~~^^^^^^^^^^^^^^^^^
  File "C:\Users\donan\Desktop\POS-PROJECT\ADMIN WEB\env_boutique\Lib\site-packages\rest_framework_simplejwt\authentication.py", line 132, in get_user
    user = self.user_model.objects.get(**{api_settings.USER_ID_FIELD: user_id})
  File "C:\Users\donan\Desktop\POS-PROJECT\ADMIN WEB\env_boutique\Lib\site-packages\django\db\models\manager.py", line 87, in manager_method
    return getattr(self.get_queryset(), name)(*args, **kwargs)
           ~~~~~~~~~~~~~~~~~~~~~~~~~~~~~~~~~~^^^^^^^^^^^^^^^^^
  File "C:\Users\donan\Desktop\POS-PROJECT\ADMIN WEB\env_boutique\Lib\site-packages\django\db\models\query.py", line 629, in get
    num = len(clone)
  File "C:\Users\donan\Desktop\POS-PROJECT\ADMIN WEB\env_boutique\Lib\site-packages\django\db\models\query.py", line 366, in __len__
    self._fetch_all()
    ~~~~~~~~~~~~~~~^^
  File "C:\Users\donan\Desktop\POS-PROJECT\ADMIN WEB\env_boutique\Lib\site-packages\django\db\models\query.py", line 1949, in _fetch_all
    self._result_cache = list(self._iterable_class(self))
                         ~~~~^^^^^^^^^^^^^^^^^^^^^^^^^^^^
  File "C:\Users\donan\Desktop\POS-PROJECT\ADMIN WEB\env_boutique\Lib\site-packages\django\db\models\query.py", line 91, in __iter__
    results = compiler.execute_sql(
        chunked_fetch=self.chunked_fetch, chunk_size=self.chunk_size
    )
  File "C:\Users\donan\Desktop\POS-PROJECT\ADMIN WEB\env_boutique\Lib\site-packages\django\db\models\sql\compiler.py", line 1621, in execute_sql
    cursor = self.connection.cursor()
  File "C:\Users\donan\Desktop\POS-PROJECT\ADMIN WEB\env_boutique\Lib\site-packages\django\utils\asyncio.py", line 26, in inner
    return func(*args, **kwargs)
  File "C:\Users\donan\Desktop\POS-PROJECT\ADMIN WEB\env_boutique\Lib\site-packages\django\db\backends\base\base.py", line 320, in cursor
    return self._cursor()
           ~~~~~~~~~~~~^^
  File "C:\Users\donan\Desktop\POS-PROJECT\ADMIN WEB\env_boutique\Lib\site-packages\django\db\backends\base\base.py", line 296, in _cursor
    self.ensure_connection()
    ~~~~~~~~~~~~~~~~~~~~~~^^
  File "C:\Users\donan\Desktop\POS-PROJECT\ADMIN WEB\env_boutique\Lib\site-packages\django\utils\asyncio.py", line 26, in inner
    return func(*args, **kwargs)
  File "C:\Users\donan\Desktop\POS-PROJECT\ADMIN WEB\env_boutique\Lib\site-packages\django\db\backends\base\base.py", line 278, in ensure_connection
    with self.wrap_database_errors:
         ^^^^^^^^^^^^^^^^^^^^^^^^^
  File "C:\Users\donan\Desktop\POS-PROJECT\ADMIN WEB\env_boutique\Lib\site-packages\django\db\utils.py", line 91, in __exit__
    raise dj_exc_value.with_traceback(traceback) from exc_value
  File "C:\Users\donan\Desktop\POS-PROJECT\ADMIN WEB\env_boutique\Lib\site-packages\django\db\backends\base\base.py", line 279, in ensure_connection
    self.connect()
    ~~~~~~~~~~~~^^
  File "C:\Users\donan\Desktop\POS-PROJECT\ADMIN WEB\env_boutique\Lib\site-packages\django\utils\asyncio.py", line 26, in inner
    return func(*args, **kwargs)
  File "C:\Users\donan\Desktop\POS-PROJECT\ADMIN WEB\env_boutique\Lib\site-packages\django\db\backends\base\base.py", line 256, in connect
    self.connection = self.get_new_connection(conn_params)
                      ~~~~~~~~~~~~~~~~~~~~~~~^^^^^^^^^^^^^
  File "C:\Users\donan\Desktop\POS-PROJECT\ADMIN WEB\env_boutique\Lib\site-packages\django\utils\asyncio.py", line 26, in inner
    return func(*args, **kwargs)
  File "C:\Users\donan\Desktop\POS-PROJECT\ADMIN WEB\env_boutique\Lib\site-packages\django\db\backends\postgresql\base.py", line 332, in get_new_connection
    connection = self.Database.connect(**conn_params)
  File "C:\Users\donan\Desktop\POS-PROJECT\ADMIN WEB\env_boutique\Lib\site-packages\psycopg2\__init__.py", line 135, in connect
    conn = _connect(dsn, connection_factory=connection_factory, **kwasync)
django.db.utils.OperationalError: could not translate host name "aws-1-eu-west-1.pooler.supabase.com" to address: Name or service not known

ERROR 2026-03-09 10:15:29,235 basehttp "GET /api/stores/ HTTP/1.1" 500 242175
ERROR 2026-03-09 10:15:29,243 basehttp "GET /api/stocks/?params%5Bexpand%5D=product,store,warehouse&params%5Bpage_size%5D=1000 HTTP/1.1" 500 243841
ERROR 2026-03-09 10:15:32,666 log Internal Server Error: /api/stores/
Traceback (most recent call last):
  File "C:\Users\donan\Desktop\POS-PROJECT\ADMIN WEB\env_boutique\Lib\site-packages\django\db\backends\base\base.py", line 279, in ensure_connection
    self.connect()
    ~~~~~~~~~~~~^^
  File "C:\Users\donan\Desktop\POS-PROJECT\ADMIN WEB\env_boutique\Lib\site-packages\django\utils\asyncio.py", line 26, in inner
    return func(*args, **kwargs)
  File "C:\Users\donan\Desktop\POS-PROJECT\ADMIN WEB\env_boutique\Lib\site-packages\django\db\backends\base\base.py", line 256, in connect
    self.connection = self.get_new_connection(conn_params)
                      ~~~~~~~~~~~~~~~~~~~~~~~^^^^^^^^^^^^^
  File "C:\Users\donan\Desktop\POS-PROJECT\ADMIN WEB\env_boutique\Lib\site-packages\django\utils\asyncio.py", line 26, in inner
    return func(*args, **kwargs)
  File "C:\Users\donan\Desktop\POS-PROJECT\ADMIN WEB\env_boutique\Lib\site-packages\django\db\backends\postgresql\base.py", line 332, in get_new_connection
    connection = self.Database.connect(**conn_params)
  File "C:\Users\donan\Desktop\POS-PROJECT\ADMIN WEB\env_boutique\Lib\site-packages\psycopg2\__init__.py", line 135, in connect
    conn = _connect(dsn, connection_factory=connection_factory, **kwasync)
psycopg2.OperationalError: could not translate host name "aws-1-eu-west-1.pooler.supabase.com" to address: Name or service not known


The above exception was the direct cause of the following exception:

Traceback (most recent call last):
  File "C:\Users\donan\Desktop\POS-PROJECT\ADMIN WEB\env_boutique\Lib\site-packages\django\core\handlers\exception.py", line 55, in inner
    response = get_response(request)
  File "C:\Users\donan\Desktop\POS-PROJECT\ADMIN WEB\env_boutique\Lib\site-packages\django\core\handlers\base.py", line 197, in _get_response
    response = wrapped_callback(request, *callback_args, **callback_kwargs)
  File "C:\Users\donan\Desktop\POS-PROJECT\ADMIN WEB\env_boutique\Lib\site-packages\django\views\decorators\csrf.py", line 65, in _view_wrapper
    return view_func(request, *args, **kwargs)
  File "C:\Users\donan\Desktop\POS-PROJECT\ADMIN WEB\env_boutique\Lib\site-packages\rest_framework\viewsets.py", line 125, in view
    return self.dispatch(request, *args, **kwargs)
           ~~~~~~~~~~~~~^^^^^^^^^^^^^^^^^^^^^^^^^^
  File "C:\Users\donan\Desktop\POS-PROJECT\ADMIN WEB\env_boutique\Lib\site-packages\rest_framework\views.py", line 515, in dispatch
    response = self.handle_exception(exc)
  File "C:\Users\donan\Desktop\POS-PROJECT\ADMIN WEB\env_boutique\Lib\site-packages\rest_framework\views.py", line 475, in handle_exception
    self.raise_uncaught_exception(exc)
    ~~~~~~~~~~~~~~~~~~~~~~~~~~~~~^^^^^
  File "C:\Users\donan\Desktop\POS-PROJECT\ADMIN WEB\env_boutique\Lib\site-packages\rest_framework\views.py", line 486, in raise_uncaught_exception
    raise exc
  File "C:\Users\donan\Desktop\POS-PROJECT\ADMIN WEB\env_boutique\Lib\site-packages\rest_framework\views.py", line 503, in dispatch
    self.initial(request, *args, **kwargs)
    ~~~~~~~~~~~~^^^^^^^^^^^^^^^^^^^^^^^^^^
  File "C:\Users\donan\Desktop\POS-PROJECT\ADMIN WEB\env_boutique\Lib\site-packages\rest_framework\views.py", line 420, in initial
    self.perform_authentication(request)
    ~~~~~~~~~~~~~~~~~~~~~~~~~~~^^^^^^^^^
  File "C:\Users\donan\Desktop\POS-PROJECT\ADMIN WEB\env_boutique\Lib\site-packages\rest_framework\views.py", line 330, in perform_authentication
    request.user
  File "C:\Users\donan\Desktop\POS-PROJECT\ADMIN WEB\env_boutique\Lib\site-packages\rest_framework\request.py", line 232, in user
    self._authenticate()
    ~~~~~~~~~~~~~~~~~~^^
  File "C:\Users\donan\Desktop\POS-PROJECT\ADMIN WEB\env_boutique\Lib\site-packages\rest_framework\request.py", line 385, in _authenticate
    user_auth_tuple = authenticator.authenticate(self)
  File "C:\Users\donan\Desktop\POS-PROJECT\ADMIN WEB\env_boutique\Lib\site-packages\rest_framework_simplejwt\authentication.py", line 51, in authenticate
    return self.get_user(validated_token), validated_token
           ~~~~~~~~~~~~~^^^^^^^^^^^^^^^^^
  File "C:\Users\donan\Desktop\POS-PROJECT\ADMIN WEB\env_boutique\Lib\site-packages\rest_framework_simplejwt\authentication.py", line 132, in get_user
    user = self.user_model.objects.get(**{api_settings.USER_ID_FIELD: user_id})
  File "C:\Users\donan\Desktop\POS-PROJECT\ADMIN WEB\env_boutique\Lib\site-packages\django\db\models\manager.py", line 87, in manager_method
    return getattr(self.get_queryset(), name)(*args, **kwargs)
           ~~~~~~~~~~~~~~~~~~~~~~~~~~~~~~~~~~^^^^^^^^^^^^^^^^^
  File "C:\Users\donan\Desktop\POS-PROJECT\ADMIN WEB\env_boutique\Lib\site-packages\django\db\models\query.py", line 629, in get
    num = len(clone)
  File "C:\Users\donan\Desktop\POS-PROJECT\ADMIN WEB\env_boutique\Lib\site-packages\django\db\models\query.py", line 366, in __len__
    self._fetch_all()
    ~~~~~~~~~~~~~~~^^
  File "C:\Users\donan\Desktop\POS-PROJECT\ADMIN WEB\env_boutique\Lib\site-packages\django\db\models\query.py", line 1949, in _fetch_all
    self._result_cache = list(self._iterable_class(self))
                         ~~~~^^^^^^^^^^^^^^^^^^^^^^^^^^^^
  File "C:\Users\donan\Desktop\POS-PROJECT\ADMIN WEB\env_boutique\Lib\site-packages\django\db\models\query.py", line 91, in __iter__
    results = compiler.execute_sql(
        chunked_fetch=self.chunked_fetch, chunk_size=self.chunk_size
    )
  File "C:\Users\donan\Desktop\POS-PROJECT\ADMIN WEB\env_boutique\Lib\site-packages\django\db\models\sql\compiler.py", line 1621, in execute_sql
    cursor = self.connection.cursor()
  File "C:\Users\donan\Desktop\POS-PROJECT\ADMIN WEB\env_boutique\Lib\site-packages\django\utils\asyncio.py", line 26, in inner
    return func(*args, **kwargs)
  File "C:\Users\donan\Desktop\POS-PROJECT\ADMIN WEB\env_boutique\Lib\site-packages\django\db\backends\base\base.py", line 320, in cursor
    return self._cursor()
           ~~~~~~~~~~~~^^
  File "C:\Users\donan\Desktop\POS-PROJECT\ADMIN WEB\env_boutique\Lib\site-packages\django\db\backends\base\base.py", line 296, in _cursor
    self.ensure_connection()
    ~~~~~~~~~~~~~~~~~~~~~~^^
  File "C:\Users\donan\Desktop\POS-PROJECT\ADMIN WEB\env_boutique\Lib\site-packages\django\utils\asyncio.py", line 26, in inner
    return func(*args, **kwargs)
  File "C:\Users\donan\Desktop\POS-PROJECT\ADMIN WEB\env_boutique\Lib\site-packages\django\db\backends\base\base.py", line 278, in ensure_connection
    with self.wrap_database_errors:
         ^^^^^^^^^^^^^^^^^^^^^^^^^
  File "C:\Users\donan\Desktop\POS-PROJECT\ADMIN WEB\env_boutique\Lib\site-packages\django\db\utils.py", line 91, in __exit__
    raise dj_exc_value.with_traceback(traceback) from exc_value
  File "C:\Users\donan\Desktop\POS-PROJECT\ADMIN WEB\env_boutique\Lib\site-packages\django\db\backends\base\base.py", line 279, in ensure_connection
    self.connect()
    ~~~~~~~~~~~~^^
  File "C:\Users\donan\Desktop\POS-PROJECT\ADMIN WEB\env_boutique\Lib\site-packages\django\utils\asyncio.py", line 26, in inner
    return func(*args, **kwargs)
  File "C:\Users\donan\Desktop\POS-PROJECT\ADMIN WEB\env_boutique\Lib\site-packages\django\db\backends\base\base.py", line 256, in connect
    self.connection = self.get_new_connection(conn_params)
                      ~~~~~~~~~~~~~~~~~~~~~~~^^^^^^^^^^^^^
  File "C:\Users\donan\Desktop\POS-PROJECT\ADMIN WEB\env_boutique\Lib\site-packages\django\utils\asyncio.py", line 26, in inner
    return func(*args, **kwargs)
  File "C:\Users\donan\Desktop\POS-PROJECT\ADMIN WEB\env_boutique\Lib\site-packages\django\db\backends\postgresql\base.py", line 332, in get_new_connection
    connection = self.Database.connect(**conn_params)
  File "C:\Users\donan\Desktop\POS-PROJECT\ADMIN WEB\env_boutique\Lib\site-packages\psycopg2\__init__.py", line 135, in connect
    conn = _connect(dsn, connection_factory=connection_factory, **kwasync)
django.db.utils.OperationalError: could not translate host name "aws-1-eu-west-1.pooler.supabase.com" to address: Name or service not known

ERROR 2026-03-09 10:15:32,673 basehttp "GET /api/stores/ HTTP/1.1" 500 242175
ERROR 2026-03-09 10:15:32,784 log Internal Server Error: /api/stores/
Traceback (most recent call last):
  File "C:\Users\donan\Desktop\POS-PROJECT\ADMIN WEB\env_boutique\Lib\site-packages\django\db\backends\base\base.py", line 279, in ensure_connection
    self.connect()
    ~~~~~~~~~~~~^^
  File "C:\Users\donan\Desktop\POS-PROJECT\ADMIN WEB\env_boutique\Lib\site-packages\django\utils\asyncio.py", line 26, in inner
    return func(*args, **kwargs)
  File "C:\Users\donan\Desktop\POS-PROJECT\ADMIN WEB\env_boutique\Lib\site-packages\django\db\backends\base\base.py", line 256, in connect
    self.connection = self.get_new_connection(conn_params)
                      ~~~~~~~~~~~~~~~~~~~~~~~^^^^^^^^^^^^^
  File "C:\Users\donan\Desktop\POS-PROJECT\ADMIN WEB\env_boutique\Lib\site-packages\django\utils\asyncio.py", line 26, in inner
    return func(*args, **kwargs)
  File "C:\Users\donan\Desktop\POS-PROJECT\ADMIN WEB\env_boutique\Lib\site-packages\django\db\backends\postgresql\base.py", line 332, in get_new_connection
    connection = self.Database.connect(**conn_params)
  File "C:\Users\donan\Desktop\POS-PROJECT\ADMIN WEB\env_boutique\Lib\site-packages\psycopg2\__init__.py", line 135, in connect
    conn = _connect(dsn, connection_factory=connection_factory, **kwasync)
psycopg2.OperationalError: could not translate host name "aws-1-eu-west-1.pooler.supabase.com" to address: Name or service not known


The above exception was the direct cause of the following exception:

Traceback (most recent call last):
  File "C:\Users\donan\Desktop\POS-PROJECT\ADMIN WEB\env_boutique\Lib\site-packages\django\core\handlers\exception.py", line 55, in inner
    response = get_response(request)
  File "C:\Users\donan\Desktop\POS-PROJECT\ADMIN WEB\env_boutique\Lib\site-packages\django\core\handlers\base.py", line 197, in _get_response
    response = wrapped_callback(request, *callback_args, **callback_kwargs)
  File "C:\Users\donan\Desktop\POS-PROJECT\ADMIN WEB\env_boutique\Lib\site-packages\django\views\decorators\csrf.py", line 65, in _view_wrapper
    return view_func(request, *args, **kwargs)
  File "C:\Users\donan\Desktop\POS-PROJECT\ADMIN WEB\env_boutique\Lib\site-packages\rest_framework\viewsets.py", line 125, in view
    return self.dispatch(request, *args, **kwargs)
           ~~~~~~~~~~~~~^^^^^^^^^^^^^^^^^^^^^^^^^^
  File "C:\Users\donan\Desktop\POS-PROJECT\ADMIN WEB\env_boutique\Lib\site-packages\rest_framework\views.py", line 515, in dispatch
    response = self.handle_exception(exc)
  File "C:\Users\donan\Desktop\POS-PROJECT\ADMIN WEB\env_boutique\Lib\site-packages\rest_framework\views.py", line 475, in handle_exception
    self.raise_uncaught_exception(exc)
    ~~~~~~~~~~~~~~~~~~~~~~~~~~~~~^^^^^
  File "C:\Users\donan\Desktop\POS-PROJECT\ADMIN WEB\env_boutique\Lib\site-packages\rest_framework\views.py", line 486, in raise_uncaught_exception
    raise exc
  File "C:\Users\donan\Desktop\POS-PROJECT\ADMIN WEB\env_boutique\Lib\site-packages\rest_framework\views.py", line 503, in dispatch
    self.initial(request, *args, **kwargs)
    ~~~~~~~~~~~~^^^^^^^^^^^^^^^^^^^^^^^^^^
  File "C:\Users\donan\Desktop\POS-PROJECT\ADMIN WEB\env_boutique\Lib\site-packages\rest_framework\views.py", line 420, in initial
    self.perform_authentication(request)
    ~~~~~~~~~~~~~~~~~~~~~~~~~~~^^^^^^^^^
  File "C:\Users\donan\Desktop\POS-PROJECT\ADMIN WEB\env_boutique\Lib\site-packages\rest_framework\views.py", line 330, in perform_authentication
    request.user
  File "C:\Users\donan\Desktop\POS-PROJECT\ADMIN WEB\env_boutique\Lib\site-packages\rest_framework\request.py", line 232, in user
    self._authenticate()
    ~~~~~~~~~~~~~~~~~~^^
  File "C:\Users\donan\Desktop\POS-PROJECT\ADMIN WEB\env_boutique\Lib\site-packages\rest_framework\request.py", line 385, in _authenticate
    user_auth_tuple = authenticator.authenticate(self)
  File "C:\Users\donan\Desktop\POS-PROJECT\ADMIN WEB\env_boutique\Lib\site-packages\rest_framework_simplejwt\authentication.py", line 51, in authenticate
    return self.get_user(validated_token), validated_token
           ~~~~~~~~~~~~~^^^^^^^^^^^^^^^^^
  File "C:\Users\donan\Desktop\POS-PROJECT\ADMIN WEB\env_boutique\Lib\site-packages\rest_framework_simplejwt\authentication.py", line 132, in get_user
    user = self.user_model.objects.get(**{api_settings.USER_ID_FIELD: user_id})
  File "C:\Users\donan\Desktop\POS-PROJECT\ADMIN WEB\env_boutique\Lib\site-packages\django\db\models\manager.py", line 87, in manager_method
    return getattr(self.get_queryset(), name)(*args, **kwargs)
           ~~~~~~~~~~~~~~~~~~~~~~~~~~~~~~~~~~^^^^^^^^^^^^^^^^^
  File "C:\Users\donan\Desktop\POS-PROJECT\ADMIN WEB\env_boutique\Lib\site-packages\django\db\models\query.py", line 629, in get
    num = len(clone)
  File "C:\Users\donan\Desktop\POS-PROJECT\ADMIN WEB\env_boutique\Lib\site-packages\django\db\models\query.py", line 366, in __len__
    self._fetch_all()
    ~~~~~~~~~~~~~~~^^
  File "C:\Users\donan\Desktop\POS-PROJECT\ADMIN WEB\env_boutique\Lib\site-packages\django\db\models\query.py", line 1949, in _fetch_all
    self._result_cache = list(self._iterable_class(self))
                         ~~~~^^^^^^^^^^^^^^^^^^^^^^^^^^^^
  File "C:\Users\donan\Desktop\POS-PROJECT\ADMIN WEB\env_boutique\Lib\site-packages\django\db\models\query.py", line 91, in __iter__
    results = compiler.execute_sql(
        chunked_fetch=self.chunked_fetch, chunk_size=self.chunk_size
    )
  File "C:\Users\donan\Desktop\POS-PROJECT\ADMIN WEB\env_boutique\Lib\site-packages\django\db\models\sql\compiler.py", line 1621, in execute_sql
    cursor = self.connection.cursor()
  File "C:\Users\donan\Desktop\POS-PROJECT\ADMIN WEB\env_boutique\Lib\site-packages\django\utils\asyncio.py", line 26, in inner
    return func(*args, **kwargs)
  File "C:\Users\donan\Desktop\POS-PROJECT\ADMIN WEB\env_boutique\Lib\site-packages\django\db\backends\base\base.py", line 320, in cursor
    return self._cursor()
           ~~~~~~~~~~~~^^
  File "C:\Users\donan\Desktop\POS-PROJECT\ADMIN WEB\env_boutique\Lib\site-packages\django\db\backends\base\base.py", line 296, in _cursor
    self.ensure_connection()
    ~~~~~~~~~~~~~~~~~~~~~~^^
  File "C:\Users\donan\Desktop\POS-PROJECT\ADMIN WEB\env_boutique\Lib\site-packages\django\utils\asyncio.py", line 26, in inner
    return func(*args, **kwargs)
  File "C:\Users\donan\Desktop\POS-PROJECT\ADMIN WEB\env_boutique\Lib\site-packages\django\db\backends\base\base.py", line 278, in ensure_connection
    with self.wrap_database_errors:
         ^^^^^^^^^^^^^^^^^^^^^^^^^
  File "C:\Users\donan\Desktop\POS-PROJECT\ADMIN WEB\env_boutique\Lib\site-packages\django\db\utils.py", line 91, in __exit__
    raise dj_exc_value.with_traceback(traceback) from exc_value
  File "C:\Users\donan\Desktop\POS-PROJECT\ADMIN WEB\env_boutique\Lib\site-packages\django\db\backends\base\base.py", line 279, in ensure_connection
    self.connect()
    ~~~~~~~~~~~~^^
  File "C:\Users\donan\Desktop\POS-PROJECT\ADMIN WEB\env_boutique\Lib\site-packages\django\utils\asyncio.py", line 26, in inner
    return func(*args, **kwargs)
  File "C:\Users\donan\Desktop\POS-PROJECT\ADMIN WEB\env_boutique\Lib\site-packages\django\db\backends\base\base.py", line 256, in connect
    self.connection = self.get_new_connection(conn_params)
                      ~~~~~~~~~~~~~~~~~~~~~~~^^^^^^^^^^^^^
  File "C:\Users\donan\Desktop\POS-PROJECT\ADMIN WEB\env_boutique\Lib\site-packages\django\utils\asyncio.py", line 26, in inner
    return func(*args, **kwargs)
  File "C:\Users\donan\Desktop\POS-PROJECT\ADMIN WEB\env_boutique\Lib\site-packages\django\db\backends\postgresql\base.py", line 332, in get_new_connection
    connection = self.Database.connect(**conn_params)
  File "C:\Users\donan\Desktop\POS-PROJECT\ADMIN WEB\env_boutique\Lib\site-packages\psycopg2\__init__.py", line 135, in connect
    conn = _connect(dsn, connection_factory=connection_factory, **kwasync)
django.db.utils.OperationalError: could not translate host name "aws-1-eu-west-1.pooler.supabase.com" to address: Name or service not known

ERROR 2026-03-09 10:15:32,810 log Internal Server Error: /api/orders/
Traceback (most recent call last):
  File "C:\Users\donan\Desktop\POS-PROJECT\ADMIN WEB\env_boutique\Lib\site-packages\django\db\backends\base\base.py", line 279, in ensure_connection
    self.connect()
    ~~~~~~~~~~~~^^
  File "C:\Users\donan\Desktop\POS-PROJECT\ADMIN WEB\env_boutique\Lib\site-packages\django\utils\asyncio.py", line 26, in inner
    return func(*args, **kwargs)
  File "C:\Users\donan\Desktop\POS-PROJECT\ADMIN WEB\env_boutique\Lib\site-packages\django\db\backends\base\base.py", line 256, in connect
    self.connection = self.get_new_connection(conn_params)
                      ~~~~~~~~~~~~~~~~~~~~~~~^^^^^^^^^^^^^
  File "C:\Users\donan\Desktop\POS-PROJECT\ADMIN WEB\env_boutique\Lib\site-packages\django\utils\asyncio.py", line 26, in inner
    return func(*args, **kwargs)
  File "C:\Users\donan\Desktop\POS-PROJECT\ADMIN WEB\env_boutique\Lib\site-packages\django\db\backends\postgresql\base.py", line 332, in get_new_connection
    connection = self.Database.connect(**conn_params)
  File "C:\Users\donan\Desktop\POS-PROJECT\ADMIN WEB\env_boutique\Lib\site-packages\psycopg2\__init__.py", line 135, in connect
    conn = _connect(dsn, connection_factory=connection_factory, **kwasync)
psycopg2.OperationalError: could not translate host name "aws-1-eu-west-1.pooler.supabase.com" to address: Name or service not known


The above exception was the direct cause of the following exception:

Traceback (most recent call last):
  File "C:\Users\donan\Desktop\POS-PROJECT\ADMIN WEB\env_boutique\Lib\site-packages\django\core\handlers\exception.py", line 55, in inner
    response = get_response(request)
  File "C:\Users\donan\Desktop\POS-PROJECT\ADMIN WEB\env_boutique\Lib\site-packages\django\core\handlers\base.py", line 197, in _get_response
    response = wrapped_callback(request, *callback_args, **callback_kwargs)
  File "C:\Users\donan\Desktop\POS-PROJECT\ADMIN WEB\env_boutique\Lib\site-packages\django\views\decorators\csrf.py", line 65, in _view_wrapper
    return view_func(request, *args, **kwargs)
  File "C:\Users\donan\Desktop\POS-PROJECT\ADMIN WEB\env_boutique\Lib\site-packages\rest_framework\viewsets.py", line 125, in view
    return self.dispatch(request, *args, **kwargs)
           ~~~~~~~~~~~~~^^^^^^^^^^^^^^^^^^^^^^^^^^
  File "C:\Users\donan\Desktop\POS-PROJECT\ADMIN WEB\env_boutique\Lib\site-packages\rest_framework\views.py", line 515, in dispatch
    response = self.handle_exception(exc)
  File "C:\Users\donan\Desktop\POS-PROJECT\ADMIN WEB\env_boutique\Lib\site-packages\rest_framework\views.py", line 475, in handle_exception
    self.raise_uncaught_exception(exc)
    ~~~~~~~~~~~~~~~~~~~~~~~~~~~~~^^^^^
  File "C:\Users\donan\Desktop\POS-PROJECT\ADMIN WEB\env_boutique\Lib\site-packages\rest_framework\views.py", line 486, in raise_uncaught_exception
    raise exc
  File "C:\Users\donan\Desktop\POS-PROJECT\ADMIN WEB\env_boutique\Lib\site-packages\rest_framework\views.py", line 503, in dispatch
    self.initial(request, *args, **kwargs)
    ~~~~~~~~~~~~^^^^^^^^^^^^^^^^^^^^^^^^^^
  File "C:\Users\donan\Desktop\POS-PROJECT\ADMIN WEB\env_boutique\Lib\site-packages\rest_framework\views.py", line 420, in initial
    self.perform_authentication(request)
    ~~~~~~~~~~~~~~~~~~~~~~~~~~~^^^^^^^^^
  File "C:\Users\donan\Desktop\POS-PROJECT\ADMIN WEB\env_boutique\Lib\site-packages\rest_framework\views.py", line 330, in perform_authentication
    request.user
  File "C:\Users\donan\Desktop\POS-PROJECT\ADMIN WEB\env_boutique\Lib\site-packages\rest_framework\request.py", line 232, in user
    self._authenticate()
    ~~~~~~~~~~~~~~~~~~^^
  File "C:\Users\donan\Desktop\POS-PROJECT\ADMIN WEB\env_boutique\Lib\site-packages\rest_framework\request.py", line 385, in _authenticate
    user_auth_tuple = authenticator.authenticate(self)
  File "C:\Users\donan\Desktop\POS-PROJECT\ADMIN WEB\env_boutique\Lib\site-packages\rest_framework_simplejwt\authentication.py", line 51, in authenticate
    return self.get_user(validated_token), validated_token
           ~~~~~~~~~~~~~^^^^^^^^^^^^^^^^^
  File "C:\Users\donan\Desktop\POS-PROJECT\ADMIN WEB\env_boutique\Lib\site-packages\rest_framework_simplejwt\authentication.py", line 132, in get_user
    user = self.user_model.objects.get(**{api_settings.USER_ID_FIELD: user_id})
  File "C:\Users\donan\Desktop\POS-PROJECT\ADMIN WEB\env_boutique\Lib\site-packages\django\db\models\manager.py", line 87, in manager_method
    return getattr(self.get_queryset(), name)(*args, **kwargs)
           ~~~~~~~~~~~~~~~~~~~~~~~~~~~~~~~~~~^^^^^^^^^^^^^^^^^
  File "C:\Users\donan\Desktop\POS-PROJECT\ADMIN WEB\env_boutique\Lib\site-packages\django\db\models\query.py", line 629, in get
    num = len(clone)
  File "C:\Users\donan\Desktop\POS-PROJECT\ADMIN WEB\env_boutique\Lib\site-packages\django\db\models\query.py", line 366, in __len__
    self._fetch_all()
    ~~~~~~~~~~~~~~~^^
  File "C:\Users\donan\Desktop\POS-PROJECT\ADMIN WEB\env_boutique\Lib\site-packages\django\db\models\query.py", line 1949, in _fetch_all
    self._result_cache = list(self._iterable_class(self))
                         ~~~~^^^^^^^^^^^^^^^^^^^^^^^^^^^^
  File "C:\Users\donan\Desktop\POS-PROJECT\ADMIN WEB\env_boutique\Lib\site-packages\django\db\models\query.py", line 91, in __iter__
    results = compiler.execute_sql(
        chunked_fetch=self.chunked_fetch, chunk_size=self.chunk_size
    )
  File "C:\Users\donan\Desktop\POS-PROJECT\ADMIN WEB\env_boutique\Lib\site-packages\django\db\models\sql\compiler.py", line 1621, in execute_sql
    cursor = self.connection.cursor()
  File "C:\Users\donan\Desktop\POS-PROJECT\ADMIN WEB\env_boutique\Lib\site-packages\django\utils\asyncio.py", line 26, in inner
    return func(*args, **kwargs)
  File "C:\Users\donan\Desktop\POS-PROJECT\ADMIN WEB\env_boutique\Lib\site-packages\django\db\backends\base\base.py", line 320, in cursor
    return self._cursor()
           ~~~~~~~~~~~~^^
  File "C:\Users\donan\Desktop\POS-PROJECT\ADMIN WEB\env_boutique\Lib\site-packages\django\db\backends\base\base.py", line 296, in _cursor
    self.ensure_connection()
    ~~~~~~~~~~~~~~~~~~~~~~^^
  File "C:\Users\donan\Desktop\POS-PROJECT\ADMIN WEB\env_boutique\Lib\site-packages\django\utils\asyncio.py", line 26, in inner
    return func(*args, **kwargs)
  File "C:\Users\donan\Desktop\POS-PROJECT\ADMIN WEB\env_boutique\Lib\site-packages\django\db\backends\base\base.py", line 278, in ensure_connection
    with self.wrap_database_errors:
         ^^^^^^^^^^^^^^^^^^^^^^^^^
  File "C:\Users\donan\Desktop\POS-PROJECT\ADMIN WEB\env_boutique\Lib\site-packages\django\db\utils.py", line 91, in __exit__
    raise dj_exc_value.with_traceback(traceback) from exc_value
  File "C:\Users\donan\Desktop\POS-PROJECT\ADMIN WEB\env_boutique\Lib\site-packages\django\db\backends\base\base.py", line 279, in ensure_connection
    self.connect()
    ~~~~~~~~~~~~^^
  File "C:\Users\donan\Desktop\POS-PROJECT\ADMIN WEB\env_boutique\Lib\site-packages\django\utils\asyncio.py", line 26, in inner
    return func(*args, **kwargs)
  File "C:\Users\donan\Desktop\POS-PROJECT\ADMIN WEB\env_boutique\Lib\site-packages\django\db\backends\base\base.py", line 256, in connect
    self.connection = self.get_new_connection(conn_params)
                      ~~~~~~~~~~~~~~~~~~~~~~~^^^^^^^^^^^^^
  File "C:\Users\donan\Desktop\POS-PROJECT\ADMIN WEB\env_boutique\Lib\site-packages\django\utils\asyncio.py", line 26, in inner
    return func(*args, **kwargs)
  File "C:\Users\donan\Desktop\POS-PROJECT\ADMIN WEB\env_boutique\Lib\site-packages\django\db\backends\postgresql\base.py", line 332, in get_new_connection
    connection = self.Database.connect(**conn_params)
  File "C:\Users\donan\Desktop\POS-PROJECT\ADMIN WEB\env_boutique\Lib\site-packages\psycopg2\__init__.py", line 135, in connect
    conn = _connect(dsn, connection_factory=connection_factory, **kwasync)
django.db.utils.OperationalError: could not translate host name "aws-1-eu-west-1.pooler.supabase.com" to address: Name or service not known

ERROR 2026-03-09 10:15:32,872 log Internal Server Error: /api/sales/
Traceback (most recent call last):
  File "C:\Users\donan\Desktop\POS-PROJECT\ADMIN WEB\env_boutique\Lib\site-packages\django\db\backends\base\base.py", line 279, in ensure_connection
    self.connect()
    ~~~~~~~~~~~~^^
  File "C:\Users\donan\Desktop\POS-PROJECT\ADMIN WEB\env_boutique\Lib\site-packages\django\utils\asyncio.py", line 26, in inner
    return func(*args, **kwargs)
  File "C:\Users\donan\Desktop\POS-PROJECT\ADMIN WEB\env_boutique\Lib\site-packages\django\db\backends\base\base.py", line 256, in connect
    self.connection = self.get_new_connection(conn_params)
                      ~~~~~~~~~~~~~~~~~~~~~~~^^^^^^^^^^^^^
  File "C:\Users\donan\Desktop\POS-PROJECT\ADMIN WEB\env_boutique\Lib\site-packages\django\utils\asyncio.py", line 26, in inner
    return func(*args, **kwargs)
  File "C:\Users\donan\Desktop\POS-PROJECT\ADMIN WEB\env_boutique\Lib\site-packages\django\db\backends\postgresql\base.py", line 332, in get_new_connection
    connection = self.Database.connect(**conn_params)
  File "C:\Users\donan\Desktop\POS-PROJECT\ADMIN WEB\env_boutique\Lib\site-packages\psycopg2\__init__.py", line 135, in connect
    conn = _connect(dsn, connection_factory=connection_factory, **kwasync)
psycopg2.OperationalError: could not translate host name "aws-1-eu-west-1.pooler.supabase.com" to address: Name or service not known


The above exception was the direct cause of the following exception:

Traceback (most recent call last):
  File "C:\Users\donan\Desktop\POS-PROJECT\ADMIN WEB\env_boutique\Lib\site-packages\django\core\handlers\exception.py", line 55, in inner
    response = get_response(request)
  File "C:\Users\donan\Desktop\POS-PROJECT\ADMIN WEB\env_boutique\Lib\site-packages\django\core\handlers\base.py", line 197, in _get_response
    response = wrapped_callback(request, *callback_args, **callback_kwargs)
  File "C:\Users\donan\Desktop\POS-PROJECT\ADMIN WEB\env_boutique\Lib\site-packages\django\views\decorators\csrf.py", line 65, in _view_wrapper
    return view_func(request, *args, **kwargs)
  File "C:\Users\donan\Desktop\POS-PROJECT\ADMIN WEB\env_boutique\Lib\site-packages\rest_framework\viewsets.py", line 125, in view
    return self.dispatch(request, *args, **kwargs)
           ~~~~~~~~~~~~~^^^^^^^^^^^^^^^^^^^^^^^^^^
  File "C:\Users\donan\Desktop\POS-PROJECT\ADMIN WEB\env_boutique\Lib\site-packages\rest_framework\views.py", line 515, in dispatch
    response = self.handle_exception(exc)
  File "C:\Users\donan\Desktop\POS-PROJECT\ADMIN WEB\env_boutique\Lib\site-packages\rest_framework\views.py", line 475, in handle_exception
    self.raise_uncaught_exception(exc)
    ~~~~~~~~~~~~~~~~~~~~~~~~~~~~~^^^^^
  File "C:\Users\donan\Desktop\POS-PROJECT\ADMIN WEB\env_boutique\Lib\site-packages\rest_framework\views.py", line 486, in raise_uncaught_exception
    raise exc
  File "C:\Users\donan\Desktop\POS-PROJECT\ADMIN WEB\env_boutique\Lib\site-packages\rest_framework\views.py", line 503, in dispatch
    self.initial(request, *args, **kwargs)
    ~~~~~~~~~~~~^^^^^^^^^^^^^^^^^^^^^^^^^^
  File "C:\Users\donan\Desktop\POS-PROJECT\ADMIN WEB\env_boutique\Lib\site-packages\rest_framework\views.py", line 420, in initial
    self.perform_authentication(request)
    ~~~~~~~~~~~~~~~~~~~~~~~~~~~^^^^^^^^^
  File "C:\Users\donan\Desktop\POS-PROJECT\ADMIN WEB\env_boutique\Lib\site-packages\rest_framework\views.py", line 330, in perform_authentication
    request.user
  File "C:\Users\donan\Desktop\POS-PROJECT\ADMIN WEB\env_boutique\Lib\site-packages\rest_framework\request.py", line 232, in user
    self._authenticate()
    ~~~~~~~~~~~~~~~~~~^^
  File "C:\Users\donan\Desktop\POS-PROJECT\ADMIN WEB\env_boutique\Lib\site-packages\rest_framework\request.py", line 385, in _authenticate
    user_auth_tuple = authenticator.authenticate(self)
  File "C:\Users\donan\Desktop\POS-PROJECT\ADMIN WEB\env_boutique\Lib\site-packages\rest_framework_simplejwt\authentication.py", line 51, in authenticate
    return self.get_user(validated_token), validated_token
           ~~~~~~~~~~~~~^^^^^^^^^^^^^^^^^
  File "C:\Users\donan\Desktop\POS-PROJECT\ADMIN WEB\env_boutique\Lib\site-packages\rest_framework_simplejwt\authentication.py", line 132, in get_user
    user = self.user_model.objects.get(**{api_settings.USER_ID_FIELD: user_id})
  File "C:\Users\donan\Desktop\POS-PROJECT\ADMIN WEB\env_boutique\Lib\site-packages\django\db\models\manager.py", line 87, in manager_method
    return getattr(self.get_queryset(), name)(*args, **kwargs)
           ~~~~~~~~~~~~~~~~~~~~~~~~~~~~~~~~~~^^^^^^^^^^^^^^^^^
  File "C:\Users\donan\Desktop\POS-PROJECT\ADMIN WEB\env_boutique\Lib\site-packages\django\db\models\query.py", line 629, in get
    num = len(clone)
  File "C:\Users\donan\Desktop\POS-PROJECT\ADMIN WEB\env_boutique\Lib\site-packages\django\db\models\query.py", line 366, in __len__
    self._fetch_all()
    ~~~~~~~~~~~~~~~^^
  File "C:\Users\donan\Desktop\POS-PROJECT\ADMIN WEB\env_boutique\Lib\site-packages\django\db\models\query.py", line 1949, in _fetch_all
    self._result_cache = list(self._iterable_class(self))
                         ~~~~^^^^^^^^^^^^^^^^^^^^^^^^^^^^
  File "C:\Users\donan\Desktop\POS-PROJECT\ADMIN WEB\env_boutique\Lib\site-packages\django\db\models\query.py", line 91, in __iter__
    results = compiler.execute_sql(
        chunked_fetch=self.chunked_fetch, chunk_size=self.chunk_size
    )
  File "C:\Users\donan\Desktop\POS-PROJECT\ADMIN WEB\env_boutique\Lib\site-packages\django\db\models\sql\compiler.py", line 1621, in execute_sql
    cursor = self.connection.cursor()
  File "C:\Users\donan\Desktop\POS-PROJECT\ADMIN WEB\env_boutique\Lib\site-packages\django\utils\asyncio.py", line 26, in inner
    return func(*args, **kwargs)
  File "C:\Users\donan\Desktop\POS-PROJECT\ADMIN WEB\env_boutique\Lib\site-packages\django\db\backends\base\base.py", line 320, in cursor
    return self._cursor()
           ~~~~~~~~~~~~^^
  File "C:\Users\donan\Desktop\POS-PROJECT\ADMIN WEB\env_boutique\Lib\site-packages\django\db\backends\base\base.py", line 296, in _cursor
    self.ensure_connection()
    ~~~~~~~~~~~~~~~~~~~~~~^^
  File "C:\Users\donan\Desktop\POS-PROJECT\ADMIN WEB\env_boutique\Lib\site-packages\django\utils\asyncio.py", line 26, in inner
    return func(*args, **kwargs)
  File "C:\Users\donan\Desktop\POS-PROJECT\ADMIN WEB\env_boutique\Lib\site-packages\django\db\backends\base\base.py", line 278, in ensure_connection
    with self.wrap_database_errors:
         ^^^^^^^^^^^^^^^^^^^^^^^^^
  File "C:\Users\donan\Desktop\POS-PROJECT\ADMIN WEB\env_boutique\Lib\site-packages\django\db\utils.py", line 91, in __exit__
    raise dj_exc_value.with_traceback(traceback) from exc_value
  File "C:\Users\donan\Desktop\POS-PROJECT\ADMIN WEB\env_boutique\Lib\site-packages\django\db\backends\base\base.py", line 279, in ensure_connection
    self.connect()
    ~~~~~~~~~~~~^^
  File "C:\Users\donan\Desktop\POS-PROJECT\ADMIN WEB\env_boutique\Lib\site-packages\django\utils\asyncio.py", line 26, in inner
    return func(*args, **kwargs)
  File "C:\Users\donan\Desktop\POS-PROJECT\ADMIN WEB\env_boutique\Lib\site-packages\django\db\backends\base\base.py", line 256, in connect
    self.connection = self.get_new_connection(conn_params)
                      ~~~~~~~~~~~~~~~~~~~~~~~^^^^^^^^^^^^^
  File "C:\Users\donan\Desktop\POS-PROJECT\ADMIN WEB\env_boutique\Lib\site-packages\django\utils\asyncio.py", line 26, in inner
    return func(*args, **kwargs)
  File "C:\Users\donan\Desktop\POS-PROJECT\ADMIN WEB\env_boutique\Lib\site-packages\django\db\backends\postgresql\base.py", line 332, in get_new_connection
    connection = self.Database.connect(**conn_params)
  File "C:\Users\donan\Desktop\POS-PROJECT\ADMIN WEB\env_boutique\Lib\site-packages\psycopg2\__init__.py", line 135, in connect
    conn = _connect(dsn, connection_factory=connection_factory, **kwasync)
django.db.utils.OperationalError: could not translate host name "aws-1-eu-west-1.pooler.supabase.com" to address: Name or service not known

ERROR 2026-03-09 10:15:32,908 log Internal Server Error: /api/employees/
Traceback (most recent call last):
  File "C:\Users\donan\Desktop\POS-PROJECT\ADMIN WEB\env_boutique\Lib\site-packages\django\db\backends\base\base.py", line 279, in ensure_connection
    self.connect()
    ~~~~~~~~~~~~^^
  File "C:\Users\donan\Desktop\POS-PROJECT\ADMIN WEB\env_boutique\Lib\site-packages\django\utils\asyncio.py", line 26, in inner
    return func(*args, **kwargs)
  File "C:\Users\donan\Desktop\POS-PROJECT\ADMIN WEB\env_boutique\Lib\site-packages\django\db\backends\base\base.py", line 256, in connect
    self.connection = self.get_new_connection(conn_params)
                      ~~~~~~~~~~~~~~~~~~~~~~~^^^^^^^^^^^^^
  File "C:\Users\donan\Desktop\POS-PROJECT\ADMIN WEB\env_boutique\Lib\site-packages\django\utils\asyncio.py", line 26, in inner
    return func(*args, **kwargs)
  File "C:\Users\donan\Desktop\POS-PROJECT\ADMIN WEB\env_boutique\Lib\site-packages\django\db\backends\postgresql\base.py", line 332, in get_new_connection
    connection = self.Database.connect(**conn_params)
  File "C:\Users\donan\Desktop\POS-PROJECT\ADMIN WEB\env_boutique\Lib\site-packages\psycopg2\__init__.py", line 135, in connect
    conn = _connect(dsn, connection_factory=connection_factory, **kwasync)
psycopg2.OperationalError: could not translate host name "aws-1-eu-west-1.pooler.supabase.com" to address: Name or service not known


The above exception was the direct cause of the following exception:

Traceback (most recent call last):
  File "C:\Users\donan\Desktop\POS-PROJECT\ADMIN WEB\env_boutique\Lib\site-packages\django\core\handlers\exception.py", line 55, in inner
    response = get_response(request)
  File "C:\Users\donan\Desktop\POS-PROJECT\ADMIN WEB\env_boutique\Lib\site-packages\django\core\handlers\base.py", line 197, in _get_response
    response = wrapped_callback(request, *callback_args, **callback_kwargs)
  File "C:\Users\donan\Desktop\POS-PROJECT\ADMIN WEB\env_boutique\Lib\site-packages\django\views\decorators\csrf.py", line 65, in _view_wrapper
    return view_func(request, *args, **kwargs)
  File "C:\Users\donan\Desktop\POS-PROJECT\ADMIN WEB\env_boutique\Lib\site-packages\rest_framework\viewsets.py", line 125, in view
    return self.dispatch(request, *args, **kwargs)
           ~~~~~~~~~~~~~^^^^^^^^^^^^^^^^^^^^^^^^^^
  File "C:\Users\donan\Desktop\POS-PROJECT\ADMIN WEB\env_boutique\Lib\site-packages\rest_framework\views.py", line 515, in dispatch
    response = self.handle_exception(exc)
  File "C:\Users\donan\Desktop\POS-PROJECT\ADMIN WEB\env_boutique\Lib\site-packages\rest_framework\views.py", line 475, in handle_exception
    self.raise_uncaught_exception(exc)
    ~~~~~~~~~~~~~~~~~~~~~~~~~~~~~^^^^^
  File "C:\Users\donan\Desktop\POS-PROJECT\ADMIN WEB\env_boutique\Lib\site-packages\rest_framework\views.py", line 486, in raise_uncaught_exception
    raise exc
  File "C:\Users\donan\Desktop\POS-PROJECT\ADMIN WEB\env_boutique\Lib\site-packages\rest_framework\views.py", line 503, in dispatch
    self.initial(request, *args, **kwargs)
    ~~~~~~~~~~~~^^^^^^^^^^^^^^^^^^^^^^^^^^
  File "C:\Users\donan\Desktop\POS-PROJECT\ADMIN WEB\env_boutique\Lib\site-packages\rest_framework\views.py", line 420, in initial
    self.perform_authentication(request)
    ~~~~~~~~~~~~~~~~~~~~~~~~~~~^^^^^^^^^
  File "C:\Users\donan\Desktop\POS-PROJECT\ADMIN WEB\env_boutique\Lib\site-packages\rest_framework\views.py", line 330, in perform_authentication
    request.user
  File "C:\Users\donan\Desktop\POS-PROJECT\ADMIN WEB\env_boutique\Lib\site-packages\rest_framework\request.py", line 232, in user
    self._authenticate()
    ~~~~~~~~~~~~~~~~~~^^
  File "C:\Users\donan\Desktop\POS-PROJECT\ADMIN WEB\env_boutique\Lib\site-packages\rest_framework\request.py", line 385, in _authenticate
    user_auth_tuple = authenticator.authenticate(self)
  File "C:\Users\donan\Desktop\POS-PROJECT\ADMIN WEB\env_boutique\Lib\site-packages\rest_framework_simplejwt\authentication.py", line 51, in authenticate
    return self.get_user(validated_token), validated_token
           ~~~~~~~~~~~~~^^^^^^^^^^^^^^^^^
  File "C:\Users\donan\Desktop\POS-PROJECT\ADMIN WEB\env_boutique\Lib\site-packages\rest_framework_simplejwt\authentication.py", line 132, in get_user
    user = self.user_model.objects.get(**{api_settings.USER_ID_FIELD: user_id})
  File "C:\Users\donan\Desktop\POS-PROJECT\ADMIN WEB\env_boutique\Lib\site-packages\django\db\models\manager.py", line 87, in manager_method
    return getattr(self.get_queryset(), name)(*args, **kwargs)
           ~~~~~~~~~~~~~~~~~~~~~~~~~~~~~~~~~~^^^^^^^^^^^^^^^^^
  File "C:\Users\donan\Desktop\POS-PROJECT\ADMIN WEB\env_boutique\Lib\site-packages\django\db\models\query.py", line 629, in get
    num = len(clone)
  File "C:\Users\donan\Desktop\POS-PROJECT\ADMIN WEB\env_boutique\Lib\site-packages\django\db\models\query.py", line 366, in __len__
    self._fetch_all()
    ~~~~~~~~~~~~~~~^^
  File "C:\Users\donan\Desktop\POS-PROJECT\ADMIN WEB\env_boutique\Lib\site-packages\django\db\models\query.py", line 1949, in _fetch_all
    self._result_cache = list(self._iterable_class(self))
                         ~~~~^^^^^^^^^^^^^^^^^^^^^^^^^^^^
  File "C:\Users\donan\Desktop\POS-PROJECT\ADMIN WEB\env_boutique\Lib\site-packages\django\db\models\query.py", line 91, in __iter__
    results = compiler.execute_sql(
        chunked_fetch=self.chunked_fetch, chunk_size=self.chunk_size
    )
  File "C:\Users\donan\Desktop\POS-PROJECT\ADMIN WEB\env_boutique\Lib\site-packages\django\db\models\sql\compiler.py", line 1621, in execute_sql
    cursor = self.connection.cursor()
  File "C:\Users\donan\Desktop\POS-PROJECT\ADMIN WEB\env_boutique\Lib\site-packages\django\utils\asyncio.py", line 26, in inner
    return func(*args, **kwargs)
  File "C:\Users\donan\Desktop\POS-PROJECT\ADMIN WEB\env_boutique\Lib\site-packages\django\db\backends\base\base.py", line 320, in cursor
    return self._cursor()
           ~~~~~~~~~~~~^^
  File "C:\Users\donan\Desktop\POS-PROJECT\ADMIN WEB\env_boutique\Lib\site-packages\django\db\backends\base\base.py", line 296, in _cursor
    self.ensure_connection()
    ~~~~~~~~~~~~~~~~~~~~~~^^
  File "C:\Users\donan\Desktop\POS-PROJECT\ADMIN WEB\env_boutique\Lib\site-packages\django\utils\asyncio.py", line 26, in inner
    return func(*args, **kwargs)
  File "C:\Users\donan\Desktop\POS-PROJECT\ADMIN WEB\env_boutique\Lib\site-packages\django\db\backends\base\base.py", line 278, in ensure_connection
    with self.wrap_database_errors:
         ^^^^^^^^^^^^^^^^^^^^^^^^^
  File "C:\Users\donan\Desktop\POS-PROJECT\ADMIN WEB\env_boutique\Lib\site-packages\django\db\utils.py", line 91, in __exit__
    raise dj_exc_value.with_traceback(traceback) from exc_value
  File "C:\Users\donan\Desktop\POS-PROJECT\ADMIN WEB\env_boutique\Lib\site-packages\django\db\backends\base\base.py", line 279, in ensure_connection
    self.connect()
    ~~~~~~~~~~~~^^
  File "C:\Users\donan\Desktop\POS-PROJECT\ADMIN WEB\env_boutique\Lib\site-packages\django\utils\asyncio.py", line 26, in inner
    return func(*args, **kwargs)
  File "C:\Users\donan\Desktop\POS-PROJECT\ADMIN WEB\env_boutique\Lib\site-packages\django\db\backends\base\base.py", line 256, in connect
    self.connection = self.get_new_connection(conn_params)
                      ~~~~~~~~~~~~~~~~~~~~~~~^^^^^^^^^^^^^
  File "C:\Users\donan\Desktop\POS-PROJECT\ADMIN WEB\env_boutique\Lib\site-packages\django\utils\asyncio.py", line 26, in inner
    return func(*args, **kwargs)
  File "C:\Users\donan\Desktop\POS-PROJECT\ADMIN WEB\env_boutique\Lib\site-packages\django\db\backends\postgresql\base.py", line 332, in get_new_connection
    connection = self.Database.connect(**conn_params)
  File "C:\Users\donan\Desktop\POS-PROJECT\ADMIN WEB\env_boutique\Lib\site-packages\psycopg2\__init__.py", line 135, in connect
    conn = _connect(dsn, connection_factory=connection_factory, **kwasync)
django.db.utils.OperationalError: could not translate host name "aws-1-eu-west-1.pooler.supabase.com" to address: Name or service not known

ERROR 2026-03-09 10:15:32,920 log Internal Server Error: /api/products/
Traceback (most recent call last):
  File "C:\Users\donan\Desktop\POS-PROJECT\ADMIN WEB\env_boutique\Lib\site-packages\django\db\backends\base\base.py", line 279, in ensure_connection
    self.connect()
    ~~~~~~~~~~~~^^
  File "C:\Users\donan\Desktop\POS-PROJECT\ADMIN WEB\env_boutique\Lib\site-packages\django\utils\asyncio.py", line 26, in inner
    return func(*args, **kwargs)
  File "C:\Users\donan\Desktop\POS-PROJECT\ADMIN WEB\env_boutique\Lib\site-packages\django\db\backends\base\base.py", line 256, in connect
    self.connection = self.get_new_connection(conn_params)
                      ~~~~~~~~~~~~~~~~~~~~~~~^^^^^^^^^^^^^
  File "C:\Users\donan\Desktop\POS-PROJECT\ADMIN WEB\env_boutique\Lib\site-packages\django\utils\asyncio.py", line 26, in inner
    return func(*args, **kwargs)
  File "C:\Users\donan\Desktop\POS-PROJECT\ADMIN WEB\env_boutique\Lib\site-packages\django\db\backends\postgresql\base.py", line 332, in get_new_connection
    connection = self.Database.connect(**conn_params)
  File "C:\Users\donan\Desktop\POS-PROJECT\ADMIN WEB\env_boutique\Lib\site-packages\psycopg2\__init__.py", line 135, in connect
    conn = _connect(dsn, connection_factory=connection_factory, **kwasync)
psycopg2.OperationalError: could not translate host name "aws-1-eu-west-1.pooler.supabase.com" to address: Name or service not known


The above exception was the direct cause of the following exception:

Traceback (most recent call last):
  File "C:\Users\donan\Desktop\POS-PROJECT\ADMIN WEB\env_boutique\Lib\site-packages\django\core\handlers\exception.py", line 55, in inner
    response = get_response(request)
  File "C:\Users\donan\Desktop\POS-PROJECT\ADMIN WEB\env_boutique\Lib\site-packages\django\core\handlers\base.py", line 197, in _get_response
    response = wrapped_callback(request, *callback_args, **callback_kwargs)
  File "C:\Users\donan\Desktop\POS-PROJECT\ADMIN WEB\env_boutique\Lib\site-packages\django\views\decorators\csrf.py", line 65, in _view_wrapper
    return view_func(request, *args, **kwargs)
  File "C:\Users\donan\Desktop\POS-PROJECT\ADMIN WEB\env_boutique\Lib\site-packages\rest_framework\viewsets.py", line 125, in view
    return self.dispatch(request, *args, **kwargs)
           ~~~~~~~~~~~~~^^^^^^^^^^^^^^^^^^^^^^^^^^
  File "C:\Users\donan\Desktop\POS-PROJECT\ADMIN WEB\env_boutique\Lib\site-packages\rest_framework\views.py", line 515, in dispatch
    response = self.handle_exception(exc)
  File "C:\Users\donan\Desktop\POS-PROJECT\ADMIN WEB\env_boutique\Lib\site-packages\rest_framework\views.py", line 475, in handle_exception
    self.raise_uncaught_exception(exc)
    ~~~~~~~~~~~~~~~~~~~~~~~~~~~~~^^^^^
  File "C:\Users\donan\Desktop\POS-PROJECT\ADMIN WEB\env_boutique\Lib\site-packages\rest_framework\views.py", line 486, in raise_uncaught_exception
    raise exc
  File "C:\Users\donan\Desktop\POS-PROJECT\ADMIN WEB\env_boutique\Lib\site-packages\rest_framework\views.py", line 503, in dispatch
    self.initial(request, *args, **kwargs)
    ~~~~~~~~~~~~^^^^^^^^^^^^^^^^^^^^^^^^^^
  File "C:\Users\donan\Desktop\POS-PROJECT\ADMIN WEB\env_boutique\Lib\site-packages\rest_framework\views.py", line 420, in initial
    self.perform_authentication(request)
    ~~~~~~~~~~~~~~~~~~~~~~~~~~~^^^^^^^^^
  File "C:\Users\donan\Desktop\POS-PROJECT\ADMIN WEB\env_boutique\Lib\site-packages\rest_framework\views.py", line 330, in perform_authentication
    request.user
  File "C:\Users\donan\Desktop\POS-PROJECT\ADMIN WEB\env_boutique\Lib\site-packages\rest_framework\request.py", line 232, in user
    self._authenticate()
    ~~~~~~~~~~~~~~~~~~^^
  File "C:\Users\donan\Desktop\POS-PROJECT\ADMIN WEB\env_boutique\Lib\site-packages\rest_framework\request.py", line 385, in _authenticate
    user_auth_tuple = authenticator.authenticate(self)
  File "C:\Users\donan\Desktop\POS-PROJECT\ADMIN WEB\env_boutique\Lib\site-packages\rest_framework_simplejwt\authentication.py", line 51, in authenticate
    return self.get_user(validated_token), validated_token
           ~~~~~~~~~~~~~^^^^^^^^^^^^^^^^^
  File "C:\Users\donan\Desktop\POS-PROJECT\ADMIN WEB\env_boutique\Lib\site-packages\rest_framework_simplejwt\authentication.py", line 132, in get_user
    user = self.user_model.objects.get(**{api_settings.USER_ID_FIELD: user_id})
  File "C:\Users\donan\Desktop\POS-PROJECT\ADMIN WEB\env_boutique\Lib\site-packages\django\db\models\manager.py", line 87, in manager_method
    return getattr(self.get_queryset(), name)(*args, **kwargs)
           ~~~~~~~~~~~~~~~~~~~~~~~~~~~~~~~~~~^^^^^^^^^^^^^^^^^
  File "C:\Users\donan\Desktop\POS-PROJECT\ADMIN WEB\env_boutique\Lib\site-packages\django\db\models\query.py", line 629, in get
    num = len(clone)
  File "C:\Users\donan\Desktop\POS-PROJECT\ADMIN WEB\env_boutique\Lib\site-packages\django\db\models\query.py", line 366, in __len__
    self._fetch_all()
    ~~~~~~~~~~~~~~~^^
  File "C:\Users\donan\Desktop\POS-PROJECT\ADMIN WEB\env_boutique\Lib\site-packages\django\db\models\query.py", line 1949, in _fetch_all
    self._result_cache = list(self._iterable_class(self))
                         ~~~~^^^^^^^^^^^^^^^^^^^^^^^^^^^^
  File "C:\Users\donan\Desktop\POS-PROJECT\ADMIN WEB\env_boutique\Lib\site-packages\django\db\models\query.py", line 91, in __iter__
    results = compiler.execute_sql(
        chunked_fetch=self.chunked_fetch, chunk_size=self.chunk_size
    )
  File "C:\Users\donan\Desktop\POS-PROJECT\ADMIN WEB\env_boutique\Lib\site-packages\django\db\models\sql\compiler.py", line 1621, in execute_sql
    cursor = self.connection.cursor()
  File "C:\Users\donan\Desktop\POS-PROJECT\ADMIN WEB\env_boutique\Lib\site-packages\django\utils\asyncio.py", line 26, in inner
    return func(*args, **kwargs)
  File "C:\Users\donan\Desktop\POS-PROJECT\ADMIN WEB\env_boutique\Lib\site-packages\django\db\backends\base\base.py", line 320, in cursor
    return self._cursor()
           ~~~~~~~~~~~~^^
  File "C:\Users\donan\Desktop\POS-PROJECT\ADMIN WEB\env_boutique\Lib\site-packages\django\db\backends\base\base.py", line 296, in _cursor
    self.ensure_connection()
    ~~~~~~~~~~~~~~~~~~~~~~^^
  File "C:\Users\donan\Desktop\POS-PROJECT\ADMIN WEB\env_boutique\Lib\site-packages\django\utils\asyncio.py", line 26, in inner
    return func(*args, **kwargs)
  File "C:\Users\donan\Desktop\POS-PROJECT\ADMIN WEB\env_boutique\Lib\site-packages\django\db\backends\base\base.py", line 278, in ensure_connection
    with self.wrap_database_errors:
         ^^^^^^^^^^^^^^^^^^^^^^^^^
  File "C:\Users\donan\Desktop\POS-PROJECT\ADMIN WEB\env_boutique\Lib\site-packages\django\db\utils.py", line 91, in __exit__
    raise dj_exc_value.with_traceback(traceback) from exc_value
  File "C:\Users\donan\Desktop\POS-PROJECT\ADMIN WEB\env_boutique\Lib\site-packages\django\db\backends\base\base.py", line 279, in ensure_connection
    self.connect()
    ~~~~~~~~~~~~^^
  File "C:\Users\donan\Desktop\POS-PROJECT\ADMIN WEB\env_boutique\Lib\site-packages\django\utils\asyncio.py", line 26, in inner
    return func(*args, **kwargs)
  File "C:\Users\donan\Desktop\POS-PROJECT\ADMIN WEB\env_boutique\Lib\site-packages\django\db\backends\base\base.py", line 256, in connect
    self.connection = self.get_new_connection(conn_params)
                      ~~~~~~~~~~~~~~~~~~~~~~~^^^^^^^^^^^^^
  File "C:\Users\donan\Desktop\POS-PROJECT\ADMIN WEB\env_boutique\Lib\site-packages\django\utils\asyncio.py", line 26, in inner
    return func(*args, **kwargs)
  File "C:\Users\donan\Desktop\POS-PROJECT\ADMIN WEB\env_boutique\Lib\site-packages\django\db\backends\postgresql\base.py", line 332, in get_new_connection
    connection = self.Database.connect(**conn_params)
  File "C:\Users\donan\Desktop\POS-PROJECT\ADMIN WEB\env_boutique\Lib\site-packages\psycopg2\__init__.py", line 135, in connect
    conn = _connect(dsn, connection_factory=connection_factory, **kwasync)
django.db.utils.OperationalError: could not translate host name "aws-1-eu-west-1.pooler.supabase.com" to address: Name or service not known

ERROR 2026-03-09 10:15:32,927 basehttp "GET /api/stores/ HTTP/1.1" 500 242175
ERROR 2026-03-09 10:15:32,947 basehttp "GET /api/orders/ HTTP/1.1" 500 242175
ERROR 2026-03-09 10:15:32,951 basehttp "GET /api/sales/ HTTP/1.1" 500 242140
ERROR 2026-03-09 10:15:32,962 basehttp "GET /api/employees/ HTTP/1.1" 500 242280
ERROR 2026-03-09 10:15:32,966 basehttp "GET /api/products/ HTTP/1.1" 500 242245
ERROR 2026-03-09 10:15:33,051 log Internal Server Error: /api/stores/
Traceback (most recent call last):
  File "C:\Users\donan\Desktop\POS-PROJECT\ADMIN WEB\env_boutique\Lib\site-packages\django\db\backends\base\base.py", line 279, in ensure_connection
    self.connect()
    ~~~~~~~~~~~~^^
  File "C:\Users\donan\Desktop\POS-PROJECT\ADMIN WEB\env_boutique\Lib\site-packages\django\utils\asyncio.py", line 26, in inner
    return func(*args, **kwargs)
  File "C:\Users\donan\Desktop\POS-PROJECT\ADMIN WEB\env_boutique\Lib\site-packages\django\db\backends\base\base.py", line 256, in connect
    self.connection = self.get_new_connection(conn_params)
                      ~~~~~~~~~~~~~~~~~~~~~~~^^^^^^^^^^^^^
  File "C:\Users\donan\Desktop\POS-PROJECT\ADMIN WEB\env_boutique\Lib\site-packages\django\utils\asyncio.py", line 26, in inner
    return func(*args, **kwargs)
  File "C:\Users\donan\Desktop\POS-PROJECT\ADMIN WEB\env_boutique\Lib\site-packages\django\db\backends\postgresql\base.py", line 332, in get_new_connection
    connection = self.Database.connect(**conn_params)
  File "C:\Users\donan\Desktop\POS-PROJECT\ADMIN WEB\env_boutique\Lib\site-packages\psycopg2\__init__.py", line 135, in connect
    conn = _connect(dsn, connection_factory=connection_factory, **kwasync)
psycopg2.OperationalError: could not translate host name "aws-1-eu-west-1.pooler.supabase.com" to address: Name or service not known


The above exception was the direct cause of the following exception:

Traceback (most recent call last):
  File "C:\Users\donan\Desktop\POS-PROJECT\ADMIN WEB\env_boutique\Lib\site-packages\django\core\handlers\exception.py", line 55, in inner
    response = get_response(request)
  File "C:\Users\donan\Desktop\POS-PROJECT\ADMIN WEB\env_boutique\Lib\site-packages\django\core\handlers\base.py", line 197, in _get_response
    response = wrapped_callback(request, *callback_args, **callback_kwargs)
  File "C:\Users\donan\Desktop\POS-PROJECT\ADMIN WEB\env_boutique\Lib\site-packages\django\views\decorators\csrf.py", line 65, in _view_wrapper
    return view_func(request, *args, **kwargs)
  File "C:\Users\donan\Desktop\POS-PROJECT\ADMIN WEB\env_boutique\Lib\site-packages\rest_framework\viewsets.py", line 125, in view
    return self.dispatch(request, *args, **kwargs)
           ~~~~~~~~~~~~~^^^^^^^^^^^^^^^^^^^^^^^^^^
  File "C:\Users\donan\Desktop\POS-PROJECT\ADMIN WEB\env_boutique\Lib\site-packages\rest_framework\views.py", line 515, in dispatch
    response = self.handle_exception(exc)
  File "C:\Users\donan\Desktop\POS-PROJECT\ADMIN WEB\env_boutique\Lib\site-packages\rest_framework\views.py", line 475, in handle_exception
    self.raise_uncaught_exception(exc)
    ~~~~~~~~~~~~~~~~~~~~~~~~~~~~~^^^^^
  File "C:\Users\donan\Desktop\POS-PROJECT\ADMIN WEB\env_boutique\Lib\site-packages\rest_framework\views.py", line 486, in raise_uncaught_exception
    raise exc
  File "C:\Users\donan\Desktop\POS-PROJECT\ADMIN WEB\env_boutique\Lib\site-packages\rest_framework\views.py", line 503, in dispatch
    self.initial(request, *args, **kwargs)
    ~~~~~~~~~~~~^^^^^^^^^^^^^^^^^^^^^^^^^^
  File "C:\Users\donan\Desktop\POS-PROJECT\ADMIN WEB\env_boutique\Lib\site-packages\rest_framework\views.py", line 420, in initial
    self.perform_authentication(request)
    ~~~~~~~~~~~~~~~~~~~~~~~~~~~^^^^^^^^^
  File "C:\Users\donan\Desktop\POS-PROJECT\ADMIN WEB\env_boutique\Lib\site-packages\rest_framework\views.py", line 330, in perform_authentication
    request.user
  File "C:\Users\donan\Desktop\POS-PROJECT\ADMIN WEB\env_boutique\Lib\site-packages\rest_framework\request.py", line 232, in user
    self._authenticate()
    ~~~~~~~~~~~~~~~~~~^^
  File "C:\Users\donan\Desktop\POS-PROJECT\ADMIN WEB\env_boutique\Lib\site-packages\rest_framework\request.py", line 385, in _authenticate
    user_auth_tuple = authenticator.authenticate(self)
  File "C:\Users\donan\Desktop\POS-PROJECT\ADMIN WEB\env_boutique\Lib\site-packages\rest_framework_simplejwt\authentication.py", line 51, in authenticate
    return self.get_user(validated_token), validated_token
           ~~~~~~~~~~~~~^^^^^^^^^^^^^^^^^
  File "C:\Users\donan\Desktop\POS-PROJECT\ADMIN WEB\env_boutique\Lib\site-packages\rest_framework_simplejwt\authentication.py", line 132, in get_user
    user = self.user_model.objects.get(**{api_settings.USER_ID_FIELD: user_id})
  File "C:\Users\donan\Desktop\POS-PROJECT\ADMIN WEB\env_boutique\Lib\site-packages\django\db\models\manager.py", line 87, in manager_method
    return getattr(self.get_queryset(), name)(*args, **kwargs)
           ~~~~~~~~~~~~~~~~~~~~~~~~~~~~~~~~~~^^^^^^^^^^^^^^^^^
  File "C:\Users\donan\Desktop\POS-PROJECT\ADMIN WEB\env_boutique\Lib\site-packages\django\db\models\query.py", line 629, in get
    num = len(clone)
  File "C:\Users\donan\Desktop\POS-PROJECT\ADMIN WEB\env_boutique\Lib\site-packages\django\db\models\query.py", line 366, in __len__
    self._fetch_all()
    ~~~~~~~~~~~~~~~^^
  File "C:\Users\donan\Desktop\POS-PROJECT\ADMIN WEB\env_boutique\Lib\site-packages\django\db\models\query.py", line 1949, in _fetch_all
    self._result_cache = list(self._iterable_class(self))
                         ~~~~^^^^^^^^^^^^^^^^^^^^^^^^^^^^
  File "C:\Users\donan\Desktop\POS-PROJECT\ADMIN WEB\env_boutique\Lib\site-packages\django\db\models\query.py", line 91, in __iter__
    results = compiler.execute_sql(
        chunked_fetch=self.chunked_fetch, chunk_size=self.chunk_size
    )
  File "C:\Users\donan\Desktop\POS-PROJECT\ADMIN WEB\env_boutique\Lib\site-packages\django\db\models\sql\compiler.py", line 1621, in execute_sql
    cursor = self.connection.cursor()
  File "C:\Users\donan\Desktop\POS-PROJECT\ADMIN WEB\env_boutique\Lib\site-packages\django\utils\asyncio.py", line 26, in inner
    return func(*args, **kwargs)
  File "C:\Users\donan\Desktop\POS-PROJECT\ADMIN WEB\env_boutique\Lib\site-packages\django\db\backends\base\base.py", line 320, in cursor
    return self._cursor()
           ~~~~~~~~~~~~^^
  File "C:\Users\donan\Desktop\POS-PROJECT\ADMIN WEB\env_boutique\Lib\site-packages\django\db\backends\base\base.py", line 296, in _cursor
    self.ensure_connection()
    ~~~~~~~~~~~~~~~~~~~~~~^^
  File "C:\Users\donan\Desktop\POS-PROJECT\ADMIN WEB\env_boutique\Lib\site-packages\django\utils\asyncio.py", line 26, in inner
    return func(*args, **kwargs)
  File "C:\Users\donan\Desktop\POS-PROJECT\ADMIN WEB\env_boutique\Lib\site-packages\django\db\backends\base\base.py", line 278, in ensure_connection
    with self.wrap_database_errors:
         ^^^^^^^^^^^^^^^^^^^^^^^^^
  File "C:\Users\donan\Desktop\POS-PROJECT\ADMIN WEB\env_boutique\Lib\site-packages\django\db\utils.py", line 91, in __exit__
    raise dj_exc_value.with_traceback(traceback) from exc_value
  File "C:\Users\donan\Desktop\POS-PROJECT\ADMIN WEB\env_boutique\Lib\site-packages\django\db\backends\base\base.py", line 279, in ensure_connection
    self.connect()
    ~~~~~~~~~~~~^^
  File "C:\Users\donan\Desktop\POS-PROJECT\ADMIN WEB\env_boutique\Lib\site-packages\django\utils\asyncio.py", line 26, in inner
    return func(*args, **kwargs)
  File "C:\Users\donan\Desktop\POS-PROJECT\ADMIN WEB\env_boutique\Lib\site-packages\django\db\backends\base\base.py", line 256, in connect
    self.connection = self.get_new_connection(conn_params)
                      ~~~~~~~~~~~~~~~~~~~~~~~^^^^^^^^^^^^^
  File "C:\Users\donan\Desktop\POS-PROJECT\ADMIN WEB\env_boutique\Lib\site-packages\django\utils\asyncio.py", line 26, in inner
    return func(*args, **kwargs)
  File "C:\Users\donan\Desktop\POS-PROJECT\ADMIN WEB\env_boutique\Lib\site-packages\django\db\backends\postgresql\base.py", line 332, in get_new_connection
    connection = self.Database.connect(**conn_params)
  File "C:\Users\donan\Desktop\POS-PROJECT\ADMIN WEB\env_boutique\Lib\site-packages\psycopg2\__init__.py", line 135, in connect
    conn = _connect(dsn, connection_factory=connection_factory, **kwasync)
django.db.utils.OperationalError: could not translate host name "aws-1-eu-west-1.pooler.supabase.com" to address: Name or service not known

ERROR 2026-03-09 10:15:33,063 basehttp "GET /api/stores/ HTTP/1.1" 500 242175
ERROR 2026-03-09 10:15:33,116 log Internal Server Error: /api/sales/
Traceback (most recent call last):
  File "C:\Users\donan\Desktop\POS-PROJECT\ADMIN WEB\env_boutique\Lib\site-packages\django\db\backends\base\base.py", line 279, in ensure_connection
    self.connect()
    ~~~~~~~~~~~~^^
  File "C:\Users\donan\Desktop\POS-PROJECT\ADMIN WEB\env_boutique\Lib\site-packages\django\utils\asyncio.py", line 26, in inner
    return func(*args, **kwargs)
  File "C:\Users\donan\Desktop\POS-PROJECT\ADMIN WEB\env_boutique\Lib\site-packages\django\db\backends\base\base.py", line 256, in connect
    self.connection = self.get_new_connection(conn_params)
                      ~~~~~~~~~~~~~~~~~~~~~~~^^^^^^^^^^^^^
  File "C:\Users\donan\Desktop\POS-PROJECT\ADMIN WEB\env_boutique\Lib\site-packages\django\utils\asyncio.py", line 26, in inner
    return func(*args, **kwargs)
  File "C:\Users\donan\Desktop\POS-PROJECT\ADMIN WEB\env_boutique\Lib\site-packages\django\db\backends\postgresql\base.py", line 332, in get_new_connection
    connection = self.Database.connect(**conn_params)
  File "C:\Users\donan\Desktop\POS-PROJECT\ADMIN WEB\env_boutique\Lib\site-packages\psycopg2\__init__.py", line 135, in connect
    conn = _connect(dsn, connection_factory=connection_factory, **kwasync)
psycopg2.OperationalError: could not translate host name "aws-1-eu-west-1.pooler.supabase.com" to address: Name or service not known


The above exception was the direct cause of the following exception:

Traceback (most recent call last):
  File "C:\Users\donan\Desktop\POS-PROJECT\ADMIN WEB\env_boutique\Lib\site-packages\django\core\handlers\exception.py", line 55, in inner
    response = get_response(request)
  File "C:\Users\donan\Desktop\POS-PROJECT\ADMIN WEB\env_boutique\Lib\site-packages\django\core\handlers\base.py", line 197, in _get_response
    response = wrapped_callback(request, *callback_args, **callback_kwargs)
  File "C:\Users\donan\Desktop\POS-PROJECT\ADMIN WEB\env_boutique\Lib\site-packages\django\views\decorators\csrf.py", line 65, in _view_wrapper
    return view_func(request, *args, **kwargs)
  File "C:\Users\donan\Desktop\POS-PROJECT\ADMIN WEB\env_boutique\Lib\site-packages\rest_framework\viewsets.py", line 125, in view
    return self.dispatch(request, *args, **kwargs)
           ~~~~~~~~~~~~~^^^^^^^^^^^^^^^^^^^^^^^^^^
  File "C:\Users\donan\Desktop\POS-PROJECT\ADMIN WEB\env_boutique\Lib\site-packages\rest_framework\views.py", line 515, in dispatch
    response = self.handle_exception(exc)
  File "C:\Users\donan\Desktop\POS-PROJECT\ADMIN WEB\env_boutique\Lib\site-packages\rest_framework\views.py", line 475, in handle_exception
    self.raise_uncaught_exception(exc)
    ~~~~~~~~~~~~~~~~~~~~~~~~~~~~~^^^^^
  File "C:\Users\donan\Desktop\POS-PROJECT\ADMIN WEB\env_boutique\Lib\site-packages\rest_framework\views.py", line 486, in raise_uncaught_exception
    raise exc
  File "C:\Users\donan\Desktop\POS-PROJECT\ADMIN WEB\env_boutique\Lib\site-packages\rest_framework\views.py", line 503, in dispatch
    self.initial(request, *args, **kwargs)
    ~~~~~~~~~~~~^^^^^^^^^^^^^^^^^^^^^^^^^^
  File "C:\Users\donan\Desktop\POS-PROJECT\ADMIN WEB\env_boutique\Lib\site-packages\rest_framework\views.py", line 420, in initial
    self.perform_authentication(request)
    ~~~~~~~~~~~~~~~~~~~~~~~~~~~^^^^^^^^^
  File "C:\Users\donan\Desktop\POS-PROJECT\ADMIN WEB\env_boutique\Lib\site-packages\rest_framework\views.py", line 330, in perform_authentication
    request.user
  File "C:\Users\donan\Desktop\POS-PROJECT\ADMIN WEB\env_boutique\Lib\site-packages\rest_framework\request.py", line 232, in user
    self._authenticate()
    ~~~~~~~~~~~~~~~~~~^^
  File "C:\Users\donan\Desktop\POS-PROJECT\ADMIN WEB\env_boutique\Lib\site-packages\rest_framework\request.py", line 385, in _authenticate
    user_auth_tuple = authenticator.authenticate(self)
  File "C:\Users\donan\Desktop\POS-PROJECT\ADMIN WEB\env_boutique\Lib\site-packages\rest_framework_simplejwt\authentication.py", line 51, in authenticate
    return self.get_user(validated_token), validated_token
           ~~~~~~~~~~~~~^^^^^^^^^^^^^^^^^
  File "C:\Users\donan\Desktop\POS-PROJECT\ADMIN WEB\env_boutique\Lib\site-packages\rest_framework_simplejwt\authentication.py", line 132, in get_user
    user = self.user_model.objects.get(**{api_settings.USER_ID_FIELD: user_id})
  File "C:\Users\donan\Desktop\POS-PROJECT\ADMIN WEB\env_boutique\Lib\site-packages\django\db\models\manager.py", line 87, in manager_method
    return getattr(self.get_queryset(), name)(*args, **kwargs)
           ~~~~~~~~~~~~~~~~~~~~~~~~~~~~~~~~~~^^^^^^^^^^^^^^^^^
  File "C:\Users\donan\Desktop\POS-PROJECT\ADMIN WEB\env_boutique\Lib\site-packages\django\db\models\query.py", line 629, in get
    num = len(clone)
  File "C:\Users\donan\Desktop\POS-PROJECT\ADMIN WEB\env_boutique\Lib\site-packages\django\db\models\query.py", line 366, in __len__
    self._fetch_all()
    ~~~~~~~~~~~~~~~^^
  File "C:\Users\donan\Desktop\POS-PROJECT\ADMIN WEB\env_boutique\Lib\site-packages\django\db\models\query.py", line 1949, in _fetch_all
    self._result_cache = list(self._iterable_class(self))
                         ~~~~^^^^^^^^^^^^^^^^^^^^^^^^^^^^
  File "C:\Users\donan\Desktop\POS-PROJECT\ADMIN WEB\env_boutique\Lib\site-packages\django\db\models\query.py", line 91, in __iter__
    results = compiler.execute_sql(
        chunked_fetch=self.chunked_fetch, chunk_size=self.chunk_size
    )
  File "C:\Users\donan\Desktop\POS-PROJECT\ADMIN WEB\env_boutique\Lib\site-packages\django\db\models\sql\compiler.py", line 1621, in execute_sql
    cursor = self.connection.cursor()
  File "C:\Users\donan\Desktop\POS-PROJECT\ADMIN WEB\env_boutique\Lib\site-packages\django\utils\asyncio.py", line 26, in inner
    return func(*args, **kwargs)
  File "C:\Users\donan\Desktop\POS-PROJECT\ADMIN WEB\env_boutique\Lib\site-packages\django\db\backends\base\base.py", line 320, in cursor
    return self._cursor()
           ~~~~~~~~~~~~^^
  File "C:\Users\donan\Desktop\POS-PROJECT\ADMIN WEB\env_boutique\Lib\site-packages\django\db\backends\base\base.py", line 296, in _cursor
    self.ensure_connection()
    ~~~~~~~~~~~~~~~~~~~~~~^^
  File "C:\Users\donan\Desktop\POS-PROJECT\ADMIN WEB\env_boutique\Lib\site-packages\django\utils\asyncio.py", line 26, in inner
    return func(*args, **kwargs)
  File "C:\Users\donan\Desktop\POS-PROJECT\ADMIN WEB\env_boutique\Lib\site-packages\django\db\backends\base\base.py", line 278, in ensure_connection
    with self.wrap_database_errors:
         ^^^^^^^^^^^^^^^^^^^^^^^^^
  File "C:\Users\donan\Desktop\POS-PROJECT\ADMIN WEB\env_boutique\Lib\site-packages\django\db\utils.py", line 91, in __exit__
    raise dj_exc_value.with_traceback(traceback) from exc_value
  File "C:\Users\donan\Desktop\POS-PROJECT\ADMIN WEB\env_boutique\Lib\site-packages\django\db\backends\base\base.py", line 279, in ensure_connection
    self.connect()
    ~~~~~~~~~~~~^^
  File "C:\Users\donan\Desktop\POS-PROJECT\ADMIN WEB\env_boutique\Lib\site-packages\django\utils\asyncio.py", line 26, in inner
    return func(*args, **kwargs)
  File "C:\Users\donan\Desktop\POS-PROJECT\ADMIN WEB\env_boutique\Lib\site-packages\django\db\backends\base\base.py", line 256, in connect
    self.connection = self.get_new_connection(conn_params)
                      ~~~~~~~~~~~~~~~~~~~~~~~^^^^^^^^^^^^^
  File "C:\Users\donan\Desktop\POS-PROJECT\ADMIN WEB\env_boutique\Lib\site-packages\django\utils\asyncio.py", line 26, in inner
    return func(*args, **kwargs)
  File "C:\Users\donan\Desktop\POS-PROJECT\ADMIN WEB\env_boutique\Lib\site-packages\django\db\backends\postgresql\base.py", line 332, in get_new_connection
    connection = self.Database.connect(**conn_params)
  File "C:\Users\donan\Desktop\POS-PROJECT\ADMIN WEB\env_boutique\Lib\site-packages\psycopg2\__init__.py", line 135, in connect
    conn = _connect(dsn, connection_factory=connection_factory, **kwasync)
django.db.utils.OperationalError: could not translate host name "aws-1-eu-west-1.pooler.supabase.com" to address: Name or service not known

ERROR 2026-03-09 10:15:33,146 log Internal Server Error: /api/employees/
Traceback (most recent call last):
  File "C:\Users\donan\Desktop\POS-PROJECT\ADMIN WEB\env_boutique\Lib\site-packages\django\db\backends\base\base.py", line 279, in ensure_connection
    self.connect()
    ~~~~~~~~~~~~^^
  File "C:\Users\donan\Desktop\POS-PROJECT\ADMIN WEB\env_boutique\Lib\site-packages\django\utils\asyncio.py", line 26, in inner
    return func(*args, **kwargs)
  File "C:\Users\donan\Desktop\POS-PROJECT\ADMIN WEB\env_boutique\Lib\site-packages\django\db\backends\base\base.py", line 256, in connect
    self.connection = self.get_new_connection(conn_params)
                      ~~~~~~~~~~~~~~~~~~~~~~~^^^^^^^^^^^^^
  File "C:\Users\donan\Desktop\POS-PROJECT\ADMIN WEB\env_boutique\Lib\site-packages\django\utils\asyncio.py", line 26, in inner
    return func(*args, **kwargs)
  File "C:\Users\donan\Desktop\POS-PROJECT\ADMIN WEB\env_boutique\Lib\site-packages\django\db\backends\postgresql\base.py", line 332, in get_new_connection
    connection = self.Database.connect(**conn_params)
  File "C:\Users\donan\Desktop\POS-PROJECT\ADMIN WEB\env_boutique\Lib\site-packages\psycopg2\__init__.py", line 135, in connect
    conn = _connect(dsn, connection_factory=connection_factory, **kwasync)
psycopg2.OperationalError: could not translate host name "aws-1-eu-west-1.pooler.supabase.com" to address: Name or service not known


The above exception was the direct cause of the following exception:

Traceback (most recent call last):
  File "C:\Users\donan\Desktop\POS-PROJECT\ADMIN WEB\env_boutique\Lib\site-packages\django\core\handlers\exception.py", line 55, in inner
    response = get_response(request)
  File "C:\Users\donan\Desktop\POS-PROJECT\ADMIN WEB\env_boutique\Lib\site-packages\django\core\handlers\base.py", line 197, in _get_response
    response = wrapped_callback(request, *callback_args, **callback_kwargs)
  File "C:\Users\donan\Desktop\POS-PROJECT\ADMIN WEB\env_boutique\Lib\site-packages\django\views\decorators\csrf.py", line 65, in _view_wrapper
    return view_func(request, *args, **kwargs)
  File "C:\Users\donan\Desktop\POS-PROJECT\ADMIN WEB\env_boutique\Lib\site-packages\rest_framework\viewsets.py", line 125, in view
    return self.dispatch(request, *args, **kwargs)
           ~~~~~~~~~~~~~^^^^^^^^^^^^^^^^^^^^^^^^^^
  File "C:\Users\donan\Desktop\POS-PROJECT\ADMIN WEB\env_boutique\Lib\site-packages\rest_framework\views.py", line 515, in dispatch
    response = self.handle_exception(exc)
  File "C:\Users\donan\Desktop\POS-PROJECT\ADMIN WEB\env_boutique\Lib\site-packages\rest_framework\views.py", line 475, in handle_exception
    self.raise_uncaught_exception(exc)
    ~~~~~~~~~~~~~~~~~~~~~~~~~~~~~^^^^^
  File "C:\Users\donan\Desktop\POS-PROJECT\ADMIN WEB\env_boutique\Lib\site-packages\rest_framework\views.py", line 486, in raise_uncaught_exception
    raise exc
  File "C:\Users\donan\Desktop\POS-PROJECT\ADMIN WEB\env_boutique\Lib\site-packages\rest_framework\views.py", line 503, in dispatch
    self.initial(request, *args, **kwargs)
    ~~~~~~~~~~~~^^^^^^^^^^^^^^^^^^^^^^^^^^
  File "C:\Users\donan\Desktop\POS-PROJECT\ADMIN WEB\env_boutique\Lib\site-packages\rest_framework\views.py", line 420, in initial
    self.perform_authentication(request)
    ~~~~~~~~~~~~~~~~~~~~~~~~~~~^^^^^^^^^
  File "C:\Users\donan\Desktop\POS-PROJECT\ADMIN WEB\env_boutique\Lib\site-packages\rest_framework\views.py", line 330, in perform_authentication
    request.user
  File "C:\Users\donan\Desktop\POS-PROJECT\ADMIN WEB\env_boutique\Lib\site-packages\rest_framework\request.py", line 232, in user
    self._authenticate()
    ~~~~~~~~~~~~~~~~~~^^
  File "C:\Users\donan\Desktop\POS-PROJECT\ADMIN WEB\env_boutique\Lib\site-packages\rest_framework\request.py", line 385, in _authenticate
    user_auth_tuple = authenticator.authenticate(self)
  File "C:\Users\donan\Desktop\POS-PROJECT\ADMIN WEB\env_boutique\Lib\site-packages\rest_framework_simplejwt\authentication.py", line 51, in authenticate
    return self.get_user(validated_token), validated_token
           ~~~~~~~~~~~~~^^^^^^^^^^^^^^^^^
  File "C:\Users\donan\Desktop\POS-PROJECT\ADMIN WEB\env_boutique\Lib\site-packages\rest_framework_simplejwt\authentication.py", line 132, in get_user
    user = self.user_model.objects.get(**{api_settings.USER_ID_FIELD: user_id})
  File "C:\Users\donan\Desktop\POS-PROJECT\ADMIN WEB\env_boutique\Lib\site-packages\django\db\models\manager.py", line 87, in manager_method
    return getattr(self.get_queryset(), name)(*args, **kwargs)
           ~~~~~~~~~~~~~~~~~~~~~~~~~~~~~~~~~~^^^^^^^^^^^^^^^^^
  File "C:\Users\donan\Desktop\POS-PROJECT\ADMIN WEB\env_boutique\Lib\site-packages\django\db\models\query.py", line 629, in get
    num = len(clone)
  File "C:\Users\donan\Desktop\POS-PROJECT\ADMIN WEB\env_boutique\Lib\site-packages\django\db\models\query.py", line 366, in __len__
    self._fetch_all()
    ~~~~~~~~~~~~~~~^^
  File "C:\Users\donan\Desktop\POS-PROJECT\ADMIN WEB\env_boutique\Lib\site-packages\django\db\models\query.py", line 1949, in _fetch_all
    self._result_cache = list(self._iterable_class(self))
                         ~~~~^^^^^^^^^^^^^^^^^^^^^^^^^^^^
  File "C:\Users\donan\Desktop\POS-PROJECT\ADMIN WEB\env_boutique\Lib\site-packages\django\db\models\query.py", line 91, in __iter__
    results = compiler.execute_sql(
        chunked_fetch=self.chunked_fetch, chunk_size=self.chunk_size
    )
  File "C:\Users\donan\Desktop\POS-PROJECT\ADMIN WEB\env_boutique\Lib\site-packages\django\db\models\sql\compiler.py", line 1621, in execute_sql
    cursor = self.connection.cursor()
  File "C:\Users\donan\Desktop\POS-PROJECT\ADMIN WEB\env_boutique\Lib\site-packages\django\utils\asyncio.py", line 26, in inner
    return func(*args, **kwargs)
  File "C:\Users\donan\Desktop\POS-PROJECT\ADMIN WEB\env_boutique\Lib\site-packages\django\db\backends\base\base.py", line 320, in cursor
    return self._cursor()
           ~~~~~~~~~~~~^^
  File "C:\Users\donan\Desktop\POS-PROJECT\ADMIN WEB\env_boutique\Lib\site-packages\django\db\backends\base\base.py", line 296, in _cursor
    self.ensure_connection()
    ~~~~~~~~~~~~~~~~~~~~~~^^
  File "C:\Users\donan\Desktop\POS-PROJECT\ADMIN WEB\env_boutique\Lib\site-packages\django\utils\asyncio.py", line 26, in inner
    return func(*args, **kwargs)
  File "C:\Users\donan\Desktop\POS-PROJECT\ADMIN WEB\env_boutique\Lib\site-packages\django\db\backends\base\base.py", line 278, in ensure_connection
    with self.wrap_database_errors:
         ^^^^^^^^^^^^^^^^^^^^^^^^^
  File "C:\Users\donan\Desktop\POS-PROJECT\ADMIN WEB\env_boutique\Lib\site-packages\django\db\utils.py", line 91, in __exit__
    raise dj_exc_value.with_traceback(traceback) from exc_value
  File "C:\Users\donan\Desktop\POS-PROJECT\ADMIN WEB\env_boutique\Lib\site-packages\django\db\backends\base\base.py", line 279, in ensure_connection
    self.connect()
    ~~~~~~~~~~~~^^
  File "C:\Users\donan\Desktop\POS-PROJECT\ADMIN WEB\env_boutique\Lib\site-packages\django\utils\asyncio.py", line 26, in inner
    return func(*args, **kwargs)
  File "C:\Users\donan\Desktop\POS-PROJECT\ADMIN WEB\env_boutique\Lib\site-packages\django\db\backends\base\base.py", line 256, in connect
    self.connection = self.get_new_connection(conn_params)
                      ~~~~~~~~~~~~~~~~~~~~~~~^^^^^^^^^^^^^
  File "C:\Users\donan\Desktop\POS-PROJECT\ADMIN WEB\env_boutique\Lib\site-packages\django\utils\asyncio.py", line 26, in inner
    return func(*args, **kwargs)
  File "C:\Users\donan\Desktop\POS-PROJECT\ADMIN WEB\env_boutique\Lib\site-packages\django\db\backends\postgresql\base.py", line 332, in get_new_connection
    connection = self.Database.connect(**conn_params)
  File "C:\Users\donan\Desktop\POS-PROJECT\ADMIN WEB\env_boutique\Lib\site-packages\psycopg2\__init__.py", line 135, in connect
    conn = _connect(dsn, connection_factory=connection_factory, **kwasync)
django.db.utils.OperationalError: could not translate host name "aws-1-eu-west-1.pooler.supabase.com" to address: Name or service not known

ERROR 2026-03-09 10:15:33,175 log Internal Server Error: /api/products/
Traceback (most recent call last):
  File "C:\Users\donan\Desktop\POS-PROJECT\ADMIN WEB\env_boutique\Lib\site-packages\django\db\backends\base\base.py", line 279, in ensure_connection
    self.connect()
    ~~~~~~~~~~~~^^
  File "C:\Users\donan\Desktop\POS-PROJECT\ADMIN WEB\env_boutique\Lib\site-packages\django\utils\asyncio.py", line 26, in inner
    return func(*args, **kwargs)
  File "C:\Users\donan\Desktop\POS-PROJECT\ADMIN WEB\env_boutique\Lib\site-packages\django\db\backends\base\base.py", line 256, in connect
    self.connection = self.get_new_connection(conn_params)
                      ~~~~~~~~~~~~~~~~~~~~~~~^^^^^^^^^^^^^
  File "C:\Users\donan\Desktop\POS-PROJECT\ADMIN WEB\env_boutique\Lib\site-packages\django\utils\asyncio.py", line 26, in inner
    return func(*args, **kwargs)
  File "C:\Users\donan\Desktop\POS-PROJECT\ADMIN WEB\env_boutique\Lib\site-packages\django\db\backends\postgresql\base.py", line 332, in get_new_connection
    connection = self.Database.connect(**conn_params)
  File "C:\Users\donan\Desktop\POS-PROJECT\ADMIN WEB\env_boutique\Lib\site-packages\psycopg2\__init__.py", line 135, in connect
    conn = _connect(dsn, connection_factory=connection_factory, **kwasync)
psycopg2.OperationalError: could not translate host name "aws-1-eu-west-1.pooler.supabase.com" to address: Name or service not known


The above exception was the direct cause of the following exception:

Traceback (most recent call last):
  File "C:\Users\donan\Desktop\POS-PROJECT\ADMIN WEB\env_boutique\Lib\site-packages\django\core\handlers\exception.py", line 55, in inner
    response = get_response(request)
  File "C:\Users\donan\Desktop\POS-PROJECT\ADMIN WEB\env_boutique\Lib\site-packages\django\core\handlers\base.py", line 197, in _get_response
    response = wrapped_callback(request, *callback_args, **callback_kwargs)
  File "C:\Users\donan\Desktop\POS-PROJECT\ADMIN WEB\env_boutique\Lib\site-packages\django\views\decorators\csrf.py", line 65, in _view_wrapper
    return view_func(request, *args, **kwargs)
  File "C:\Users\donan\Desktop\POS-PROJECT\ADMIN WEB\env_boutique\Lib\site-packages\rest_framework\viewsets.py", line 125, in view
    return self.dispatch(request, *args, **kwargs)
           ~~~~~~~~~~~~~^^^^^^^^^^^^^^^^^^^^^^^^^^
  File "C:\Users\donan\Desktop\POS-PROJECT\ADMIN WEB\env_boutique\Lib\site-packages\rest_framework\views.py", line 515, in dispatch
    response = self.handle_exception(exc)
  File "C:\Users\donan\Desktop\POS-PROJECT\ADMIN WEB\env_boutique\Lib\site-packages\rest_framework\views.py", line 475, in handle_exception
    self.raise_uncaught_exception(exc)
    ~~~~~~~~~~~~~~~~~~~~~~~~~~~~~^^^^^
  File "C:\Users\donan\Desktop\POS-PROJECT\ADMIN WEB\env_boutique\Lib\site-packages\rest_framework\views.py", line 486, in raise_uncaught_exception
    raise exc
  File "C:\Users\donan\Desktop\POS-PROJECT\ADMIN WEB\env_boutique\Lib\site-packages\rest_framework\views.py", line 503, in dispatch
    self.initial(request, *args, **kwargs)
    ~~~~~~~~~~~~^^^^^^^^^^^^^^^^^^^^^^^^^^
  File "C:\Users\donan\Desktop\POS-PROJECT\ADMIN WEB\env_boutique\Lib\site-packages\rest_framework\views.py", line 420, in initial
    self.perform_authentication(request)
    ~~~~~~~~~~~~~~~~~~~~~~~~~~~^^^^^^^^^
  File "C:\Users\donan\Desktop\POS-PROJECT\ADMIN WEB\env_boutique\Lib\site-packages\rest_framework\views.py", line 330, in perform_authentication
    request.user
  File "C:\Users\donan\Desktop\POS-PROJECT\ADMIN WEB\env_boutique\Lib\site-packages\rest_framework\request.py", line 232, in user
    self._authenticate()
    ~~~~~~~~~~~~~~~~~~^^
  File "C:\Users\donan\Desktop\POS-PROJECT\ADMIN WEB\env_boutique\Lib\site-packages\rest_framework\request.py", line 385, in _authenticate
    user_auth_tuple = authenticator.authenticate(self)
  File "C:\Users\donan\Desktop\POS-PROJECT\ADMIN WEB\env_boutique\Lib\site-packages\rest_framework_simplejwt\authentication.py", line 51, in authenticate
    return self.get_user(validated_token), validated_token
           ~~~~~~~~~~~~~^^^^^^^^^^^^^^^^^
  File "C:\Users\donan\Desktop\POS-PROJECT\ADMIN WEB\env_boutique\Lib\site-packages\rest_framework_simplejwt\authentication.py", line 132, in get_user
    user = self.user_model.objects.get(**{api_settings.USER_ID_FIELD: user_id})
  File "C:\Users\donan\Desktop\POS-PROJECT\ADMIN WEB\env_boutique\Lib\site-packages\django\db\models\manager.py", line 87, in manager_method
    return getattr(self.get_queryset(), name)(*args, **kwargs)
           ~~~~~~~~~~~~~~~~~~~~~~~~~~~~~~~~~~^^^^^^^^^^^^^^^^^
  File "C:\Users\donan\Desktop\POS-PROJECT\ADMIN WEB\env_boutique\Lib\site-packages\django\db\models\query.py", line 629, in get
    num = len(clone)
  File "C:\Users\donan\Desktop\POS-PROJECT\ADMIN WEB\env_boutique\Lib\site-packages\django\db\models\query.py", line 366, in __len__
    self._fetch_all()
    ~~~~~~~~~~~~~~~^^
  File "C:\Users\donan\Desktop\POS-PROJECT\ADMIN WEB\env_boutique\Lib\site-packages\django\db\models\query.py", line 1949, in _fetch_all
    self._result_cache = list(self._iterable_class(self))
                         ~~~~^^^^^^^^^^^^^^^^^^^^^^^^^^^^
  File "C:\Users\donan\Desktop\POS-PROJECT\ADMIN WEB\env_boutique\Lib\site-packages\django\db\models\query.py", line 91, in __iter__
    results = compiler.execute_sql(
        chunked_fetch=self.chunked_fetch, chunk_size=self.chunk_size
    )
  File "C:\Users\donan\Desktop\POS-PROJECT\ADMIN WEB\env_boutique\Lib\site-packages\django\db\models\sql\compiler.py", line 1621, in execute_sql
    cursor = self.connection.cursor()
  File "C:\Users\donan\Desktop\POS-PROJECT\ADMIN WEB\env_boutique\Lib\site-packages\django\utils\asyncio.py", line 26, in inner
    return func(*args, **kwargs)
  File "C:\Users\donan\Desktop\POS-PROJECT\ADMIN WEB\env_boutique\Lib\site-packages\django\db\backends\base\base.py", line 320, in cursor
    return self._cursor()
           ~~~~~~~~~~~~^^
  File "C:\Users\donan\Desktop\POS-PROJECT\ADMIN WEB\env_boutique\Lib\site-packages\django\db\backends\base\base.py", line 296, in _cursor
    self.ensure_connection()
    ~~~~~~~~~~~~~~~~~~~~~~^^
  File "C:\Users\donan\Desktop\POS-PROJECT\ADMIN WEB\env_boutique\Lib\site-packages\django\utils\asyncio.py", line 26, in inner
    return func(*args, **kwargs)
  File "C:\Users\donan\Desktop\POS-PROJECT\ADMIN WEB\env_boutique\Lib\site-packages\django\db\backends\base\base.py", line 278, in ensure_connection
    with self.wrap_database_errors:
         ^^^^^^^^^^^^^^^^^^^^^^^^^
  File "C:\Users\donan\Desktop\POS-PROJECT\ADMIN WEB\env_boutique\Lib\site-packages\django\db\utils.py", line 91, in __exit__
    raise dj_exc_value.with_traceback(traceback) from exc_value
  File "C:\Users\donan\Desktop\POS-PROJECT\ADMIN WEB\env_boutique\Lib\site-packages\django\db\backends\base\base.py", line 279, in ensure_connection
    self.connect()
    ~~~~~~~~~~~~^^
  File "C:\Users\donan\Desktop\POS-PROJECT\ADMIN WEB\env_boutique\Lib\site-packages\django\utils\asyncio.py", line 26, in inner
    return func(*args, **kwargs)
  File "C:\Users\donan\Desktop\POS-PROJECT\ADMIN WEB\env_boutique\Lib\site-packages\django\db\backends\base\base.py", line 256, in connect
    self.connection = self.get_new_connection(conn_params)
                      ~~~~~~~~~~~~~~~~~~~~~~~^^^^^^^^^^^^^
  File "C:\Users\donan\Desktop\POS-PROJECT\ADMIN WEB\env_boutique\Lib\site-packages\django\utils\asyncio.py", line 26, in inner
    return func(*args, **kwargs)
  File "C:\Users\donan\Desktop\POS-PROJECT\ADMIN WEB\env_boutique\Lib\site-packages\django\db\backends\postgresql\base.py", line 332, in get_new_connection
    connection = self.Database.connect(**conn_params)
  File "C:\Users\donan\Desktop\POS-PROJECT\ADMIN WEB\env_boutique\Lib\site-packages\psycopg2\__init__.py", line 135, in connect
    conn = _connect(dsn, connection_factory=connection_factory, **kwasync)
django.db.utils.OperationalError: could not translate host name "aws-1-eu-west-1.pooler.supabase.com" to address: Name or service not known

ERROR 2026-03-09 10:15:33,207 log Internal Server Error: /api/orders/
Traceback (most recent call last):
  File "C:\Users\donan\Desktop\POS-PROJECT\ADMIN WEB\env_boutique\Lib\site-packages\django\db\backends\base\base.py", line 279, in ensure_connection
    self.connect()
    ~~~~~~~~~~~~^^
  File "C:\Users\donan\Desktop\POS-PROJECT\ADMIN WEB\env_boutique\Lib\site-packages\django\utils\asyncio.py", line 26, in inner
    return func(*args, **kwargs)
  File "C:\Users\donan\Desktop\POS-PROJECT\ADMIN WEB\env_boutique\Lib\site-packages\django\db\backends\base\base.py", line 256, in connect
    self.connection = self.get_new_connection(conn_params)
                      ~~~~~~~~~~~~~~~~~~~~~~~^^^^^^^^^^^^^
  File "C:\Users\donan\Desktop\POS-PROJECT\ADMIN WEB\env_boutique\Lib\site-packages\django\utils\asyncio.py", line 26, in inner
    return func(*args, **kwargs)
  File "C:\Users\donan\Desktop\POS-PROJECT\ADMIN WEB\env_boutique\Lib\site-packages\django\db\backends\postgresql\base.py", line 332, in get_new_connection
    connection = self.Database.connect(**conn_params)
  File "C:\Users\donan\Desktop\POS-PROJECT\ADMIN WEB\env_boutique\Lib\site-packages\psycopg2\__init__.py", line 135, in connect
    conn = _connect(dsn, connection_factory=connection_factory, **kwasync)
psycopg2.OperationalError: could not translate host name "aws-1-eu-west-1.pooler.supabase.com" to address: Name or service not known


The above exception was the direct cause of the following exception:

Traceback (most recent call last):
  File "C:\Users\donan\Desktop\POS-PROJECT\ADMIN WEB\env_boutique\Lib\site-packages\django\core\handlers\exception.py", line 55, in inner
    response = get_response(request)
  File "C:\Users\donan\Desktop\POS-PROJECT\ADMIN WEB\env_boutique\Lib\site-packages\django\core\handlers\base.py", line 197, in _get_response
    response = wrapped_callback(request, *callback_args, **callback_kwargs)
  File "C:\Users\donan\Desktop\POS-PROJECT\ADMIN WEB\env_boutique\Lib\site-packages\django\views\decorators\csrf.py", line 65, in _view_wrapper
    return view_func(request, *args, **kwargs)
  File "C:\Users\donan\Desktop\POS-PROJECT\ADMIN WEB\env_boutique\Lib\site-packages\rest_framework\viewsets.py", line 125, in view
    return self.dispatch(request, *args, **kwargs)
           ~~~~~~~~~~~~~^^^^^^^^^^^^^^^^^^^^^^^^^^
  File "C:\Users\donan\Desktop\POS-PROJECT\ADMIN WEB\env_boutique\Lib\site-packages\rest_framework\views.py", line 515, in dispatch
    response = self.handle_exception(exc)
  File "C:\Users\donan\Desktop\POS-PROJECT\ADMIN WEB\env_boutique\Lib\site-packages\rest_framework\views.py", line 475, in handle_exception
    self.raise_uncaught_exception(exc)
    ~~~~~~~~~~~~~~~~~~~~~~~~~~~~~^^^^^
  File "C:\Users\donan\Desktop\POS-PROJECT\ADMIN WEB\env_boutique\Lib\site-packages\rest_framework\views.py", line 486, in raise_uncaught_exception
    raise exc
  File "C:\Users\donan\Desktop\POS-PROJECT\ADMIN WEB\env_boutique\Lib\site-packages\rest_framework\views.py", line 503, in dispatch
    self.initial(request, *args, **kwargs)
    ~~~~~~~~~~~~^^^^^^^^^^^^^^^^^^^^^^^^^^
  File "C:\Users\donan\Desktop\POS-PROJECT\ADMIN WEB\env_boutique\Lib\site-packages\rest_framework\views.py", line 420, in initial
    self.perform_authentication(request)
    ~~~~~~~~~~~~~~~~~~~~~~~~~~~^^^^^^^^^
  File "C:\Users\donan\Desktop\POS-PROJECT\ADMIN WEB\env_boutique\Lib\site-packages\rest_framework\views.py", line 330, in perform_authentication
    request.user
  File "C:\Users\donan\Desktop\POS-PROJECT\ADMIN WEB\env_boutique\Lib\site-packages\rest_framework\request.py", line 232, in user
    self._authenticate()
    ~~~~~~~~~~~~~~~~~~^^
  File "C:\Users\donan\Desktop\POS-PROJECT\ADMIN WEB\env_boutique\Lib\site-packages\rest_framework\request.py", line 385, in _authenticate
    user_auth_tuple = authenticator.authenticate(self)
  File "C:\Users\donan\Desktop\POS-PROJECT\ADMIN WEB\env_boutique\Lib\site-packages\rest_framework_simplejwt\authentication.py", line 51, in authenticate
    return self.get_user(validated_token), validated_token
           ~~~~~~~~~~~~~^^^^^^^^^^^^^^^^^
  File "C:\Users\donan\Desktop\POS-PROJECT\ADMIN WEB\env_boutique\Lib\site-packages\rest_framework_simplejwt\authentication.py", line 132, in get_user
    user = self.user_model.objects.get(**{api_settings.USER_ID_FIELD: user_id})
  File "C:\Users\donan\Desktop\POS-PROJECT\ADMIN WEB\env_boutique\Lib\site-packages\django\db\models\manager.py", line 87, in manager_method
    return getattr(self.get_queryset(), name)(*args, **kwargs)
           ~~~~~~~~~~~~~~~~~~~~~~~~~~~~~~~~~~^^^^^^^^^^^^^^^^^
  File "C:\Users\donan\Desktop\POS-PROJECT\ADMIN WEB\env_boutique\Lib\site-packages\django\db\models\query.py", line 629, in get
    num = len(clone)
  File "C:\Users\donan\Desktop\POS-PROJECT\ADMIN WEB\env_boutique\Lib\site-packages\django\db\models\query.py", line 366, in __len__
    self._fetch_all()
    ~~~~~~~~~~~~~~~^^
  File "C:\Users\donan\Desktop\POS-PROJECT\ADMIN WEB\env_boutique\Lib\site-packages\django\db\models\query.py", line 1949, in _fetch_all
    self._result_cache = list(self._iterable_class(self))
                         ~~~~^^^^^^^^^^^^^^^^^^^^^^^^^^^^
  File "C:\Users\donan\Desktop\POS-PROJECT\ADMIN WEB\env_boutique\Lib\site-packages\django\db\models\query.py", line 91, in __iter__
    results = compiler.execute_sql(
        chunked_fetch=self.chunked_fetch, chunk_size=self.chunk_size
    )
  File "C:\Users\donan\Desktop\POS-PROJECT\ADMIN WEB\env_boutique\Lib\site-packages\django\db\models\sql\compiler.py", line 1621, in execute_sql
    cursor = self.connection.cursor()
  File "C:\Users\donan\Desktop\POS-PROJECT\ADMIN WEB\env_boutique\Lib\site-packages\django\utils\asyncio.py", line 26, in inner
    return func(*args, **kwargs)
  File "C:\Users\donan\Desktop\POS-PROJECT\ADMIN WEB\env_boutique\Lib\site-packages\django\db\backends\base\base.py", line 320, in cursor
    return self._cursor()
           ~~~~~~~~~~~~^^
  File "C:\Users\donan\Desktop\POS-PROJECT\ADMIN WEB\env_boutique\Lib\site-packages\django\db\backends\base\base.py", line 296, in _cursor
    self.ensure_connection()
    ~~~~~~~~~~~~~~~~~~~~~~^^
  File "C:\Users\donan\Desktop\POS-PROJECT\ADMIN WEB\env_boutique\Lib\site-packages\django\utils\asyncio.py", line 26, in inner
    return func(*args, **kwargs)
  File "C:\Users\donan\Desktop\POS-PROJECT\ADMIN WEB\env_boutique\Lib\site-packages\django\db\backends\base\base.py", line 278, in ensure_connection
    with self.wrap_database_errors:
         ^^^^^^^^^^^^^^^^^^^^^^^^^
  File "C:\Users\donan\Desktop\POS-PROJECT\ADMIN WEB\env_boutique\Lib\site-packages\django\db\utils.py", line 91, in __exit__
    raise dj_exc_value.with_traceback(traceback) from exc_value
  File "C:\Users\donan\Desktop\POS-PROJECT\ADMIN WEB\env_boutique\Lib\site-packages\django\db\backends\base\base.py", line 279, in ensure_connection
    self.connect()
    ~~~~~~~~~~~~^^
  File "C:\Users\donan\Desktop\POS-PROJECT\ADMIN WEB\env_boutique\Lib\site-packages\django\utils\asyncio.py", line 26, in inner
    return func(*args, **kwargs)
  File "C:\Users\donan\Desktop\POS-PROJECT\ADMIN WEB\env_boutique\Lib\site-packages\django\db\backends\base\base.py", line 256, in connect
    self.connection = self.get_new_connection(conn_params)
                      ~~~~~~~~~~~~~~~~~~~~~~~^^^^^^^^^^^^^
  File "C:\Users\donan\Desktop\POS-PROJECT\ADMIN WEB\env_boutique\Lib\site-packages\django\utils\asyncio.py", line 26, in inner
    return func(*args, **kwargs)
  File "C:\Users\donan\Desktop\POS-PROJECT\ADMIN WEB\env_boutique\Lib\site-packages\django\db\backends\postgresql\base.py", line 332, in get_new_connection
    connection = self.Database.connect(**conn_params)
  File "C:\Users\donan\Desktop\POS-PROJECT\ADMIN WEB\env_boutique\Lib\site-packages\psycopg2\__init__.py", line 135, in connect
    conn = _connect(dsn, connection_factory=connection_factory, **kwasync)
django.db.utils.OperationalError: could not translate host name "aws-1-eu-west-1.pooler.supabase.com" to address: Name or service not known

ERROR 2026-03-09 10:15:33,211 basehttp "GET /api/sales/ HTTP/1.1" 500 242140
ERROR 2026-03-09 10:15:33,224 basehttp "GET /api/employees/ HTTP/1.1" 500 242280
ERROR 2026-03-09 10:15:33,235 basehttp "GET /api/products/ HTTP/1.1" 500 242245
ERROR 2026-03-09 10:15:33,241 basehttp "GET /api/orders/ HTTP/1.1" 500 242175
ERROR 2026-03-09 10:15:33,285 log Internal Server Error: /api/stores/
Traceback (most recent call last):
  File "C:\Users\donan\Desktop\POS-PROJECT\ADMIN WEB\env_boutique\Lib\site-packages\django\db\backends\base\base.py", line 279, in ensure_connection
    self.connect()
    ~~~~~~~~~~~~^^
  File "C:\Users\donan\Desktop\POS-PROJECT\ADMIN WEB\env_boutique\Lib\site-packages\django\utils\asyncio.py", line 26, in inner
    return func(*args, **kwargs)
  File "C:\Users\donan\Desktop\POS-PROJECT\ADMIN WEB\env_boutique\Lib\site-packages\django\db\backends\base\base.py", line 256, in connect
    self.connection = self.get_new_connection(conn_params)
                      ~~~~~~~~~~~~~~~~~~~~~~~^^^^^^^^^^^^^
  File "C:\Users\donan\Desktop\POS-PROJECT\ADMIN WEB\env_boutique\Lib\site-packages\django\utils\asyncio.py", line 26, in inner
    return func(*args, **kwargs)
  File "C:\Users\donan\Desktop\POS-PROJECT\ADMIN WEB\env_boutique\Lib\site-packages\django\db\backends\postgresql\base.py", line 332, in get_new_connection
    connection = self.Database.connect(**conn_params)
  File "C:\Users\donan\Desktop\POS-PROJECT\ADMIN WEB\env_boutique\Lib\site-packages\psycopg2\__init__.py", line 135, in connect
    conn = _connect(dsn, connection_factory=connection_factory, **kwasync)
psycopg2.OperationalError: could not translate host name "aws-1-eu-west-1.pooler.supabase.com" to address: Name or service not known


The above exception was the direct cause of the following exception:

Traceback (most recent call last):
  File "C:\Users\donan\Desktop\POS-PROJECT\ADMIN WEB\env_boutique\Lib\site-packages\django\core\handlers\exception.py", line 55, in inner
    response = get_response(request)
  File "C:\Users\donan\Desktop\POS-PROJECT\ADMIN WEB\env_boutique\Lib\site-packages\django\core\handlers\base.py", line 197, in _get_response
    response = wrapped_callback(request, *callback_args, **callback_kwargs)
  File "C:\Users\donan\Desktop\POS-PROJECT\ADMIN WEB\env_boutique\Lib\site-packages\django\views\decorators\csrf.py", line 65, in _view_wrapper
    return view_func(request, *args, **kwargs)
  File "C:\Users\donan\Desktop\POS-PROJECT\ADMIN WEB\env_boutique\Lib\site-packages\rest_framework\viewsets.py", line 125, in view
    return self.dispatch(request, *args, **kwargs)
           ~~~~~~~~~~~~~^^^^^^^^^^^^^^^^^^^^^^^^^^
  File "C:\Users\donan\Desktop\POS-PROJECT\ADMIN WEB\env_boutique\Lib\site-packages\rest_framework\views.py", line 515, in dispatch
    response = self.handle_exception(exc)
  File "C:\Users\donan\Desktop\POS-PROJECT\ADMIN WEB\env_boutique\Lib\site-packages\rest_framework\views.py", line 475, in handle_exception
    self.raise_uncaught_exception(exc)
    ~~~~~~~~~~~~~~~~~~~~~~~~~~~~~^^^^^
  File "C:\Users\donan\Desktop\POS-PROJECT\ADMIN WEB\env_boutique\Lib\site-packages\rest_framework\views.py", line 486, in raise_uncaught_exception
    raise exc
  File "C:\Users\donan\Desktop\POS-PROJECT\ADMIN WEB\env_boutique\Lib\site-packages\rest_framework\views.py", line 503, in dispatch
    self.initial(request, *args, **kwargs)
    ~~~~~~~~~~~~^^^^^^^^^^^^^^^^^^^^^^^^^^
  File "C:\Users\donan\Desktop\POS-PROJECT\ADMIN WEB\env_boutique\Lib\site-packages\rest_framework\views.py", line 420, in initial
    self.perform_authentication(request)
    ~~~~~~~~~~~~~~~~~~~~~~~~~~~^^^^^^^^^
  File "C:\Users\donan\Desktop\POS-PROJECT\ADMIN WEB\env_boutique\Lib\site-packages\rest_framework\views.py", line 330, in perform_authentication
    request.user
  File "C:\Users\donan\Desktop\POS-PROJECT\ADMIN WEB\env_boutique\Lib\site-packages\rest_framework\request.py", line 232, in user
    self._authenticate()
    ~~~~~~~~~~~~~~~~~~^^
  File "C:\Users\donan\Desktop\POS-PROJECT\ADMIN WEB\env_boutique\Lib\site-packages\rest_framework\request.py", line 385, in _authenticate
    user_auth_tuple = authenticator.authenticate(self)
  File "C:\Users\donan\Desktop\POS-PROJECT\ADMIN WEB\env_boutique\Lib\site-packages\rest_framework_simplejwt\authentication.py", line 51, in authenticate
    return self.get_user(validated_token), validated_token
           ~~~~~~~~~~~~~^^^^^^^^^^^^^^^^^
  File "C:\Users\donan\Desktop\POS-PROJECT\ADMIN WEB\env_boutique\Lib\site-packages\rest_framework_simplejwt\authentication.py", line 132, in get_user
    user = self.user_model.objects.get(**{api_settings.USER_ID_FIELD: user_id})
  File "C:\Users\donan\Desktop\POS-PROJECT\ADMIN WEB\env_boutique\Lib\site-packages\django\db\models\manager.py", line 87, in manager_method
    return getattr(self.get_queryset(), name)(*args, **kwargs)
           ~~~~~~~~~~~~~~~~~~~~~~~~~~~~~~~~~~^^^^^^^^^^^^^^^^^
  File "C:\Users\donan\Desktop\POS-PROJECT\ADMIN WEB\env_boutique\Lib\site-packages\django\db\models\query.py", line 629, in get
    num = len(clone)
  File "C:\Users\donan\Desktop\POS-PROJECT\ADMIN WEB\env_boutique\Lib\site-packages\django\db\models\query.py", line 366, in __len__
    self._fetch_all()
    ~~~~~~~~~~~~~~~^^
  File "C:\Users\donan\Desktop\POS-PROJECT\ADMIN WEB\env_boutique\Lib\site-packages\django\db\models\query.py", line 1949, in _fetch_all
    self._result_cache = list(self._iterable_class(self))
                         ~~~~^^^^^^^^^^^^^^^^^^^^^^^^^^^^
  File "C:\Users\donan\Desktop\POS-PROJECT\ADMIN WEB\env_boutique\Lib\site-packages\django\db\models\query.py", line 91, in __iter__
    results = compiler.execute_sql(
        chunked_fetch=self.chunked_fetch, chunk_size=self.chunk_size
    )
  File "C:\Users\donan\Desktop\POS-PROJECT\ADMIN WEB\env_boutique\Lib\site-packages\django\db\models\sql\compiler.py", line 1621, in execute_sql
    cursor = self.connection.cursor()
  File "C:\Users\donan\Desktop\POS-PROJECT\ADMIN WEB\env_boutique\Lib\site-packages\django\utils\asyncio.py", line 26, in inner
    return func(*args, **kwargs)
  File "C:\Users\donan\Desktop\POS-PROJECT\ADMIN WEB\env_boutique\Lib\site-packages\django\db\backends\base\base.py", line 320, in cursor
    return self._cursor()
           ~~~~~~~~~~~~^^
  File "C:\Users\donan\Desktop\POS-PROJECT\ADMIN WEB\env_boutique\Lib\site-packages\django\db\backends\base\base.py", line 296, in _cursor
    self.ensure_connection()
    ~~~~~~~~~~~~~~~~~~~~~~^^
  File "C:\Users\donan\Desktop\POS-PROJECT\ADMIN WEB\env_boutique\Lib\site-packages\django\utils\asyncio.py", line 26, in inner
    return func(*args, **kwargs)
  File "C:\Users\donan\Desktop\POS-PROJECT\ADMIN WEB\env_boutique\Lib\site-packages\django\db\backends\base\base.py", line 278, in ensure_connection
    with self.wrap_database_errors:
         ^^^^^^^^^^^^^^^^^^^^^^^^^
  File "C:\Users\donan\Desktop\POS-PROJECT\ADMIN WEB\env_boutique\Lib\site-packages\django\db\utils.py", line 91, in __exit__
    raise dj_exc_value.with_traceback(traceback) from exc_value
  File "C:\Users\donan\Desktop\POS-PROJECT\ADMIN WEB\env_boutique\Lib\site-packages\django\db\backends\base\base.py", line 279, in ensure_connection
    self.connect()
    ~~~~~~~~~~~~^^
  File "C:\Users\donan\Desktop\POS-PROJECT\ADMIN WEB\env_boutique\Lib\site-packages\django\utils\asyncio.py", line 26, in inner
    return func(*args, **kwargs)
  File "C:\Users\donan\Desktop\POS-PROJECT\ADMIN WEB\env_boutique\Lib\site-packages\django\db\backends\base\base.py", line 256, in connect
    self.connection = self.get_new_connection(conn_params)
                      ~~~~~~~~~~~~~~~~~~~~~~~^^^^^^^^^^^^^
  File "C:\Users\donan\Desktop\POS-PROJECT\ADMIN WEB\env_boutique\Lib\site-packages\django\utils\asyncio.py", line 26, in inner
    return func(*args, **kwargs)
  File "C:\Users\donan\Desktop\POS-PROJECT\ADMIN WEB\env_boutique\Lib\site-packages\django\db\backends\postgresql\base.py", line 332, in get_new_connection
    connection = self.Database.connect(**conn_params)
  File "C:\Users\donan\Desktop\POS-PROJECT\ADMIN WEB\env_boutique\Lib\site-packages\psycopg2\__init__.py", line 135, in connect
    conn = _connect(dsn, connection_factory=connection_factory, **kwasync)
django.db.utils.OperationalError: could not translate host name "aws-1-eu-west-1.pooler.supabase.com" to address: Name or service not known

ERROR 2026-03-09 10:15:33,295 basehttp "GET /api/stores/ HTTP/1.1" 500 242175
ERROR 2026-03-09 10:15:33,345 log Internal Server Error: /api/sales/
Traceback (most recent call last):
  File "C:\Users\donan\Desktop\POS-PROJECT\ADMIN WEB\env_boutique\Lib\site-packages\django\db\backends\base\base.py", line 279, in ensure_connection
    self.connect()
    ~~~~~~~~~~~~^^
  File "C:\Users\donan\Desktop\POS-PROJECT\ADMIN WEB\env_boutique\Lib\site-packages\django\utils\asyncio.py", line 26, in inner
    return func(*args, **kwargs)
  File "C:\Users\donan\Desktop\POS-PROJECT\ADMIN WEB\env_boutique\Lib\site-packages\django\db\backends\base\base.py", line 256, in connect
    self.connection = self.get_new_connection(conn_params)
                      ~~~~~~~~~~~~~~~~~~~~~~~^^^^^^^^^^^^^
  File "C:\Users\donan\Desktop\POS-PROJECT\ADMIN WEB\env_boutique\Lib\site-packages\django\utils\asyncio.py", line 26, in inner
    return func(*args, **kwargs)
  File "C:\Users\donan\Desktop\POS-PROJECT\ADMIN WEB\env_boutique\Lib\site-packages\django\db\backends\postgresql\base.py", line 332, in get_new_connection
    connection = self.Database.connect(**conn_params)
  File "C:\Users\donan\Desktop\POS-PROJECT\ADMIN WEB\env_boutique\Lib\site-packages\psycopg2\__init__.py", line 135, in connect
    conn = _connect(dsn, connection_factory=connection_factory, **kwasync)
psycopg2.OperationalError: could not translate host name "aws-1-eu-west-1.pooler.supabase.com" to address: Name or service not known


The above exception was the direct cause of the following exception:

Traceback (most recent call last):
  File "C:\Users\donan\Desktop\POS-PROJECT\ADMIN WEB\env_boutique\Lib\site-packages\django\core\handlers\exception.py", line 55, in inner
    response = get_response(request)
  File "C:\Users\donan\Desktop\POS-PROJECT\ADMIN WEB\env_boutique\Lib\site-packages\django\core\handlers\base.py", line 197, in _get_response
    response = wrapped_callback(request, *callback_args, **callback_kwargs)
  File "C:\Users\donan\Desktop\POS-PROJECT\ADMIN WEB\env_boutique\Lib\site-packages\django\views\decorators\csrf.py", line 65, in _view_wrapper
    return view_func(request, *args, **kwargs)
  File "C:\Users\donan\Desktop\POS-PROJECT\ADMIN WEB\env_boutique\Lib\site-packages\rest_framework\viewsets.py", line 125, in view
    return self.dispatch(request, *args, **kwargs)
           ~~~~~~~~~~~~~^^^^^^^^^^^^^^^^^^^^^^^^^^
  File "C:\Users\donan\Desktop\POS-PROJECT\ADMIN WEB\env_boutique\Lib\site-packages\rest_framework\views.py", line 515, in dispatch
    response = self.handle_exception(exc)
  File "C:\Users\donan\Desktop\POS-PROJECT\ADMIN WEB\env_boutique\Lib\site-packages\rest_framework\views.py", line 475, in handle_exception
    self.raise_uncaught_exception(exc)
    ~~~~~~~~~~~~~~~~~~~~~~~~~~~~~^^^^^
  File "C:\Users\donan\Desktop\POS-PROJECT\ADMIN WEB\env_boutique\Lib\site-packages\rest_framework\views.py", line 486, in raise_uncaught_exception
    raise exc
  File "C:\Users\donan\Desktop\POS-PROJECT\ADMIN WEB\env_boutique\Lib\site-packages\rest_framework\views.py", line 503, in dispatch
    self.initial(request, *args, **kwargs)
    ~~~~~~~~~~~~^^^^^^^^^^^^^^^^^^^^^^^^^^
  File "C:\Users\donan\Desktop\POS-PROJECT\ADMIN WEB\env_boutique\Lib\site-packages\rest_framework\views.py", line 420, in initial
    self.perform_authentication(request)
    ~~~~~~~~~~~~~~~~~~~~~~~~~~~^^^^^^^^^
  File "C:\Users\donan\Desktop\POS-PROJECT\ADMIN WEB\env_boutique\Lib\site-packages\rest_framework\views.py", line 330, in perform_authentication
    request.user
  File "C:\Users\donan\Desktop\POS-PROJECT\ADMIN WEB\env_boutique\Lib\site-packages\rest_framework\request.py", line 232, in user
    self._authenticate()
    ~~~~~~~~~~~~~~~~~~^^
  File "C:\Users\donan\Desktop\POS-PROJECT\ADMIN WEB\env_boutique\Lib\site-packages\rest_framework\request.py", line 385, in _authenticate
    user_auth_tuple = authenticator.authenticate(self)
  File "C:\Users\donan\Desktop\POS-PROJECT\ADMIN WEB\env_boutique\Lib\site-packages\rest_framework_simplejwt\authentication.py", line 51, in authenticate
    return self.get_user(validated_token), validated_token
           ~~~~~~~~~~~~~^^^^^^^^^^^^^^^^^
  File "C:\Users\donan\Desktop\POS-PROJECT\ADMIN WEB\env_boutique\Lib\site-packages\rest_framework_simplejwt\authentication.py", line 132, in get_user
    user = self.user_model.objects.get(**{api_settings.USER_ID_FIELD: user_id})
  File "C:\Users\donan\Desktop\POS-PROJECT\ADMIN WEB\env_boutique\Lib\site-packages\django\db\models\manager.py", line 87, in manager_method
    return getattr(self.get_queryset(), name)(*args, **kwargs)
           ~~~~~~~~~~~~~~~~~~~~~~~~~~~~~~~~~~^^^^^^^^^^^^^^^^^
  File "C:\Users\donan\Desktop\POS-PROJECT\ADMIN WEB\env_boutique\Lib\site-packages\django\db\models\query.py", line 629, in get
    num = len(clone)
  File "C:\Users\donan\Desktop\POS-PROJECT\ADMIN WEB\env_boutique\Lib\site-packages\django\db\models\query.py", line 366, in __len__
    self._fetch_all()
    ~~~~~~~~~~~~~~~^^
  File "C:\Users\donan\Desktop\POS-PROJECT\ADMIN WEB\env_boutique\Lib\site-packages\django\db\models\query.py", line 1949, in _fetch_all
    self._result_cache = list(self._iterable_class(self))
                         ~~~~^^^^^^^^^^^^^^^^^^^^^^^^^^^^
  File "C:\Users\donan\Desktop\POS-PROJECT\ADMIN WEB\env_boutique\Lib\site-packages\django\db\models\query.py", line 91, in __iter__
    results = compiler.execute_sql(
        chunked_fetch=self.chunked_fetch, chunk_size=self.chunk_size
    )
  File "C:\Users\donan\Desktop\POS-PROJECT\ADMIN WEB\env_boutique\Lib\site-packages\django\db\models\sql\compiler.py", line 1621, in execute_sql
    cursor = self.connection.cursor()
  File "C:\Users\donan\Desktop\POS-PROJECT\ADMIN WEB\env_boutique\Lib\site-packages\django\utils\asyncio.py", line 26, in inner
    return func(*args, **kwargs)
  File "C:\Users\donan\Desktop\POS-PROJECT\ADMIN WEB\env_boutique\Lib\site-packages\django\db\backends\base\base.py", line 320, in cursor
    return self._cursor()
           ~~~~~~~~~~~~^^
  File "C:\Users\donan\Desktop\POS-PROJECT\ADMIN WEB\env_boutique\Lib\site-packages\django\db\backends\base\base.py", line 296, in _cursor
    self.ensure_connection()
    ~~~~~~~~~~~~~~~~~~~~~~^^
  File "C:\Users\donan\Desktop\POS-PROJECT\ADMIN WEB\env_boutique\Lib\site-packages\django\utils\asyncio.py", line 26, in inner
    return func(*args, **kwargs)
  File "C:\Users\donan\Desktop\POS-PROJECT\ADMIN WEB\env_boutique\Lib\site-packages\django\db\backends\base\base.py", line 278, in ensure_connection
    with self.wrap_database_errors:
         ^^^^^^^^^^^^^^^^^^^^^^^^^
  File "C:\Users\donan\Desktop\POS-PROJECT\ADMIN WEB\env_boutique\Lib\site-packages\django\db\utils.py", line 91, in __exit__
    raise dj_exc_value.with_traceback(traceback) from exc_value
  File "C:\Users\donan\Desktop\POS-PROJECT\ADMIN WEB\env_boutique\Lib\site-packages\django\db\backends\base\base.py", line 279, in ensure_connection
    self.connect()
    ~~~~~~~~~~~~^^
  File "C:\Users\donan\Desktop\POS-PROJECT\ADMIN WEB\env_boutique\Lib\site-packages\django\utils\asyncio.py", line 26, in inner
    return func(*args, **kwargs)
  File "C:\Users\donan\Desktop\POS-PROJECT\ADMIN WEB\env_boutique\Lib\site-packages\django\db\backends\base\base.py", line 256, in connect
    self.connection = self.get_new_connection(conn_params)
                      ~~~~~~~~~~~~~~~~~~~~~~~^^^^^^^^^^^^^
  File "C:\Users\donan\Desktop\POS-PROJECT\ADMIN WEB\env_boutique\Lib\site-packages\django\utils\asyncio.py", line 26, in inner
    return func(*args, **kwargs)
  File "C:\Users\donan\Desktop\POS-PROJECT\ADMIN WEB\env_boutique\Lib\site-packages\django\db\backends\postgresql\base.py", line 332, in get_new_connection
    connection = self.Database.connect(**conn_params)
  File "C:\Users\donan\Desktop\POS-PROJECT\ADMIN WEB\env_boutique\Lib\site-packages\psycopg2\__init__.py", line 135, in connect
    conn = _connect(dsn, connection_factory=connection_factory, **kwasync)
django.db.utils.OperationalError: could not translate host name "aws-1-eu-west-1.pooler.supabase.com" to address: Name or service not known

ERROR 2026-03-09 10:15:33,356 basehttp "GET /api/sales/ HTTP/1.1" 500 242140
ERROR 2026-03-09 10:15:33,406 log Internal Server Error: /api/employees/
Traceback (most recent call last):
  File "C:\Users\donan\Desktop\POS-PROJECT\ADMIN WEB\env_boutique\Lib\site-packages\django\db\backends\base\base.py", line 279, in ensure_connection
    self.connect()
    ~~~~~~~~~~~~^^
  File "C:\Users\donan\Desktop\POS-PROJECT\ADMIN WEB\env_boutique\Lib\site-packages\django\utils\asyncio.py", line 26, in inner
    return func(*args, **kwargs)
  File "C:\Users\donan\Desktop\POS-PROJECT\ADMIN WEB\env_boutique\Lib\site-packages\django\db\backends\base\base.py", line 256, in connect
    self.connection = self.get_new_connection(conn_params)
                      ~~~~~~~~~~~~~~~~~~~~~~~^^^^^^^^^^^^^
  File "C:\Users\donan\Desktop\POS-PROJECT\ADMIN WEB\env_boutique\Lib\site-packages\django\utils\asyncio.py", line 26, in inner
    return func(*args, **kwargs)
  File "C:\Users\donan\Desktop\POS-PROJECT\ADMIN WEB\env_boutique\Lib\site-packages\django\db\backends\postgresql\base.py", line 332, in get_new_connection
    connection = self.Database.connect(**conn_params)
  File "C:\Users\donan\Desktop\POS-PROJECT\ADMIN WEB\env_boutique\Lib\site-packages\psycopg2\__init__.py", line 135, in connect
    conn = _connect(dsn, connection_factory=connection_factory, **kwasync)
psycopg2.OperationalError: could not translate host name "aws-1-eu-west-1.pooler.supabase.com" to address: Name or service not known


The above exception was the direct cause of the following exception:

Traceback (most recent call last):
  File "C:\Users\donan\Desktop\POS-PROJECT\ADMIN WEB\env_boutique\Lib\site-packages\django\core\handlers\exception.py", line 55, in inner
    response = get_response(request)
  File "C:\Users\donan\Desktop\POS-PROJECT\ADMIN WEB\env_boutique\Lib\site-packages\django\core\handlers\base.py", line 197, in _get_response
    response = wrapped_callback(request, *callback_args, **callback_kwargs)
  File "C:\Users\donan\Desktop\POS-PROJECT\ADMIN WEB\env_boutique\Lib\site-packages\django\views\decorators\csrf.py", line 65, in _view_wrapper
    return view_func(request, *args, **kwargs)
  File "C:\Users\donan\Desktop\POS-PROJECT\ADMIN WEB\env_boutique\Lib\site-packages\rest_framework\viewsets.py", line 125, in view
    return self.dispatch(request, *args, **kwargs)
           ~~~~~~~~~~~~~^^^^^^^^^^^^^^^^^^^^^^^^^^
  File "C:\Users\donan\Desktop\POS-PROJECT\ADMIN WEB\env_boutique\Lib\site-packages\rest_framework\views.py", line 515, in dispatch
    response = self.handle_exception(exc)
  File "C:\Users\donan\Desktop\POS-PROJECT\ADMIN WEB\env_boutique\Lib\site-packages\rest_framework\views.py", line 475, in handle_exception
    self.raise_uncaught_exception(exc)
    ~~~~~~~~~~~~~~~~~~~~~~~~~~~~~^^^^^
  File "C:\Users\donan\Desktop\POS-PROJECT\ADMIN WEB\env_boutique\Lib\site-packages\rest_framework\views.py", line 486, in raise_uncaught_exception
    raise exc
  File "C:\Users\donan\Desktop\POS-PROJECT\ADMIN WEB\env_boutique\Lib\site-packages\rest_framework\views.py", line 503, in dispatch
    self.initial(request, *args, **kwargs)
    ~~~~~~~~~~~~^^^^^^^^^^^^^^^^^^^^^^^^^^
  File "C:\Users\donan\Desktop\POS-PROJECT\ADMIN WEB\env_boutique\Lib\site-packages\rest_framework\views.py", line 420, in initial
    self.perform_authentication(request)
    ~~~~~~~~~~~~~~~~~~~~~~~~~~~^^^^^^^^^
  File "C:\Users\donan\Desktop\POS-PROJECT\ADMIN WEB\env_boutique\Lib\site-packages\rest_framework\views.py", line 330, in perform_authentication
    request.user
  File "C:\Users\donan\Desktop\POS-PROJECT\ADMIN WEB\env_boutique\Lib\site-packages\rest_framework\request.py", line 232, in user
    self._authenticate()
    ~~~~~~~~~~~~~~~~~~^^
  File "C:\Users\donan\Desktop\POS-PROJECT\ADMIN WEB\env_boutique\Lib\site-packages\rest_framework\request.py", line 385, in _authenticate
    user_auth_tuple = authenticator.authenticate(self)
  File "C:\Users\donan\Desktop\POS-PROJECT\ADMIN WEB\env_boutique\Lib\site-packages\rest_framework_simplejwt\authentication.py", line 51, in authenticate
    return self.get_user(validated_token), validated_token
           ~~~~~~~~~~~~~^^^^^^^^^^^^^^^^^
  File "C:\Users\donan\Desktop\POS-PROJECT\ADMIN WEB\env_boutique\Lib\site-packages\rest_framework_simplejwt\authentication.py", line 132, in get_user
    user = self.user_model.objects.get(**{api_settings.USER_ID_FIELD: user_id})
  File "C:\Users\donan\Desktop\POS-PROJECT\ADMIN WEB\env_boutique\Lib\site-packages\django\db\models\manager.py", line 87, in manager_method
    return getattr(self.get_queryset(), name)(*args, **kwargs)
           ~~~~~~~~~~~~~~~~~~~~~~~~~~~~~~~~~~^^^^^^^^^^^^^^^^^
  File "C:\Users\donan\Desktop\POS-PROJECT\ADMIN WEB\env_boutique\Lib\site-packages\django\db\models\query.py", line 629, in get
    num = len(clone)
  File "C:\Users\donan\Desktop\POS-PROJECT\ADMIN WEB\env_boutique\Lib\site-packages\django\db\models\query.py", line 366, in __len__
    self._fetch_all()
    ~~~~~~~~~~~~~~~^^
  File "C:\Users\donan\Desktop\POS-PROJECT\ADMIN WEB\env_boutique\Lib\site-packages\django\db\models\query.py", line 1949, in _fetch_all
    self._result_cache = list(self._iterable_class(self))
                         ~~~~^^^^^^^^^^^^^^^^^^^^^^^^^^^^
  File "C:\Users\donan\Desktop\POS-PROJECT\ADMIN WEB\env_boutique\Lib\site-packages\django\db\models\query.py", line 91, in __iter__
    results = compiler.execute_sql(
        chunked_fetch=self.chunked_fetch, chunk_size=self.chunk_size
    )
  File "C:\Users\donan\Desktop\POS-PROJECT\ADMIN WEB\env_boutique\Lib\site-packages\django\db\models\sql\compiler.py", line 1621, in execute_sql
    cursor = self.connection.cursor()
  File "C:\Users\donan\Desktop\POS-PROJECT\ADMIN WEB\env_boutique\Lib\site-packages\django\utils\asyncio.py", line 26, in inner
    return func(*args, **kwargs)
  File "C:\Users\donan\Desktop\POS-PROJECT\ADMIN WEB\env_boutique\Lib\site-packages\django\db\backends\base\base.py", line 320, in cursor
    return self._cursor()
           ~~~~~~~~~~~~^^
  File "C:\Users\donan\Desktop\POS-PROJECT\ADMIN WEB\env_boutique\Lib\site-packages\django\db\backends\base\base.py", line 296, in _cursor
    self.ensure_connection()
    ~~~~~~~~~~~~~~~~~~~~~~^^
  File "C:\Users\donan\Desktop\POS-PROJECT\ADMIN WEB\env_boutique\Lib\site-packages\django\utils\asyncio.py", line 26, in inner
    return func(*args, **kwargs)
  File "C:\Users\donan\Desktop\POS-PROJECT\ADMIN WEB\env_boutique\Lib\site-packages\django\db\backends\base\base.py", line 278, in ensure_connection
    with self.wrap_database_errors:
         ^^^^^^^^^^^^^^^^^^^^^^^^^
  File "C:\Users\donan\Desktop\POS-PROJECT\ADMIN WEB\env_boutique\Lib\site-packages\django\db\utils.py", line 91, in __exit__
    raise dj_exc_value.with_traceback(traceback) from exc_value
  File "C:\Users\donan\Desktop\POS-PROJECT\ADMIN WEB\env_boutique\Lib\site-packages\django\db\backends\base\base.py", line 279, in ensure_connection
    self.connect()
    ~~~~~~~~~~~~^^
  File "C:\Users\donan\Desktop\POS-PROJECT\ADMIN WEB\env_boutique\Lib\site-packages\django\utils\asyncio.py", line 26, in inner
    return func(*args, **kwargs)
  File "C:\Users\donan\Desktop\POS-PROJECT\ADMIN WEB\env_boutique\Lib\site-packages\django\db\backends\base\base.py", line 256, in connect
    self.connection = self.get_new_connection(conn_params)
                      ~~~~~~~~~~~~~~~~~~~~~~~^^^^^^^^^^^^^
  File "C:\Users\donan\Desktop\POS-PROJECT\ADMIN WEB\env_boutique\Lib\site-packages\django\utils\asyncio.py", line 26, in inner
    return func(*args, **kwargs)
  File "C:\Users\donan\Desktop\POS-PROJECT\ADMIN WEB\env_boutique\Lib\site-packages\django\db\backends\postgresql\base.py", line 332, in get_new_connection
    connection = self.Database.connect(**conn_params)
  File "C:\Users\donan\Desktop\POS-PROJECT\ADMIN WEB\env_boutique\Lib\site-packages\psycopg2\__init__.py", line 135, in connect
    conn = _connect(dsn, connection_factory=connection_factory, **kwasync)
django.db.utils.OperationalError: could not translate host name "aws-1-eu-west-1.pooler.supabase.com" to address: Name or service not known

ERROR 2026-03-09 10:15:33,419 basehttp "GET /api/employees/ HTTP/1.1" 500 242280
ERROR 2026-03-09 10:15:33,467 log Internal Server Error: /api/stores/
Traceback (most recent call last):
  File "C:\Users\donan\Desktop\POS-PROJECT\ADMIN WEB\env_boutique\Lib\site-packages\django\db\backends\base\base.py", line 279, in ensure_connection
    self.connect()
    ~~~~~~~~~~~~^^
  File "C:\Users\donan\Desktop\POS-PROJECT\ADMIN WEB\env_boutique\Lib\site-packages\django\utils\asyncio.py", line 26, in inner
    return func(*args, **kwargs)
  File "C:\Users\donan\Desktop\POS-PROJECT\ADMIN WEB\env_boutique\Lib\site-packages\django\db\backends\base\base.py", line 256, in connect
    self.connection = self.get_new_connection(conn_params)
                      ~~~~~~~~~~~~~~~~~~~~~~~^^^^^^^^^^^^^
  File "C:\Users\donan\Desktop\POS-PROJECT\ADMIN WEB\env_boutique\Lib\site-packages\django\utils\asyncio.py", line 26, in inner
    return func(*args, **kwargs)
  File "C:\Users\donan\Desktop\POS-PROJECT\ADMIN WEB\env_boutique\Lib\site-packages\django\db\backends\postgresql\base.py", line 332, in get_new_connection
    connection = self.Database.connect(**conn_params)
  File "C:\Users\donan\Desktop\POS-PROJECT\ADMIN WEB\env_boutique\Lib\site-packages\psycopg2\__init__.py", line 135, in connect
    conn = _connect(dsn, connection_factory=connection_factory, **kwasync)
psycopg2.OperationalError: could not translate host name "aws-1-eu-west-1.pooler.supabase.com" to address: Name or service not known


The above exception was the direct cause of the following exception:

Traceback (most recent call last):
  File "C:\Users\donan\Desktop\POS-PROJECT\ADMIN WEB\env_boutique\Lib\site-packages\django\core\handlers\exception.py", line 55, in inner
    response = get_response(request)
  File "C:\Users\donan\Desktop\POS-PROJECT\ADMIN WEB\env_boutique\Lib\site-packages\django\core\handlers\base.py", line 197, in _get_response
    response = wrapped_callback(request, *callback_args, **callback_kwargs)
  File "C:\Users\donan\Desktop\POS-PROJECT\ADMIN WEB\env_boutique\Lib\site-packages\django\views\decorators\csrf.py", line 65, in _view_wrapper
    return view_func(request, *args, **kwargs)
  File "C:\Users\donan\Desktop\POS-PROJECT\ADMIN WEB\env_boutique\Lib\site-packages\rest_framework\viewsets.py", line 125, in view
    return self.dispatch(request, *args, **kwargs)
           ~~~~~~~~~~~~~^^^^^^^^^^^^^^^^^^^^^^^^^^
  File "C:\Users\donan\Desktop\POS-PROJECT\ADMIN WEB\env_boutique\Lib\site-packages\rest_framework\views.py", line 515, in dispatch
    response = self.handle_exception(exc)
  File "C:\Users\donan\Desktop\POS-PROJECT\ADMIN WEB\env_boutique\Lib\site-packages\rest_framework\views.py", line 475, in handle_exception
    self.raise_uncaught_exception(exc)
    ~~~~~~~~~~~~~~~~~~~~~~~~~~~~~^^^^^
  File "C:\Users\donan\Desktop\POS-PROJECT\ADMIN WEB\env_boutique\Lib\site-packages\rest_framework\views.py", line 486, in raise_uncaught_exception
    raise exc
  File "C:\Users\donan\Desktop\POS-PROJECT\ADMIN WEB\env_boutique\Lib\site-packages\rest_framework\views.py", line 503, in dispatch
    self.initial(request, *args, **kwargs)
    ~~~~~~~~~~~~^^^^^^^^^^^^^^^^^^^^^^^^^^
  File "C:\Users\donan\Desktop\POS-PROJECT\ADMIN WEB\env_boutique\Lib\site-packages\rest_framework\views.py", line 420, in initial
    self.perform_authentication(request)
    ~~~~~~~~~~~~~~~~~~~~~~~~~~~^^^^^^^^^
  File "C:\Users\donan\Desktop\POS-PROJECT\ADMIN WEB\env_boutique\Lib\site-packages\rest_framework\views.py", line 330, in perform_authentication
    request.user
  File "C:\Users\donan\Desktop\POS-PROJECT\ADMIN WEB\env_boutique\Lib\site-packages\rest_framework\request.py", line 232, in user
    self._authenticate()
    ~~~~~~~~~~~~~~~~~~^^
  File "C:\Users\donan\Desktop\POS-PROJECT\ADMIN WEB\env_boutique\Lib\site-packages\rest_framework\request.py", line 385, in _authenticate
    user_auth_tuple = authenticator.authenticate(self)
  File "C:\Users\donan\Desktop\POS-PROJECT\ADMIN WEB\env_boutique\Lib\site-packages\rest_framework_simplejwt\authentication.py", line 51, in authenticate
    return self.get_user(validated_token), validated_token
           ~~~~~~~~~~~~~^^^^^^^^^^^^^^^^^
  File "C:\Users\donan\Desktop\POS-PROJECT\ADMIN WEB\env_boutique\Lib\site-packages\rest_framework_simplejwt\authentication.py", line 132, in get_user
    user = self.user_model.objects.get(**{api_settings.USER_ID_FIELD: user_id})
  File "C:\Users\donan\Desktop\POS-PROJECT\ADMIN WEB\env_boutique\Lib\site-packages\django\db\models\manager.py", line 87, in manager_method
    return getattr(self.get_queryset(), name)(*args, **kwargs)
           ~~~~~~~~~~~~~~~~~~~~~~~~~~~~~~~~~~^^^^^^^^^^^^^^^^^
  File "C:\Users\donan\Desktop\POS-PROJECT\ADMIN WEB\env_boutique\Lib\site-packages\django\db\models\query.py", line 629, in get
    num = len(clone)
  File "C:\Users\donan\Desktop\POS-PROJECT\ADMIN WEB\env_boutique\Lib\site-packages\django\db\models\query.py", line 366, in __len__
    self._fetch_all()
    ~~~~~~~~~~~~~~~^^
  File "C:\Users\donan\Desktop\POS-PROJECT\ADMIN WEB\env_boutique\Lib\site-packages\django\db\models\query.py", line 1949, in _fetch_all
    self._result_cache = list(self._iterable_class(self))
                         ~~~~^^^^^^^^^^^^^^^^^^^^^^^^^^^^
  File "C:\Users\donan\Desktop\POS-PROJECT\ADMIN WEB\env_boutique\Lib\site-packages\django\db\models\query.py", line 91, in __iter__
    results = compiler.execute_sql(
        chunked_fetch=self.chunked_fetch, chunk_size=self.chunk_size
    )
  File "C:\Users\donan\Desktop\POS-PROJECT\ADMIN WEB\env_boutique\Lib\site-packages\django\db\models\sql\compiler.py", line 1621, in execute_sql
    cursor = self.connection.cursor()
  File "C:\Users\donan\Desktop\POS-PROJECT\ADMIN WEB\env_boutique\Lib\site-packages\django\utils\asyncio.py", line 26, in inner
    return func(*args, **kwargs)
  File "C:\Users\donan\Desktop\POS-PROJECT\ADMIN WEB\env_boutique\Lib\site-packages\django\db\backends\base\base.py", line 320, in cursor
    return self._cursor()
           ~~~~~~~~~~~~^^
  File "C:\Users\donan\Desktop\POS-PROJECT\ADMIN WEB\env_boutique\Lib\site-packages\django\db\backends\base\base.py", line 296, in _cursor
    self.ensure_connection()
    ~~~~~~~~~~~~~~~~~~~~~~^^
  File "C:\Users\donan\Desktop\POS-PROJECT\ADMIN WEB\env_boutique\Lib\site-packages\django\utils\asyncio.py", line 26, in inner
    return func(*args, **kwargs)
  File "C:\Users\donan\Desktop\POS-PROJECT\ADMIN WEB\env_boutique\Lib\site-packages\django\db\backends\base\base.py", line 278, in ensure_connection
    with self.wrap_database_errors:
         ^^^^^^^^^^^^^^^^^^^^^^^^^
  File "C:\Users\donan\Desktop\POS-PROJECT\ADMIN WEB\env_boutique\Lib\site-packages\django\db\utils.py", line 91, in __exit__
    raise dj_exc_value.with_traceback(traceback) from exc_value
  File "C:\Users\donan\Desktop\POS-PROJECT\ADMIN WEB\env_boutique\Lib\site-packages\django\db\backends\base\base.py", line 279, in ensure_connection
    self.connect()
    ~~~~~~~~~~~~^^
  File "C:\Users\donan\Desktop\POS-PROJECT\ADMIN WEB\env_boutique\Lib\site-packages\django\utils\asyncio.py", line 26, in inner
    return func(*args, **kwargs)
  File "C:\Users\donan\Desktop\POS-PROJECT\ADMIN WEB\env_boutique\Lib\site-packages\django\db\backends\base\base.py", line 256, in connect
    self.connection = self.get_new_connection(conn_params)
                      ~~~~~~~~~~~~~~~~~~~~~~~^^^^^^^^^^^^^
  File "C:\Users\donan\Desktop\POS-PROJECT\ADMIN WEB\env_boutique\Lib\site-packages\django\utils\asyncio.py", line 26, in inner
    return func(*args, **kwargs)
  File "C:\Users\donan\Desktop\POS-PROJECT\ADMIN WEB\env_boutique\Lib\site-packages\django\db\backends\postgresql\base.py", line 332, in get_new_connection
    connection = self.Database.connect(**conn_params)
  File "C:\Users\donan\Desktop\POS-PROJECT\ADMIN WEB\env_boutique\Lib\site-packages\psycopg2\__init__.py", line 135, in connect
    conn = _connect(dsn, connection_factory=connection_factory, **kwasync)
django.db.utils.OperationalError: could not translate host name "aws-1-eu-west-1.pooler.supabase.com" to address: Name or service not known

ERROR 2026-03-09 10:15:33,494 log Internal Server Error: /api/products/
Traceback (most recent call last):
  File "C:\Users\donan\Desktop\POS-PROJECT\ADMIN WEB\env_boutique\Lib\site-packages\django\db\backends\base\base.py", line 279, in ensure_connection
    self.connect()
    ~~~~~~~~~~~~^^
  File "C:\Users\donan\Desktop\POS-PROJECT\ADMIN WEB\env_boutique\Lib\site-packages\django\utils\asyncio.py", line 26, in inner
    return func(*args, **kwargs)
  File "C:\Users\donan\Desktop\POS-PROJECT\ADMIN WEB\env_boutique\Lib\site-packages\django\db\backends\base\base.py", line 256, in connect
    self.connection = self.get_new_connection(conn_params)
                      ~~~~~~~~~~~~~~~~~~~~~~~^^^^^^^^^^^^^
  File "C:\Users\donan\Desktop\POS-PROJECT\ADMIN WEB\env_boutique\Lib\site-packages\django\utils\asyncio.py", line 26, in inner
    return func(*args, **kwargs)
  File "C:\Users\donan\Desktop\POS-PROJECT\ADMIN WEB\env_boutique\Lib\site-packages\django\db\backends\postgresql\base.py", line 332, in get_new_connection
    connection = self.Database.connect(**conn_params)
  File "C:\Users\donan\Desktop\POS-PROJECT\ADMIN WEB\env_boutique\Lib\site-packages\psycopg2\__init__.py", line 135, in connect
    conn = _connect(dsn, connection_factory=connection_factory, **kwasync)
psycopg2.OperationalError: could not translate host name "aws-1-eu-west-1.pooler.supabase.com" to address: Name or service not known


The above exception was the direct cause of the following exception:

Traceback (most recent call last):
  File "C:\Users\donan\Desktop\POS-PROJECT\ADMIN WEB\env_boutique\Lib\site-packages\django\core\handlers\exception.py", line 55, in inner
    response = get_response(request)
  File "C:\Users\donan\Desktop\POS-PROJECT\ADMIN WEB\env_boutique\Lib\site-packages\django\core\handlers\base.py", line 197, in _get_response
    response = wrapped_callback(request, *callback_args, **callback_kwargs)
  File "C:\Users\donan\Desktop\POS-PROJECT\ADMIN WEB\env_boutique\Lib\site-packages\django\views\decorators\csrf.py", line 65, in _view_wrapper
    return view_func(request, *args, **kwargs)
  File "C:\Users\donan\Desktop\POS-PROJECT\ADMIN WEB\env_boutique\Lib\site-packages\rest_framework\viewsets.py", line 125, in view
    return self.dispatch(request, *args, **kwargs)
           ~~~~~~~~~~~~~^^^^^^^^^^^^^^^^^^^^^^^^^^
  File "C:\Users\donan\Desktop\POS-PROJECT\ADMIN WEB\env_boutique\Lib\site-packages\rest_framework\views.py", line 515, in dispatch
    response = self.handle_exception(exc)
  File "C:\Users\donan\Desktop\POS-PROJECT\ADMIN WEB\env_boutique\Lib\site-packages\rest_framework\views.py", line 475, in handle_exception
    self.raise_uncaught_exception(exc)
    ~~~~~~~~~~~~~~~~~~~~~~~~~~~~~^^^^^
  File "C:\Users\donan\Desktop\POS-PROJECT\ADMIN WEB\env_boutique\Lib\site-packages\rest_framework\views.py", line 486, in raise_uncaught_exception
    raise exc
  File "C:\Users\donan\Desktop\POS-PROJECT\ADMIN WEB\env_boutique\Lib\site-packages\rest_framework\views.py", line 503, in dispatch
    self.initial(request, *args, **kwargs)
    ~~~~~~~~~~~~^^^^^^^^^^^^^^^^^^^^^^^^^^
  File "C:\Users\donan\Desktop\POS-PROJECT\ADMIN WEB\env_boutique\Lib\site-packages\rest_framework\views.py", line 420, in initial
    self.perform_authentication(request)
    ~~~~~~~~~~~~~~~~~~~~~~~~~~~^^^^^^^^^
  File "C:\Users\donan\Desktop\POS-PROJECT\ADMIN WEB\env_boutique\Lib\site-packages\rest_framework\views.py", line 330, in perform_authentication
    request.user
  File "C:\Users\donan\Desktop\POS-PROJECT\ADMIN WEB\env_boutique\Lib\site-packages\rest_framework\request.py", line 232, in user
    self._authenticate()
    ~~~~~~~~~~~~~~~~~~^^
  File "C:\Users\donan\Desktop\POS-PROJECT\ADMIN WEB\env_boutique\Lib\site-packages\rest_framework\request.py", line 385, in _authenticate
    user_auth_tuple = authenticator.authenticate(self)
  File "C:\Users\donan\Desktop\POS-PROJECT\ADMIN WEB\env_boutique\Lib\site-packages\rest_framework_simplejwt\authentication.py", line 51, in authenticate
    return self.get_user(validated_token), validated_token
           ~~~~~~~~~~~~~^^^^^^^^^^^^^^^^^
  File "C:\Users\donan\Desktop\POS-PROJECT\ADMIN WEB\env_boutique\Lib\site-packages\rest_framework_simplejwt\authentication.py", line 132, in get_user
    user = self.user_model.objects.get(**{api_settings.USER_ID_FIELD: user_id})
  File "C:\Users\donan\Desktop\POS-PROJECT\ADMIN WEB\env_boutique\Lib\site-packages\django\db\models\manager.py", line 87, in manager_method
    return getattr(self.get_queryset(), name)(*args, **kwargs)
           ~~~~~~~~~~~~~~~~~~~~~~~~~~~~~~~~~~^^^^^^^^^^^^^^^^^
  File "C:\Users\donan\Desktop\POS-PROJECT\ADMIN WEB\env_boutique\Lib\site-packages\django\db\models\query.py", line 629, in get
    num = len(clone)
  File "C:\Users\donan\Desktop\POS-PROJECT\ADMIN WEB\env_boutique\Lib\site-packages\django\db\models\query.py", line 366, in __len__
    self._fetch_all()
    ~~~~~~~~~~~~~~~^^
  File "C:\Users\donan\Desktop\POS-PROJECT\ADMIN WEB\env_boutique\Lib\site-packages\django\db\models\query.py", line 1949, in _fetch_all
    self._result_cache = list(self._iterable_class(self))
                         ~~~~^^^^^^^^^^^^^^^^^^^^^^^^^^^^
  File "C:\Users\donan\Desktop\POS-PROJECT\ADMIN WEB\env_boutique\Lib\site-packages\django\db\models\query.py", line 91, in __iter__
    results = compiler.execute_sql(
        chunked_fetch=self.chunked_fetch, chunk_size=self.chunk_size
    )
  File "C:\Users\donan\Desktop\POS-PROJECT\ADMIN WEB\env_boutique\Lib\site-packages\django\db\models\sql\compiler.py", line 1621, in execute_sql
    cursor = self.connection.cursor()
  File "C:\Users\donan\Desktop\POS-PROJECT\ADMIN WEB\env_boutique\Lib\site-packages\django\utils\asyncio.py", line 26, in inner
    return func(*args, **kwargs)
  File "C:\Users\donan\Desktop\POS-PROJECT\ADMIN WEB\env_boutique\Lib\site-packages\django\db\backends\base\base.py", line 320, in cursor
    return self._cursor()
           ~~~~~~~~~~~~^^
  File "C:\Users\donan\Desktop\POS-PROJECT\ADMIN WEB\env_boutique\Lib\site-packages\django\db\backends\base\base.py", line 296, in _cursor
    self.ensure_connection()
    ~~~~~~~~~~~~~~~~~~~~~~^^
  File "C:\Users\donan\Desktop\POS-PROJECT\ADMIN WEB\env_boutique\Lib\site-packages\django\utils\asyncio.py", line 26, in inner
    return func(*args, **kwargs)
  File "C:\Users\donan\Desktop\POS-PROJECT\ADMIN WEB\env_boutique\Lib\site-packages\django\db\backends\base\base.py", line 278, in ensure_connection
    with self.wrap_database_errors:
         ^^^^^^^^^^^^^^^^^^^^^^^^^
  File "C:\Users\donan\Desktop\POS-PROJECT\ADMIN WEB\env_boutique\Lib\site-packages\django\db\utils.py", line 91, in __exit__
    raise dj_exc_value.with_traceback(traceback) from exc_value
  File "C:\Users\donan\Desktop\POS-PROJECT\ADMIN WEB\env_boutique\Lib\site-packages\django\db\backends\base\base.py", line 279, in ensure_connection
    self.connect()
    ~~~~~~~~~~~~^^
  File "C:\Users\donan\Desktop\POS-PROJECT\ADMIN WEB\env_boutique\Lib\site-packages\django\utils\asyncio.py", line 26, in inner
    return func(*args, **kwargs)
  File "C:\Users\donan\Desktop\POS-PROJECT\ADMIN WEB\env_boutique\Lib\site-packages\django\db\backends\base\base.py", line 256, in connect
    self.connection = self.get_new_connection(conn_params)
                      ~~~~~~~~~~~~~~~~~~~~~~~^^^^^^^^^^^^^
  File "C:\Users\donan\Desktop\POS-PROJECT\ADMIN WEB\env_boutique\Lib\site-packages\django\utils\asyncio.py", line 26, in inner
    return func(*args, **kwargs)
  File "C:\Users\donan\Desktop\POS-PROJECT\ADMIN WEB\env_boutique\Lib\site-packages\django\db\backends\postgresql\base.py", line 332, in get_new_connection
    connection = self.Database.connect(**conn_params)
  File "C:\Users\donan\Desktop\POS-PROJECT\ADMIN WEB\env_boutique\Lib\site-packages\psycopg2\__init__.py", line 135, in connect
    conn = _connect(dsn, connection_factory=connection_factory, **kwasync)
django.db.utils.OperationalError: could not translate host name "aws-1-eu-west-1.pooler.supabase.com" to address: Name or service not known

ERROR 2026-03-09 10:15:33,515 basehttp "GET /api/stores/ HTTP/1.1" 500 242175
ERROR 2026-03-09 10:15:33,536 basehttp "GET /api/products/ HTTP/1.1" 500 242245
ERROR 2026-03-09 10:15:33,562 log Internal Server Error: /api/sales/
Traceback (most recent call last):
  File "C:\Users\donan\Desktop\POS-PROJECT\ADMIN WEB\env_boutique\Lib\site-packages\django\db\backends\base\base.py", line 279, in ensure_connection
    self.connect()
    ~~~~~~~~~~~~^^
  File "C:\Users\donan\Desktop\POS-PROJECT\ADMIN WEB\env_boutique\Lib\site-packages\django\utils\asyncio.py", line 26, in inner
    return func(*args, **kwargs)
  File "C:\Users\donan\Desktop\POS-PROJECT\ADMIN WEB\env_boutique\Lib\site-packages\django\db\backends\base\base.py", line 256, in connect
    self.connection = self.get_new_connection(conn_params)
                      ~~~~~~~~~~~~~~~~~~~~~~~^^^^^^^^^^^^^
  File "C:\Users\donan\Desktop\POS-PROJECT\ADMIN WEB\env_boutique\Lib\site-packages\django\utils\asyncio.py", line 26, in inner
    return func(*args, **kwargs)
  File "C:\Users\donan\Desktop\POS-PROJECT\ADMIN WEB\env_boutique\Lib\site-packages\django\db\backends\postgresql\base.py", line 332, in get_new_connection
    connection = self.Database.connect(**conn_params)
  File "C:\Users\donan\Desktop\POS-PROJECT\ADMIN WEB\env_boutique\Lib\site-packages\psycopg2\__init__.py", line 135, in connect
    conn = _connect(dsn, connection_factory=connection_factory, **kwasync)
psycopg2.OperationalError: could not translate host name "aws-1-eu-west-1.pooler.supabase.com" to address: Name or service not known


The above exception was the direct cause of the following exception:

Traceback (most recent call last):
  File "C:\Users\donan\Desktop\POS-PROJECT\ADMIN WEB\env_boutique\Lib\site-packages\django\core\handlers\exception.py", line 55, in inner
    response = get_response(request)
  File "C:\Users\donan\Desktop\POS-PROJECT\ADMIN WEB\env_boutique\Lib\site-packages\django\core\handlers\base.py", line 197, in _get_response
    response = wrapped_callback(request, *callback_args, **callback_kwargs)
  File "C:\Users\donan\Desktop\POS-PROJECT\ADMIN WEB\env_boutique\Lib\site-packages\django\views\decorators\csrf.py", line 65, in _view_wrapper
    return view_func(request, *args, **kwargs)
  File "C:\Users\donan\Desktop\POS-PROJECT\ADMIN WEB\env_boutique\Lib\site-packages\rest_framework\viewsets.py", line 125, in view
    return self.dispatch(request, *args, **kwargs)
           ~~~~~~~~~~~~~^^^^^^^^^^^^^^^^^^^^^^^^^^
  File "C:\Users\donan\Desktop\POS-PROJECT\ADMIN WEB\env_boutique\Lib\site-packages\rest_framework\views.py", line 515, in dispatch
    response = self.handle_exception(exc)
  File "C:\Users\donan\Desktop\POS-PROJECT\ADMIN WEB\env_boutique\Lib\site-packages\rest_framework\views.py", line 475, in handle_exception
    self.raise_uncaught_exception(exc)
    ~~~~~~~~~~~~~~~~~~~~~~~~~~~~~^^^^^
  File "C:\Users\donan\Desktop\POS-PROJECT\ADMIN WEB\env_boutique\Lib\site-packages\rest_framework\views.py", line 486, in raise_uncaught_exception
    raise exc
  File "C:\Users\donan\Desktop\POS-PROJECT\ADMIN WEB\env_boutique\Lib\site-packages\rest_framework\views.py", line 503, in dispatch
    self.initial(request, *args, **kwargs)
    ~~~~~~~~~~~~^^^^^^^^^^^^^^^^^^^^^^^^^^
  File "C:\Users\donan\Desktop\POS-PROJECT\ADMIN WEB\env_boutique\Lib\site-packages\rest_framework\views.py", line 420, in initial
    self.perform_authentication(request)
    ~~~~~~~~~~~~~~~~~~~~~~~~~~~^^^^^^^^^
  File "C:\Users\donan\Desktop\POS-PROJECT\ADMIN WEB\env_boutique\Lib\site-packages\rest_framework\views.py", line 330, in perform_authentication
    request.user
  File "C:\Users\donan\Desktop\POS-PROJECT\ADMIN WEB\env_boutique\Lib\site-packages\rest_framework\request.py", line 232, in user
    self._authenticate()
    ~~~~~~~~~~~~~~~~~~^^
  File "C:\Users\donan\Desktop\POS-PROJECT\ADMIN WEB\env_boutique\Lib\site-packages\rest_framework\request.py", line 385, in _authenticate
    user_auth_tuple = authenticator.authenticate(self)
  File "C:\Users\donan\Desktop\POS-PROJECT\ADMIN WEB\env_boutique\Lib\site-packages\rest_framework_simplejwt\authentication.py", line 51, in authenticate
    return self.get_user(validated_token), validated_token
           ~~~~~~~~~~~~~^^^^^^^^^^^^^^^^^
  File "C:\Users\donan\Desktop\POS-PROJECT\ADMIN WEB\env_boutique\Lib\site-packages\rest_framework_simplejwt\authentication.py", line 132, in get_user
    user = self.user_model.objects.get(**{api_settings.USER_ID_FIELD: user_id})
  File "C:\Users\donan\Desktop\POS-PROJECT\ADMIN WEB\env_boutique\Lib\site-packages\django\db\models\manager.py", line 87, in manager_method
    return getattr(self.get_queryset(), name)(*args, **kwargs)
           ~~~~~~~~~~~~~~~~~~~~~~~~~~~~~~~~~~^^^^^^^^^^^^^^^^^
  File "C:\Users\donan\Desktop\POS-PROJECT\ADMIN WEB\env_boutique\Lib\site-packages\django\db\models\query.py", line 629, in get
    num = len(clone)
  File "C:\Users\donan\Desktop\POS-PROJECT\ADMIN WEB\env_boutique\Lib\site-packages\django\db\models\query.py", line 366, in __len__
    self._fetch_all()
    ~~~~~~~~~~~~~~~^^
  File "C:\Users\donan\Desktop\POS-PROJECT\ADMIN WEB\env_boutique\Lib\site-packages\django\db\models\query.py", line 1949, in _fetch_all
    self._result_cache = list(self._iterable_class(self))
                         ~~~~^^^^^^^^^^^^^^^^^^^^^^^^^^^^
  File "C:\Users\donan\Desktop\POS-PROJECT\ADMIN WEB\env_boutique\Lib\site-packages\django\db\models\query.py", line 91, in __iter__
    results = compiler.execute_sql(
        chunked_fetch=self.chunked_fetch, chunk_size=self.chunk_size
    )
  File "C:\Users\donan\Desktop\POS-PROJECT\ADMIN WEB\env_boutique\Lib\site-packages\django\db\models\sql\compiler.py", line 1621, in execute_sql
    cursor = self.connection.cursor()
  File "C:\Users\donan\Desktop\POS-PROJECT\ADMIN WEB\env_boutique\Lib\site-packages\django\utils\asyncio.py", line 26, in inner
    return func(*args, **kwargs)
  File "C:\Users\donan\Desktop\POS-PROJECT\ADMIN WEB\env_boutique\Lib\site-packages\django\db\backends\base\base.py", line 320, in cursor
    return self._cursor()
           ~~~~~~~~~~~~^^
  File "C:\Users\donan\Desktop\POS-PROJECT\ADMIN WEB\env_boutique\Lib\site-packages\django\db\backends\base\base.py", line 296, in _cursor
    self.ensure_connection()
    ~~~~~~~~~~~~~~~~~~~~~~^^
  File "C:\Users\donan\Desktop\POS-PROJECT\ADMIN WEB\env_boutique\Lib\site-packages\django\utils\asyncio.py", line 26, in inner
    return func(*args, **kwargs)
  File "C:\Users\donan\Desktop\POS-PROJECT\ADMIN WEB\env_boutique\Lib\site-packages\django\db\backends\base\base.py", line 278, in ensure_connection
    with self.wrap_database_errors:
         ^^^^^^^^^^^^^^^^^^^^^^^^^
  File "C:\Users\donan\Desktop\POS-PROJECT\ADMIN WEB\env_boutique\Lib\site-packages\django\db\utils.py", line 91, in __exit__
    raise dj_exc_value.with_traceback(traceback) from exc_value
  File "C:\Users\donan\Desktop\POS-PROJECT\ADMIN WEB\env_boutique\Lib\site-packages\django\db\backends\base\base.py", line 279, in ensure_connection
    self.connect()
    ~~~~~~~~~~~~^^
  File "C:\Users\donan\Desktop\POS-PROJECT\ADMIN WEB\env_boutique\Lib\site-packages\django\utils\asyncio.py", line 26, in inner
    return func(*args, **kwargs)
  File "C:\Users\donan\Desktop\POS-PROJECT\ADMIN WEB\env_boutique\Lib\site-packages\django\db\backends\base\base.py", line 256, in connect
    self.connection = self.get_new_connection(conn_params)
                      ~~~~~~~~~~~~~~~~~~~~~~~^^^^^^^^^^^^^
  File "C:\Users\donan\Desktop\POS-PROJECT\ADMIN WEB\env_boutique\Lib\site-packages\django\utils\asyncio.py", line 26, in inner
    return func(*args, **kwargs)
  File "C:\Users\donan\Desktop\POS-PROJECT\ADMIN WEB\env_boutique\Lib\site-packages\django\db\backends\postgresql\base.py", line 332, in get_new_connection
    connection = self.Database.connect(**conn_params)
  File "C:\Users\donan\Desktop\POS-PROJECT\ADMIN WEB\env_boutique\Lib\site-packages\psycopg2\__init__.py", line 135, in connect
    conn = _connect(dsn, connection_factory=connection_factory, **kwasync)
django.db.utils.OperationalError: could not translate host name "aws-1-eu-west-1.pooler.supabase.com" to address: Name or service not known

ERROR 2026-03-09 10:15:33,583 basehttp "GET /api/sales/ HTTP/1.1" 500 242140
ERROR 2026-03-09 10:15:33,624 log Internal Server Error: /api/employees/
Traceback (most recent call last):
  File "C:\Users\donan\Desktop\POS-PROJECT\ADMIN WEB\env_boutique\Lib\site-packages\django\db\backends\base\base.py", line 279, in ensure_connection
    self.connect()
    ~~~~~~~~~~~~^^
  File "C:\Users\donan\Desktop\POS-PROJECT\ADMIN WEB\env_boutique\Lib\site-packages\django\utils\asyncio.py", line 26, in inner
    return func(*args, **kwargs)
  File "C:\Users\donan\Desktop\POS-PROJECT\ADMIN WEB\env_boutique\Lib\site-packages\django\db\backends\base\base.py", line 256, in connect
    self.connection = self.get_new_connection(conn_params)
                      ~~~~~~~~~~~~~~~~~~~~~~~^^^^^^^^^^^^^
  File "C:\Users\donan\Desktop\POS-PROJECT\ADMIN WEB\env_boutique\Lib\site-packages\django\utils\asyncio.py", line 26, in inner
    return func(*args, **kwargs)
  File "C:\Users\donan\Desktop\POS-PROJECT\ADMIN WEB\env_boutique\Lib\site-packages\django\db\backends\postgresql\base.py", line 332, in get_new_connection
    connection = self.Database.connect(**conn_params)
  File "C:\Users\donan\Desktop\POS-PROJECT\ADMIN WEB\env_boutique\Lib\site-packages\psycopg2\__init__.py", line 135, in connect
    conn = _connect(dsn, connection_factory=connection_factory, **kwasync)
psycopg2.OperationalError: could not translate host name "aws-1-eu-west-1.pooler.supabase.com" to address: Name or service not known


The above exception was the direct cause of the following exception:

Traceback (most recent call last):
  File "C:\Users\donan\Desktop\POS-PROJECT\ADMIN WEB\env_boutique\Lib\site-packages\django\core\handlers\exception.py", line 55, in inner
    response = get_response(request)
  File "C:\Users\donan\Desktop\POS-PROJECT\ADMIN WEB\env_boutique\Lib\site-packages\django\core\handlers\base.py", line 197, in _get_response
    response = wrapped_callback(request, *callback_args, **callback_kwargs)
  File "C:\Users\donan\Desktop\POS-PROJECT\ADMIN WEB\env_boutique\Lib\site-packages\django\views\decorators\csrf.py", line 65, in _view_wrapper
    return view_func(request, *args, **kwargs)
  File "C:\Users\donan\Desktop\POS-PROJECT\ADMIN WEB\env_boutique\Lib\site-packages\rest_framework\viewsets.py", line 125, in view
    return self.dispatch(request, *args, **kwargs)
           ~~~~~~~~~~~~~^^^^^^^^^^^^^^^^^^^^^^^^^^
  File "C:\Users\donan\Desktop\POS-PROJECT\ADMIN WEB\env_boutique\Lib\site-packages\rest_framework\views.py", line 515, in dispatch
    response = self.handle_exception(exc)
  File "C:\Users\donan\Desktop\POS-PROJECT\ADMIN WEB\env_boutique\Lib\site-packages\rest_framework\views.py", line 475, in handle_exception
    self.raise_uncaught_exception(exc)
    ~~~~~~~~~~~~~~~~~~~~~~~~~~~~~^^^^^
  File "C:\Users\donan\Desktop\POS-PROJECT\ADMIN WEB\env_boutique\Lib\site-packages\rest_framework\views.py", line 486, in raise_uncaught_exception
    raise exc
  File "C:\Users\donan\Desktop\POS-PROJECT\ADMIN WEB\env_boutique\Lib\site-packages\rest_framework\views.py", line 503, in dispatch
    self.initial(request, *args, **kwargs)
    ~~~~~~~~~~~~^^^^^^^^^^^^^^^^^^^^^^^^^^
  File "C:\Users\donan\Desktop\POS-PROJECT\ADMIN WEB\env_boutique\Lib\site-packages\rest_framework\views.py", line 420, in initial
    self.perform_authentication(request)
    ~~~~~~~~~~~~~~~~~~~~~~~~~~~^^^^^^^^^
  File "C:\Users\donan\Desktop\POS-PROJECT\ADMIN WEB\env_boutique\Lib\site-packages\rest_framework\views.py", line 330, in perform_authentication
    request.user
  File "C:\Users\donan\Desktop\POS-PROJECT\ADMIN WEB\env_boutique\Lib\site-packages\rest_framework\request.py", line 232, in user
    self._authenticate()
    ~~~~~~~~~~~~~~~~~~^^
  File "C:\Users\donan\Desktop\POS-PROJECT\ADMIN WEB\env_boutique\Lib\site-packages\rest_framework\request.py", line 385, in _authenticate
    user_auth_tuple = authenticator.authenticate(self)
  File "C:\Users\donan\Desktop\POS-PROJECT\ADMIN WEB\env_boutique\Lib\site-packages\rest_framework_simplejwt\authentication.py", line 51, in authenticate
    return self.get_user(validated_token), validated_token
           ~~~~~~~~~~~~~^^^^^^^^^^^^^^^^^
  File "C:\Users\donan\Desktop\POS-PROJECT\ADMIN WEB\env_boutique\Lib\site-packages\rest_framework_simplejwt\authentication.py", line 132, in get_user
    user = self.user_model.objects.get(**{api_settings.USER_ID_FIELD: user_id})
  File "C:\Users\donan\Desktop\POS-PROJECT\ADMIN WEB\env_boutique\Lib\site-packages\django\db\models\manager.py", line 87, in manager_method
    return getattr(self.get_queryset(), name)(*args, **kwargs)
           ~~~~~~~~~~~~~~~~~~~~~~~~~~~~~~~~~~^^^^^^^^^^^^^^^^^
  File "C:\Users\donan\Desktop\POS-PROJECT\ADMIN WEB\env_boutique\Lib\site-packages\django\db\models\query.py", line 629, in get
    num = len(clone)
  File "C:\Users\donan\Desktop\POS-PROJECT\ADMIN WEB\env_boutique\Lib\site-packages\django\db\models\query.py", line 366, in __len__
    self._fetch_all()
    ~~~~~~~~~~~~~~~^^
  File "C:\Users\donan\Desktop\POS-PROJECT\ADMIN WEB\env_boutique\Lib\site-packages\django\db\models\query.py", line 1949, in _fetch_all
    self._result_cache = list(self._iterable_class(self))
                         ~~~~^^^^^^^^^^^^^^^^^^^^^^^^^^^^
  File "C:\Users\donan\Desktop\POS-PROJECT\ADMIN WEB\env_boutique\Lib\site-packages\django\db\models\query.py", line 91, in __iter__
    results = compiler.execute_sql(
        chunked_fetch=self.chunked_fetch, chunk_size=self.chunk_size
    )
  File "C:\Users\donan\Desktop\POS-PROJECT\ADMIN WEB\env_boutique\Lib\site-packages\django\db\models\sql\compiler.py", line 1621, in execute_sql
    cursor = self.connection.cursor()
  File "C:\Users\donan\Desktop\POS-PROJECT\ADMIN WEB\env_boutique\Lib\site-packages\django\utils\asyncio.py", line 26, in inner
    return func(*args, **kwargs)
  File "C:\Users\donan\Desktop\POS-PROJECT\ADMIN WEB\env_boutique\Lib\site-packages\django\db\backends\base\base.py", line 320, in cursor
    return self._cursor()
           ~~~~~~~~~~~~^^
  File "C:\Users\donan\Desktop\POS-PROJECT\ADMIN WEB\env_boutique\Lib\site-packages\django\db\backends\base\base.py", line 296, in _cursor
    self.ensure_connection()
    ~~~~~~~~~~~~~~~~~~~~~~^^
  File "C:\Users\donan\Desktop\POS-PROJECT\ADMIN WEB\env_boutique\Lib\site-packages\django\utils\asyncio.py", line 26, in inner
    return func(*args, **kwargs)
  File "C:\Users\donan\Desktop\POS-PROJECT\ADMIN WEB\env_boutique\Lib\site-packages\django\db\backends\base\base.py", line 278, in ensure_connection
    with self.wrap_database_errors:
         ^^^^^^^^^^^^^^^^^^^^^^^^^
  File "C:\Users\donan\Desktop\POS-PROJECT\ADMIN WEB\env_boutique\Lib\site-packages\django\db\utils.py", line 91, in __exit__
    raise dj_exc_value.with_traceback(traceback) from exc_value
  File "C:\Users\donan\Desktop\POS-PROJECT\ADMIN WEB\env_boutique\Lib\site-packages\django\db\backends\base\base.py", line 279, in ensure_connection
    self.connect()
    ~~~~~~~~~~~~^^
  File "C:\Users\donan\Desktop\POS-PROJECT\ADMIN WEB\env_boutique\Lib\site-packages\django\utils\asyncio.py", line 26, in inner
    return func(*args, **kwargs)
  File "C:\Users\donan\Desktop\POS-PROJECT\ADMIN WEB\env_boutique\Lib\site-packages\django\db\backends\base\base.py", line 256, in connect
    self.connection = self.get_new_connection(conn_params)
                      ~~~~~~~~~~~~~~~~~~~~~~~^^^^^^^^^^^^^
  File "C:\Users\donan\Desktop\POS-PROJECT\ADMIN WEB\env_boutique\Lib\site-packages\django\utils\asyncio.py", line 26, in inner
    return func(*args, **kwargs)
  File "C:\Users\donan\Desktop\POS-PROJECT\ADMIN WEB\env_boutique\Lib\site-packages\django\db\backends\postgresql\base.py", line 332, in get_new_connection
    connection = self.Database.connect(**conn_params)
  File "C:\Users\donan\Desktop\POS-PROJECT\ADMIN WEB\env_boutique\Lib\site-packages\psycopg2\__init__.py", line 135, in connect
    conn = _connect(dsn, connection_factory=connection_factory, **kwasync)
django.db.utils.OperationalError: could not translate host name "aws-1-eu-west-1.pooler.supabase.com" to address: Name or service not known

ERROR 2026-03-09 10:15:33,636 basehttp "GET /api/employees/ HTTP/1.1" 500 242280
ERROR 2026-03-09 10:15:33,677 log Internal Server Error: /api/stores/
Traceback (most recent call last):
  File "C:\Users\donan\Desktop\POS-PROJECT\ADMIN WEB\env_boutique\Lib\site-packages\django\db\backends\base\base.py", line 279, in ensure_connection
    self.connect()
    ~~~~~~~~~~~~^^
  File "C:\Users\donan\Desktop\POS-PROJECT\ADMIN WEB\env_boutique\Lib\site-packages\django\utils\asyncio.py", line 26, in inner
    return func(*args, **kwargs)
  File "C:\Users\donan\Desktop\POS-PROJECT\ADMIN WEB\env_boutique\Lib\site-packages\django\db\backends\base\base.py", line 256, in connect
    self.connection = self.get_new_connection(conn_params)
                      ~~~~~~~~~~~~~~~~~~~~~~~^^^^^^^^^^^^^
  File "C:\Users\donan\Desktop\POS-PROJECT\ADMIN WEB\env_boutique\Lib\site-packages\django\utils\asyncio.py", line 26, in inner
    return func(*args, **kwargs)
  File "C:\Users\donan\Desktop\POS-PROJECT\ADMIN WEB\env_boutique\Lib\site-packages\django\db\backends\postgresql\base.py", line 332, in get_new_connection
    connection = self.Database.connect(**conn_params)
  File "C:\Users\donan\Desktop\POS-PROJECT\ADMIN WEB\env_boutique\Lib\site-packages\psycopg2\__init__.py", line 135, in connect
    conn = _connect(dsn, connection_factory=connection_factory, **kwasync)
psycopg2.OperationalError: could not translate host name "aws-1-eu-west-1.pooler.supabase.com" to address: Name or service not known


The above exception was the direct cause of the following exception:

Traceback (most recent call last):
  File "C:\Users\donan\Desktop\POS-PROJECT\ADMIN WEB\env_boutique\Lib\site-packages\django\core\handlers\exception.py", line 55, in inner
    response = get_response(request)
  File "C:\Users\donan\Desktop\POS-PROJECT\ADMIN WEB\env_boutique\Lib\site-packages\django\core\handlers\base.py", line 197, in _get_response
    response = wrapped_callback(request, *callback_args, **callback_kwargs)
  File "C:\Users\donan\Desktop\POS-PROJECT\ADMIN WEB\env_boutique\Lib\site-packages\django\views\decorators\csrf.py", line 65, in _view_wrapper
    return view_func(request, *args, **kwargs)
  File "C:\Users\donan\Desktop\POS-PROJECT\ADMIN WEB\env_boutique\Lib\site-packages\rest_framework\viewsets.py", line 125, in view
    return self.dispatch(request, *args, **kwargs)
           ~~~~~~~~~~~~~^^^^^^^^^^^^^^^^^^^^^^^^^^
  File "C:\Users\donan\Desktop\POS-PROJECT\ADMIN WEB\env_boutique\Lib\site-packages\rest_framework\views.py", line 515, in dispatch
    response = self.handle_exception(exc)
  File "C:\Users\donan\Desktop\POS-PROJECT\ADMIN WEB\env_boutique\Lib\site-packages\rest_framework\views.py", line 475, in handle_exception
    self.raise_uncaught_exception(exc)
    ~~~~~~~~~~~~~~~~~~~~~~~~~~~~~^^^^^
  File "C:\Users\donan\Desktop\POS-PROJECT\ADMIN WEB\env_boutique\Lib\site-packages\rest_framework\views.py", line 486, in raise_uncaught_exception
    raise exc
  File "C:\Users\donan\Desktop\POS-PROJECT\ADMIN WEB\env_boutique\Lib\site-packages\rest_framework\views.py", line 503, in dispatch
    self.initial(request, *args, **kwargs)
    ~~~~~~~~~~~~^^^^^^^^^^^^^^^^^^^^^^^^^^
  File "C:\Users\donan\Desktop\POS-PROJECT\ADMIN WEB\env_boutique\Lib\site-packages\rest_framework\views.py", line 420, in initial
    self.perform_authentication(request)
    ~~~~~~~~~~~~~~~~~~~~~~~~~~~^^^^^^^^^
  File "C:\Users\donan\Desktop\POS-PROJECT\ADMIN WEB\env_boutique\Lib\site-packages\rest_framework\views.py", line 330, in perform_authentication
    request.user
  File "C:\Users\donan\Desktop\POS-PROJECT\ADMIN WEB\env_boutique\Lib\site-packages\rest_framework\request.py", line 232, in user
    self._authenticate()
    ~~~~~~~~~~~~~~~~~~^^
  File "C:\Users\donan\Desktop\POS-PROJECT\ADMIN WEB\env_boutique\Lib\site-packages\rest_framework\request.py", line 385, in _authenticate
    user_auth_tuple = authenticator.authenticate(self)
  File "C:\Users\donan\Desktop\POS-PROJECT\ADMIN WEB\env_boutique\Lib\site-packages\rest_framework_simplejwt\authentication.py", line 51, in authenticate
    return self.get_user(validated_token), validated_token
           ~~~~~~~~~~~~~^^^^^^^^^^^^^^^^^
  File "C:\Users\donan\Desktop\POS-PROJECT\ADMIN WEB\env_boutique\Lib\site-packages\rest_framework_simplejwt\authentication.py", line 132, in get_user
    user = self.user_model.objects.get(**{api_settings.USER_ID_FIELD: user_id})
  File "C:\Users\donan\Desktop\POS-PROJECT\ADMIN WEB\env_boutique\Lib\site-packages\django\db\models\manager.py", line 87, in manager_method
    return getattr(self.get_queryset(), name)(*args, **kwargs)
           ~~~~~~~~~~~~~~~~~~~~~~~~~~~~~~~~~~^^^^^^^^^^^^^^^^^
  File "C:\Users\donan\Desktop\POS-PROJECT\ADMIN WEB\env_boutique\Lib\site-packages\django\db\models\query.py", line 629, in get
    num = len(clone)
  File "C:\Users\donan\Desktop\POS-PROJECT\ADMIN WEB\env_boutique\Lib\site-packages\django\db\models\query.py", line 366, in __len__
    self._fetch_all()
    ~~~~~~~~~~~~~~~^^
  File "C:\Users\donan\Desktop\POS-PROJECT\ADMIN WEB\env_boutique\Lib\site-packages\django\db\models\query.py", line 1949, in _fetch_all
    self._result_cache = list(self._iterable_class(self))
                         ~~~~^^^^^^^^^^^^^^^^^^^^^^^^^^^^
  File "C:\Users\donan\Desktop\POS-PROJECT\ADMIN WEB\env_boutique\Lib\site-packages\django\db\models\query.py", line 91, in __iter__
    results = compiler.execute_sql(
        chunked_fetch=self.chunked_fetch, chunk_size=self.chunk_size
    )
  File "C:\Users\donan\Desktop\POS-PROJECT\ADMIN WEB\env_boutique\Lib\site-packages\django\db\models\sql\compiler.py", line 1621, in execute_sql
    cursor = self.connection.cursor()
  File "C:\Users\donan\Desktop\POS-PROJECT\ADMIN WEB\env_boutique\Lib\site-packages\django\utils\asyncio.py", line 26, in inner
    return func(*args, **kwargs)
  File "C:\Users\donan\Desktop\POS-PROJECT\ADMIN WEB\env_boutique\Lib\site-packages\django\db\backends\base\base.py", line 320, in cursor
    return self._cursor()
           ~~~~~~~~~~~~^^
  File "C:\Users\donan\Desktop\POS-PROJECT\ADMIN WEB\env_boutique\Lib\site-packages\django\db\backends\base\base.py", line 296, in _cursor
    self.ensure_connection()
    ~~~~~~~~~~~~~~~~~~~~~~^^
  File "C:\Users\donan\Desktop\POS-PROJECT\ADMIN WEB\env_boutique\Lib\site-packages\django\utils\asyncio.py", line 26, in inner
    return func(*args, **kwargs)
  File "C:\Users\donan\Desktop\POS-PROJECT\ADMIN WEB\env_boutique\Lib\site-packages\django\db\backends\base\base.py", line 278, in ensure_connection
    with self.wrap_database_errors:
         ^^^^^^^^^^^^^^^^^^^^^^^^^
  File "C:\Users\donan\Desktop\POS-PROJECT\ADMIN WEB\env_boutique\Lib\site-packages\django\db\utils.py", line 91, in __exit__
    raise dj_exc_value.with_traceback(traceback) from exc_value
  File "C:\Users\donan\Desktop\POS-PROJECT\ADMIN WEB\env_boutique\Lib\site-packages\django\db\backends\base\base.py", line 279, in ensure_connection
    self.connect()
    ~~~~~~~~~~~~^^
  File "C:\Users\donan\Desktop\POS-PROJECT\ADMIN WEB\env_boutique\Lib\site-packages\django\utils\asyncio.py", line 26, in inner
    return func(*args, **kwargs)
  File "C:\Users\donan\Desktop\POS-PROJECT\ADMIN WEB\env_boutique\Lib\site-packages\django\db\backends\base\base.py", line 256, in connect
    self.connection = self.get_new_connection(conn_params)
                      ~~~~~~~~~~~~~~~~~~~~~~~^^^^^^^^^^^^^
  File "C:\Users\donan\Desktop\POS-PROJECT\ADMIN WEB\env_boutique\Lib\site-packages\django\utils\asyncio.py", line 26, in inner
    return func(*args, **kwargs)
  File "C:\Users\donan\Desktop\POS-PROJECT\ADMIN WEB\env_boutique\Lib\site-packages\django\db\backends\postgresql\base.py", line 332, in get_new_connection
    connection = self.Database.connect(**conn_params)
  File "C:\Users\donan\Desktop\POS-PROJECT\ADMIN WEB\env_boutique\Lib\site-packages\psycopg2\__init__.py", line 135, in connect
    conn = _connect(dsn, connection_factory=connection_factory, **kwasync)
django.db.utils.OperationalError: could not translate host name "aws-1-eu-west-1.pooler.supabase.com" to address: Name or service not known

ERROR 2026-03-09 10:15:33,702 log Internal Server Error: /api/requests/
Traceback (most recent call last):
  File "C:\Users\donan\Desktop\POS-PROJECT\ADMIN WEB\env_boutique\Lib\site-packages\django\db\backends\base\base.py", line 279, in ensure_connection
    self.connect()
    ~~~~~~~~~~~~^^
  File "C:\Users\donan\Desktop\POS-PROJECT\ADMIN WEB\env_boutique\Lib\site-packages\django\utils\asyncio.py", line 26, in inner
    return func(*args, **kwargs)
  File "C:\Users\donan\Desktop\POS-PROJECT\ADMIN WEB\env_boutique\Lib\site-packages\django\db\backends\base\base.py", line 256, in connect
    self.connection = self.get_new_connection(conn_params)
                      ~~~~~~~~~~~~~~~~~~~~~~~^^^^^^^^^^^^^
  File "C:\Users\donan\Desktop\POS-PROJECT\ADMIN WEB\env_boutique\Lib\site-packages\django\utils\asyncio.py", line 26, in inner
    return func(*args, **kwargs)
  File "C:\Users\donan\Desktop\POS-PROJECT\ADMIN WEB\env_boutique\Lib\site-packages\django\db\backends\postgresql\base.py", line 332, in get_new_connection
    connection = self.Database.connect(**conn_params)
  File "C:\Users\donan\Desktop\POS-PROJECT\ADMIN WEB\env_boutique\Lib\site-packages\psycopg2\__init__.py", line 135, in connect
    conn = _connect(dsn, connection_factory=connection_factory, **kwasync)
psycopg2.OperationalError: could not translate host name "aws-1-eu-west-1.pooler.supabase.com" to address: Name or service not known


The above exception was the direct cause of the following exception:

Traceback (most recent call last):
  File "C:\Users\donan\Desktop\POS-PROJECT\ADMIN WEB\env_boutique\Lib\site-packages\django\core\handlers\exception.py", line 55, in inner
    response = get_response(request)
  File "C:\Users\donan\Desktop\POS-PROJECT\ADMIN WEB\env_boutique\Lib\site-packages\django\core\handlers\base.py", line 197, in _get_response
    response = wrapped_callback(request, *callback_args, **callback_kwargs)
  File "C:\Users\donan\Desktop\POS-PROJECT\ADMIN WEB\env_boutique\Lib\site-packages\django\views\decorators\csrf.py", line 65, in _view_wrapper
    return view_func(request, *args, **kwargs)
  File "C:\Users\donan\Desktop\POS-PROJECT\ADMIN WEB\env_boutique\Lib\site-packages\django\views\generic\base.py", line 105, in view
    return self.dispatch(request, *args, **kwargs)
           ~~~~~~~~~~~~~^^^^^^^^^^^^^^^^^^^^^^^^^^
  File "C:\Users\donan\Desktop\POS-PROJECT\ADMIN WEB\env_boutique\Lib\site-packages\rest_framework\views.py", line 515, in dispatch
    response = self.handle_exception(exc)
  File "C:\Users\donan\Desktop\POS-PROJECT\ADMIN WEB\env_boutique\Lib\site-packages\rest_framework\views.py", line 475, in handle_exception
    self.raise_uncaught_exception(exc)
    ~~~~~~~~~~~~~~~~~~~~~~~~~~~~~^^^^^
  File "C:\Users\donan\Desktop\POS-PROJECT\ADMIN WEB\env_boutique\Lib\site-packages\rest_framework\views.py", line 486, in raise_uncaught_exception
    raise exc
  File "C:\Users\donan\Desktop\POS-PROJECT\ADMIN WEB\env_boutique\Lib\site-packages\rest_framework\views.py", line 503, in dispatch
    self.initial(request, *args, **kwargs)
    ~~~~~~~~~~~~^^^^^^^^^^^^^^^^^^^^^^^^^^
  File "C:\Users\donan\Desktop\POS-PROJECT\ADMIN WEB\env_boutique\Lib\site-packages\rest_framework\views.py", line 420, in initial
    self.perform_authentication(request)
    ~~~~~~~~~~~~~~~~~~~~~~~~~~~^^^^^^^^^
  File "C:\Users\donan\Desktop\POS-PROJECT\ADMIN WEB\env_boutique\Lib\site-packages\rest_framework\views.py", line 330, in perform_authentication
    request.user
  File "C:\Users\donan\Desktop\POS-PROJECT\ADMIN WEB\env_boutique\Lib\site-packages\rest_framework\request.py", line 232, in user
    self._authenticate()
    ~~~~~~~~~~~~~~~~~~^^
  File "C:\Users\donan\Desktop\POS-PROJECT\ADMIN WEB\env_boutique\Lib\site-packages\rest_framework\request.py", line 385, in _authenticate
    user_auth_tuple = authenticator.authenticate(self)
  File "C:\Users\donan\Desktop\POS-PROJECT\ADMIN WEB\env_boutique\Lib\site-packages\rest_framework_simplejwt\authentication.py", line 51, in authenticate
    return self.get_user(validated_token), validated_token
           ~~~~~~~~~~~~~^^^^^^^^^^^^^^^^^
  File "C:\Users\donan\Desktop\POS-PROJECT\ADMIN WEB\env_boutique\Lib\site-packages\rest_framework_simplejwt\authentication.py", line 132, in get_user
    user = self.user_model.objects.get(**{api_settings.USER_ID_FIELD: user_id})
  File "C:\Users\donan\Desktop\POS-PROJECT\ADMIN WEB\env_boutique\Lib\site-packages\django\db\models\manager.py", line 87, in manager_method
    return getattr(self.get_queryset(), name)(*args, **kwargs)
           ~~~~~~~~~~~~~~~~~~~~~~~~~~~~~~~~~~^^^^^^^^^^^^^^^^^
  File "C:\Users\donan\Desktop\POS-PROJECT\ADMIN WEB\env_boutique\Lib\site-packages\django\db\models\query.py", line 629, in get
    num = len(clone)
  File "C:\Users\donan\Desktop\POS-PROJECT\ADMIN WEB\env_boutique\Lib\site-packages\django\db\models\query.py", line 366, in __len__
    self._fetch_all()
    ~~~~~~~~~~~~~~~^^
  File "C:\Users\donan\Desktop\POS-PROJECT\ADMIN WEB\env_boutique\Lib\site-packages\django\db\models\query.py", line 1949, in _fetch_all
    self._result_cache = list(self._iterable_class(self))
                         ~~~~^^^^^^^^^^^^^^^^^^^^^^^^^^^^
  File "C:\Users\donan\Desktop\POS-PROJECT\ADMIN WEB\env_boutique\Lib\site-packages\django\db\models\query.py", line 91, in __iter__
    results = compiler.execute_sql(
        chunked_fetch=self.chunked_fetch, chunk_size=self.chunk_size
    )
  File "C:\Users\donan\Desktop\POS-PROJECT\ADMIN WEB\env_boutique\Lib\site-packages\django\db\models\sql\compiler.py", line 1621, in execute_sql
    cursor = self.connection.cursor()
  File "C:\Users\donan\Desktop\POS-PROJECT\ADMIN WEB\env_boutique\Lib\site-packages\django\utils\asyncio.py", line 26, in inner
    return func(*args, **kwargs)
  File "C:\Users\donan\Desktop\POS-PROJECT\ADMIN WEB\env_boutique\Lib\site-packages\django\db\backends\base\base.py", line 320, in cursor
    return self._cursor()
           ~~~~~~~~~~~~^^
  File "C:\Users\donan\Desktop\POS-PROJECT\ADMIN WEB\env_boutique\Lib\site-packages\django\db\backends\base\base.py", line 296, in _cursor
    self.ensure_connection()
    ~~~~~~~~~~~~~~~~~~~~~~^^
  File "C:\Users\donan\Desktop\POS-PROJECT\ADMIN WEB\env_boutique\Lib\site-packages\django\utils\asyncio.py", line 26, in inner
    return func(*args, **kwargs)
  File "C:\Users\donan\Desktop\POS-PROJECT\ADMIN WEB\env_boutique\Lib\site-packages\django\db\backends\base\base.py", line 278, in ensure_connection
    with self.wrap_database_errors:
         ^^^^^^^^^^^^^^^^^^^^^^^^^
  File "C:\Users\donan\Desktop\POS-PROJECT\ADMIN WEB\env_boutique\Lib\site-packages\django\db\utils.py", line 91, in __exit__
    raise dj_exc_value.with_traceback(traceback) from exc_value
  File "C:\Users\donan\Desktop\POS-PROJECT\ADMIN WEB\env_boutique\Lib\site-packages\django\db\backends\base\base.py", line 279, in ensure_connection
    self.connect()
    ~~~~~~~~~~~~^^
  File "C:\Users\donan\Desktop\POS-PROJECT\ADMIN WEB\env_boutique\Lib\site-packages\django\utils\asyncio.py", line 26, in inner
    return func(*args, **kwargs)
  File "C:\Users\donan\Desktop\POS-PROJECT\ADMIN WEB\env_boutique\Lib\site-packages\django\db\backends\base\base.py", line 256, in connect
    self.connection = self.get_new_connection(conn_params)
                      ~~~~~~~~~~~~~~~~~~~~~~~^^^^^^^^^^^^^
  File "C:\Users\donan\Desktop\POS-PROJECT\ADMIN WEB\env_boutique\Lib\site-packages\django\utils\asyncio.py", line 26, in inner
    return func(*args, **kwargs)
  File "C:\Users\donan\Desktop\POS-PROJECT\ADMIN WEB\env_boutique\Lib\site-packages\django\db\backends\postgresql\base.py", line 332, in get_new_connection
    connection = self.Database.connect(**conn_params)
  File "C:\Users\donan\Desktop\POS-PROJECT\ADMIN WEB\env_boutique\Lib\site-packages\psycopg2\__init__.py", line 135, in connect
    conn = _connect(dsn, connection_factory=connection_factory, **kwasync)
django.db.utils.OperationalError: could not translate host name "aws-1-eu-west-1.pooler.supabase.com" to address: Name or service not known

ERROR 2026-03-09 10:15:33,711 basehttp "GET /api/stores/ HTTP/1.1" 500 242175
ERROR 2026-03-09 10:15:33,714 basehttp "GET /api/requests/ HTTP/1.1" 500 241566
ERROR 2026-03-09 10:15:33,776 log Internal Server Error: /api/products/
Traceback (most recent call last):
  File "C:\Users\donan\Desktop\POS-PROJECT\ADMIN WEB\env_boutique\Lib\site-packages\django\db\backends\base\base.py", line 279, in ensure_connection
    self.connect()
    ~~~~~~~~~~~~^^
  File "C:\Users\donan\Desktop\POS-PROJECT\ADMIN WEB\env_boutique\Lib\site-packages\django\utils\asyncio.py", line 26, in inner
    return func(*args, **kwargs)
  File "C:\Users\donan\Desktop\POS-PROJECT\ADMIN WEB\env_boutique\Lib\site-packages\django\db\backends\base\base.py", line 256, in connect
    self.connection = self.get_new_connection(conn_params)
                      ~~~~~~~~~~~~~~~~~~~~~~~^^^^^^^^^^^^^
  File "C:\Users\donan\Desktop\POS-PROJECT\ADMIN WEB\env_boutique\Lib\site-packages\django\utils\asyncio.py", line 26, in inner
    return func(*args, **kwargs)
  File "C:\Users\donan\Desktop\POS-PROJECT\ADMIN WEB\env_boutique\Lib\site-packages\django\db\backends\postgresql\base.py", line 332, in get_new_connection
    connection = self.Database.connect(**conn_params)
  File "C:\Users\donan\Desktop\POS-PROJECT\ADMIN WEB\env_boutique\Lib\site-packages\psycopg2\__init__.py", line 135, in connect
    conn = _connect(dsn, connection_factory=connection_factory, **kwasync)
psycopg2.OperationalError: could not translate host name "aws-1-eu-west-1.pooler.supabase.com" to address: Name or service not known


The above exception was the direct cause of the following exception:

Traceback (most recent call last):
  File "C:\Users\donan\Desktop\POS-PROJECT\ADMIN WEB\env_boutique\Lib\site-packages\django\core\handlers\exception.py", line 55, in inner
    response = get_response(request)
  File "C:\Users\donan\Desktop\POS-PROJECT\ADMIN WEB\env_boutique\Lib\site-packages\django\core\handlers\base.py", line 197, in _get_response
    response = wrapped_callback(request, *callback_args, **callback_kwargs)
  File "C:\Users\donan\Desktop\POS-PROJECT\ADMIN WEB\env_boutique\Lib\site-packages\django\views\decorators\csrf.py", line 65, in _view_wrapper
    return view_func(request, *args, **kwargs)
  File "C:\Users\donan\Desktop\POS-PROJECT\ADMIN WEB\env_boutique\Lib\site-packages\rest_framework\viewsets.py", line 125, in view
    return self.dispatch(request, *args, **kwargs)
           ~~~~~~~~~~~~~^^^^^^^^^^^^^^^^^^^^^^^^^^
  File "C:\Users\donan\Desktop\POS-PROJECT\ADMIN WEB\env_boutique\Lib\site-packages\rest_framework\views.py", line 515, in dispatch
    response = self.handle_exception(exc)
  File "C:\Users\donan\Desktop\POS-PROJECT\ADMIN WEB\env_boutique\Lib\site-packages\rest_framework\views.py", line 475, in handle_exception
    self.raise_uncaught_exception(exc)
    ~~~~~~~~~~~~~~~~~~~~~~~~~~~~~^^^^^
  File "C:\Users\donan\Desktop\POS-PROJECT\ADMIN WEB\env_boutique\Lib\site-packages\rest_framework\views.py", line 486, in raise_uncaught_exception
    raise exc
  File "C:\Users\donan\Desktop\POS-PROJECT\ADMIN WEB\env_boutique\Lib\site-packages\rest_framework\views.py", line 503, in dispatch
    self.initial(request, *args, **kwargs)
    ~~~~~~~~~~~~^^^^^^^^^^^^^^^^^^^^^^^^^^
  File "C:\Users\donan\Desktop\POS-PROJECT\ADMIN WEB\env_boutique\Lib\site-packages\rest_framework\views.py", line 420, in initial
    self.perform_authentication(request)
    ~~~~~~~~~~~~~~~~~~~~~~~~~~~^^^^^^^^^
  File "C:\Users\donan\Desktop\POS-PROJECT\ADMIN WEB\env_boutique\Lib\site-packages\rest_framework\views.py", line 330, in perform_authentication
    request.user
  File "C:\Users\donan\Desktop\POS-PROJECT\ADMIN WEB\env_boutique\Lib\site-packages\rest_framework\request.py", line 232, in user
    self._authenticate()
    ~~~~~~~~~~~~~~~~~~^^
  File "C:\Users\donan\Desktop\POS-PROJECT\ADMIN WEB\env_boutique\Lib\site-packages\rest_framework\request.py", line 385, in _authenticate
    user_auth_tuple = authenticator.authenticate(self)
  File "C:\Users\donan\Desktop\POS-PROJECT\ADMIN WEB\env_boutique\Lib\site-packages\rest_framework_simplejwt\authentication.py", line 51, in authenticate
    return self.get_user(validated_token), validated_token
           ~~~~~~~~~~~~~^^^^^^^^^^^^^^^^^
  File "C:\Users\donan\Desktop\POS-PROJECT\ADMIN WEB\env_boutique\Lib\site-packages\rest_framework_simplejwt\authentication.py", line 132, in get_user
    user = self.user_model.objects.get(**{api_settings.USER_ID_FIELD: user_id})
  File "C:\Users\donan\Desktop\POS-PROJECT\ADMIN WEB\env_boutique\Lib\site-packages\django\db\models\manager.py", line 87, in manager_method
    return getattr(self.get_queryset(), name)(*args, **kwargs)
           ~~~~~~~~~~~~~~~~~~~~~~~~~~~~~~~~~~^^^^^^^^^^^^^^^^^
  File "C:\Users\donan\Desktop\POS-PROJECT\ADMIN WEB\env_boutique\Lib\site-packages\django\db\models\query.py", line 629, in get
    num = len(clone)
  File "C:\Users\donan\Desktop\POS-PROJECT\ADMIN WEB\env_boutique\Lib\site-packages\django\db\models\query.py", line 366, in __len__
    self._fetch_all()
    ~~~~~~~~~~~~~~~^^
  File "C:\Users\donan\Desktop\POS-PROJECT\ADMIN WEB\env_boutique\Lib\site-packages\django\db\models\query.py", line 1949, in _fetch_all
    self._result_cache = list(self._iterable_class(self))
                         ~~~~^^^^^^^^^^^^^^^^^^^^^^^^^^^^
  File "C:\Users\donan\Desktop\POS-PROJECT\ADMIN WEB\env_boutique\Lib\site-packages\django\db\models\query.py", line 91, in __iter__
    results = compiler.execute_sql(
        chunked_fetch=self.chunked_fetch, chunk_size=self.chunk_size
    )
  File "C:\Users\donan\Desktop\POS-PROJECT\ADMIN WEB\env_boutique\Lib\site-packages\django\db\models\sql\compiler.py", line 1621, in execute_sql
    cursor = self.connection.cursor()
  File "C:\Users\donan\Desktop\POS-PROJECT\ADMIN WEB\env_boutique\Lib\site-packages\django\utils\asyncio.py", line 26, in inner
    return func(*args, **kwargs)
  File "C:\Users\donan\Desktop\POS-PROJECT\ADMIN WEB\env_boutique\Lib\site-packages\django\db\backends\base\base.py", line 320, in cursor
    return self._cursor()
           ~~~~~~~~~~~~^^
  File "C:\Users\donan\Desktop\POS-PROJECT\ADMIN WEB\env_boutique\Lib\site-packages\django\db\backends\base\base.py", line 296, in _cursor
    self.ensure_connection()
    ~~~~~~~~~~~~~~~~~~~~~~^^
  File "C:\Users\donan\Desktop\POS-PROJECT\ADMIN WEB\env_boutique\Lib\site-packages\django\utils\asyncio.py", line 26, in inner
    return func(*args, **kwargs)
  File "C:\Users\donan\Desktop\POS-PROJECT\ADMIN WEB\env_boutique\Lib\site-packages\django\db\backends\base\base.py", line 278, in ensure_connection
    with self.wrap_database_errors:
         ^^^^^^^^^^^^^^^^^^^^^^^^^
  File "C:\Users\donan\Desktop\POS-PROJECT\ADMIN WEB\env_boutique\Lib\site-packages\django\db\utils.py", line 91, in __exit__
    raise dj_exc_value.with_traceback(traceback) from exc_value
  File "C:\Users\donan\Desktop\POS-PROJECT\ADMIN WEB\env_boutique\Lib\site-packages\django\db\backends\base\base.py", line 279, in ensure_connection
    self.connect()
    ~~~~~~~~~~~~^^
  File "C:\Users\donan\Desktop\POS-PROJECT\ADMIN WEB\env_boutique\Lib\site-packages\django\utils\asyncio.py", line 26, in inner
    return func(*args, **kwargs)
  File "C:\Users\donan\Desktop\POS-PROJECT\ADMIN WEB\env_boutique\Lib\site-packages\django\db\backends\base\base.py", line 256, in connect
    self.connection = self.get_new_connection(conn_params)
                      ~~~~~~~~~~~~~~~~~~~~~~~^^^^^^^^^^^^^
  File "C:\Users\donan\Desktop\POS-PROJECT\ADMIN WEB\env_boutique\Lib\site-packages\django\utils\asyncio.py", line 26, in inner
    return func(*args, **kwargs)
  File "C:\Users\donan\Desktop\POS-PROJECT\ADMIN WEB\env_boutique\Lib\site-packages\django\db\backends\postgresql\base.py", line 332, in get_new_connection
    connection = self.Database.connect(**conn_params)
  File "C:\Users\donan\Desktop\POS-PROJECT\ADMIN WEB\env_boutique\Lib\site-packages\psycopg2\__init__.py", line 135, in connect
    conn = _connect(dsn, connection_factory=connection_factory, **kwasync)
django.db.utils.OperationalError: could not translate host name "aws-1-eu-west-1.pooler.supabase.com" to address: Name or service not known

ERROR 2026-03-09 10:15:33,785 basehttp "GET /api/products/ HTTP/1.1" 500 242245
ERROR 2026-03-09 10:15:33,848 log Internal Server Error: /api/requests/
Traceback (most recent call last):
  File "C:\Users\donan\Desktop\POS-PROJECT\ADMIN WEB\env_boutique\Lib\site-packages\django\db\backends\base\base.py", line 279, in ensure_connection
    self.connect()
    ~~~~~~~~~~~~^^
  File "C:\Users\donan\Desktop\POS-PROJECT\ADMIN WEB\env_boutique\Lib\site-packages\django\utils\asyncio.py", line 26, in inner
    return func(*args, **kwargs)
  File "C:\Users\donan\Desktop\POS-PROJECT\ADMIN WEB\env_boutique\Lib\site-packages\django\db\backends\base\base.py", line 256, in connect
    self.connection = self.get_new_connection(conn_params)
                      ~~~~~~~~~~~~~~~~~~~~~~~^^^^^^^^^^^^^
  File "C:\Users\donan\Desktop\POS-PROJECT\ADMIN WEB\env_boutique\Lib\site-packages\django\utils\asyncio.py", line 26, in inner
    return func(*args, **kwargs)
  File "C:\Users\donan\Desktop\POS-PROJECT\ADMIN WEB\env_boutique\Lib\site-packages\django\db\backends\postgresql\base.py", line 332, in get_new_connection
    connection = self.Database.connect(**conn_params)
  File "C:\Users\donan\Desktop\POS-PROJECT\ADMIN WEB\env_boutique\Lib\site-packages\psycopg2\__init__.py", line 135, in connect
    conn = _connect(dsn, connection_factory=connection_factory, **kwasync)
psycopg2.OperationalError: could not translate host name "aws-1-eu-west-1.pooler.supabase.com" to address: Name or service not known


The above exception was the direct cause of the following exception:

Traceback (most recent call last):
  File "C:\Users\donan\Desktop\POS-PROJECT\ADMIN WEB\env_boutique\Lib\site-packages\django\core\handlers\exception.py", line 55, in inner
    response = get_response(request)
  File "C:\Users\donan\Desktop\POS-PROJECT\ADMIN WEB\env_boutique\Lib\site-packages\django\core\handlers\base.py", line 197, in _get_response
    response = wrapped_callback(request, *callback_args, **callback_kwargs)
  File "C:\Users\donan\Desktop\POS-PROJECT\ADMIN WEB\env_boutique\Lib\site-packages\django\views\decorators\csrf.py", line 65, in _view_wrapper
    return view_func(request, *args, **kwargs)
  File "C:\Users\donan\Desktop\POS-PROJECT\ADMIN WEB\env_boutique\Lib\site-packages\django\views\generic\base.py", line 105, in view
    return self.dispatch(request, *args, **kwargs)
           ~~~~~~~~~~~~~^^^^^^^^^^^^^^^^^^^^^^^^^^
  File "C:\Users\donan\Desktop\POS-PROJECT\ADMIN WEB\env_boutique\Lib\site-packages\rest_framework\views.py", line 515, in dispatch
    response = self.handle_exception(exc)
  File "C:\Users\donan\Desktop\POS-PROJECT\ADMIN WEB\env_boutique\Lib\site-packages\rest_framework\views.py", line 475, in handle_exception
    self.raise_uncaught_exception(exc)
    ~~~~~~~~~~~~~~~~~~~~~~~~~~~~~^^^^^
  File "C:\Users\donan\Desktop\POS-PROJECT\ADMIN WEB\env_boutique\Lib\site-packages\rest_framework\views.py", line 486, in raise_uncaught_exception
    raise exc
  File "C:\Users\donan\Desktop\POS-PROJECT\ADMIN WEB\env_boutique\Lib\site-packages\rest_framework\views.py", line 503, in dispatch
    self.initial(request, *args, **kwargs)
    ~~~~~~~~~~~~^^^^^^^^^^^^^^^^^^^^^^^^^^
  File "C:\Users\donan\Desktop\POS-PROJECT\ADMIN WEB\env_boutique\Lib\site-packages\rest_framework\views.py", line 420, in initial
    self.perform_authentication(request)
    ~~~~~~~~~~~~~~~~~~~~~~~~~~~^^^^^^^^^
  File "C:\Users\donan\Desktop\POS-PROJECT\ADMIN WEB\env_boutique\Lib\site-packages\rest_framework\views.py", line 330, in perform_authentication
    request.user
  File "C:\Users\donan\Desktop\POS-PROJECT\ADMIN WEB\env_boutique\Lib\site-packages\rest_framework\request.py", line 232, in user
    self._authenticate()
    ~~~~~~~~~~~~~~~~~~^^
  File "C:\Users\donan\Desktop\POS-PROJECT\ADMIN WEB\env_boutique\Lib\site-packages\rest_framework\request.py", line 385, in _authenticate
    user_auth_tuple = authenticator.authenticate(self)
  File "C:\Users\donan\Desktop\POS-PROJECT\ADMIN WEB\env_boutique\Lib\site-packages\rest_framework_simplejwt\authentication.py", line 51, in authenticate
    return self.get_user(validated_token), validated_token
           ~~~~~~~~~~~~~^^^^^^^^^^^^^^^^^
  File "C:\Users\donan\Desktop\POS-PROJECT\ADMIN WEB\env_boutique\Lib\site-packages\rest_framework_simplejwt\authentication.py", line 132, in get_user
    user = self.user_model.objects.get(**{api_settings.USER_ID_FIELD: user_id})
  File "C:\Users\donan\Desktop\POS-PROJECT\ADMIN WEB\env_boutique\Lib\site-packages\django\db\models\manager.py", line 87, in manager_method
    return getattr(self.get_queryset(), name)(*args, **kwargs)
           ~~~~~~~~~~~~~~~~~~~~~~~~~~~~~~~~~~^^^^^^^^^^^^^^^^^
  File "C:\Users\donan\Desktop\POS-PROJECT\ADMIN WEB\env_boutique\Lib\site-packages\django\db\models\query.py", line 629, in get
    num = len(clone)
  File "C:\Users\donan\Desktop\POS-PROJECT\ADMIN WEB\env_boutique\Lib\site-packages\django\db\models\query.py", line 366, in __len__
    self._fetch_all()
    ~~~~~~~~~~~~~~~^^
  File "C:\Users\donan\Desktop\POS-PROJECT\ADMIN WEB\env_boutique\Lib\site-packages\django\db\models\query.py", line 1949, in _fetch_all
    self._result_cache = list(self._iterable_class(self))
                         ~~~~^^^^^^^^^^^^^^^^^^^^^^^^^^^^
  File "C:\Users\donan\Desktop\POS-PROJECT\ADMIN WEB\env_boutique\Lib\site-packages\django\db\models\query.py", line 91, in __iter__
    results = compiler.execute_sql(
        chunked_fetch=self.chunked_fetch, chunk_size=self.chunk_size
    )
  File "C:\Users\donan\Desktop\POS-PROJECT\ADMIN WEB\env_boutique\Lib\site-packages\django\db\models\sql\compiler.py", line 1621, in execute_sql
    cursor = self.connection.cursor()
  File "C:\Users\donan\Desktop\POS-PROJECT\ADMIN WEB\env_boutique\Lib\site-packages\django\utils\asyncio.py", line 26, in inner
    return func(*args, **kwargs)
  File "C:\Users\donan\Desktop\POS-PROJECT\ADMIN WEB\env_boutique\Lib\site-packages\django\db\backends\base\base.py", line 320, in cursor
    return self._cursor()
           ~~~~~~~~~~~~^^
  File "C:\Users\donan\Desktop\POS-PROJECT\ADMIN WEB\env_boutique\Lib\site-packages\django\db\backends\base\base.py", line 296, in _cursor
    self.ensure_connection()
    ~~~~~~~~~~~~~~~~~~~~~~^^
  File "C:\Users\donan\Desktop\POS-PROJECT\ADMIN WEB\env_boutique\Lib\site-packages\django\utils\asyncio.py", line 26, in inner
    return func(*args, **kwargs)
  File "C:\Users\donan\Desktop\POS-PROJECT\ADMIN WEB\env_boutique\Lib\site-packages\django\db\backends\base\base.py", line 278, in ensure_connection
    with self.wrap_database_errors:
         ^^^^^^^^^^^^^^^^^^^^^^^^^
  File "C:\Users\donan\Desktop\POS-PROJECT\ADMIN WEB\env_boutique\Lib\site-packages\django\db\utils.py", line 91, in __exit__
    raise dj_exc_value.with_traceback(traceback) from exc_value
  File "C:\Users\donan\Desktop\POS-PROJECT\ADMIN WEB\env_boutique\Lib\site-packages\django\db\backends\base\base.py", line 279, in ensure_connection
    self.connect()
    ~~~~~~~~~~~~^^
  File "C:\Users\donan\Desktop\POS-PROJECT\ADMIN WEB\env_boutique\Lib\site-packages\django\utils\asyncio.py", line 26, in inner
    return func(*args, **kwargs)
  File "C:\Users\donan\Desktop\POS-PROJECT\ADMIN WEB\env_boutique\Lib\site-packages\django\db\backends\base\base.py", line 256, in connect
    self.connection = self.get_new_connection(conn_params)
                      ~~~~~~~~~~~~~~~~~~~~~~~^^^^^^^^^^^^^
  File "C:\Users\donan\Desktop\POS-PROJECT\ADMIN WEB\env_boutique\Lib\site-packages\django\utils\asyncio.py", line 26, in inner
    return func(*args, **kwargs)
  File "C:\Users\donan\Desktop\POS-PROJECT\ADMIN WEB\env_boutique\Lib\site-packages\django\db\backends\postgresql\base.py", line 332, in get_new_connection
    connection = self.Database.connect(**conn_params)
  File "C:\Users\donan\Desktop\POS-PROJECT\ADMIN WEB\env_boutique\Lib\site-packages\psycopg2\__init__.py", line 135, in connect
    conn = _connect(dsn, connection_factory=connection_factory, **kwasync)
django.db.utils.OperationalError: could not translate host name "aws-1-eu-west-1.pooler.supabase.com" to address: Name or service not known

ERROR 2026-03-09 10:15:33,855 basehttp "GET /api/requests/ HTTP/1.1" 500 241566
ERROR 2026-03-09 10:15:40,694 log Internal Server Error: /api/stores/
Traceback (most recent call last):
  File "C:\Users\donan\Desktop\POS-PROJECT\ADMIN WEB\env_boutique\Lib\site-packages\django\db\backends\base\base.py", line 279, in ensure_connection
    self.connect()
    ~~~~~~~~~~~~^^
  File "C:\Users\donan\Desktop\POS-PROJECT\ADMIN WEB\env_boutique\Lib\site-packages\django\utils\asyncio.py", line 26, in inner
    return func(*args, **kwargs)
  File "C:\Users\donan\Desktop\POS-PROJECT\ADMIN WEB\env_boutique\Lib\site-packages\django\db\backends\base\base.py", line 256, in connect
    self.connection = self.get_new_connection(conn_params)
                      ~~~~~~~~~~~~~~~~~~~~~~~^^^^^^^^^^^^^
  File "C:\Users\donan\Desktop\POS-PROJECT\ADMIN WEB\env_boutique\Lib\site-packages\django\utils\asyncio.py", line 26, in inner
    return func(*args, **kwargs)
  File "C:\Users\donan\Desktop\POS-PROJECT\ADMIN WEB\env_boutique\Lib\site-packages\django\db\backends\postgresql\base.py", line 332, in get_new_connection
    connection = self.Database.connect(**conn_params)
  File "C:\Users\donan\Desktop\POS-PROJECT\ADMIN WEB\env_boutique\Lib\site-packages\psycopg2\__init__.py", line 135, in connect
    conn = _connect(dsn, connection_factory=connection_factory, **kwasync)
psycopg2.OperationalError: could not translate host name "aws-1-eu-west-1.pooler.supabase.com" to address: Name or service not known


The above exception was the direct cause of the following exception:

Traceback (most recent call last):
  File "C:\Users\donan\Desktop\POS-PROJECT\ADMIN WEB\env_boutique\Lib\site-packages\django\core\handlers\exception.py", line 55, in inner
    response = get_response(request)
  File "C:\Users\donan\Desktop\POS-PROJECT\ADMIN WEB\env_boutique\Lib\site-packages\django\core\handlers\base.py", line 197, in _get_response
    response = wrapped_callback(request, *callback_args, **callback_kwargs)
  File "C:\Users\donan\Desktop\POS-PROJECT\ADMIN WEB\env_boutique\Lib\site-packages\django\views\decorators\csrf.py", line 65, in _view_wrapper
    return view_func(request, *args, **kwargs)
  File "C:\Users\donan\Desktop\POS-PROJECT\ADMIN WEB\env_boutique\Lib\site-packages\rest_framework\viewsets.py", line 125, in view
    return self.dispatch(request, *args, **kwargs)
           ~~~~~~~~~~~~~^^^^^^^^^^^^^^^^^^^^^^^^^^
  File "C:\Users\donan\Desktop\POS-PROJECT\ADMIN WEB\env_boutique\Lib\site-packages\rest_framework\views.py", line 515, in dispatch
    response = self.handle_exception(exc)
  File "C:\Users\donan\Desktop\POS-PROJECT\ADMIN WEB\env_boutique\Lib\site-packages\rest_framework\views.py", line 475, in handle_exception
    self.raise_uncaught_exception(exc)
    ~~~~~~~~~~~~~~~~~~~~~~~~~~~~~^^^^^
  File "C:\Users\donan\Desktop\POS-PROJECT\ADMIN WEB\env_boutique\Lib\site-packages\rest_framework\views.py", line 486, in raise_uncaught_exception
    raise exc
  File "C:\Users\donan\Desktop\POS-PROJECT\ADMIN WEB\env_boutique\Lib\site-packages\rest_framework\views.py", line 503, in dispatch
    self.initial(request, *args, **kwargs)
    ~~~~~~~~~~~~^^^^^^^^^^^^^^^^^^^^^^^^^^
  File "C:\Users\donan\Desktop\POS-PROJECT\ADMIN WEB\env_boutique\Lib\site-packages\rest_framework\views.py", line 420, in initial
    self.perform_authentication(request)
    ~~~~~~~~~~~~~~~~~~~~~~~~~~~^^^^^^^^^
  File "C:\Users\donan\Desktop\POS-PROJECT\ADMIN WEB\env_boutique\Lib\site-packages\rest_framework\views.py", line 330, in perform_authentication
    request.user
  File "C:\Users\donan\Desktop\POS-PROJECT\ADMIN WEB\env_boutique\Lib\site-packages\rest_framework\request.py", line 232, in user
    self._authenticate()
    ~~~~~~~~~~~~~~~~~~^^
  File "C:\Users\donan\Desktop\POS-PROJECT\ADMIN WEB\env_boutique\Lib\site-packages\rest_framework\request.py", line 385, in _authenticate
    user_auth_tuple = authenticator.authenticate(self)
  File "C:\Users\donan\Desktop\POS-PROJECT\ADMIN WEB\env_boutique\Lib\site-packages\rest_framework_simplejwt\authentication.py", line 51, in authenticate
    return self.get_user(validated_token), validated_token
           ~~~~~~~~~~~~~^^^^^^^^^^^^^^^^^
  File "C:\Users\donan\Desktop\POS-PROJECT\ADMIN WEB\env_boutique\Lib\site-packages\rest_framework_simplejwt\authentication.py", line 132, in get_user
    user = self.user_model.objects.get(**{api_settings.USER_ID_FIELD: user_id})
  File "C:\Users\donan\Desktop\POS-PROJECT\ADMIN WEB\env_boutique\Lib\site-packages\django\db\models\manager.py", line 87, in manager_method
    return getattr(self.get_queryset(), name)(*args, **kwargs)
           ~~~~~~~~~~~~~~~~~~~~~~~~~~~~~~~~~~^^^^^^^^^^^^^^^^^
  File "C:\Users\donan\Desktop\POS-PROJECT\ADMIN WEB\env_boutique\Lib\site-packages\django\db\models\query.py", line 629, in get
    num = len(clone)
  File "C:\Users\donan\Desktop\POS-PROJECT\ADMIN WEB\env_boutique\Lib\site-packages\django\db\models\query.py", line 366, in __len__
    self._fetch_all()
    ~~~~~~~~~~~~~~~^^
  File "C:\Users\donan\Desktop\POS-PROJECT\ADMIN WEB\env_boutique\Lib\site-packages\django\db\models\query.py", line 1949, in _fetch_all
    self._result_cache = list(self._iterable_class(self))
                         ~~~~^^^^^^^^^^^^^^^^^^^^^^^^^^^^
  File "C:\Users\donan\Desktop\POS-PROJECT\ADMIN WEB\env_boutique\Lib\site-packages\django\db\models\query.py", line 91, in __iter__
    results = compiler.execute_sql(
        chunked_fetch=self.chunked_fetch, chunk_size=self.chunk_size
    )
  File "C:\Users\donan\Desktop\POS-PROJECT\ADMIN WEB\env_boutique\Lib\site-packages\django\db\models\sql\compiler.py", line 1621, in execute_sql
    cursor = self.connection.cursor()
  File "C:\Users\donan\Desktop\POS-PROJECT\ADMIN WEB\env_boutique\Lib\site-packages\django\utils\asyncio.py", line 26, in inner
    return func(*args, **kwargs)
  File "C:\Users\donan\Desktop\POS-PROJECT\ADMIN WEB\env_boutique\Lib\site-packages\django\db\backends\base\base.py", line 320, in cursor
    return self._cursor()
           ~~~~~~~~~~~~^^
  File "C:\Users\donan\Desktop\POS-PROJECT\ADMIN WEB\env_boutique\Lib\site-packages\django\db\backends\base\base.py", line 296, in _cursor
    self.ensure_connection()
    ~~~~~~~~~~~~~~~~~~~~~~^^
  File "C:\Users\donan\Desktop\POS-PROJECT\ADMIN WEB\env_boutique\Lib\site-packages\django\utils\asyncio.py", line 26, in inner
    return func(*args, **kwargs)
  File "C:\Users\donan\Desktop\POS-PROJECT\ADMIN WEB\env_boutique\Lib\site-packages\django\db\backends\base\base.py", line 278, in ensure_connection
    with self.wrap_database_errors:
         ^^^^^^^^^^^^^^^^^^^^^^^^^
  File "C:\Users\donan\Desktop\POS-PROJECT\ADMIN WEB\env_boutique\Lib\site-packages\django\db\utils.py", line 91, in __exit__
    raise dj_exc_value.with_traceback(traceback) from exc_value
  File "C:\Users\donan\Desktop\POS-PROJECT\ADMIN WEB\env_boutique\Lib\site-packages\django\db\backends\base\base.py", line 279, in ensure_connection
    self.connect()
    ~~~~~~~~~~~~^^
  File "C:\Users\donan\Desktop\POS-PROJECT\ADMIN WEB\env_boutique\Lib\site-packages\django\utils\asyncio.py", line 26, in inner
    return func(*args, **kwargs)
  File "C:\Users\donan\Desktop\POS-PROJECT\ADMIN WEB\env_boutique\Lib\site-packages\django\db\backends\base\base.py", line 256, in connect
    self.connection = self.get_new_connection(conn_params)
                      ~~~~~~~~~~~~~~~~~~~~~~~^^^^^^^^^^^^^
  File "C:\Users\donan\Desktop\POS-PROJECT\ADMIN WEB\env_boutique\Lib\site-packages\django\utils\asyncio.py", line 26, in inner
    return func(*args, **kwargs)
  File "C:\Users\donan\Desktop\POS-PROJECT\ADMIN WEB\env_boutique\Lib\site-packages\django\db\backends\postgresql\base.py", line 332, in get_new_connection
    connection = self.Database.connect(**conn_params)
  File "C:\Users\donan\Desktop\POS-PROJECT\ADMIN WEB\env_boutique\Lib\site-packages\psycopg2\__init__.py", line 135, in connect
    conn = _connect(dsn, connection_factory=connection_factory, **kwasync)
django.db.utils.OperationalError: could not translate host name "aws-1-eu-west-1.pooler.supabase.com" to address: Name or service not known

ERROR 2026-03-09 10:15:40,721 log Internal Server Error: /api/stocks/
Traceback (most recent call last):
  File "C:\Users\donan\Desktop\POS-PROJECT\ADMIN WEB\env_boutique\Lib\site-packages\django\db\backends\base\base.py", line 279, in ensure_connection
    self.connect()
    ~~~~~~~~~~~~^^
  File "C:\Users\donan\Desktop\POS-PROJECT\ADMIN WEB\env_boutique\Lib\site-packages\django\utils\asyncio.py", line 26, in inner
    return func(*args, **kwargs)
  File "C:\Users\donan\Desktop\POS-PROJECT\ADMIN WEB\env_boutique\Lib\site-packages\django\db\backends\base\base.py", line 256, in connect
    self.connection = self.get_new_connection(conn_params)
                      ~~~~~~~~~~~~~~~~~~~~~~~^^^^^^^^^^^^^
  File "C:\Users\donan\Desktop\POS-PROJECT\ADMIN WEB\env_boutique\Lib\site-packages\django\utils\asyncio.py", line 26, in inner
    return func(*args, **kwargs)
  File "C:\Users\donan\Desktop\POS-PROJECT\ADMIN WEB\env_boutique\Lib\site-packages\django\db\backends\postgresql\base.py", line 332, in get_new_connection
    connection = self.Database.connect(**conn_params)
  File "C:\Users\donan\Desktop\POS-PROJECT\ADMIN WEB\env_boutique\Lib\site-packages\psycopg2\__init__.py", line 135, in connect
    conn = _connect(dsn, connection_factory=connection_factory, **kwasync)
psycopg2.OperationalError: could not translate host name "aws-1-eu-west-1.pooler.supabase.com" to address: Name or service not known


The above exception was the direct cause of the following exception:

Traceback (most recent call last):
  File "C:\Users\donan\Desktop\POS-PROJECT\ADMIN WEB\env_boutique\Lib\site-packages\django\core\handlers\exception.py", line 55, in inner
    response = get_response(request)
  File "C:\Users\donan\Desktop\POS-PROJECT\ADMIN WEB\env_boutique\Lib\site-packages\django\core\handlers\base.py", line 197, in _get_response
    response = wrapped_callback(request, *callback_args, **callback_kwargs)
  File "C:\Users\donan\Desktop\POS-PROJECT\ADMIN WEB\env_boutique\Lib\site-packages\django\views\decorators\csrf.py", line 65, in _view_wrapper
    return view_func(request, *args, **kwargs)
  File "C:\Users\donan\Desktop\POS-PROJECT\ADMIN WEB\env_boutique\Lib\site-packages\rest_framework\viewsets.py", line 125, in view
    return self.dispatch(request, *args, **kwargs)
           ~~~~~~~~~~~~~^^^^^^^^^^^^^^^^^^^^^^^^^^
  File "C:\Users\donan\Desktop\POS-PROJECT\ADMIN WEB\env_boutique\Lib\site-packages\rest_framework\views.py", line 515, in dispatch
    response = self.handle_exception(exc)
  File "C:\Users\donan\Desktop\POS-PROJECT\ADMIN WEB\env_boutique\Lib\site-packages\rest_framework\views.py", line 475, in handle_exception
    self.raise_uncaught_exception(exc)
    ~~~~~~~~~~~~~~~~~~~~~~~~~~~~~^^^^^
  File "C:\Users\donan\Desktop\POS-PROJECT\ADMIN WEB\env_boutique\Lib\site-packages\rest_framework\views.py", line 486, in raise_uncaught_exception
    raise exc
  File "C:\Users\donan\Desktop\POS-PROJECT\ADMIN WEB\env_boutique\Lib\site-packages\rest_framework\views.py", line 503, in dispatch
    self.initial(request, *args, **kwargs)
    ~~~~~~~~~~~~^^^^^^^^^^^^^^^^^^^^^^^^^^
  File "C:\Users\donan\Desktop\POS-PROJECT\ADMIN WEB\env_boutique\Lib\site-packages\rest_framework\views.py", line 420, in initial
    self.perform_authentication(request)
    ~~~~~~~~~~~~~~~~~~~~~~~~~~~^^^^^^^^^
  File "C:\Users\donan\Desktop\POS-PROJECT\ADMIN WEB\env_boutique\Lib\site-packages\rest_framework\views.py", line 330, in perform_authentication
    request.user
  File "C:\Users\donan\Desktop\POS-PROJECT\ADMIN WEB\env_boutique\Lib\site-packages\rest_framework\request.py", line 232, in user
    self._authenticate()
    ~~~~~~~~~~~~~~~~~~^^
  File "C:\Users\donan\Desktop\POS-PROJECT\ADMIN WEB\env_boutique\Lib\site-packages\rest_framework\request.py", line 385, in _authenticate
    user_auth_tuple = authenticator.authenticate(self)
  File "C:\Users\donan\Desktop\POS-PROJECT\ADMIN WEB\env_boutique\Lib\site-packages\rest_framework_simplejwt\authentication.py", line 51, in authenticate
    return self.get_user(validated_token), validated_token
           ~~~~~~~~~~~~~^^^^^^^^^^^^^^^^^
  File "C:\Users\donan\Desktop\POS-PROJECT\ADMIN WEB\env_boutique\Lib\site-packages\rest_framework_simplejwt\authentication.py", line 132, in get_user
    user = self.user_model.objects.get(**{api_settings.USER_ID_FIELD: user_id})
  File "C:\Users\donan\Desktop\POS-PROJECT\ADMIN WEB\env_boutique\Lib\site-packages\django\db\models\manager.py", line 87, in manager_method
    return getattr(self.get_queryset(), name)(*args, **kwargs)
           ~~~~~~~~~~~~~~~~~~~~~~~~~~~~~~~~~~^^^^^^^^^^^^^^^^^
  File "C:\Users\donan\Desktop\POS-PROJECT\ADMIN WEB\env_boutique\Lib\site-packages\django\db\models\query.py", line 629, in get
    num = len(clone)
  File "C:\Users\donan\Desktop\POS-PROJECT\ADMIN WEB\env_boutique\Lib\site-packages\django\db\models\query.py", line 366, in __len__
    self._fetch_all()
    ~~~~~~~~~~~~~~~^^
  File "C:\Users\donan\Desktop\POS-PROJECT\ADMIN WEB\env_boutique\Lib\site-packages\django\db\models\query.py", line 1949, in _fetch_all
    self._result_cache = list(self._iterable_class(self))
                         ~~~~^^^^^^^^^^^^^^^^^^^^^^^^^^^^
  File "C:\Users\donan\Desktop\POS-PROJECT\ADMIN WEB\env_boutique\Lib\site-packages\django\db\models\query.py", line 91, in __iter__
    results = compiler.execute_sql(
        chunked_fetch=self.chunked_fetch, chunk_size=self.chunk_size
    )
  File "C:\Users\donan\Desktop\POS-PROJECT\ADMIN WEB\env_boutique\Lib\site-packages\django\db\models\sql\compiler.py", line 1621, in execute_sql
    cursor = self.connection.cursor()
  File "C:\Users\donan\Desktop\POS-PROJECT\ADMIN WEB\env_boutique\Lib\site-packages\django\utils\asyncio.py", line 26, in inner
    return func(*args, **kwargs)
  File "C:\Users\donan\Desktop\POS-PROJECT\ADMIN WEB\env_boutique\Lib\site-packages\django\db\backends\base\base.py", line 320, in cursor
    return self._cursor()
           ~~~~~~~~~~~~^^
  File "C:\Users\donan\Desktop\POS-PROJECT\ADMIN WEB\env_boutique\Lib\site-packages\django\db\backends\base\base.py", line 296, in _cursor
    self.ensure_connection()
    ~~~~~~~~~~~~~~~~~~~~~~^^
  File "C:\Users\donan\Desktop\POS-PROJECT\ADMIN WEB\env_boutique\Lib\site-packages\django\utils\asyncio.py", line 26, in inner
    return func(*args, **kwargs)
  File "C:\Users\donan\Desktop\POS-PROJECT\ADMIN WEB\env_boutique\Lib\site-packages\django\db\backends\base\base.py", line 278, in ensure_connection
    with self.wrap_database_errors:
         ^^^^^^^^^^^^^^^^^^^^^^^^^
  File "C:\Users\donan\Desktop\POS-PROJECT\ADMIN WEB\env_boutique\Lib\site-packages\django\db\utils.py", line 91, in __exit__
    raise dj_exc_value.with_traceback(traceback) from exc_value
  File "C:\Users\donan\Desktop\POS-PROJECT\ADMIN WEB\env_boutique\Lib\site-packages\django\db\backends\base\base.py", line 279, in ensure_connection
    self.connect()
    ~~~~~~~~~~~~^^
  File "C:\Users\donan\Desktop\POS-PROJECT\ADMIN WEB\env_boutique\Lib\site-packages\django\utils\asyncio.py", line 26, in inner
    return func(*args, **kwargs)
  File "C:\Users\donan\Desktop\POS-PROJECT\ADMIN WEB\env_boutique\Lib\site-packages\django\db\backends\base\base.py", line 256, in connect
    self.connection = self.get_new_connection(conn_params)
                      ~~~~~~~~~~~~~~~~~~~~~~~^^^^^^^^^^^^^
  File "C:\Users\donan\Desktop\POS-PROJECT\ADMIN WEB\env_boutique\Lib\site-packages\django\utils\asyncio.py", line 26, in inner
    return func(*args, **kwargs)
  File "C:\Users\donan\Desktop\POS-PROJECT\ADMIN WEB\env_boutique\Lib\site-packages\django\db\backends\postgresql\base.py", line 332, in get_new_connection
    connection = self.Database.connect(**conn_params)
  File "C:\Users\donan\Desktop\POS-PROJECT\ADMIN WEB\env_boutique\Lib\site-packages\psycopg2\__init__.py", line 135, in connect
    conn = _connect(dsn, connection_factory=connection_factory, **kwasync)
django.db.utils.OperationalError: could not translate host name "aws-1-eu-west-1.pooler.supabase.com" to address: Name or service not known

ERROR 2026-03-09 10:15:40,751 log Internal Server Error: /api/stocks/
Traceback (most recent call last):
  File "C:\Users\donan\Desktop\POS-PROJECT\ADMIN WEB\env_boutique\Lib\site-packages\django\db\backends\base\base.py", line 279, in ensure_connection
    self.connect()
    ~~~~~~~~~~~~^^
  File "C:\Users\donan\Desktop\POS-PROJECT\ADMIN WEB\env_boutique\Lib\site-packages\django\utils\asyncio.py", line 26, in inner
    return func(*args, **kwargs)
  File "C:\Users\donan\Desktop\POS-PROJECT\ADMIN WEB\env_boutique\Lib\site-packages\django\db\backends\base\base.py", line 256, in connect
    self.connection = self.get_new_connection(conn_params)
                      ~~~~~~~~~~~~~~~~~~~~~~~^^^^^^^^^^^^^
  File "C:\Users\donan\Desktop\POS-PROJECT\ADMIN WEB\env_boutique\Lib\site-packages\django\utils\asyncio.py", line 26, in inner
    return func(*args, **kwargs)
  File "C:\Users\donan\Desktop\POS-PROJECT\ADMIN WEB\env_boutique\Lib\site-packages\django\db\backends\postgresql\base.py", line 332, in get_new_connection
    connection = self.Database.connect(**conn_params)
  File "C:\Users\donan\Desktop\POS-PROJECT\ADMIN WEB\env_boutique\Lib\site-packages\psycopg2\__init__.py", line 135, in connect
    conn = _connect(dsn, connection_factory=connection_factory, **kwasync)
psycopg2.OperationalError: could not translate host name "aws-1-eu-west-1.pooler.supabase.com" to address: Name or service not known


The above exception was the direct cause of the following exception:

Traceback (most recent call last):
  File "C:\Users\donan\Desktop\POS-PROJECT\ADMIN WEB\env_boutique\Lib\site-packages\django\core\handlers\exception.py", line 55, in inner
    response = get_response(request)
  File "C:\Users\donan\Desktop\POS-PROJECT\ADMIN WEB\env_boutique\Lib\site-packages\django\core\handlers\base.py", line 197, in _get_response
    response = wrapped_callback(request, *callback_args, **callback_kwargs)
  File "C:\Users\donan\Desktop\POS-PROJECT\ADMIN WEB\env_boutique\Lib\site-packages\django\views\decorators\csrf.py", line 65, in _view_wrapper
    return view_func(request, *args, **kwargs)
  File "C:\Users\donan\Desktop\POS-PROJECT\ADMIN WEB\env_boutique\Lib\site-packages\rest_framework\viewsets.py", line 125, in view
    return self.dispatch(request, *args, **kwargs)
           ~~~~~~~~~~~~~^^^^^^^^^^^^^^^^^^^^^^^^^^
  File "C:\Users\donan\Desktop\POS-PROJECT\ADMIN WEB\env_boutique\Lib\site-packages\rest_framework\views.py", line 515, in dispatch
    response = self.handle_exception(exc)
  File "C:\Users\donan\Desktop\POS-PROJECT\ADMIN WEB\env_boutique\Lib\site-packages\rest_framework\views.py", line 475, in handle_exception
    self.raise_uncaught_exception(exc)
    ~~~~~~~~~~~~~~~~~~~~~~~~~~~~~^^^^^
  File "C:\Users\donan\Desktop\POS-PROJECT\ADMIN WEB\env_boutique\Lib\site-packages\rest_framework\views.py", line 486, in raise_uncaught_exception
    raise exc
  File "C:\Users\donan\Desktop\POS-PROJECT\ADMIN WEB\env_boutique\Lib\site-packages\rest_framework\views.py", line 503, in dispatch
    self.initial(request, *args, **kwargs)
    ~~~~~~~~~~~~^^^^^^^^^^^^^^^^^^^^^^^^^^
  File "C:\Users\donan\Desktop\POS-PROJECT\ADMIN WEB\env_boutique\Lib\site-packages\rest_framework\views.py", line 420, in initial
    self.perform_authentication(request)
    ~~~~~~~~~~~~~~~~~~~~~~~~~~~^^^^^^^^^
  File "C:\Users\donan\Desktop\POS-PROJECT\ADMIN WEB\env_boutique\Lib\site-packages\rest_framework\views.py", line 330, in perform_authentication
    request.user
  File "C:\Users\donan\Desktop\POS-PROJECT\ADMIN WEB\env_boutique\Lib\site-packages\rest_framework\request.py", line 232, in user
    self._authenticate()
    ~~~~~~~~~~~~~~~~~~^^
  File "C:\Users\donan\Desktop\POS-PROJECT\ADMIN WEB\env_boutique\Lib\site-packages\rest_framework\request.py", line 385, in _authenticate
    user_auth_tuple = authenticator.authenticate(self)
  File "C:\Users\donan\Desktop\POS-PROJECT\ADMIN WEB\env_boutique\Lib\site-packages\rest_framework_simplejwt\authentication.py", line 51, in authenticate
    return self.get_user(validated_token), validated_token
           ~~~~~~~~~~~~~^^^^^^^^^^^^^^^^^
  File "C:\Users\donan\Desktop\POS-PROJECT\ADMIN WEB\env_boutique\Lib\site-packages\rest_framework_simplejwt\authentication.py", line 132, in get_user
    user = self.user_model.objects.get(**{api_settings.USER_ID_FIELD: user_id})
  File "C:\Users\donan\Desktop\POS-PROJECT\ADMIN WEB\env_boutique\Lib\site-packages\django\db\models\manager.py", line 87, in manager_method
    return getattr(self.get_queryset(), name)(*args, **kwargs)
           ~~~~~~~~~~~~~~~~~~~~~~~~~~~~~~~~~~^^^^^^^^^^^^^^^^^
  File "C:\Users\donan\Desktop\POS-PROJECT\ADMIN WEB\env_boutique\Lib\site-packages\django\db\models\query.py", line 629, in get
    num = len(clone)
  File "C:\Users\donan\Desktop\POS-PROJECT\ADMIN WEB\env_boutique\Lib\site-packages\django\db\models\query.py", line 366, in __len__
    self._fetch_all()
    ~~~~~~~~~~~~~~~^^
  File "C:\Users\donan\Desktop\POS-PROJECT\ADMIN WEB\env_boutique\Lib\site-packages\django\db\models\query.py", line 1949, in _fetch_all
    self._result_cache = list(self._iterable_class(self))
                         ~~~~^^^^^^^^^^^^^^^^^^^^^^^^^^^^
  File "C:\Users\donan\Desktop\POS-PROJECT\ADMIN WEB\env_boutique\Lib\site-packages\django\db\models\query.py", line 91, in __iter__
    results = compiler.execute_sql(
        chunked_fetch=self.chunked_fetch, chunk_size=self.chunk_size
    )
  File "C:\Users\donan\Desktop\POS-PROJECT\ADMIN WEB\env_boutique\Lib\site-packages\django\db\models\sql\compiler.py", line 1621, in execute_sql
    cursor = self.connection.cursor()
  File "C:\Users\donan\Desktop\POS-PROJECT\ADMIN WEB\env_boutique\Lib\site-packages\django\utils\asyncio.py", line 26, in inner
    return func(*args, **kwargs)
  File "C:\Users\donan\Desktop\POS-PROJECT\ADMIN WEB\env_boutique\Lib\site-packages\django\db\backends\base\base.py", line 320, in cursor
    return self._cursor()
           ~~~~~~~~~~~~^^
  File "C:\Users\donan\Desktop\POS-PROJECT\ADMIN WEB\env_boutique\Lib\site-packages\django\db\backends\base\base.py", line 296, in _cursor
    self.ensure_connection()
    ~~~~~~~~~~~~~~~~~~~~~~^^
  File "C:\Users\donan\Desktop\POS-PROJECT\ADMIN WEB\env_boutique\Lib\site-packages\django\utils\asyncio.py", line 26, in inner
    return func(*args, **kwargs)
  File "C:\Users\donan\Desktop\POS-PROJECT\ADMIN WEB\env_boutique\Lib\site-packages\django\db\backends\base\base.py", line 278, in ensure_connection
    with self.wrap_database_errors:
         ^^^^^^^^^^^^^^^^^^^^^^^^^
  File "C:\Users\donan\Desktop\POS-PROJECT\ADMIN WEB\env_boutique\Lib\site-packages\django\db\utils.py", line 91, in __exit__
    raise dj_exc_value.with_traceback(traceback) from exc_value
  File "C:\Users\donan\Desktop\POS-PROJECT\ADMIN WEB\env_boutique\Lib\site-packages\django\db\backends\base\base.py", line 279, in ensure_connection
    self.connect()
    ~~~~~~~~~~~~^^
  File "C:\Users\donan\Desktop\POS-PROJECT\ADMIN WEB\env_boutique\Lib\site-packages\django\utils\asyncio.py", line 26, in inner
    return func(*args, **kwargs)
  File "C:\Users\donan\Desktop\POS-PROJECT\ADMIN WEB\env_boutique\Lib\site-packages\django\db\backends\base\base.py", line 256, in connect
    self.connection = self.get_new_connection(conn_params)
                      ~~~~~~~~~~~~~~~~~~~~~~~^^^^^^^^^^^^^
  File "C:\Users\donan\Desktop\POS-PROJECT\ADMIN WEB\env_boutique\Lib\site-packages\django\utils\asyncio.py", line 26, in inner
    return func(*args, **kwargs)
  File "C:\Users\donan\Desktop\POS-PROJECT\ADMIN WEB\env_boutique\Lib\site-packages\django\db\backends\postgresql\base.py", line 332, in get_new_connection
    connection = self.Database.connect(**conn_params)
  File "C:\Users\donan\Desktop\POS-PROJECT\ADMIN WEB\env_boutique\Lib\site-packages\psycopg2\__init__.py", line 135, in connect
    conn = _connect(dsn, connection_factory=connection_factory, **kwasync)
django.db.utils.OperationalError: could not translate host name "aws-1-eu-west-1.pooler.supabase.com" to address: Name or service not known

ERROR 2026-03-09 10:15:40,757 basehttp "GET /api/stores/ HTTP/1.1" 500 242175
ERROR 2026-03-09 10:15:40,774 basehttp "GET /api/stocks/?params%5Bexpand%5D=product,store,warehouse&params%5Bpage_size%5D=1000 HTTP/1.1" 500 243841
ERROR 2026-03-09 10:15:40,778 basehttp "GET /api/stocks/?params%5Bexpand%5D=product,store,warehouse&params%5Bpage_size%5D=100 HTTP/1.1" 500 243824
ERROR 2026-03-09 10:15:40,856 log Internal Server Error: /api/stores/
Traceback (most recent call last):
  File "C:\Users\donan\Desktop\POS-PROJECT\ADMIN WEB\env_boutique\Lib\site-packages\django\db\backends\base\base.py", line 279, in ensure_connection
    self.connect()
    ~~~~~~~~~~~~^^
  File "C:\Users\donan\Desktop\POS-PROJECT\ADMIN WEB\env_boutique\Lib\site-packages\django\utils\asyncio.py", line 26, in inner
    return func(*args, **kwargs)
  File "C:\Users\donan\Desktop\POS-PROJECT\ADMIN WEB\env_boutique\Lib\site-packages\django\db\backends\base\base.py", line 256, in connect
    self.connection = self.get_new_connection(conn_params)
                      ~~~~~~~~~~~~~~~~~~~~~~~^^^^^^^^^^^^^
  File "C:\Users\donan\Desktop\POS-PROJECT\ADMIN WEB\env_boutique\Lib\site-packages\django\utils\asyncio.py", line 26, in inner
    return func(*args, **kwargs)
  File "C:\Users\donan\Desktop\POS-PROJECT\ADMIN WEB\env_boutique\Lib\site-packages\django\db\backends\postgresql\base.py", line 332, in get_new_connection
    connection = self.Database.connect(**conn_params)
  File "C:\Users\donan\Desktop\POS-PROJECT\ADMIN WEB\env_boutique\Lib\site-packages\psycopg2\__init__.py", line 135, in connect
    conn = _connect(dsn, connection_factory=connection_factory, **kwasync)
psycopg2.OperationalError: could not translate host name "aws-1-eu-west-1.pooler.supabase.com" to address: Name or service not known


The above exception was the direct cause of the following exception:

Traceback (most recent call last):
  File "C:\Users\donan\Desktop\POS-PROJECT\ADMIN WEB\env_boutique\Lib\site-packages\django\core\handlers\exception.py", line 55, in inner
    response = get_response(request)
  File "C:\Users\donan\Desktop\POS-PROJECT\ADMIN WEB\env_boutique\Lib\site-packages\django\core\handlers\base.py", line 197, in _get_response
    response = wrapped_callback(request, *callback_args, **callback_kwargs)
  File "C:\Users\donan\Desktop\POS-PROJECT\ADMIN WEB\env_boutique\Lib\site-packages\django\views\decorators\csrf.py", line 65, in _view_wrapper
    return view_func(request, *args, **kwargs)
  File "C:\Users\donan\Desktop\POS-PROJECT\ADMIN WEB\env_boutique\Lib\site-packages\rest_framework\viewsets.py", line 125, in view
    return self.dispatch(request, *args, **kwargs)
           ~~~~~~~~~~~~~^^^^^^^^^^^^^^^^^^^^^^^^^^
  File "C:\Users\donan\Desktop\POS-PROJECT\ADMIN WEB\env_boutique\Lib\site-packages\rest_framework\views.py", line 515, in dispatch
    response = self.handle_exception(exc)
  File "C:\Users\donan\Desktop\POS-PROJECT\ADMIN WEB\env_boutique\Lib\site-packages\rest_framework\views.py", line 475, in handle_exception
    self.raise_uncaught_exception(exc)
    ~~~~~~~~~~~~~~~~~~~~~~~~~~~~~^^^^^
  File "C:\Users\donan\Desktop\POS-PROJECT\ADMIN WEB\env_boutique\Lib\site-packages\rest_framework\views.py", line 486, in raise_uncaught_exception
    raise exc
  File "C:\Users\donan\Desktop\POS-PROJECT\ADMIN WEB\env_boutique\Lib\site-packages\rest_framework\views.py", line 503, in dispatch
    self.initial(request, *args, **kwargs)
    ~~~~~~~~~~~~^^^^^^^^^^^^^^^^^^^^^^^^^^
  File "C:\Users\donan\Desktop\POS-PROJECT\ADMIN WEB\env_boutique\Lib\site-packages\rest_framework\views.py", line 420, in initial
    self.perform_authentication(request)
    ~~~~~~~~~~~~~~~~~~~~~~~~~~~^^^^^^^^^
  File "C:\Users\donan\Desktop\POS-PROJECT\ADMIN WEB\env_boutique\Lib\site-packages\rest_framework\views.py", line 330, in perform_authentication
    request.user
  File "C:\Users\donan\Desktop\POS-PROJECT\ADMIN WEB\env_boutique\Lib\site-packages\rest_framework\request.py", line 232, in user
    self._authenticate()
    ~~~~~~~~~~~~~~~~~~^^
  File "C:\Users\donan\Desktop\POS-PROJECT\ADMIN WEB\env_boutique\Lib\site-packages\rest_framework\request.py", line 385, in _authenticate
    user_auth_tuple = authenticator.authenticate(self)
  File "C:\Users\donan\Desktop\POS-PROJECT\ADMIN WEB\env_boutique\Lib\site-packages\rest_framework_simplejwt\authentication.py", line 51, in authenticate
    return self.get_user(validated_token), validated_token
           ~~~~~~~~~~~~~^^^^^^^^^^^^^^^^^
  File "C:\Users\donan\Desktop\POS-PROJECT\ADMIN WEB\env_boutique\Lib\site-packages\rest_framework_simplejwt\authentication.py", line 132, in get_user
    user = self.user_model.objects.get(**{api_settings.USER_ID_FIELD: user_id})
  File "C:\Users\donan\Desktop\POS-PROJECT\ADMIN WEB\env_boutique\Lib\site-packages\django\db\models\manager.py", line 87, in manager_method
    return getattr(self.get_queryset(), name)(*args, **kwargs)
           ~~~~~~~~~~~~~~~~~~~~~~~~~~~~~~~~~~^^^^^^^^^^^^^^^^^
  File "C:\Users\donan\Desktop\POS-PROJECT\ADMIN WEB\env_boutique\Lib\site-packages\django\db\models\query.py", line 629, in get
    num = len(clone)
  File "C:\Users\donan\Desktop\POS-PROJECT\ADMIN WEB\env_boutique\Lib\site-packages\django\db\models\query.py", line 366, in __len__
    self._fetch_all()
    ~~~~~~~~~~~~~~~^^
  File "C:\Users\donan\Desktop\POS-PROJECT\ADMIN WEB\env_boutique\Lib\site-packages\django\db\models\query.py", line 1949, in _fetch_all
    self._result_cache = list(self._iterable_class(self))
                         ~~~~^^^^^^^^^^^^^^^^^^^^^^^^^^^^
  File "C:\Users\donan\Desktop\POS-PROJECT\ADMIN WEB\env_boutique\Lib\site-packages\django\db\models\query.py", line 91, in __iter__
    results = compiler.execute_sql(
        chunked_fetch=self.chunked_fetch, chunk_size=self.chunk_size
    )
  File "C:\Users\donan\Desktop\POS-PROJECT\ADMIN WEB\env_boutique\Lib\site-packages\django\db\models\sql\compiler.py", line 1621, in execute_sql
    cursor = self.connection.cursor()
  File "C:\Users\donan\Desktop\POS-PROJECT\ADMIN WEB\env_boutique\Lib\site-packages\django\utils\asyncio.py", line 26, in inner
    return func(*args, **kwargs)
  File "C:\Users\donan\Desktop\POS-PROJECT\ADMIN WEB\env_boutique\Lib\site-packages\django\db\backends\base\base.py", line 320, in cursor
    return self._cursor()
           ~~~~~~~~~~~~^^
  File "C:\Users\donan\Desktop\POS-PROJECT\ADMIN WEB\env_boutique\Lib\site-packages\django\db\backends\base\base.py", line 296, in _cursor
    self.ensure_connection()
    ~~~~~~~~~~~~~~~~~~~~~~^^
  File "C:\Users\donan\Desktop\POS-PROJECT\ADMIN WEB\env_boutique\Lib\site-packages\django\utils\asyncio.py", line 26, in inner
    return func(*args, **kwargs)
  File "C:\Users\donan\Desktop\POS-PROJECT\ADMIN WEB\env_boutique\Lib\site-packages\django\db\backends\base\base.py", line 278, in ensure_connection
    with self.wrap_database_errors:
         ^^^^^^^^^^^^^^^^^^^^^^^^^
  File "C:\Users\donan\Desktop\POS-PROJECT\ADMIN WEB\env_boutique\Lib\site-packages\django\db\utils.py", line 91, in __exit__
    raise dj_exc_value.with_traceback(traceback) from exc_value
  File "C:\Users\donan\Desktop\POS-PROJECT\ADMIN WEB\env_boutique\Lib\site-packages\django\db\backends\base\base.py", line 279, in ensure_connection
    self.connect()
    ~~~~~~~~~~~~^^
  File "C:\Users\donan\Desktop\POS-PROJECT\ADMIN WEB\env_boutique\Lib\site-packages\django\utils\asyncio.py", line 26, in inner
    return func(*args, **kwargs)
  File "C:\Users\donan\Desktop\POS-PROJECT\ADMIN WEB\env_boutique\Lib\site-packages\django\db\backends\base\base.py", line 256, in connect
    self.connection = self.get_new_connection(conn_params)
                      ~~~~~~~~~~~~~~~~~~~~~~~^^^^^^^^^^^^^
  File "C:\Users\donan\Desktop\POS-PROJECT\ADMIN WEB\env_boutique\Lib\site-packages\django\utils\asyncio.py", line 26, in inner
    return func(*args, **kwargs)
  File "C:\Users\donan\Desktop\POS-PROJECT\ADMIN WEB\env_boutique\Lib\site-packages\django\db\backends\postgresql\base.py", line 332, in get_new_connection
    connection = self.Database.connect(**conn_params)
  File "C:\Users\donan\Desktop\POS-PROJECT\ADMIN WEB\env_boutique\Lib\site-packages\psycopg2\__init__.py", line 135, in connect
    conn = _connect(dsn, connection_factory=connection_factory, **kwasync)
django.db.utils.OperationalError: could not translate host name "aws-1-eu-west-1.pooler.supabase.com" to address: Name or service not known

ERROR 2026-03-09 10:15:40,984 log Internal Server Error: /api/stocks/
Traceback (most recent call last):
  File "C:\Users\donan\Desktop\POS-PROJECT\ADMIN WEB\env_boutique\Lib\site-packages\django\db\backends\base\base.py", line 279, in ensure_connection
    self.connect()
    ~~~~~~~~~~~~^^
  File "C:\Users\donan\Desktop\POS-PROJECT\ADMIN WEB\env_boutique\Lib\site-packages\django\utils\asyncio.py", line 26, in inner
    return func(*args, **kwargs)
  File "C:\Users\donan\Desktop\POS-PROJECT\ADMIN WEB\env_boutique\Lib\site-packages\django\db\backends\base\base.py", line 256, in connect
    self.connection = self.get_new_connection(conn_params)
                      ~~~~~~~~~~~~~~~~~~~~~~~^^^^^^^^^^^^^
  File "C:\Users\donan\Desktop\POS-PROJECT\ADMIN WEB\env_boutique\Lib\site-packages\django\utils\asyncio.py", line 26, in inner
    return func(*args, **kwargs)
  File "C:\Users\donan\Desktop\POS-PROJECT\ADMIN WEB\env_boutique\Lib\site-packages\django\db\backends\postgresql\base.py", line 332, in get_new_connection
    connection = self.Database.connect(**conn_params)
  File "C:\Users\donan\Desktop\POS-PROJECT\ADMIN WEB\env_boutique\Lib\site-packages\psycopg2\__init__.py", line 135, in connect
    conn = _connect(dsn, connection_factory=connection_factory, **kwasync)
psycopg2.OperationalError: could not translate host name "aws-1-eu-west-1.pooler.supabase.com" to address: Name or service not known


The above exception was the direct cause of the following exception:

Traceback (most recent call last):
  File "C:\Users\donan\Desktop\POS-PROJECT\ADMIN WEB\env_boutique\Lib\site-packages\django\core\handlers\exception.py", line 55, in inner
    response = get_response(request)
  File "C:\Users\donan\Desktop\POS-PROJECT\ADMIN WEB\env_boutique\Lib\site-packages\django\core\handlers\base.py", line 197, in _get_response
    response = wrapped_callback(request, *callback_args, **callback_kwargs)
  File "C:\Users\donan\Desktop\POS-PROJECT\ADMIN WEB\env_boutique\Lib\site-packages\django\views\decorators\csrf.py", line 65, in _view_wrapper
    return view_func(request, *args, **kwargs)
  File "C:\Users\donan\Desktop\POS-PROJECT\ADMIN WEB\env_boutique\Lib\site-packages\rest_framework\viewsets.py", line 125, in view
    return self.dispatch(request, *args, **kwargs)
           ~~~~~~~~~~~~~^^^^^^^^^^^^^^^^^^^^^^^^^^
  File "C:\Users\donan\Desktop\POS-PROJECT\ADMIN WEB\env_boutique\Lib\site-packages\rest_framework\views.py", line 515, in dispatch
    response = self.handle_exception(exc)
  File "C:\Users\donan\Desktop\POS-PROJECT\ADMIN WEB\env_boutique\Lib\site-packages\rest_framework\views.py", line 475, in handle_exception
    self.raise_uncaught_exception(exc)
    ~~~~~~~~~~~~~~~~~~~~~~~~~~~~~^^^^^
  File "C:\Users\donan\Desktop\POS-PROJECT\ADMIN WEB\env_boutique\Lib\site-packages\rest_framework\views.py", line 486, in raise_uncaught_exception
    raise exc
  File "C:\Users\donan\Desktop\POS-PROJECT\ADMIN WEB\env_boutique\Lib\site-packages\rest_framework\views.py", line 503, in dispatch
    self.initial(request, *args, **kwargs)
    ~~~~~~~~~~~~^^^^^^^^^^^^^^^^^^^^^^^^^^
  File "C:\Users\donan\Desktop\POS-PROJECT\ADMIN WEB\env_boutique\Lib\site-packages\rest_framework\views.py", line 420, in initial
    self.perform_authentication(request)
    ~~~~~~~~~~~~~~~~~~~~~~~~~~~^^^^^^^^^
  File "C:\Users\donan\Desktop\POS-PROJECT\ADMIN WEB\env_boutique\Lib\site-packages\rest_framework\views.py", line 330, in perform_authentication
    request.user
  File "C:\Users\donan\Desktop\POS-PROJECT\ADMIN WEB\env_boutique\Lib\site-packages\rest_framework\request.py", line 232, in user
    self._authenticate()
    ~~~~~~~~~~~~~~~~~~^^
  File "C:\Users\donan\Desktop\POS-PROJECT\ADMIN WEB\env_boutique\Lib\site-packages\rest_framework\request.py", line 385, in _authenticate
    user_auth_tuple = authenticator.authenticate(self)
  File "C:\Users\donan\Desktop\POS-PROJECT\ADMIN WEB\env_boutique\Lib\site-packages\rest_framework_simplejwt\authentication.py", line 51, in authenticate
    return self.get_user(validated_token), validated_token
           ~~~~~~~~~~~~~^^^^^^^^^^^^^^^^^
  File "C:\Users\donan\Desktop\POS-PROJECT\ADMIN WEB\env_boutique\Lib\site-packages\rest_framework_simplejwt\authentication.py", line 132, in get_user
    user = self.user_model.objects.get(**{api_settings.USER_ID_FIELD: user_id})
  File "C:\Users\donan\Desktop\POS-PROJECT\ADMIN WEB\env_boutique\Lib\site-packages\django\db\models\manager.py", line 87, in manager_method
    return getattr(self.get_queryset(), name)(*args, **kwargs)
           ~~~~~~~~~~~~~~~~~~~~~~~~~~~~~~~~~~^^^^^^^^^^^^^^^^^
  File "C:\Users\donan\Desktop\POS-PROJECT\ADMIN WEB\env_boutique\Lib\site-packages\django\db\models\query.py", line 629, in get
    num = len(clone)
  File "C:\Users\donan\Desktop\POS-PROJECT\ADMIN WEB\env_boutique\Lib\site-packages\django\db\models\query.py", line 366, in __len__
    self._fetch_all()
    ~~~~~~~~~~~~~~~^^
  File "C:\Users\donan\Desktop\POS-PROJECT\ADMIN WEB\env_boutique\Lib\site-packages\django\db\models\query.py", line 1949, in _fetch_all
    self._result_cache = list(self._iterable_class(self))
                         ~~~~^^^^^^^^^^^^^^^^^^^^^^^^^^^^
  File "C:\Users\donan\Desktop\POS-PROJECT\ADMIN WEB\env_boutique\Lib\site-packages\django\db\models\query.py", line 91, in __iter__
    results = compiler.execute_sql(
        chunked_fetch=self.chunked_fetch, chunk_size=self.chunk_size
    )
  File "C:\Users\donan\Desktop\POS-PROJECT\ADMIN WEB\env_boutique\Lib\site-packages\django\db\models\sql\compiler.py", line 1621, in execute_sql
    cursor = self.connection.cursor()
  File "C:\Users\donan\Desktop\POS-PROJECT\ADMIN WEB\env_boutique\Lib\site-packages\django\utils\asyncio.py", line 26, in inner
    return func(*args, **kwargs)
  File "C:\Users\donan\Desktop\POS-PROJECT\ADMIN WEB\env_boutique\Lib\site-packages\django\db\backends\base\base.py", line 320, in cursor
    return self._cursor()
           ~~~~~~~~~~~~^^
  File "C:\Users\donan\Desktop\POS-PROJECT\ADMIN WEB\env_boutique\Lib\site-packages\django\db\backends\base\base.py", line 296, in _cursor
    self.ensure_connection()
    ~~~~~~~~~~~~~~~~~~~~~~^^
  File "C:\Users\donan\Desktop\POS-PROJECT\ADMIN WEB\env_boutique\Lib\site-packages\django\utils\asyncio.py", line 26, in inner
    return func(*args, **kwargs)
  File "C:\Users\donan\Desktop\POS-PROJECT\ADMIN WEB\env_boutique\Lib\site-packages\django\db\backends\base\base.py", line 278, in ensure_connection
    with self.wrap_database_errors:
         ^^^^^^^^^^^^^^^^^^^^^^^^^
  File "C:\Users\donan\Desktop\POS-PROJECT\ADMIN WEB\env_boutique\Lib\site-packages\django\db\utils.py", line 91, in __exit__
    raise dj_exc_value.with_traceback(traceback) from exc_value
  File "C:\Users\donan\Desktop\POS-PROJECT\ADMIN WEB\env_boutique\Lib\site-packages\django\db\backends\base\base.py", line 279, in ensure_connection
    self.connect()
    ~~~~~~~~~~~~^^
  File "C:\Users\donan\Desktop\POS-PROJECT\ADMIN WEB\env_boutique\Lib\site-packages\django\utils\asyncio.py", line 26, in inner
    return func(*args, **kwargs)
  File "C:\Users\donan\Desktop\POS-PROJECT\ADMIN WEB\env_boutique\Lib\site-packages\django\db\backends\base\base.py", line 256, in connect
    self.connection = self.get_new_connection(conn_params)
                      ~~~~~~~~~~~~~~~~~~~~~~~^^^^^^^^^^^^^
  File "C:\Users\donan\Desktop\POS-PROJECT\ADMIN WEB\env_boutique\Lib\site-packages\django\utils\asyncio.py", line 26, in inner
    return func(*args, **kwargs)
  File "C:\Users\donan\Desktop\POS-PROJECT\ADMIN WEB\env_boutique\Lib\site-packages\django\db\backends\postgresql\base.py", line 332, in get_new_connection
    connection = self.Database.connect(**conn_params)
  File "C:\Users\donan\Desktop\POS-PROJECT\ADMIN WEB\env_boutique\Lib\site-packages\psycopg2\__init__.py", line 135, in connect
    conn = _connect(dsn, connection_factory=connection_factory, **kwasync)
django.db.utils.OperationalError: could not translate host name "aws-1-eu-west-1.pooler.supabase.com" to address: Name or service not known

ERROR 2026-03-09 10:15:40,986 log Internal Server Error: /api/stocks/
Traceback (most recent call last):
  File "C:\Users\donan\Desktop\POS-PROJECT\ADMIN WEB\env_boutique\Lib\site-packages\django\db\backends\base\base.py", line 279, in ensure_connection
    self.connect()
    ~~~~~~~~~~~~^^
  File "C:\Users\donan\Desktop\POS-PROJECT\ADMIN WEB\env_boutique\Lib\site-packages\django\utils\asyncio.py", line 26, in inner
    return func(*args, **kwargs)
  File "C:\Users\donan\Desktop\POS-PROJECT\ADMIN WEB\env_boutique\Lib\site-packages\django\db\backends\base\base.py", line 256, in connect
    self.connection = self.get_new_connection(conn_params)
                      ~~~~~~~~~~~~~~~~~~~~~~~^^^^^^^^^^^^^
  File "C:\Users\donan\Desktop\POS-PROJECT\ADMIN WEB\env_boutique\Lib\site-packages\django\utils\asyncio.py", line 26, in inner
    return func(*args, **kwargs)
  File "C:\Users\donan\Desktop\POS-PROJECT\ADMIN WEB\env_boutique\Lib\site-packages\django\db\backends\postgresql\base.py", line 332, in get_new_connection
    connection = self.Database.connect(**conn_params)
  File "C:\Users\donan\Desktop\POS-PROJECT\ADMIN WEB\env_boutique\Lib\site-packages\psycopg2\__init__.py", line 135, in connect
    conn = _connect(dsn, connection_factory=connection_factory, **kwasync)
psycopg2.OperationalError: could not translate host name "aws-1-eu-west-1.pooler.supabase.com" to address: Name or service not known


The above exception was the direct cause of the following exception:

Traceback (most recent call last):
  File "C:\Users\donan\Desktop\POS-PROJECT\ADMIN WEB\env_boutique\Lib\site-packages\django\core\handlers\exception.py", line 55, in inner
    response = get_response(request)
  File "C:\Users\donan\Desktop\POS-PROJECT\ADMIN WEB\env_boutique\Lib\site-packages\django\core\handlers\base.py", line 197, in _get_response
    response = wrapped_callback(request, *callback_args, **callback_kwargs)
  File "C:\Users\donan\Desktop\POS-PROJECT\ADMIN WEB\env_boutique\Lib\site-packages\django\views\decorators\csrf.py", line 65, in _view_wrapper
    return view_func(request, *args, **kwargs)
  File "C:\Users\donan\Desktop\POS-PROJECT\ADMIN WEB\env_boutique\Lib\site-packages\rest_framework\viewsets.py", line 125, in view
    return self.dispatch(request, *args, **kwargs)
           ~~~~~~~~~~~~~^^^^^^^^^^^^^^^^^^^^^^^^^^
  File "C:\Users\donan\Desktop\POS-PROJECT\ADMIN WEB\env_boutique\Lib\site-packages\rest_framework\views.py", line 515, in dispatch
    response = self.handle_exception(exc)
  File "C:\Users\donan\Desktop\POS-PROJECT\ADMIN WEB\env_boutique\Lib\site-packages\rest_framework\views.py", line 475, in handle_exception
    self.raise_uncaught_exception(exc)
    ~~~~~~~~~~~~~~~~~~~~~~~~~~~~~^^^^^
  File "C:\Users\donan\Desktop\POS-PROJECT\ADMIN WEB\env_boutique\Lib\site-packages\rest_framework\views.py", line 486, in raise_uncaught_exception
    raise exc
  File "C:\Users\donan\Desktop\POS-PROJECT\ADMIN WEB\env_boutique\Lib\site-packages\rest_framework\views.py", line 503, in dispatch
    self.initial(request, *args, **kwargs)
    ~~~~~~~~~~~~^^^^^^^^^^^^^^^^^^^^^^^^^^
  File "C:\Users\donan\Desktop\POS-PROJECT\ADMIN WEB\env_boutique\Lib\site-packages\rest_framework\views.py", line 420, in initial
    self.perform_authentication(request)
    ~~~~~~~~~~~~~~~~~~~~~~~~~~~^^^^^^^^^
  File "C:\Users\donan\Desktop\POS-PROJECT\ADMIN WEB\env_boutique\Lib\site-packages\rest_framework\views.py", line 330, in perform_authentication
    request.user
  File "C:\Users\donan\Desktop\POS-PROJECT\ADMIN WEB\env_boutique\Lib\site-packages\rest_framework\request.py", line 232, in user
    self._authenticate()
    ~~~~~~~~~~~~~~~~~~^^
  File "C:\Users\donan\Desktop\POS-PROJECT\ADMIN WEB\env_boutique\Lib\site-packages\rest_framework\request.py", line 385, in _authenticate
    user_auth_tuple = authenticator.authenticate(self)
  File "C:\Users\donan\Desktop\POS-PROJECT\ADMIN WEB\env_boutique\Lib\site-packages\rest_framework_simplejwt\authentication.py", line 51, in authenticate
    return self.get_user(validated_token), validated_token
           ~~~~~~~~~~~~~^^^^^^^^^^^^^^^^^
  File "C:\Users\donan\Desktop\POS-PROJECT\ADMIN WEB\env_boutique\Lib\site-packages\rest_framework_simplejwt\authentication.py", line 132, in get_user
    user = self.user_model.objects.get(**{api_settings.USER_ID_FIELD: user_id})
  File "C:\Users\donan\Desktop\POS-PROJECT\ADMIN WEB\env_boutique\Lib\site-packages\django\db\models\manager.py", line 87, in manager_method
    return getattr(self.get_queryset(), name)(*args, **kwargs)
           ~~~~~~~~~~~~~~~~~~~~~~~~~~~~~~~~~~^^^^^^^^^^^^^^^^^
  File "C:\Users\donan\Desktop\POS-PROJECT\ADMIN WEB\env_boutique\Lib\site-packages\django\db\models\query.py", line 629, in get
    num = len(clone)
  File "C:\Users\donan\Desktop\POS-PROJECT\ADMIN WEB\env_boutique\Lib\site-packages\django\db\models\query.py", line 366, in __len__
    self._fetch_all()
    ~~~~~~~~~~~~~~~^^
  File "C:\Users\donan\Desktop\POS-PROJECT\ADMIN WEB\env_boutique\Lib\site-packages\django\db\models\query.py", line 1949, in _fetch_all
    self._result_cache = list(self._iterable_class(self))
                         ~~~~^^^^^^^^^^^^^^^^^^^^^^^^^^^^
  File "C:\Users\donan\Desktop\POS-PROJECT\ADMIN WEB\env_boutique\Lib\site-packages\django\db\models\query.py", line 91, in __iter__
    results = compiler.execute_sql(
        chunked_fetch=self.chunked_fetch, chunk_size=self.chunk_size
    )
  File "C:\Users\donan\Desktop\POS-PROJECT\ADMIN WEB\env_boutique\Lib\site-packages\django\db\models\sql\compiler.py", line 1621, in execute_sql
    cursor = self.connection.cursor()
  File "C:\Users\donan\Desktop\POS-PROJECT\ADMIN WEB\env_boutique\Lib\site-packages\django\utils\asyncio.py", line 26, in inner
    return func(*args, **kwargs)
  File "C:\Users\donan\Desktop\POS-PROJECT\ADMIN WEB\env_boutique\Lib\site-packages\django\db\backends\base\base.py", line 320, in cursor
    return self._cursor()
           ~~~~~~~~~~~~^^
  File "C:\Users\donan\Desktop\POS-PROJECT\ADMIN WEB\env_boutique\Lib\site-packages\django\db\backends\base\base.py", line 296, in _cursor
    self.ensure_connection()
    ~~~~~~~~~~~~~~~~~~~~~~^^
  File "C:\Users\donan\Desktop\POS-PROJECT\ADMIN WEB\env_boutique\Lib\site-packages\django\utils\asyncio.py", line 26, in inner
    return func(*args, **kwargs)
  File "C:\Users\donan\Desktop\POS-PROJECT\ADMIN WEB\env_boutique\Lib\site-packages\django\db\backends\base\base.py", line 278, in ensure_connection
    with self.wrap_database_errors:
         ^^^^^^^^^^^^^^^^^^^^^^^^^
  File "C:\Users\donan\Desktop\POS-PROJECT\ADMIN WEB\env_boutique\Lib\site-packages\django\db\utils.py", line 91, in __exit__
    raise dj_exc_value.with_traceback(traceback) from exc_value
  File "C:\Users\donan\Desktop\POS-PROJECT\ADMIN WEB\env_boutique\Lib\site-packages\django\db\backends\base\base.py", line 279, in ensure_connection
    self.connect()
    ~~~~~~~~~~~~^^
  File "C:\Users\donan\Desktop\POS-PROJECT\ADMIN WEB\env_boutique\Lib\site-packages\django\utils\asyncio.py", line 26, in inner
    return func(*args, **kwargs)
  File "C:\Users\donan\Desktop\POS-PROJECT\ADMIN WEB\env_boutique\Lib\site-packages\django\db\backends\base\base.py", line 256, in connect
    self.connection = self.get_new_connection(conn_params)
                      ~~~~~~~~~~~~~~~~~~~~~~~^^^^^^^^^^^^^
  File "C:\Users\donan\Desktop\POS-PROJECT\ADMIN WEB\env_boutique\Lib\site-packages\django\utils\asyncio.py", line 26, in inner
    return func(*args, **kwargs)
  File "C:\Users\donan\Desktop\POS-PROJECT\ADMIN WEB\env_boutique\Lib\site-packages\django\db\backends\postgresql\base.py", line 332, in get_new_connection
    connection = self.Database.connect(**conn_params)
  File "C:\Users\donan\Desktop\POS-PROJECT\ADMIN WEB\env_boutique\Lib\site-packages\psycopg2\__init__.py", line 135, in connect
    conn = _connect(dsn, connection_factory=connection_factory, **kwasync)
django.db.utils.OperationalError: could not translate host name "aws-1-eu-west-1.pooler.supabase.com" to address: Name or service not known

ERROR 2026-03-09 10:15:40,987 basehttp "GET /api/stores/ HTTP/1.1" 500 242175
ERROR 2026-03-09 10:15:40,998 basehttp "GET /api/stocks/?params%5Bexpand%5D=product,store,warehouse&params%5Bpage_size%5D=1000 HTTP/1.1" 500 243841
ERROR 2026-03-09 10:15:41,002 basehttp "GET /api/stocks/?params%5Bexpand%5D=product,store,warehouse&params%5Bpage_size%5D=100 HTTP/1.1" 500 243824
ERROR 2026-03-09 12:32:29,570 log Internal Server Error: /api/warehouses/
Traceback (most recent call last):
  File "C:\Users\donan\Desktop\POS-PROJECT\ADMIN WEB\env_boutique\Lib\site-packages\django\core\handlers\exception.py", line 55, in inner
    response = get_response(request)
  File "C:\Users\donan\Desktop\POS-PROJECT\ADMIN WEB\env_boutique\Lib\site-packages\django\core\handlers\base.py", line 197, in _get_response
    response = wrapped_callback(request, *callback_args, **callback_kwargs)
  File "C:\Users\donan\Desktop\POS-PROJECT\ADMIN WEB\env_boutique\Lib\site-packages\django\views\decorators\csrf.py", line 65, in _view_wrapper
    return view_func(request, *args, **kwargs)
  File "C:\Users\donan\Desktop\POS-PROJECT\ADMIN WEB\env_boutique\Lib\site-packages\rest_framework\viewsets.py", line 125, in view
    return self.dispatch(request, *args, **kwargs)
           ~~~~~~~~~~~~~^^^^^^^^^^^^^^^^^^^^^^^^^^
  File "C:\Users\donan\Desktop\POS-PROJECT\ADMIN WEB\env_boutique\Lib\site-packages\rest_framework\views.py", line 515, in dispatch
    response = self.handle_exception(exc)
  File "C:\Users\donan\Desktop\POS-PROJECT\ADMIN WEB\env_boutique\Lib\site-packages\rest_framework\views.py", line 475, in handle_exception
    self.raise_uncaught_exception(exc)
    ~~~~~~~~~~~~~~~~~~~~~~~~~~~~~^^^^^
  File "C:\Users\donan\Desktop\POS-PROJECT\ADMIN WEB\env_boutique\Lib\site-packages\rest_framework\views.py", line 486, in raise_uncaught_exception
    raise exc
  File "C:\Users\donan\Desktop\POS-PROJECT\ADMIN WEB\env_boutique\Lib\site-packages\rest_framework\views.py", line 512, in dispatch
    response = handler(request, *args, **kwargs)
  File "C:\Users\donan\Desktop\POS-PROJECT\ADMIN WEB\env_boutique\Lib\site-packages\rest_framework\mixins.py", line 20, in create
    headers = self.get_success_headers(serializer.data)
                                       ^^^^^^^^^^^^^^^
  File "C:\Users\donan\Desktop\POS-PROJECT\ADMIN WEB\env_boutique\Lib\site-packages\rest_framework\serializers.py", line 573, in data
    ret = super().data
          ^^^^^^^^^^^^
  File "C:\Users\donan\Desktop\POS-PROJECT\ADMIN WEB\env_boutique\Lib\site-packages\rest_framework\serializers.py", line 251, in data
    self._data = self.to_representation(self.instance)
                 ~~~~~~~~~~~~~~~~~~~~~~^^^^^^^^^^^^^^^
  File "C:\Users\donan\Desktop\POS-PROJECT\ADMIN WEB\env_boutique\Lib\site-packages\rest_framework\serializers.py", line 540, in to_representation
    ret[field.field_name] = field.to_representation(attribute)
                            ~~~~~~~~~~~~~~~~~~~~~~~^^^^^^^^^^^
  File "C:\Users\donan\Desktop\POS-PROJECT\ADMIN WEB\env_boutique\Lib\site-packages\rest_framework\fields.py", line 1870, in to_representation
    return method(value)
  File "C:\Users\donan\Desktop\POS-PROJECT\ADMIN WEB\api_boutique_core\serializers.py", line 1722, in get_current_usage
    total=sum("quantity_on_hand")
TypeError: unsupported operand type(s) for +: 'int' and 'str'
ERROR 2026-03-09 12:32:29,597 basehttp "POST /api/warehouses/ HTTP/1.1" 500 31155
ERROR 2026-03-09 12:42:23,439 log Internal Server Error: /api/stocks/
Traceback (most recent call last):
  File "C:\Users\donan\Desktop\POS-PROJECT\ADMIN WEB\env_boutique\Lib\site-packages\django\db\backends\utils.py", line 105, in _execute
    return self.cursor.execute(sql, params)
           ~~~~~~~~~~~~~~~~~~~^^^^^^^^^^^^^
psycopg2.errors.UndefinedColumn: column api_boutique_core_stock.product_id does not exist
LINE 1: ...CT 1 AS "a" FROM "api_boutique_core_stock" WHERE ("api_bouti...
                                                             ^


The above exception was the direct cause of the following exception:

Traceback (most recent call last):
  File "C:\Users\donan\Desktop\POS-PROJECT\ADMIN WEB\env_boutique\Lib\site-packages\django\core\handlers\exception.py", line 55, in inner
    response = get_response(request)
  File "C:\Users\donan\Desktop\POS-PROJECT\ADMIN WEB\env_boutique\Lib\site-packages\django\core\handlers\base.py", line 197, in _get_response
    response = wrapped_callback(request, *callback_args, **callback_kwargs)
  File "C:\Users\donan\Desktop\POS-PROJECT\ADMIN WEB\env_boutique\Lib\site-packages\django\views\decorators\csrf.py", line 65, in _view_wrapper
    return view_func(request, *args, **kwargs)
  File "C:\Users\donan\Desktop\POS-PROJECT\ADMIN WEB\env_boutique\Lib\site-packages\rest_framework\viewsets.py", line 125, in view
    return self.dispatch(request, *args, **kwargs)
           ~~~~~~~~~~~~~^^^^^^^^^^^^^^^^^^^^^^^^^^
  File "C:\Users\donan\Desktop\POS-PROJECT\ADMIN WEB\env_boutique\Lib\site-packages\rest_framework\views.py", line 515, in dispatch
    response = self.handle_exception(exc)
  File "C:\Users\donan\Desktop\POS-PROJECT\ADMIN WEB\env_boutique\Lib\site-packages\rest_framework\views.py", line 475, in handle_exception
    self.raise_uncaught_exception(exc)
    ~~~~~~~~~~~~~~~~~~~~~~~~~~~~~^^^^^
  File "C:\Users\donan\Desktop\POS-PROJECT\ADMIN WEB\env_boutique\Lib\site-packages\rest_framework\views.py", line 486, in raise_uncaught_exception
    raise exc
  File "C:\Users\donan\Desktop\POS-PROJECT\ADMIN WEB\env_boutique\Lib\site-packages\rest_framework\views.py", line 512, in dispatch
    response = handler(request, *args, **kwargs)
  File "C:\Users\donan\Desktop\POS-PROJECT\ADMIN WEB\env_boutique\Lib\site-packages\rest_framework\mixins.py", line 18, in create
    serializer.is_valid(raise_exception=True)
    ~~~~~~~~~~~~~~~~~~~^^^^^^^^^^^^^^^^^^^^^^
  File "C:\Users\donan\Desktop\POS-PROJECT\ADMIN WEB\env_boutique\Lib\site-packages\rest_framework\serializers.py", line 225, in is_valid
    self._validated_data = self.run_validation(self.initial_data)
                           ~~~~~~~~~~~~~~~~~~~^^^^^^^^^^^^^^^^^^^
  File "C:\Users\donan\Desktop\POS-PROJECT\ADMIN WEB\env_boutique\Lib\site-packages\rest_framework\serializers.py", line 446, in run_validation
    self.run_validators(value)
    ~~~~~~~~~~~~~~~~~~~^^^^^^^
  File "C:\Users\donan\Desktop\POS-PROJECT\ADMIN WEB\env_boutique\Lib\site-packages\rest_framework\serializers.py", line 479, in run_validators
    super().run_validators(to_validate)
    ~~~~~~~~~~~~~~~~~~~~~~^^^^^^^^^^^^^
  File "C:\Users\donan\Desktop\POS-PROJECT\ADMIN WEB\env_boutique\Lib\site-packages\rest_framework\fields.py", line 551, in run_validators
    validator(value, self)
    ~~~~~~~~~^^^^^^^^^^^^^
  File "C:\Users\donan\Desktop\POS-PROJECT\ADMIN WEB\env_boutique\Lib\site-packages\rest_framework\validators.py", line 193, in __call__
    if checked_values and None not in checked_values and qs_exists_with_condition(queryset, self.condition, condition_kwargs):
                                                         ~~~~~~~~~~~~~~~~~~~~~~~~^^^^^^^^^^^^^^^^^^^^^^^^^^^^^^^^^^^^^^^^^^^^
  File "C:\Users\donan\Desktop\POS-PROJECT\ADMIN WEB\env_boutique\Lib\site-packages\rest_framework\validators.py", line 30, in qs_exists_with_condition
    return qs_exists(queryset)
  File "C:\Users\donan\Desktop\POS-PROJECT\ADMIN WEB\env_boutique\Lib\site-packages\rest_framework\validators.py", line 23, in qs_exists
    return queryset.exists()
           ~~~~~~~~~~~~~~~^^
  File "C:\Users\donan\Desktop\POS-PROJECT\ADMIN WEB\env_boutique\Lib\site-packages\django\db\models\query.py", line 1296, in exists
    return self.query.has_results(using=self.db)
           ~~~~~~~~~~~~~~~~~~~~~~^^^^^^^^^^^^^^^
  File "C:\Users\donan\Desktop\POS-PROJECT\ADMIN WEB\env_boutique\Lib\site-packages\django\db\models\sql\query.py", line 674, in has_results
    return compiler.has_results()
           ~~~~~~~~~~~~~~~~~~~~^^
  File "C:\Users\donan\Desktop\POS-PROJECT\ADMIN WEB\env_boutique\Lib\site-packages\django\db\models\sql\compiler.py", line 1591, in has_results
    return bool(self.execute_sql(SINGLE))
                ~~~~~~~~~~~~~~~~^^^^^^^^
  File "C:\Users\donan\Desktop\POS-PROJECT\ADMIN WEB\env_boutique\Lib\site-packages\django\db\models\sql\compiler.py", line 1623, in execute_sql
    cursor.execute(sql, params)
    ~~~~~~~~~~~~~~^^^^^^^^^^^^^
  File "C:\Users\donan\Desktop\POS-PROJECT\ADMIN WEB\env_boutique\Lib\site-packages\django\db\backends\utils.py", line 122, in execute
    return super().execute(sql, params)
           ~~~~~~~~~~~~~~~^^^^^^^^^^^^^
  File "C:\Users\donan\Desktop\POS-PROJECT\ADMIN WEB\env_boutique\Lib\site-packages\django\db\backends\utils.py", line 79, in execute
    return self._execute_with_wrappers(
           ~~~~~~~~~~~~~~~~~~~~~~~~~~~^
        sql, params, many=False, executor=self._execute
        ^^^^^^^^^^^^^^^^^^^^^^^^^^^^^^^^^^^^^^^^^^^^^^^
    )
    ^
  File "C:\Users\donan\Desktop\POS-PROJECT\ADMIN WEB\env_boutique\Lib\site-packages\django\db\backends\utils.py", line 92, in _execute_with_wrappers
    return executor(sql, params, many, context)
  File "C:\Users\donan\Desktop\POS-PROJECT\ADMIN WEB\env_boutique\Lib\site-packages\django\db\backends\utils.py", line 100, in _execute
    with self.db.wrap_database_errors:
         ^^^^^^^^^^^^^^^^^^^^^^^^^^^^
  File "C:\Users\donan\Desktop\POS-PROJECT\ADMIN WEB\env_boutique\Lib\site-packages\django\db\utils.py", line 91, in __exit__
    raise dj_exc_value.with_traceback(traceback) from exc_value
  File "C:\Users\donan\Desktop\POS-PROJECT\ADMIN WEB\env_boutique\Lib\site-packages\django\db\backends\utils.py", line 105, in _execute
    return self.cursor.execute(sql, params)
           ~~~~~~~~~~~~~~~~~~~^^^^^^^^^^^^^
django.db.utils.ProgrammingError: column api_boutique_core_stock.product_id does not exist
LINE 1: ...CT 1 AS "a" FROM "api_boutique_core_stock" WHERE ("api_bouti...
                                                             ^

ERROR 2026-03-09 12:42:23,459 basehttp "POST /api/stocks/ HTTP/1.1" 500 222496
ERROR 2026-03-09 12:50:59,999 log Internal Server Error: /api/stocks/
Traceback (most recent call last):
  File "C:\Users\donan\Desktop\POS-PROJECT\ADMIN WEB\env_boutique\Lib\site-packages\django\db\backends\utils.py", line 105, in _execute
    return self.cursor.execute(sql, params)
           ~~~~~~~~~~~~~~~~~~~^^^^^^^^^^^^^
psycopg2.errors.UndefinedColumn: column api_boutique_core_stock.product_id does not exist
LINE 1: ...CT 1 AS "a" FROM "api_boutique_core_stock" WHERE ("api_bouti...
                                                             ^


The above exception was the direct cause of the following exception:

Traceback (most recent call last):
  File "C:\Users\donan\Desktop\POS-PROJECT\ADMIN WEB\env_boutique\Lib\site-packages\django\core\handlers\exception.py", line 55, in inner
    response = get_response(request)
  File "C:\Users\donan\Desktop\POS-PROJECT\ADMIN WEB\env_boutique\Lib\site-packages\django\core\handlers\base.py", line 197, in _get_response
    response = wrapped_callback(request, *callback_args, **callback_kwargs)
  File "C:\Users\donan\Desktop\POS-PROJECT\ADMIN WEB\env_boutique\Lib\site-packages\django\views\decorators\csrf.py", line 65, in _view_wrapper
    return view_func(request, *args, **kwargs)
  File "C:\Users\donan\Desktop\POS-PROJECT\ADMIN WEB\env_boutique\Lib\site-packages\rest_framework\viewsets.py", line 125, in view
    return self.dispatch(request, *args, **kwargs)
           ~~~~~~~~~~~~~^^^^^^^^^^^^^^^^^^^^^^^^^^
  File "C:\Users\donan\Desktop\POS-PROJECT\ADMIN WEB\env_boutique\Lib\site-packages\rest_framework\views.py", line 515, in dispatch
    response = self.handle_exception(exc)
  File "C:\Users\donan\Desktop\POS-PROJECT\ADMIN WEB\env_boutique\Lib\site-packages\rest_framework\views.py", line 475, in handle_exception
    self.raise_uncaught_exception(exc)
    ~~~~~~~~~~~~~~~~~~~~~~~~~~~~~^^^^^
  File "C:\Users\donan\Desktop\POS-PROJECT\ADMIN WEB\env_boutique\Lib\site-packages\rest_framework\views.py", line 486, in raise_uncaught_exception
    raise exc
  File "C:\Users\donan\Desktop\POS-PROJECT\ADMIN WEB\env_boutique\Lib\site-packages\rest_framework\views.py", line 512, in dispatch
    response = handler(request, *args, **kwargs)
  File "C:\Users\donan\Desktop\POS-PROJECT\ADMIN WEB\env_boutique\Lib\site-packages\rest_framework\mixins.py", line 18, in create
    serializer.is_valid(raise_exception=True)
    ~~~~~~~~~~~~~~~~~~~^^^^^^^^^^^^^^^^^^^^^^
  File "C:\Users\donan\Desktop\POS-PROJECT\ADMIN WEB\env_boutique\Lib\site-packages\rest_framework\serializers.py", line 225, in is_valid
    self._validated_data = self.run_validation(self.initial_data)
                           ~~~~~~~~~~~~~~~~~~~^^^^^^^^^^^^^^^^^^^
  File "C:\Users\donan\Desktop\POS-PROJECT\ADMIN WEB\env_boutique\Lib\site-packages\rest_framework\serializers.py", line 446, in run_validation
    self.run_validators(value)
    ~~~~~~~~~~~~~~~~~~~^^^^^^^
  File "C:\Users\donan\Desktop\POS-PROJECT\ADMIN WEB\env_boutique\Lib\site-packages\rest_framework\serializers.py", line 479, in run_validators
    super().run_validators(to_validate)
    ~~~~~~~~~~~~~~~~~~~~~~^^^^^^^^^^^^^
  File "C:\Users\donan\Desktop\POS-PROJECT\ADMIN WEB\env_boutique\Lib\site-packages\rest_framework\fields.py", line 551, in run_validators
    validator(value, self)
    ~~~~~~~~~^^^^^^^^^^^^^
  File "C:\Users\donan\Desktop\POS-PROJECT\ADMIN WEB\env_boutique\Lib\site-packages\rest_framework\validators.py", line 193, in __call__
    if checked_values and None not in checked_values and qs_exists_with_condition(queryset, self.condition, condition_kwargs):
                                                         ~~~~~~~~~~~~~~~~~~~~~~~~^^^^^^^^^^^^^^^^^^^^^^^^^^^^^^^^^^^^^^^^^^^^
  File "C:\Users\donan\Desktop\POS-PROJECT\ADMIN WEB\env_boutique\Lib\site-packages\rest_framework\validators.py", line 30, in qs_exists_with_condition
    return qs_exists(queryset)
  File "C:\Users\donan\Desktop\POS-PROJECT\ADMIN WEB\env_boutique\Lib\site-packages\rest_framework\validators.py", line 23, in qs_exists
    return queryset.exists()
           ~~~~~~~~~~~~~~~^^
  File "C:\Users\donan\Desktop\POS-PROJECT\ADMIN WEB\env_boutique\Lib\site-packages\django\db\models\query.py", line 1296, in exists
    return self.query.has_results(using=self.db)
           ~~~~~~~~~~~~~~~~~~~~~~^^^^^^^^^^^^^^^
  File "C:\Users\donan\Desktop\POS-PROJECT\ADMIN WEB\env_boutique\Lib\site-packages\django\db\models\sql\query.py", line 674, in has_results
    return compiler.has_results()
           ~~~~~~~~~~~~~~~~~~~~^^
  File "C:\Users\donan\Desktop\POS-PROJECT\ADMIN WEB\env_boutique\Lib\site-packages\django\db\models\sql\compiler.py", line 1591, in has_results
    return bool(self.execute_sql(SINGLE))
                ~~~~~~~~~~~~~~~~^^^^^^^^
  File "C:\Users\donan\Desktop\POS-PROJECT\ADMIN WEB\env_boutique\Lib\site-packages\django\db\models\sql\compiler.py", line 1623, in execute_sql
    cursor.execute(sql, params)
    ~~~~~~~~~~~~~~^^^^^^^^^^^^^
  File "C:\Users\donan\Desktop\POS-PROJECT\ADMIN WEB\env_boutique\Lib\site-packages\django\db\backends\utils.py", line 122, in execute
    return super().execute(sql, params)
           ~~~~~~~~~~~~~~~^^^^^^^^^^^^^
  File "C:\Users\donan\Desktop\POS-PROJECT\ADMIN WEB\env_boutique\Lib\site-packages\django\db\backends\utils.py", line 79, in execute
    return self._execute_with_wrappers(
           ~~~~~~~~~~~~~~~~~~~~~~~~~~~^
        sql, params, many=False, executor=self._execute
        ^^^^^^^^^^^^^^^^^^^^^^^^^^^^^^^^^^^^^^^^^^^^^^^
    )
    ^
  File "C:\Users\donan\Desktop\POS-PROJECT\ADMIN WEB\env_boutique\Lib\site-packages\django\db\backends\utils.py", line 92, in _execute_with_wrappers
    return executor(sql, params, many, context)
  File "C:\Users\donan\Desktop\POS-PROJECT\ADMIN WEB\env_boutique\Lib\site-packages\django\db\backends\utils.py", line 100, in _execute
    with self.db.wrap_database_errors:
         ^^^^^^^^^^^^^^^^^^^^^^^^^^^^
  File "C:\Users\donan\Desktop\POS-PROJECT\ADMIN WEB\env_boutique\Lib\site-packages\django\db\utils.py", line 91, in __exit__
    raise dj_exc_value.with_traceback(traceback) from exc_value
  File "C:\Users\donan\Desktop\POS-PROJECT\ADMIN WEB\env_boutique\Lib\site-packages\django\db\backends\utils.py", line 105, in _execute
    return self.cursor.execute(sql, params)
           ~~~~~~~~~~~~~~~~~~~^^^^^^^^^^^^^
django.db.utils.ProgrammingError: column api_boutique_core_stock.product_id does not exist
LINE 1: ...CT 1 AS "a" FROM "api_boutique_core_stock" WHERE ("api_bouti...
                                                             ^

ERROR 2026-03-09 12:51:00,019 basehttp "POST /api/stocks/ HTTP/1.1" 500 222496
ERROR 2026-03-09 12:58:37,782 log Internal Server Error: /api/stocks/
Traceback (most recent call last):
  File "C:\Users\donan\Desktop\POS-PROJECT\ADMIN WEB\env_boutique\Lib\site-packages\django\db\backends\utils.py", line 105, in _execute
    return self.cursor.execute(sql, params)
           ~~~~~~~~~~~~~~~~~~~^^^^^^^^^^^^^
psycopg2.errors.UndefinedColumn: column api_boutique_core_stock.product_id does not exist
LINE 1: ...CT 1 AS "a" FROM "api_boutique_core_stock" WHERE ("api_bouti...
                                                             ^


The above exception was the direct cause of the following exception:

Traceback (most recent call last):
  File "C:\Users\donan\Desktop\POS-PROJECT\ADMIN WEB\env_boutique\Lib\site-packages\django\core\handlers\exception.py", line 55, in inner
    response = get_response(request)
  File "C:\Users\donan\Desktop\POS-PROJECT\ADMIN WEB\env_boutique\Lib\site-packages\django\core\handlers\base.py", line 197, in _get_response
    response = wrapped_callback(request, *callback_args, **callback_kwargs)
  File "C:\Users\donan\Desktop\POS-PROJECT\ADMIN WEB\env_boutique\Lib\site-packages\django\views\decorators\csrf.py", line 65, in _view_wrapper
    return view_func(request, *args, **kwargs)
  File "C:\Users\donan\Desktop\POS-PROJECT\ADMIN WEB\env_boutique\Lib\site-packages\rest_framework\viewsets.py", line 125, in view
    return self.dispatch(request, *args, **kwargs)
           ~~~~~~~~~~~~~^^^^^^^^^^^^^^^^^^^^^^^^^^
  File "C:\Users\donan\Desktop\POS-PROJECT\ADMIN WEB\env_boutique\Lib\site-packages\rest_framework\views.py", line 515, in dispatch
    response = self.handle_exception(exc)
  File "C:\Users\donan\Desktop\POS-PROJECT\ADMIN WEB\env_boutique\Lib\site-packages\rest_framework\views.py", line 475, in handle_exception
    self.raise_uncaught_exception(exc)
    ~~~~~~~~~~~~~~~~~~~~~~~~~~~~~^^^^^
  File "C:\Users\donan\Desktop\POS-PROJECT\ADMIN WEB\env_boutique\Lib\site-packages\rest_framework\views.py", line 486, in raise_uncaught_exception
    raise exc
  File "C:\Users\donan\Desktop\POS-PROJECT\ADMIN WEB\env_boutique\Lib\site-packages\rest_framework\views.py", line 512, in dispatch
    response = handler(request, *args, **kwargs)
  File "C:\Users\donan\Desktop\POS-PROJECT\ADMIN WEB\env_boutique\Lib\site-packages\rest_framework\mixins.py", line 18, in create
    serializer.is_valid(raise_exception=True)
    ~~~~~~~~~~~~~~~~~~~^^^^^^^^^^^^^^^^^^^^^^
  File "C:\Users\donan\Desktop\POS-PROJECT\ADMIN WEB\env_boutique\Lib\site-packages\rest_framework\serializers.py", line 225, in is_valid
    self._validated_data = self.run_validation(self.initial_data)
                           ~~~~~~~~~~~~~~~~~~~^^^^^^^^^^^^^^^^^^^
  File "C:\Users\donan\Desktop\POS-PROJECT\ADMIN WEB\env_boutique\Lib\site-packages\rest_framework\serializers.py", line 446, in run_validation
    self.run_validators(value)
    ~~~~~~~~~~~~~~~~~~~^^^^^^^
  File "C:\Users\donan\Desktop\POS-PROJECT\ADMIN WEB\env_boutique\Lib\site-packages\rest_framework\serializers.py", line 479, in run_validators
    super().run_validators(to_validate)
    ~~~~~~~~~~~~~~~~~~~~~~^^^^^^^^^^^^^
  File "C:\Users\donan\Desktop\POS-PROJECT\ADMIN WEB\env_boutique\Lib\site-packages\rest_framework\fields.py", line 551, in run_validators
    validator(value, self)
    ~~~~~~~~~^^^^^^^^^^^^^
  File "C:\Users\donan\Desktop\POS-PROJECT\ADMIN WEB\env_boutique\Lib\site-packages\rest_framework\validators.py", line 193, in __call__
    if checked_values and None not in checked_values and qs_exists_with_condition(queryset, self.condition, condition_kwargs):
                                                         ~~~~~~~~~~~~~~~~~~~~~~~~^^^^^^^^^^^^^^^^^^^^^^^^^^^^^^^^^^^^^^^^^^^^
  File "C:\Users\donan\Desktop\POS-PROJECT\ADMIN WEB\env_boutique\Lib\site-packages\rest_framework\validators.py", line 30, in qs_exists_with_condition
    return qs_exists(queryset)
  File "C:\Users\donan\Desktop\POS-PROJECT\ADMIN WEB\env_boutique\Lib\site-packages\rest_framework\validators.py", line 23, in qs_exists
    return queryset.exists()
           ~~~~~~~~~~~~~~~^^
  File "C:\Users\donan\Desktop\POS-PROJECT\ADMIN WEB\env_boutique\Lib\site-packages\django\db\models\query.py", line 1296, in exists
    return self.query.has_results(using=self.db)
           ~~~~~~~~~~~~~~~~~~~~~~^^^^^^^^^^^^^^^
  File "C:\Users\donan\Desktop\POS-PROJECT\ADMIN WEB\env_boutique\Lib\site-packages\django\db\models\sql\query.py", line 674, in has_results
    return compiler.has_results()
           ~~~~~~~~~~~~~~~~~~~~^^
  File "C:\Users\donan\Desktop\POS-PROJECT\ADMIN WEB\env_boutique\Lib\site-packages\django\db\models\sql\compiler.py", line 1591, in has_results
    return bool(self.execute_sql(SINGLE))
                ~~~~~~~~~~~~~~~~^^^^^^^^
  File "C:\Users\donan\Desktop\POS-PROJECT\ADMIN WEB\env_boutique\Lib\site-packages\django\db\models\sql\compiler.py", line 1623, in execute_sql
    cursor.execute(sql, params)
    ~~~~~~~~~~~~~~^^^^^^^^^^^^^
  File "C:\Users\donan\Desktop\POS-PROJECT\ADMIN WEB\env_boutique\Lib\site-packages\django\db\backends\utils.py", line 122, in execute
    return super().execute(sql, params)
           ~~~~~~~~~~~~~~~^^^^^^^^^^^^^
  File "C:\Users\donan\Desktop\POS-PROJECT\ADMIN WEB\env_boutique\Lib\site-packages\django\db\backends\utils.py", line 79, in execute
    return self._execute_with_wrappers(
           ~~~~~~~~~~~~~~~~~~~~~~~~~~~^
        sql, params, many=False, executor=self._execute
        ^^^^^^^^^^^^^^^^^^^^^^^^^^^^^^^^^^^^^^^^^^^^^^^
    )
    ^
  File "C:\Users\donan\Desktop\POS-PROJECT\ADMIN WEB\env_boutique\Lib\site-packages\django\db\backends\utils.py", line 92, in _execute_with_wrappers
    return executor(sql, params, many, context)
  File "C:\Users\donan\Desktop\POS-PROJECT\ADMIN WEB\env_boutique\Lib\site-packages\django\db\backends\utils.py", line 100, in _execute
    with self.db.wrap_database_errors:
         ^^^^^^^^^^^^^^^^^^^^^^^^^^^^
  File "C:\Users\donan\Desktop\POS-PROJECT\ADMIN WEB\env_boutique\Lib\site-packages\django\db\utils.py", line 91, in __exit__
    raise dj_exc_value.with_traceback(traceback) from exc_value
  File "C:\Users\donan\Desktop\POS-PROJECT\ADMIN WEB\env_boutique\Lib\site-packages\django\db\backends\utils.py", line 105, in _execute
    return self.cursor.execute(sql, params)
           ~~~~~~~~~~~~~~~~~~~^^^^^^^^^^^^^
django.db.utils.ProgrammingError: column api_boutique_core_stock.product_id does not exist
LINE 1: ...CT 1 AS "a" FROM "api_boutique_core_stock" WHERE ("api_bouti...
                                                             ^

ERROR 2026-03-09 12:58:37,798 basehttp "POST /api/stocks/ HTTP/1.1" 500 222496
ERROR 2026-03-09 13:09:29,143 log Internal Server Error: /api/stocks/
Traceback (most recent call last):
  File "C:\Users\donan\Desktop\POS-PROJECT\ADMIN WEB\env_boutique\Lib\site-packages\django\db\backends\utils.py", line 105, in _execute
    return self.cursor.execute(sql, params)
           ~~~~~~~~~~~~~~~~~~~^^^^^^^^^^^^^
psycopg2.errors.UndefinedColumn: column api_boutique_core_stock.product_id does not exist
LINE 1: ...CT 1 AS "a" FROM "api_boutique_core_stock" WHERE ("api_bouti...
                                                             ^


The above exception was the direct cause of the following exception:

Traceback (most recent call last):
  File "C:\Users\donan\Desktop\POS-PROJECT\ADMIN WEB\env_boutique\Lib\site-packages\django\core\handlers\exception.py", line 55, in inner
    response = get_response(request)
  File "C:\Users\donan\Desktop\POS-PROJECT\ADMIN WEB\env_boutique\Lib\site-packages\django\core\handlers\base.py", line 197, in _get_response
    response = wrapped_callback(request, *callback_args, **callback_kwargs)
  File "C:\Users\donan\Desktop\POS-PROJECT\ADMIN WEB\env_boutique\Lib\site-packages\django\views\decorators\csrf.py", line 65, in _view_wrapper
    return view_func(request, *args, **kwargs)
  File "C:\Users\donan\Desktop\POS-PROJECT\ADMIN WEB\env_boutique\Lib\site-packages\rest_framework\viewsets.py", line 125, in view
    return self.dispatch(request, *args, **kwargs)
           ~~~~~~~~~~~~~^^^^^^^^^^^^^^^^^^^^^^^^^^
  File "C:\Users\donan\Desktop\POS-PROJECT\ADMIN WEB\env_boutique\Lib\site-packages\rest_framework\views.py", line 515, in dispatch
    response = self.handle_exception(exc)
  File "C:\Users\donan\Desktop\POS-PROJECT\ADMIN WEB\env_boutique\Lib\site-packages\rest_framework\views.py", line 475, in handle_exception
    self.raise_uncaught_exception(exc)
    ~~~~~~~~~~~~~~~~~~~~~~~~~~~~~^^^^^
  File "C:\Users\donan\Desktop\POS-PROJECT\ADMIN WEB\env_boutique\Lib\site-packages\rest_framework\views.py", line 486, in raise_uncaught_exception
    raise exc
  File "C:\Users\donan\Desktop\POS-PROJECT\ADMIN WEB\env_boutique\Lib\site-packages\rest_framework\views.py", line 512, in dispatch
    response = handler(request, *args, **kwargs)
  File "C:\Users\donan\Desktop\POS-PROJECT\ADMIN WEB\env_boutique\Lib\site-packages\rest_framework\mixins.py", line 18, in create
    serializer.is_valid(raise_exception=True)
    ~~~~~~~~~~~~~~~~~~~^^^^^^^^^^^^^^^^^^^^^^
  File "C:\Users\donan\Desktop\POS-PROJECT\ADMIN WEB\env_boutique\Lib\site-packages\rest_framework\serializers.py", line 225, in is_valid
    self._validated_data = self.run_validation(self.initial_data)
                           ~~~~~~~~~~~~~~~~~~~^^^^^^^^^^^^^^^^^^^
  File "C:\Users\donan\Desktop\POS-PROJECT\ADMIN WEB\env_boutique\Lib\site-packages\rest_framework\serializers.py", line 446, in run_validation
    self.run_validators(value)
    ~~~~~~~~~~~~~~~~~~~^^^^^^^
  File "C:\Users\donan\Desktop\POS-PROJECT\ADMIN WEB\env_boutique\Lib\site-packages\rest_framework\serializers.py", line 479, in run_validators
    super().run_validators(to_validate)
    ~~~~~~~~~~~~~~~~~~~~~~^^^^^^^^^^^^^
  File "C:\Users\donan\Desktop\POS-PROJECT\ADMIN WEB\env_boutique\Lib\site-packages\rest_framework\fields.py", line 551, in run_validators
    validator(value, self)
    ~~~~~~~~~^^^^^^^^^^^^^
  File "C:\Users\donan\Desktop\POS-PROJECT\ADMIN WEB\env_boutique\Lib\site-packages\rest_framework\validators.py", line 193, in __call__
    if checked_values and None not in checked_values and qs_exists_with_condition(queryset, self.condition, condition_kwargs):
                                                         ~~~~~~~~~~~~~~~~~~~~~~~~^^^^^^^^^^^^^^^^^^^^^^^^^^^^^^^^^^^^^^^^^^^^
  File "C:\Users\donan\Desktop\POS-PROJECT\ADMIN WEB\env_boutique\Lib\site-packages\rest_framework\validators.py", line 30, in qs_exists_with_condition
    return qs_exists(queryset)
  File "C:\Users\donan\Desktop\POS-PROJECT\ADMIN WEB\env_boutique\Lib\site-packages\rest_framework\validators.py", line 23, in qs_exists
    return queryset.exists()
           ~~~~~~~~~~~~~~~^^
  File "C:\Users\donan\Desktop\POS-PROJECT\ADMIN WEB\env_boutique\Lib\site-packages\django\db\models\query.py", line 1296, in exists
    return self.query.has_results(using=self.db)
           ~~~~~~~~~~~~~~~~~~~~~~^^^^^^^^^^^^^^^
  File "C:\Users\donan\Desktop\POS-PROJECT\ADMIN WEB\env_boutique\Lib\site-packages\django\db\models\sql\query.py", line 674, in has_results
    return compiler.has_results()
           ~~~~~~~~~~~~~~~~~~~~^^
  File "C:\Users\donan\Desktop\POS-PROJECT\ADMIN WEB\env_boutique\Lib\site-packages\django\db\models\sql\compiler.py", line 1591, in has_results
    return bool(self.execute_sql(SINGLE))
                ~~~~~~~~~~~~~~~~^^^^^^^^
  File "C:\Users\donan\Desktop\POS-PROJECT\ADMIN WEB\env_boutique\Lib\site-packages\django\db\models\sql\compiler.py", line 1623, in execute_sql
    cursor.execute(sql, params)
    ~~~~~~~~~~~~~~^^^^^^^^^^^^^
  File "C:\Users\donan\Desktop\POS-PROJECT\ADMIN WEB\env_boutique\Lib\site-packages\django\db\backends\utils.py", line 122, in execute
    return super().execute(sql, params)
           ~~~~~~~~~~~~~~~^^^^^^^^^^^^^
  File "C:\Users\donan\Desktop\POS-PROJECT\ADMIN WEB\env_boutique\Lib\site-packages\django\db\backends\utils.py", line 79, in execute
    return self._execute_with_wrappers(
           ~~~~~~~~~~~~~~~~~~~~~~~~~~~^
        sql, params, many=False, executor=self._execute
        ^^^^^^^^^^^^^^^^^^^^^^^^^^^^^^^^^^^^^^^^^^^^^^^
    )
    ^
  File "C:\Users\donan\Desktop\POS-PROJECT\ADMIN WEB\env_boutique\Lib\site-packages\django\db\backends\utils.py", line 92, in _execute_with_wrappers
    return executor(sql, params, many, context)
  File "C:\Users\donan\Desktop\POS-PROJECT\ADMIN WEB\env_boutique\Lib\site-packages\django\db\backends\utils.py", line 100, in _execute
    with self.db.wrap_database_errors:
         ^^^^^^^^^^^^^^^^^^^^^^^^^^^^
  File "C:\Users\donan\Desktop\POS-PROJECT\ADMIN WEB\env_boutique\Lib\site-packages\django\db\utils.py", line 91, in __exit__
    raise dj_exc_value.with_traceback(traceback) from exc_value
  File "C:\Users\donan\Desktop\POS-PROJECT\ADMIN WEB\env_boutique\Lib\site-packages\django\db\backends\utils.py", line 105, in _execute
    return self.cursor.execute(sql, params)
           ~~~~~~~~~~~~~~~~~~~^^^^^^^^^^^^^
django.db.utils.ProgrammingError: column api_boutique_core_stock.product_id does not exist
LINE 1: ...CT 1 AS "a" FROM "api_boutique_core_stock" WHERE ("api_bouti...
                                                             ^

ERROR 2026-03-09 13:09:29,159 basehttp "POST /api/stocks/ HTTP/1.1" 500 222317
